cell_lat,cell_lon,reports,flagged,strong,flag_rate_pct,strong_per_10k
-81,-174,2,0,0,0,0
-81,-169,4,0,0,0,0
-81,-161,14,0,0,0,0
-81,-160,182,0,0,0,0
-81,-157,194,0,0,0,0
-81,-156,430,0,0,0,0
-81,-152,482,0,0,0,0
-81,-151,386,0,0,0,0
-81,-147,454,0,0,0,0
-81,-146,206,0,0,0,0
-81,-41,3,0,0,0,0
-81,-37,3,0,0,0,0
-81,-36,3,0,0,0,0
-81,-35,4,0,0,0,0
-81,-31,6,0,0,0,0
-81,-30,4,0,0,0,0
-80,-180,328,0,0,0,0
-80,-179,138,0,0,0,0
-80,-178,166,0,0,0,0
-80,-177,150,0,0,0,0
-80,-176,186,0,0,0,0
-80,-175,154,0,0,0,0
-80,-174,244,0,0,0,0
-80,-173,170,0,0,0,0
-80,-172,419,0,0,0,0
-80,-171,154,0,0,0,0
-80,-170,393,0,0,0,0
-80,-169,350,0,0,0,0
-80,-168,740,0,0,0,0
-80,-167,821,0,0,0,0
-80,-166,190,0,0,0,0
-80,-165,191,0,0,0,0
-80,-164,837,1,0,0.1195,0
-80,-163,1960,0,0,0,0
-80,-162,84,0,0,0,0
-80,-161,483,0,0,0,0
-80,-160,1810,0,0,0,0
-80,-159,1056,0,0,0,0
-80,-158,1242,0,0,0,0
-80,-157,520,1,0,0.1923,0
-80,-156,1958,0,0,0,0
-80,-155,2066,0,0,0,0
-80,-154,1014,0,0,0,0
-80,-153,1633,2,0,0.1225,0
-80,-152,2282,2,0,0.08764,0
-80,-151,2314,0,0,0,0
-80,-150,1022,0,0,0,0
-80,-149,1097,0,0,0,0
-80,-148,1072,0,0,0,0
-80,-147,3268,0,0,0,0
-80,-146,2160,0,0,0,0
-80,-145,832,1,0,0.1202,0
-80,-144,576,0,0,0,0
-80,-143,260,0,0,0,0
-80,-142,168,0,0,0,0
-80,-141,104,0,0,0,0
-80,-138,10,0,0,0,0
-80,-128,4,0,0,0,0
-80,-120,10,0,0,0,0
-80,-113,10,0,0,0,0
-80,-105,13,0,0,0,0
-80,-77,129,0,0,0,0
-80,-76,21,0,0,0,0
-80,-72,1,0,0,0,0
-80,-68,54,0,0,0,0
-80,-67,296,0,0,0,0
-80,-66,116,0,0,0,0
-80,-65,116,0,0,0,0
-80,-64,62,0,0,0,0
-80,-63,62,0,0,0,0
-80,-52,6,0,0,0,0
-80,-51,8,0,0,0,0
-80,-48,9,0,0,0,0
-80,-47,15,0,0,0,0
-80,-46,17,0,0,0,0
-80,-45,257,0,0,0,0
-80,-44,301,1,0,0.3322,0
-80,-43,296,0,0,0,0
-80,-42,278,0,0,0,0
-80,-41,275,0,0,0,0
-80,-40,390,0,0,0,0
-80,-39,402,0,0,0,0
-80,-38,388,0,0,0,0
-80,-37,511,0,0,0,0
-80,-36,585,0,0,0,0
-80,-35,377,0,0,0,0
-80,-34,261,0,0,0,0
-80,-33,354,0,0,0,0
-80,-32,350,0,0,0,0
-80,-31,39,0,0,0,0
-80,-30,38,0,0,0,0
-80,-29,7,0,0,0,0
-80,-8,6,0,0,0,0
-80,-4,6,0,0,0,0
-80,172,16,0,0,0,0
-80,173,224,0,0,0,0
-80,174,260,0,0,0,0
-80,175,232,0,0,0,0
-80,176,230,0,0,0,0
-80,177,278,0,0,0,0
-80,178,260,0,0,0,0
-80,179,350,0,0,0,0
-79,-180,523,1,0,0.1912,0
-79,-179,766,0,0,0,0
-79,-178,702,0,0,0,0
-79,-177,277,1,0,0.361,0
-79,-176,596,0,0,0,0
-79,-175,1115,1,0,0.08969,0
-79,-174,917,0,0,0,0
-79,-173,525,0,0,0,0
-79,-172,1140,1,0,0.08772,0
-79,-171,1320,0,0,0,0
-79,-170,906,0,0,0,0
-79,-169,637,0,0,0,0
-79,-168,687,0,0,0,0
-79,-167,1704,0,0,0,0
-79,-166,2329,0,0,0,0
-79,-165,1412,0,0,0,0
-79,-164,713,0,0,0,0
-79,-163,1053,0,0,0,0
-79,-162,3623,0,0,0,0
-79,-161,1088,0,0,0,0
-79,-160,1194,2,0,0.1675,0
-79,-159,2996,1,0,0.03338,0
-79,-158,2482,0,0,0,0
-79,-157,1808,0,0,0,0
-79,-156,1555,0,0,0,0
-79,-155,4016,0,0,0,0
-79,-154,1486,0,0,0,0
-79,-153,2773,0,0,0,0
-79,-152,1962,0,0,0,0
-79,-151,4477,0,0,0,0
-79,-150,2762,2,0,0.07241,0
-79,-149,2281,0,0,0,0
-79,-148,3002,0,0,0,0
-79,-147,4465,2,0,0.04479,0
-79,-146,5315,0,0,0,0
-79,-145,2426,0,0,0,0
-79,-144,2301,0,0,0,0
-79,-143,1213,0,0,0,0
-79,-142,292,0,0,0,0
-79,-141,600,0,0,0,0
-79,-140,197,0,0,0,0
-79,-139,81,0,0,0,0
-79,-138,645,0,0,0,0
-79,-137,44,0,0,0,0
-79,-136,490,0,0,0,0
-79,-135,184,0,0,0,0
-79,-134,60,0,0,0,0
-79,-133,503,0,0,0,0
-79,-132,220,0,0,0,0
-79,-131,205,0,0,0,0
-79,-130,369,0,0,0,0
-79,-129,193,0,0,0,0
-79,-128,194,0,0,0,0
-79,-127,239,0,0,0,0
-79,-126,188,0,0,0,0
-79,-125,338,0,0,0,0
-79,-124,222,0,0,0,0
-79,-123,184,0,0,0,0
-79,-122,240,0,0,0,0
-79,-121,362,0,0,0,0
-79,-120,41,0,0,0,0
-79,-119,51,0,0,0,0
-79,-118,64,0,0,0,0
-79,-117,28,0,0,0,0
-79,-116,89,0,0,0,0
-79,-115,49,0,0,0,0
-79,-114,88,0,0,0,0
-79,-113,79,0,0,0,0
-79,-112,24,0,0,0,0
-79,-111,90,0,0,0,0
-79,-110,96,0,0,0,0
-79,-109,46,0,0,0,0
-79,-108,75,0,0,0,0
-79,-107,67,0,0,0,0
-79,-106,122,0,0,0,0
-79,-105,102,0,0,0,0
-79,-104,26,0,0,0,0
-79,-103,53,0,0,0,0
-79,-102,42,0,0,0,0
-79,-101,19,0,0,0,0
-79,-100,211,0,0,0,0
-79,-99,15,0,0,0,0
-79,-98,29,0,0,0,0
-79,-97,219,0,0,0,0
-79,-96,9,0,0,0,0
-79,-95,170,0,0,0,0
-79,-94,181,0,0,0,0
-79,-93,280,0,0,0,0
-79,-92,454,0,0,0,0
-79,-91,182,0,0,0,0
-79,-90,770,0,0,0,0
-79,-89,364,0,0,0,0
-79,-88,281,0,0,0,0
-79,-87,801,0,0,0,0
-79,-86,271,0,0,0,0
-79,-85,821,0,0,0,0
-79,-84,201,0,0,0,0
-79,-83,12,0,0,0,0
-79,-82,1034,0,0,0,0
-79,-81,59,0,0,0,0
-79,-80,644,0,0,0,0
-79,-79,627,0,0,0,0
-79,-78,164,0,0,0,0
-79,-77,1060,0,0,0,0
-79,-76,62,0,0,0,0
-79,-75,517,0,0,0,0
-79,-74,731,0,0,0,0
-79,-73,32,0,0,0,0
-79,-72,1386,0,0,0,0
-79,-71,340,0,0,0,0
-79,-70,670,0,0,0,0
-79,-69,1518,0,0,0,0
-79,-68,805,0,0,0,0
-79,-67,1265,1,0,0.07905,0
-79,-66,2219,2,0,0.09013,0
-79,-65,1045,0,0,0,0
-79,-64,749,0,0,0,0
-79,-63,449,0,0,0,0
-79,-62,435,0,0,0,0
-79,-61,369,0,0,0,0
-79,-60,408,0,0,0,0
-79,-59,321,0,0,0,0
-79,-58,405,0,0,0,0
-79,-57,624,1,0,0.1603,0
-79,-56,553,0,0,0,0
-79,-55,419,0,0,0,0
-79,-54,615,0,0,0,0
-79,-53,406,0,0,0,0
-79,-52,696,0,0,0,0
-79,-51,483,0,0,0,0
-79,-50,575,1,0,0.1739,0
-79,-49,552,0,0,0,0
-79,-48,890,0,0,0,0
-79,-47,918,0,0,0,0
-79,-46,993,0,0,0,0
-79,-45,913,1,0,0.1095,0
-79,-44,1118,0,0,0,0
-79,-43,949,0,0,0,0
-79,-42,1324,0,0,0,0
-79,-41,1120,0,0,0,0
-79,-40,1052,2,0,0.1901,0
-79,-39,1330,0,0,0,0
-79,-38,1308,0,0,0,0
-79,-37,1111,0,0,0,0
-79,-36,1436,0,0,0,0
-79,-35,1188,0,0,0,0
-79,-34,1302,1,0,0.0768,0
-79,-33,1147,0,0,0,0
-79,-32,854,1,0,0.1171,0
-79,-31,811,0,0,0,0
-79,-30,375,0,0,0,0
-79,-29,451,1,0,0.2217,0
-79,-28,76,0,0,0,0
-79,-26,104,0,0,0,0
-79,-24,21,0,0,0,0
-79,-23,104,0,0,0,0
-79,-21,14,0,0,0,0
-79,-20,135,0,0,0,0
-79,-18,34,0,0,0,0
-79,-17,73,0,0,0,0
-79,-16,14,0,0,0,0
-79,-15,79,0,0,0,0
-79,-14,25,0,0,0,0
-79,-13,26,0,0,0,0
-79,-12,60,0,0,0,0
-79,-11,12,0,0,0,0
-79,-10,32,0,0,0,0
-79,-9,54,0,0,0,0
-79,-8,32,0,0,0,0
-79,-7,24,0,0,0,0
-79,-6,24,0,0,0,0
-79,-5,30,0,0,0,0
-79,-4,34,0,0,0,0
-79,-3,18,0,0,0,0
-79,-2,16,0,0,0,0
-79,-1,24,0,0,0,0
-79,0,10,0,0,0,0
-79,1,16,0,0,0,0
-79,2,12,0,0,0,0
-79,3,4,0,0,0,0
-79,4,12,0,0,0,0
-79,5,6,0,0,0,0
-79,6,4,0,0,0,0
-79,7,6,0,0,0,0
-79,8,15,0,0,0,0
-79,10,11,0,0,0,0
-79,11,4,0,0,0,0
-79,12,6,0,0,0,0
-79,13,15,0,0,0,0
-79,14,12,0,0,0,0
-79,15,11,0,0,0,0
-79,16,4,0,0,0,0
-79,17,12,0,0,0,0
-79,18,15,0,0,0,0
-79,19,26,0,0,0,0
-79,20,22,0,0,0,0
-79,21,22,0,0,0,0
-79,22,12,0,0,0,0
-79,23,28,0,0,0,0
-79,24,28,0,0,0,0
-79,25,24,0,0,0,0
-79,26,8,0,0,0,0
-79,27,24,0,0,0,0
-79,28,28,0,0,0,0
-79,29,28,0,0,0,0
-79,30,24,0,0,0,0
-79,31,24,0,0,0,0
-79,32,36,0,0,0,0
-79,33,4,0,0,0,0
-79,34,36,0,0,0,0
-79,35,4,0,0,0,0
-79,36,16,0,0,0,0
-79,37,36,0,0,0,0
-79,38,12,0,0,0,0
-79,39,12,0,0,0,0
-79,40,12,0,0,0,0
-79,41,12,0,0,0,0
-79,43,6,0,0,0,0
-79,150,1,0,0,0,0
-79,151,114,0,0,0,0
-79,152,115,0,0,0,0
-79,153,3,0,0,0,0
-79,154,158,0,0,0,0
-79,155,14,0,0,0,0
-79,156,241,0,0,0,0
-79,157,250,0,0,0,0
-79,158,60,0,0,0,0
-79,159,493,0,0,0,0
-79,160,206,0,0,0,0
-79,161,413,0,0,0,0
-79,162,600,0,0,0,0
-79,163,437,0,0,0,0
-79,164,932,6,0,0.6438,0
-79,165,238,0,0,0,0
-79,166,282,0,0,0,0
-79,167,998,3,0,0.3006,0
-79,168,335,0,0,0,0
-79,169,519,0,0,0,0
-79,170,887,3,0,0.3382,0
-79,171,550,0,0,0,0
-79,172,572,0,0,0,0
-79,173,314,0,0,0,0
-79,174,474,0,0,0,0
-79,175,432,0,0,0,0
-79,176,396,0,0,0,0
-79,177,697,0,0,0,0
-79,178,537,0,0,0,0
-79,179,646,0,0,0,0
-78,-180,1609,0,0,0,0
-78,-179,1796,1,0,0.05568,0
-78,-178,1022,0,0,0,0
-78,-177,901,0,0,0,0
-78,-176,849,0,0,0,0
-78,-175,1189,0,0,0,0
-78,-174,1286,0,0,0,0
-78,-173,1998,0,0,0,0
-78,-172,2088,0,0,0,0
-78,-171,1213,0,0,0,0
-78,-170,1389,1,0,0.07199,0
-78,-169,2331,0,0,0,0
-78,-168,1439,0,0,0,0
-78,-167,1283,0,0,0,0
-78,-166,862,0,0,0,0
-78,-165,2075,0,0,0,0
-78,-164,2334,0,0,0,0
-78,-163,1210,0,0,0,0
-78,-162,1737,0,0,0,0
-78,-161,4281,2,0,0.04672,0
-78,-160,3005,0,0,0,0
-78,-159,2537,2,0,0.07883,0
-78,-158,4333,1,0,0.02308,0
-78,-157,4705,1,0,0.02125,0
-78,-156,3198,1,0,0.03127,0
-78,-155,3004,0,0,0,0
-78,-154,6214,0,0,0,0
-78,-153,4392,2,0,0.04554,0
-78,-152,4701,0,0,0,0
-78,-151,6886,7,0,0.1017,0
-78,-150,4710,0,0,0,0
-78,-149,3836,3,0,0.07821,0
-78,-148,4264,4,0,0.09381,0
-78,-147,7956,0,0,0,0
-78,-146,5451,3,0,0.05504,0
-78,-145,5373,2,0,0.03722,0
-78,-144,4455,4,0,0.08979,0
-78,-143,3443,0,0,0,0
-78,-142,2711,0,0,0,0
-78,-141,730,0,0,0,0
-78,-140,761,0,0,0,0
-78,-139,198,1,0,0.5051,0
-78,-138,820,0,0,0,0
-78,-137,226,0,0,0,0
-78,-136,209,0,0,0,0
-78,-135,804,0,0,0,0
-78,-134,217,0,0,0,0
-78,-133,753,0,0,0,0
-78,-132,577,0,0,0,0
-78,-131,599,0,0,0,0
-78,-130,411,0,0,0,0
-78,-129,480,0,0,0,0
-78,-128,714,0,0,0,0
-78,-127,433,0,0,0,0
-78,-126,581,0,0,0,0
-78,-125,465,0,0,0,0
-78,-124,228,0,0,0,0
-78,-123,272,0,0,0,0
-78,-122,448,0,0,0,0
-78,-121,239,0,0,0,0
-78,-120,438,0,0,0,0
-78,-119,551,0,0,0,0
-78,-118,448,0,0,0,0
-78,-117,579,0,0,0,0
-78,-116,385,0,0,0,0
-78,-115,300,0,0,0,0
-78,-114,416,0,0,0,0
-78,-113,333,0,0,0,0
-78,-112,268,0,0,0,0
-78,-111,434,0,0,0,0
-78,-110,318,0,0,0,0
-78,-109,414,0,0,0,0
-78,-108,360,0,0,0,0
-78,-107,341,0,0,0,0
-78,-106,571,0,0,0,0
-78,-105,235,0,0,0,0
-78,-104,276,0,0,0,0
-78,-103,564,0,0,0,0
-78,-102,266,0,0,0,0
-78,-101,545,0,0,0,0
-78,-100,282,0,0,0,0
-78,-99,519,0,0,0,0
-78,-98,624,0,0,0,0
-78,-97,251,0,0,0,0
-78,-96,847,0,0,0,0
-78,-95,209,0,0,0,0
-78,-94,1046,0,0,0,0
-78,-93,972,0,0,0,0
-78,-92,1139,0,0,0,0
-78,-91,1143,0,0,0,0
-78,-90,835,0,0,0,0
-78,-89,1228,0,0,0,0
-78,-88,856,0,0,0,0
-78,-87,955,0,0,0,0
-78,-86,1252,0,0,0,0
-78,-85,544,0,0,0,0
-78,-84,2159,0,0,0,0
-78,-83,1026,0,0,0,0
-78,-82,1872,0,0,0,0
-78,-81,983,0,0,0,0
-78,-80,336,0,0,0,0
-78,-79,1887,1,0,0.05299,0
-78,-78,347,0,0,0,0
-78,-77,1436,0,0,0,0
-78,-76,814,0,0,0,0
-78,-75,1046,0,0,0,0
-78,-74,1236,1,0,0.08091,0
-78,-73,1030,0,0,0,0
-78,-72,2408,0,0,0,0
-78,-71,919,0,0,0,0
-78,-70,1668,0,0,0,0
-78,-69,2421,1,0,0.04131,0
-78,-68,1799,0,0,0,0
-78,-67,1932,1,0,0.05176,0
-78,-66,3019,3,0,0.09937,0
-78,-65,2002,2,0,0.0999,0
-78,-64,2522,0,0,0,0
-78,-63,2287,0,0,0,0
-78,-62,2008,1,0,0.0498,0
-78,-61,1979,0,0,0,0
-78,-60,1792,0,0,0,0
-78,-59,1687,1,0,0.05928,0
-78,-58,1687,1,0,0.05928,0
-78,-57,1755,2,0,0.114,0
-78,-56,1342,0,0,0,0
-78,-55,1576,1,0,0.06345,0
-78,-54,1389,0,0,0,0
-78,-53,1433,0,0,0,0
-78,-52,1601,0,0,0,0
-78,-51,1747,0,0,0,0
-78,-50,1555,0,0,0,0
-78,-49,1791,1,0,0.05583,0
-78,-48,1704,0,0,0,0
-78,-47,1356,0,0,0,0
-78,-46,1542,0,0,0,0
-78,-45,1771,0,0,0,0
-78,-44,1528,0,0,0,0
-78,-43,1580,0,0,0,0
-78,-42,1724,0,0,0,0
-78,-41,1573,0,0,0,0
-78,-40,1873,0,0,0,0
-78,-39,2118,0,0,0,0
-78,-38,2180,2,0,0.09174,0
-78,-37,2415,2,0,0.08282,0
-78,-36,2546,1,0,0.03928,0
-78,-35,2573,0,0,0,0
-78,-34,2395,0,0,0,0
-78,-33,2256,1,0,0.04433,0
-78,-32,2031,0,0,0,0
-78,-31,1488,0,0,0,0
-78,-30,1423,0,0,0,0
-78,-29,679,0,0,0,0
-78,-28,910,0,0,0,0
-78,-27,418,0,0,0,0
-78,-26,222,0,0,0,0
-78,-25,89,0,0,0,0
-78,-24,88,0,0,0,0
-78,-23,155,0,0,0,0
-78,-22,7,0,0,0,0
-78,-21,79,0,0,0,0
-78,-20,120,0,0,0,0
-78,-19,7,0,0,0,0
-78,-18,258,0,0,0,0
-78,-17,135,0,0,0,0
-78,-16,38,0,0,0,0
-78,-15,122,0,0,0,0
-78,-14,21,0,0,0,0
-78,-13,38,0,0,0,0
-78,-12,42,0,0,0,0
-78,-11,6,0,0,0,0
-78,-10,38,0,0,0,0
-78,-9,42,0,0,0,0
-78,-8,44,0,0,0,0
-78,-7,30,0,0,0,0
-78,-6,18,0,0,0,0
-78,-5,58,0,0,0,0
-78,-4,28,0,0,0,0
-78,-3,32,0,0,0,0
-78,-2,48,0,0,0,0
-78,-1,43,0,0,0,0
-78,0,28,0,0,0,0
-78,1,53,0,0,0,0
-78,2,38,0,0,0,0
-78,3,32,0,0,0,0
-78,4,67,0,0,0,0
-78,5,61,0,0,0,0
-78,6,53,0,0,0,0
-78,7,57,0,0,0,0
-78,8,55,0,0,0,0
-78,9,57,0,0,0,0
-78,10,46,0,0,0,0
-78,11,54,0,0,0,0
-78,12,38,0,0,0,0
-78,13,51,0,0,0,0
-78,14,25,0,0,0,0
-78,15,34,0,0,0,0
-78,16,48,0,0,0,0
-78,17,22,0,0,0,0
-78,18,40,0,0,0,0
-78,19,20,0,0,0,0
-78,20,43,0,0,0,0
-78,21,20,0,0,0,0
-78,22,19,0,0,0,0
-78,23,29,0,0,0,0
-78,24,14,0,0,0,0
-78,25,42,0,0,0,0
-78,26,8,0,0,0,0
-78,27,24,0,0,0,0
-78,28,32,0,0,0,0
-78,29,12,0,0,0,0
-78,30,48,0,0,0,0
-78,31,12,0,0,0,0
-78,32,40,0,0,0,0
-78,33,12,0,0,0,0
-78,34,28,0,0,0,0
-78,35,16,0,0,0,0
-78,36,18,0,0,0,0
-78,37,34,0,0,0,0
-78,38,20,0,0,0,0
-78,39,20,0,0,0,0
-78,40,18,0,0,0,0
-78,41,38,0,0,0,0
-78,42,36,0,0,0,0
-78,43,16,0,0,0,0
-78,44,28,0,0,0,0
-78,45,30,0,0,0,0
-78,46,16,0,0,0,0
-78,47,28,0,0,0,0
-78,48,24,0,0,0,0
-78,49,16,0,0,0,0
-78,50,22,0,0,0,0
-78,51,22,0,0,0,0
-78,52,24,0,0,0,0
-78,53,18,0,0,0,0
-78,54,6,0,0,0,0
-78,149,1,0,0,0,0
-78,150,1,0,0,0,0
-78,151,252,1,0,0.3968,0
-78,152,139,0,0,0,0
-78,153,779,0,0,0,0
-78,154,206,2,0,0.9709,0
-78,155,656,0,0,0,0
-78,156,419,0,0,0,0
-78,157,579,0,0,0,0
-78,158,397,1,0,0.2519,0
-78,159,645,0,0,0,0
-78,160,620,2,0,0.3226,0
-78,161,294,0,0,0,0
-78,162,1127,0,0,0,0
-78,163,292,0,0,0,0
-78,164,357,0,0,0,0
-78,165,1252,3,0,0.2396,0
-78,166,346,0,0,0,0
-78,167,950,2,0,0.2105,0
-78,168,640,0,0,0,0
-78,169,571,0,0,0,0
-78,170,1522,3,0,0.1971,0
-78,171,653,0,0,0,0
-78,172,410,0,0,0,0
-78,173,407,0,0,0,0
-78,174,487,0,0,0,0
-78,175,601,0,0,0,0
-78,176,1200,0,0,0,0
-78,177,1136,0,0,0,0
-78,178,648,0,0,0,0
-78,179,879,0,0,0,0
-77,-180,2548,2,0,0.07849,0
-77,-179,1501,1,0,0.06662,0
-77,-178,2480,0,0,0,0
-77,-177,1937,0,0,0,0
-77,-176,2014,0,0,0,0
-77,-175,1157,0,0,0,0
-77,-174,1211,0,0,0,0
-77,-173,1717,0,0,0,0
-77,-172,826,1,0,0.1211,0
-77,-171,2238,0,0,0,0
-77,-170,1641,0,0,0,0
-77,-169,1345,0,0,0,0
-77,-168,2735,0,0,0,0
-77,-167,1976,0,0,0,0
-77,-166,2148,0,0,0,0
-77,-165,1486,0,0,0,0
-77,-164,2686,0,0,0,0
-77,-163,4240,0,0,0,0
-77,-162,3069,1,0,0.03258,0
-77,-161,2773,1,0,0.03606,0
-77,-160,5898,2,0,0.03391,0
-77,-159,4257,2,0,0.04698,0
-77,-158,3013,1,0,0.03319,0
-77,-157,5396,2,0,0.03706,0
-77,-156,5428,1,0,0.01842,0
-77,-155,3455,0,0,0,0
-77,-154,5996,1,0,0.01668,0
-77,-153,5351,0,0,0,0
-77,-152,4737,2,0,0.04222,0
-77,-151,6482,4,0,0.06171,0
-77,-150,5927,2,0,0.03374,0
-77,-149,4690,4,0,0.08529,0
-77,-148,5719,12,0,0.2098,0
-77,-147,6623,5,0,0.07549,0
-77,-146,5420,0,0,0,0
-77,-145,4436,1,0,0.02254,0
-77,-144,4978,2,0,0.04018,0
-77,-143,2390,0,0,0,0
-77,-142,4109,2,0,0.04867,0
-77,-141,3794,3,0,0.07907,0
-77,-140,2212,0,0,0,0
-77,-139,675,0,0,0,0
-77,-138,947,0,0,0,0
-77,-137,613,0,0,0,0
-77,-136,579,0,0,0,0
-77,-135,795,0,0,0,0
-77,-134,801,0,0,0,0
-77,-133,1415,0,0,0,0
-77,-132,816,0,0,0,0
-77,-131,600,0,0,0,0
-77,-130,674,0,0,0,0
-77,-129,604,0,0,0,0
-77,-128,583,0,0,0,0
-77,-127,838,0,0,0,0
-77,-126,592,0,0,0,0
-77,-125,969,0,0,0,0
-77,-124,1068,0,0,0,0
-77,-123,467,0,0,0,0
-77,-122,722,0,0,0,0
-77,-121,456,0,0,0,0
-77,-120,697,0,0,0,0
-77,-119,575,0,0,0,0
-77,-118,541,0,0,0,0
-77,-117,679,0,0,0,0
-77,-116,676,0,0,0,0
-77,-115,601,0,0,0,0
-77,-114,706,0,0,0,0
-77,-113,745,0,0,0,0
-77,-112,509,0,0,0,0
-77,-111,800,0,0,0,0
-77,-110,476,0,0,0,0
-77,-109,942,0,0,0,0
-77,-108,1203,0,0,0,0
-77,-107,1359,0,0,0,0
-77,-106,2032,0,0,0,0
-77,-105,1466,0,0,0,0
-77,-104,1807,0,0,0,0
-77,-103,1148,0,0,0,0
-77,-102,1313,0,0,0,0
-77,-101,1165,0,0,0,0
-77,-100,867,0,0,0,0
-77,-99,1252,0,0,0,0
-77,-98,609,0,0,0,0
-77,-97,979,0,0,0,0
-77,-96,609,0,0,0,0
-77,-95,903,0,0,0,0
-77,-94,1187,0,0,0,0
-77,-93,995,0,0,0,0
-77,-92,1668,1,0,0.05995,0
-77,-91,1993,0,0,0,0
-77,-90,2038,0,0,0,0
-77,-89,2262,0,0,0,0
-77,-88,1665,0,0,0,0
-77,-87,1427,0,0,0,0
-77,-86,1588,0,0,0,0
-77,-85,1395,0,0,0,0
-77,-84,1257,0,0,0,0
-77,-83,1357,0,0,0,0
-77,-82,863,0,0,0,0
-77,-81,1363,0,0,0,0
-77,-80,1195,0,0,0,0
-77,-79,896,0,0,0,0
-77,-78,1555,0,0,0,0
-77,-77,1110,0,0,0,0
-77,-76,1558,2,0,0.1284,0
-77,-75,1181,0,0,0,0
-77,-74,1452,0,0,0,0
-77,-73,1482,0,0,0,0
-77,-72,2475,0,0,0,0
-77,-71,3896,0,0,0,0
-77,-70,3590,3,0,0.08357,0
-77,-69,4734,0,0,0,0
-77,-68,2917,2,0,0.06856,0
-77,-67,3265,1,0,0.03063,0
-77,-66,3921,0,0,0,0
-77,-65,3190,1,0,0.03135,0
-77,-64,3331,0,0,0,0
-77,-63,3353,2,0,0.05965,0
-77,-62,2829,0,0,0,0
-77,-61,3039,2,0,0.06581,0
-77,-60,3106,2,0,0.06439,0
-77,-59,2562,4,0,0.1561,0
-77,-58,3360,1,0,0.02976,0
-77,-57,2470,2,0,0.08097,0
-77,-56,2542,1,0,0.03934,0
-77,-55,2645,2,0,0.07561,0
-77,-54,2467,0,0,0,0
-77,-53,2732,0,0,0,0
-77,-52,2842,0,0,0,0
-77,-51,3203,0,0,0,0
-77,-50,2217,0,0,0,0
-77,-49,2228,0,0,0,0
-77,-48,2063,0,0,0,0
-77,-47,1882,0,0,0,0
-77,-46,2271,1,0,0.04403,0
-77,-45,2951,1,0,0.03389,0
-77,-44,2122,0,0,0,0
-77,-43,3319,0,0,0,0
-77,-42,2501,2,0,0.07997,0
-77,-41,2783,1,0,0.03593,0
-77,-40,3319,1,0,0.03013,0
-77,-39,3083,0,0,0,0
-77,-38,2581,0,0,0,0
-77,-37,2893,0,0,0,0
-77,-36,3229,0,0,0,0
-77,-35,2506,1,0,0.0399,0
-77,-34,3059,0,0,0,0
-77,-33,3315,1,0,0.03017,0
-77,-32,2771,1,0,0.03609,0
-77,-31,3059,0,0,0,0
-77,-30,2455,0,0,0,0
-77,-29,1991,0,0,0,0
-77,-28,2042,1,0,0.04897,0
-77,-27,1252,0,0,0,0
-77,-26,1935,1,0,0.05168,0
-77,-25,973,0,0,0,0
-77,-24,501,0,0,0,0
-77,-23,467,0,0,0,0
-77,-22,223,0,0,0,0
-77,-21,463,0,0,0,0
-77,-20,418,0,0,0,0
-77,-19,480,0,0,0,0
-77,-18,302,0,0,0,0
-77,-17,339,0,0,0,0
-77,-16,119,0,0,0,0
-77,-15,42,0,0,0,0
-77,-14,93,0,0,0,0
-77,-13,109,0,0,0,0
-77,-12,31,0,0,0,0
-77,-11,66,0,0,0,0
-77,-10,63,0,0,0,0
-77,-9,62,0,0,0,0
-77,-8,10,0,0,0,0
-77,-7,45,0,0,0,0
-77,-6,39,0,0,0,0
-77,-5,45,0,0,0,0
-77,-4,39,0,0,0,0
-77,-3,55,0,0,0,0
-77,-2,61,0,0,0,0
-77,-1,51,0,0,0,0
-77,0,55,0,0,0,0
-77,1,61,0,0,0,0
-77,2,63,0,0,0,0
-77,3,49,0,0,0,0
-77,4,62,0,0,0,0
-77,5,74,0,0,0,0
-77,6,61,0,0,0,0
-77,7,46,0,0,0,0
-77,8,74,0,0,0,0
-77,9,62,0,0,0,0
-77,10,60,0,0,0,0
-77,11,44,0,0,0,0
-77,12,85,0,0,0,0
-77,13,55,0,0,0,0
-77,14,47,0,0,0,0
-77,15,38,0,0,0,0
-77,16,46,0,0,0,0
-77,17,43,0,0,0,0
-77,18,40,0,0,0,0
-77,19,37,0,0,0,0
-77,20,34,0,0,0,0
-77,21,39,0,0,0,0
-77,22,16,0,0,0,0
-77,23,39,0,0,0,0
-77,24,21,0,0,0,0
-77,25,18,0,0,0,0
-77,26,28,0,0,0,0
-77,27,6,0,0,0,0
-77,28,6,0,0,0,0
-77,31,12,0,0,0,0
-77,32,4,0,0,0,0
-77,33,16,0,0,0,0
-77,34,24,0,0,0,0
-77,35,4,0,0,0,0
-77,36,28,0,0,0,0
-77,37,24,0,0,0,0
-77,38,16,0,0,0,0
-77,39,22,0,0,0,0
-77,40,22,0,0,0,0
-77,41,24,0,0,0,0
-77,42,10,0,0,0,0
-77,43,26,0,0,0,0
-77,44,44,0,0,0,0
-77,45,18,0,0,0,0
-77,46,34,0,0,0,0
-77,47,34,0,0,0,0
-77,48,34,0,0,0,0
-77,49,12,0,0,0,0
-77,50,28,0,0,0,0
-77,51,28,0,0,0,0
-77,52,28,0,0,0,0
-77,53,4,0,0,0,0
-77,54,4,0,0,0,0
-77,60,138,0,0,0,0
-77,61,153,0,0,0,0
-77,62,145,0,0,0,0
-77,151,353,0,0,0,0
-77,152,532,1,0,0.188,0
-77,153,212,0,0,0,0
-77,154,503,0,0,0,0
-77,155,446,0,0,0,0
-77,156,529,0,0,0,0
-77,157,458,0,0,0,0
-77,158,396,2,0,0.5051,0
-77,159,935,0,0,0,0
-77,160,456,0,0,0,0
-77,161,376,0,0,0,0
-77,162,759,1,0,0.1318,0
-77,163,439,0,0,0,0
-77,164,668,0,0,0,0
-77,165,1223,1,0,0.08177,0
-77,166,718,0,0,0,0
-77,167,1510,2,0,0.1325,0
-77,168,879,0,0,0,0
-77,169,451,0,0,0,0
-77,170,945,3,0,0.3175,0
-77,171,1196,1,0,0.08361,0
-77,172,1054,1,0,0.09488,0
-77,173,1628,1,0,0.06143,0
-77,174,1570,2,0,0.1274,0
-77,175,1371,0,0,0,0
-77,176,1483,0,0,0,0
-77,177,962,0,0,0,0
-77,178,2296,3,0,0.1307,0
-77,179,2370,0,0,0,0
-76,-180,2640,1,0,0.03788,0
-76,-179,3087,1,0,0.03239,0
-76,-178,2725,0,0,0,0
-76,-177,2458,0,0,0,0
-76,-176,1745,1,0,0.05731,0
-76,-175,2522,0,0,0,0
-76,-174,1518,1,0,0.06588,0
-76,-173,650,0,0,0,0
-76,-172,1803,1,0,0.05546,0
-76,-171,938,0,0,0,0
-76,-170,2330,3,0,0.1288,0
-76,-169,2272,2,0,0.08803,0
-76,-168,1828,2,0,0.1094,0
-76,-167,2530,0,0,0,0
-76,-166,1928,0,0,0,0
-76,-165,2508,0,0,0,0
-76,-164,3059,0,0,0,0
-76,-163,3426,1,0,0.02919,0
-76,-162,3080,0,0,0,0
-76,-161,2834,0,0,0,0
-76,-160,2379,0,0,0,0
-76,-159,3030,0,0,0,0
-76,-158,2945,1,0,0.03396,0
-76,-157,3161,0,0,0,0
-76,-156,2762,2,0,0.07241,0
-76,-155,2592,1,0,0.03858,0
-76,-154,3066,0,0,0,0
-76,-153,2872,0,0,0,0
-76,-152,3357,1,0,0.02979,0
-76,-151,3107,2,0,0.06437,0
-76,-150,2886,0,0,0,0
-76,-149,3454,2,0,0.0579,0
-76,-148,3021,5,0,0.1655,0
-76,-147,3471,2,0,0.05762,0
-76,-146,3638,4,0,0.11,0
-76,-145,3235,2,0,0.06182,0
-76,-144,3495,2,0,0.05722,0
-76,-143,2976,1,0,0.0336,0
-76,-142,2747,3,0,0.1092,0
-76,-141,2432,0,0,0,0
-76,-140,2114,0,0,0,0
-76,-139,1763,2,0,0.1134,0
-76,-138,1175,0,0,0,0
-76,-137,876,0,0,0,0
-76,-136,860,0,0,0,0
-76,-135,720,1,0,0.1389,0
-76,-134,542,0,0,0,0
-76,-133,801,1,0,0.1248,0
-76,-132,666,1,0,0.1502,0
-76,-131,886,1,0,0.1129,0
-76,-130,730,0,0,0,0
-76,-129,739,0,0,0,0
-76,-128,576,0,0,0,0
-76,-127,467,0,0,0,0
-76,-126,527,0,0,0,0
-76,-125,755,0,0,0,0
-76,-124,783,0,0,0,0
-76,-123,1032,0,0,0,0
-76,-122,741,0,0,0,0
-76,-121,927,0,0,0,0
-76,-120,760,0,0,0,0
-76,-119,864,0,0,0,0
-76,-118,926,0,0,0,0
-76,-117,770,0,0,0,0
-76,-116,764,1,0,0.1309,0
-76,-115,870,0,0,0,0
-76,-114,654,0,0,0,0
-76,-113,1433,0,0,0,0
-76,-112,1571,1,0,0.06365,0
-76,-111,2028,0,0,0,0
-76,-110,1574,0,0,0,0
-76,-109,2532,0,0,0,0
-76,-108,2331,0,0,0,0
-76,-107,2345,2,0,0.08529,0
-76,-106,2565,0,0,0,0
-76,-105,2663,3,0,0.1127,0
-76,-104,2825,0,0,0,0
-76,-103,3121,1,0,0.03204,0
-76,-102,2892,4,0,0.1383,0
-76,-101,2728,2,0,0.07331,0
-76,-100,2101,1,0,0.0476,0
-76,-99,1562,0,0,0,0
-76,-98,1586,0,0,0,0
-76,-97,1673,0,0,0,0
-76,-96,1331,0,0,0,0
-76,-95,1591,0,0,0,0
-76,-94,1902,0,0,0,0
-76,-93,2126,0,0,0,0
-76,-92,1546,0,0,0,0
-76,-91,2030,0,0,0,0
-76,-90,1927,0,0,0,0
-76,-89,1643,0,0,0,0
-76,-88,1651,0,0,0,0
-76,-87,1619,1,0,0.06177,0
-76,-86,1482,0,0,0,0
-76,-85,1227,0,0,0,0
-76,-84,1027,0,0,0,0
-76,-83,1789,0,0,0,0
-76,-82,1600,0,0,0,0
-76,-81,985,0,0,0,0
-76,-80,1626,0,0,0,0
-76,-79,1487,0,0,0,0
-76,-78,1544,0,0,0,0
-76,-77,946,0,0,0,0
-76,-76,1259,0,0,0,0
-76,-75,1887,0,0,0,0
-76,-74,3127,0,0,0,0
-76,-73,3492,0,0,0,0
-76,-72,3180,0,0,0,0
-76,-71,3537,0,0,0,0
-76,-70,4131,2,1,0.04841,2.421
-76,-69,4056,0,0,0,0
-76,-68,4366,1,0,0.0229,0
-76,-67,3271,2,0,0.06114,0
-76,-66,3858,0,0,0,0
-76,-65,3487,1,0,0.02868,0
-76,-64,4148,0,0,0,0
-76,-63,3702,2,0,0.05402,0
-76,-62,3821,3,0,0.07851,0
-76,-61,3807,2,0,0.05253,0
-76,-60,3595,2,0,0.05563,0
-76,-59,3858,1,0,0.02592,0
-76,-58,3193,1,0,0.03132,0
-76,-57,3212,0,0,0,0
-76,-56,3816,0,0,0,0
-76,-55,3862,0,0,0,0
-76,-54,4224,2,0,0.04735,0
-76,-53,3764,1,0,0.02657,0
-76,-52,3295,0,0,0,0
-76,-51,2685,0,0,0,0
-76,-50,3383,1,0,0.02956,0
-76,-49,3538,0,0,0,0
-76,-48,3380,0,0,0,0
-76,-47,3599,1,0,0.02779,0
-76,-46,2889,0,0,0,0
-76,-45,2706,0,0,0,0
-76,-44,2650,0,0,0,0
-76,-43,2439,0,0,0,0
-76,-42,2866,0,0,0,0
-76,-41,2702,0,0,0,0
-76,-40,2508,0,0,0,0
-76,-39,2509,0,0,0,0
-76,-38,2412,2,0,0.08292,0
-76,-37,2552,0,0,0,0
-76,-36,2339,2,0,0.08551,0
-76,-35,2675,2,0,0.07477,0
-76,-34,2395,0,0,0,0
-76,-33,1908,0,0,0,0
-76,-32,1963,1,0,0.05094,0
-76,-31,2195,0,0,0,0
-76,-30,2584,0,0,0,0
-76,-29,2406,0,0,0,0
-76,-28,2214,1,0,0.04517,0
-76,-27,2504,0,0,0,0
-76,-26,1987,0,0,0,0
-76,-25,2076,2,0,0.09634,0
-76,-24,1761,0,0,0,0
-76,-23,1027,0,0,0,0
-76,-22,802,0,0,0,0
-76,-21,1025,0,0,0,0
-76,-20,769,1,0,0.13,0
-76,-19,381,0,0,0,0
-76,-18,342,0,0,0,0
-76,-17,286,0,0,0,0
-76,-16,391,0,0,0,0
-76,-15,135,0,0,0,0
-76,-14,60,0,0,0,0
-76,-13,127,0,0,0,0
-76,-12,76,0,0,0,0
-76,-11,30,0,0,0,0
-76,-10,45,0,0,0,0
-76,-9,27,0,0,0,0
-76,-8,27,0,0,0,0
-76,-7,33,0,0,0,0
-76,-6,21,0,0,0,0
-76,-5,27,0,0,0,0
-76,-4,27,0,0,0,0
-76,-3,27,0,0,0,0
-76,-2,33,0,0,0,0
-76,-1,21,0,0,0,0
-76,0,27,0,0,0,0
-76,1,33,0,0,0,0
-76,2,29,0,0,0,0
-76,4,35,0,0,0,0
-76,5,12,0,0,0,0
-76,6,24,0,0,0,0
-76,7,12,0,0,0,0
-76,8,30,0,0,0,0
-76,9,18,0,0,0,0
-76,10,26,0,0,0,0
-76,11,40,0,0,0,0
-76,12,22,0,0,0,0
-76,13,34,0,0,0,0
-76,14,30,0,0,0,0
-76,15,34,0,0,0,0
-76,16,46,0,0,0,0
-76,17,34,0,0,0,0
-76,18,34,0,0,0,0
-76,19,48,0,0,0,0
-76,20,30,0,0,0,0
-76,21,46,0,0,0,0
-76,22,34,0,0,0,0
-76,23,40,0,0,0,0
-76,24,28,0,0,0,0
-76,25,22,0,0,0,0
-76,26,28,0,0,0,0
-76,27,22,0,0,0,0
-76,28,10,0,0,0,0
-76,29,18,0,0,0,0
-76,30,16,0,0,0,0
-76,31,6,0,0,0,0
-76,32,12,0,0,0,0
-76,33,6,0,0,0,0
-76,34,6,0,0,0,0
-76,46,4,0,0,0,0
-76,47,4,0,0,0,0
-76,48,16,0,0,0,0
-76,49,6,0,0,0,0
-76,50,16,0,0,0,0
-76,51,22,0,0,0,0
-76,58,146,0,0,0,0
-76,59,583,1,0,0.1715,0
-76,60,598,2,0,0.3344,0
-76,61,453,0,0,0,0
-76,62,443,0,0,0,0
-76,63,298,0,0,0,0
-76,64,153,0,0,0,0
-76,65,312,0,0,0,0
-76,66,298,0,0,0,0
-76,67,298,0,0,0,0
-76,147,1,0,0,0,0
-76,148,66,0,0,0,0
-76,149,81,0,0,0,0
-76,150,224,0,0,0,0
-76,151,224,0,0,0,0
-76,152,316,0,0,0,0
-76,153,98,0,0,0,0
-76,154,239,0,0,0,0
-76,155,618,2,0,0.3236,0
-76,156,449,0,0,0,0
-76,157,926,2,0,0.216,0
-76,158,573,3,0,0.5236,0
-76,159,566,0,0,0,0
-76,160,322,0,0,0,0
-76,161,699,0,0,0,0
-76,162,747,2,0,0.2677,0
-76,163,1424,4,0,0.2809,0
-76,164,1208,0,0,0,0
-76,165,1110,1,0,0.09009,0
-76,166,1094,0,0,0,0
-76,167,998,0,0,0,0
-76,168,1397,0,0,0,0
-76,169,1700,0,0,0,0
-76,170,1371,0,0,0,0
-76,171,1139,0,0,0,0
-76,172,1105,0,0,0,0
-76,173,1126,0,0,0,0
-76,174,1400,0,0,0,0
-76,175,1582,1,0,0.06321,0
-76,176,2064,1,0,0.04845,0
-76,177,2337,2,0,0.08558,0
-76,178,2406,0,0,0,0
-76,179,2467,1,0,0.04054,0
-75,-180,4338,0,0,0,0
-75,-179,4310,1,0,0.0232,0
-75,-178,3958,1,0,0.02527,0
-75,-177,3818,2,0,0.05238,0
-75,-176,4116,0,0,0,0
-75,-175,3100,3,0,0.09677,0
-75,-174,2822,0,0,0,0
-75,-173,2932,0,0,0,0
-75,-172,2136,1,0,0.04682,0
-75,-171,2352,1,0,0.04252,0
-75,-170,1894,0,0,0,0
-75,-169,2369,0,0,0,0
-75,-168,2527,2,0,0.07915,0
-75,-167,2882,0,0,0,0
-75,-166,2770,0,0,0,0
-75,-165,2064,0,0,0,0
-75,-164,2261,1,0,0.04423,0
-75,-163,2535,0,0,0,0
-75,-162,2808,1,0,0.03561,0
-75,-161,2621,1,0,0.03815,0
-75,-160,2882,3,0,0.1041,0
-75,-159,2580,0,0,0,0
-75,-158,2866,0,0,0,0
-75,-157,3456,1,0,0.02894,0
-75,-156,2939,0,0,0,0
-75,-155,3610,2,0,0.0554,0
-75,-154,2801,2,0,0.0714,0
-75,-153,2297,1,0,0.04354,0
-75,-152,2557,0,0,0,0
-75,-151,2575,1,0,0.03883,0
-75,-150,2094,0,0,0,0
-75,-149,1557,0,0,0,0
-75,-148,1422,0,0,0,0
-75,-147,1159,1,0,0.08628,0
-75,-146,793,0,0,0,0
-75,-145,897,1,0,0.1115,0
-75,-144,535,1,0,0.1869,0
-75,-143,541,0,0,0,0
-75,-142,388,0,0,0,0
-75,-141,903,0,0,0,0
-75,-140,1286,0,0,0,0
-75,-139,895,0,0,0,0
-75,-138,673,0,0,0,0
-75,-137,1059,1,0,0.09443,0
-75,-136,828,2,0,0.2415,0
-75,-135,874,0,0,0,0
-75,-134,518,0,0,0,0
-75,-133,681,0,0,0,0
-75,-132,485,0,0,0,0
-75,-131,504,1,0,0.1984,0
-75,-130,549,0,0,0,0
-75,-129,514,0,0,0,0
-75,-128,577,0,0,0,0
-75,-127,809,0,0,0,0
-75,-126,795,0,0,0,0
-75,-125,787,0,0,0,0
-75,-124,778,0,0,0,0
-75,-123,691,0,0,0,0
-75,-122,1070,0,0,0,0
-75,-121,909,0,0,0,0
-75,-120,1227,0,0,0,0
-75,-119,1315,0,0,0,0
-75,-118,962,0,0,0,0
-75,-117,1245,0,0,0,0
-75,-116,1842,1,0,0.05429,0
-75,-115,1928,0,0,0,0
-75,-114,2400,1,0,0.04167,0
-75,-113,2383,0,0,0,0
-75,-112,2687,0,0,0,0
-75,-111,2409,2,0,0.08302,0
-75,-110,2705,1,0,0.03697,0
-75,-109,2517,1,0,0.03973,0
-75,-108,2822,0,0,0,0
-75,-107,2341,1,0,0.04272,0
-75,-106,2918,2,0,0.06854,0
-75,-105,2970,1,0,0.03367,0
-75,-104,2983,0,0,0,0
-75,-103,3124,3,0,0.09603,0
-75,-102,3521,3,0,0.0852,0
-75,-101,3357,5,0,0.1489,0
-75,-100,3919,5,0,0.1276,0
-75,-99,3085,4,0,0.1297,0
-75,-98,2877,0,0,0,0
-75,-97,2622,0,0,0,0
-75,-96,2251,0,0,0,0
-75,-95,2534,0,0,0,0
-75,-94,2309,0,0,0,0
-75,-93,2908,0,0,0,0
-75,-92,2385,0,0,0,0
-75,-91,2445,0,0,0,0
-75,-90,2791,0,0,0,0
-75,-89,3058,0,0,0,0
-75,-88,2373,1,0,0.04214,0
-75,-87,3110,1,0,0.03215,0
-75,-86,2395,2,0,0.08351,0
-75,-85,2151,0,0,0,0
-75,-84,1550,0,0,0,0
-75,-83,1349,0,0,0,0
-75,-82,1339,0,0,0,0
-75,-81,1188,0,0,0,0
-75,-80,1418,0,0,0,0
-75,-79,2097,0,0,0,0
-75,-78,2396,0,0,0,0
-75,-77,3267,0,0,0,0
-75,-76,2676,0,0,0,0
-75,-75,2878,0,0,0,0
-75,-74,2841,1,0,0.0352,0
-75,-73,2892,1,0,0.03458,0
-75,-72,3147,0,0,0,0
-75,-71,2594,0,0,0,0
-75,-70,2804,0,0,0,0
-75,-69,3124,0,0,0,0
-75,-68,2870,0,0,0,0
-75,-67,3844,0,0,0,0
-75,-66,3537,0,0,0,0
-75,-65,3400,2,0,0.05882,0
-75,-64,3500,1,0,0.02857,0
-75,-63,4132,5,0,0.121,0
-75,-62,4057,0,0,0,0
-75,-61,3979,2,0,0.05026,0
-75,-60,3663,0,0,0,0
-75,-59,3654,3,0,0.0821,0
-75,-58,3732,0,0,0,0
-75,-57,3470,1,0,0.02882,0
-75,-56,3636,0,0,0,0
-75,-55,3456,0,0,0,0
-75,-54,3508,0,0,0,0
-75,-53,3451,0,0,0,0
-75,-52,3995,0,0,0,0
-75,-51,3745,0,0,0,0
-75,-50,3883,0,0,0,0
-75,-49,2830,0,0,0,0
-75,-48,3422,0,0,0,0
-75,-47,2746,0,0,0,0
-75,-46,3553,0,0,0,0
-75,-45,2525,1,0,0.0396,0
-75,-44,2896,0,0,0,0
-75,-43,2293,1,0,0.04361,0
-75,-42,2291,0,0,0,0
-75,-41,1777,0,0,0,0
-75,-40,2381,0,0,0,0
-75,-39,1749,0,0,0,0
-75,-38,2257,2,0,0.08861,0
-75,-37,1767,0,0,0,0
-75,-36,2366,1,0,0.04227,0
-75,-35,1948,0,0,0,0
-75,-34,1715,0,0,0,0
-75,-33,1935,1,0,0.05168,0
-75,-32,2462,0,0,0,0
-75,-31,1893,0,0,0,0
-75,-30,1791,0,0,0,0
-75,-29,1664,0,0,0,0
-75,-28,1658,0,0,0,0
-75,-27,1615,0,0,0,0
-75,-26,1586,0,0,0,0
-75,-25,1507,1,0,0.06636,0
-75,-24,1949,1,0,0.05131,0
-75,-23,1729,0,0,0,0
-75,-22,1851,0,0,0,0
-75,-21,1053,0,0,0,0
-75,-20,984,0,0,0,0
-75,-19,744,0,0,0,0
-75,-18,726,0,0,0,0
-75,-17,441,0,0,0,0
-75,-16,522,1,0,0.1916,0
-75,-15,648,0,0,0,0
-75,-14,332,0,0,0,0
-75,-13,253,0,0,0,0
-75,-12,304,0,0,0,0
-75,-11,341,0,0,0,0
-75,-10,301,1,0,0.3322,0
-75,-9,62,0,0,0,0
-75,-8,91,0,0,0,0
-75,-7,21,0,0,0,0
-75,-6,35,0,0,0,0
-75,-5,27,0,0,0,0
-75,-4,29,0,0,0,0
-75,-3,452,0,0,0,0
-75,-2,168,0,0,0,0
-75,-1,195,0,0,0,0
-75,0,13,0,0,0,0
-75,1,48,0,0,0,0
-75,2,34,0,0,0,0
-75,3,92,0,0,0,0
-75,4,34,0,0,0,0
-75,5,7,0,0,0,0
-75,12,6,0,0,0,0
-75,13,6,0,0,0,0
-75,14,12,0,0,0,0
-75,15,18,0,0,0,0
-75,16,18,0,0,0,0
-75,17,18,0,0,0,0
-75,18,24,0,0,0,0
-75,19,24,0,0,0,0
-75,20,18,0,0,0,0
-75,21,34,0,0,0,0
-75,22,34,0,0,0,0
-75,23,40,0,0,0,0
-75,24,34,0,0,0,0
-75,25,150,0,0,0,0
-75,26,254,0,0,0,0
-75,27,140,0,0,0,0
-75,28,40,0,0,0,0
-75,29,28,0,0,0,0
-75,30,34,0,0,0,0
-75,31,22,0,0,0,0
-75,32,22,0,0,0,0
-75,33,16,0,0,0,0
-75,34,16,0,0,0,0
-75,35,16,0,0,0,0
-75,36,242,0,0,0,0
-75,37,242,0,0,0,0
-75,38,236,0,0,0,0
-75,39,110,0,0,0,0
-75,40,219,0,0,0,0
-75,55,292,0,0,0,0
-75,56,438,0,0,0,0
-75,57,592,0,0,0,0
-75,58,590,0,0,0,0
-75,59,598,0,0,0,0
-75,60,610,0,0,0,0
-75,61,552,1,0,0.1812,0
-75,62,531,0,0,0,0
-75,63,775,0,0,0,0
-75,64,620,0,0,0,0
-75,65,622,0,0,0,0
-75,66,522,0,0,0,0
-75,67,354,0,0,0,0
-75,68,322,1,0,0.3106,0
-75,69,310,1,0,0.3226,0
-75,70,334,0,0,0,0
-75,71,337,0,0,0,0
-75,72,164,0,0,0,0
-75,120,106,0,0,0,0
-75,121,212,0,0,0,0
-75,122,315,0,0,0,0
-75,123,109,0,0,0,0
-75,124,145,0,0,0,0
-75,125,317,0,0,0,0
-75,146,145,0,0,0,0
-75,147,156,0,0,0,0
-75,148,421,0,0,0,0
-75,149,248,0,0,0,0
-75,150,340,0,0,0,0
-75,151,340,1,0,0.2941,0
-75,152,380,0,0,0,0
-75,153,428,0,0,0,0
-75,154,132,0,0,0,0
-75,155,217,0,0,0,0
-75,156,496,1,0,0.2016,0
-75,157,720,0,0,0,0
-75,158,1046,1,0,0.0956,0
-75,159,1031,0,0,0,0
-75,160,1605,2,0,0.1246,0
-75,161,1172,0,0,0,0
-75,162,1243,0,0,0,0
-75,163,1175,2,0,0.1702,0
-75,164,1242,0,0,0,0
-75,165,1368,0,0,0,0
-75,166,1604,0,0,0,0
-75,167,1533,1,0,0.06523,0
-75,168,1924,0,0,0,0
-75,169,1338,1,0,0.07474,0
-75,170,1790,0,0,0,0
-75,171,1716,1,0,0.05828,0
-75,172,2416,0,0,0,0
-75,173,1757,1,0,0.05692,0
-75,174,2839,0,0,0,0
-75,175,2209,0,0,0,0
-75,176,3414,1,0,0.02929,0
-75,177,2781,3,0,0.1079,0
-75,178,3705,0,0,0,0
-75,179,3103,1,0,0.03223,0
-74,-180,4088,0,0,0,0
-74,-179,5716,2,0,0.03499,0
-74,-178,4358,0,0,0,0
-74,-177,6214,3,0,0.04828,0
-74,-176,5120,3,0,0.05859,0
-74,-175,5392,0,0,0,0
-74,-174,3666,0,0,0,0
-74,-173,4920,0,0,0,0
-74,-172,3350,2,0,0.0597,0
-74,-171,2102,0,0,0,0
-74,-170,2100,0,0,0,0
-74,-169,3130,0,0,0,0
-74,-168,2438,0,0,0,0
-74,-167,2376,0,0,0,0
-74,-166,3088,0,0,0,0
-74,-165,2530,0,0,0,0
-74,-164,2753,1,0,0.03632,0
-74,-163,2533,1,0,0.03948,0
-74,-162,3092,3,0,0.09702,0
-74,-161,3023,0,0,0,0
-74,-160,3463,1,0,0.02888,0
-74,-159,2501,1,0,0.03998,0
-74,-158,1876,1,0,0.0533,0
-74,-157,1825,0,0,0,0
-74,-156,2594,1,0,0.03855,0
-74,-155,1530,0,0,0,0
-74,-154,1264,1,0,0.07911,0
-74,-153,1030,0,0,0,0
-74,-152,722,0,0,0,0
-74,-151,452,0,0,0,0
-74,-150,729,0,0,0,0
-74,-149,549,1,0,0.1821,0
-74,-148,512,1,0,0.1953,0
-74,-147,374,0,0,0,0
-74,-146,819,1,0,0.1221,0
-74,-145,796,0,0,0,0
-74,-144,534,1,1,0.1873,18.73
-74,-143,612,0,0,0,0
-74,-142,393,0,0,0,0
-74,-141,347,0,0,0,0
-74,-140,110,0,0,0,0
-74,-139,109,0,0,0,0
-74,-138,137,0,0,0,0
-74,-137,75,0,0,0,0
-74,-136,26,0,0,0,0
-74,-135,55,0,0,0,0
-74,-134,110,0,0,0,0
-74,-133,96,0,0,0,0
-74,-132,276,0,0,0,0
-74,-131,453,0,0,0,0
-74,-130,822,0,0,0,0
-74,-129,777,1,0,0.1287,0
-74,-128,659,0,0,0,0
-74,-127,444,0,0,0,0
-74,-126,480,0,0,0,0
-74,-125,751,0,0,0,0
-74,-124,969,0,0,0,0
-74,-123,858,0,0,0,0
-74,-122,1340,0,0,0,0
-74,-121,1445,0,0,0,0
-74,-120,1625,0,0,0,0
-74,-119,1809,0,0,0,0
-74,-118,1734,0,0,0,0
-74,-117,2636,1,0,0.03794,0
-74,-116,2084,0,0,0,0
-74,-115,2744,0,0,0,0
-74,-114,2347,0,0,0,0
-74,-113,2488,0,0,0,0
-74,-112,2841,1,0,0.0352,0
-74,-111,2852,1,0,0.03506,0
-74,-110,2611,1,0,0.0383,0
-74,-109,2924,3,0,0.1026,0
-74,-108,3062,1,0,0.03266,0
-74,-107,3616,2,0,0.05531,0
-74,-106,3213,0,0,0,0
-74,-105,4116,0,0,0,0
-74,-104,3706,1,0,0.02698,0
-74,-103,4038,6,0,0.1486,0
-74,-102,2881,2,0,0.06942,0
-74,-101,3756,4,0,0.1065,0
-74,-100,3523,1,0,0.02838,0
-74,-99,3511,1,0,0.02848,0
-74,-98,2848,0,0,0,0
-74,-97,3421,2,0,0.05846,0
-74,-96,3113,1,0,0.03212,0
-74,-95,3318,0,0,0,0
-74,-94,3274,0,0,0,0
-74,-93,3330,0,0,0,0
-74,-92,3021,0,0,0,0
-74,-91,3174,1,0,0.03151,0
-74,-90,3821,0,0,0,0
-74,-89,3323,1,0,0.03009,0
-74,-88,4220,1,0,0.0237,0
-74,-87,3271,1,0,0.03057,0
-74,-86,3493,0,0,0,0
-74,-85,3511,1,0,0.02848,0
-74,-84,3750,1,0,0.02667,0
-74,-83,2896,0,0,0,0
-74,-82,1776,0,0,0,0
-74,-81,2607,0,0,0,0
-74,-80,2745,2,0,0.07286,0
-74,-79,2720,0,0,0,0
-74,-78,2742,1,0,0.03647,0
-74,-77,2643,0,0,0,0
-74,-76,4292,0,0,0,0
-74,-75,3642,0,0,0,0
-74,-74,3769,0,0,0,0
-74,-73,2707,1,0,0.03694,0
-74,-72,3293,0,0,0,0
-74,-71,2792,0,0,0,0
-74,-70,3157,0,0,0,0
-74,-69,2988,0,0,0,0
-74,-68,2361,0,0,0,0
-74,-67,2218,0,0,0,0
-74,-66,2732,0,0,0,0
-74,-65,2637,2,0,0.07584,0
-74,-64,1963,0,0,0,0
-74,-63,2582,0,0,0,0
-74,-62,3467,1,0,0.02884,0
-74,-61,3583,3,0,0.08373,0
-74,-60,2516,0,0,0,0
-74,-59,3348,0,0,0,0
-74,-58,3514,1,0,0.02846,0
-74,-57,3600,0,0,0,0
-74,-56,3077,0,0,0,0
-74,-55,3462,0,0,0,0
-74,-54,2809,0,0,0,0
-74,-53,3145,1,0,0.0318,0
-74,-52,3136,0,0,0,0
-74,-51,3569,0,0,0,0
-74,-50,3113,0,0,0,0
-74,-49,3856,0,0,0,0
-74,-48,3102,0,0,0,0
-74,-47,3796,0,0,0,0
-74,-46,2834,0,0,0,0
-74,-45,3320,0,0,0,0
-74,-44,2651,0,0,0,0
-74,-43,3374,0,0,0,0
-74,-42,2777,0,0,0,0
-74,-41,2790,0,0,0,0
-74,-40,2383,0,0,0,0
-74,-39,2436,0,0,0,0
-74,-38,1781,0,0,0,0
-74,-37,2052,0,0,0,0
-74,-36,1550,0,0,0,0
-74,-35,1459,1,0,0.06854,0
-74,-34,1674,0,0,0,0
-74,-33,1523,1,0,0.06566,0
-74,-32,1208,0,0,0,0
-74,-31,1076,0,0,0,0
-74,-30,1429,0,0,0,0
-74,-29,1395,0,0,0,0
-74,-28,1446,1,0,0.06916,0
-74,-27,1118,0,0,0,0
-74,-26,1117,0,0,0,0
-74,-25,1230,0,0,0,0
-74,-24,1056,1,0,0.0947,0
-74,-23,1647,0,0,0,0
-74,-22,1529,0,0,0,0
-74,-21,2011,2,0,0.09945,0
-74,-20,2259,1,0,0.04427,0
-74,-19,2289,2,0,0.08737,0
-74,-18,1793,0,0,0,0
-74,-17,1653,0,0,0,0
-74,-16,1473,1,0,0.06789,0
-74,-15,836,0,0,0,0
-74,-14,976,0,0,0,0
-74,-13,948,0,0,0,0
-74,-12,742,0,0,0,0
-74,-11,960,0,0,0,0
-74,-10,1035,0,0,0,0
-74,-9,817,2,0,0.2448,0
-74,-8,826,0,0,0,0
-74,-7,995,1,0,0.1005,0
-74,-6,405,0,0,0,0
-74,-5,361,0,0,0,0
-74,-4,401,0,0,0,0
-74,-3,333,0,0,0,0
-74,-2,373,0,0,0,0
-74,-1,619,0,0,0,0
-74,0,794,0,0,0,0
-74,1,772,0,0,0,0
-74,2,255,0,0,0,0
-74,3,310,0,0,0,0
-74,4,124,0,0,0,0
-74,5,80,0,0,0,0
-74,6,58,0,0,0,0
-74,7,269,0,0,0,0
-74,8,7,0,0,0,0
-74,16,20,0,0,0,0
-74,17,24,0,0,0,0
-74,18,2,0,0,0,0
-74,19,14,0,0,0,0
-74,20,12,0,0,0,0
-74,21,12,0,0,0,0
-74,22,336,1,0,0.2976,0
-74,23,334,0,0,0,0
-74,24,445,1,0,0.2247,0
-74,25,210,0,0,0,0
-74,26,340,0,0,0,0
-74,27,412,0,0,0,0
-74,28,365,0,0,0,0
-74,29,262,0,0,0,0
-74,30,256,0,0,0,0
-74,31,40,0,0,0,0
-74,32,181,0,0,0,0
-74,33,455,1,0,0.2198,0
-74,34,313,0,0,0,0
-74,35,316,0,0,0,0
-74,36,307,0,0,0,0
-74,37,301,0,0,0,0
-74,38,524,0,0,0,0
-74,39,535,0,0,0,0
-74,40,580,0,0,0,0
-74,41,446,0,0,0,0
-74,42,449,0,0,0,0
-74,43,212,0,0,0,0
-74,44,115,0,0,0,0
-74,45,230,0,0,0,0
-74,46,219,0,0,0,0
-74,47,3,0,0,0,0
-74,48,107,0,0,0,0
-74,57,154,0,0,0,0
-74,58,300,0,0,0,0
-74,59,324,0,0,0,0
-74,60,300,0,0,0,0
-74,61,470,1,0,0.2128,0
-74,62,312,0,0,0,0
-74,63,481,0,0,0,0
-74,64,708,1,0,0.1412,0
-74,65,655,0,0,0,0
-74,66,851,0,0,0,0
-74,67,885,1,0,0.113,0
-74,68,752,1,0,0.133,0
-74,69,715,1,0,0.1399,0
-74,70,365,1,0,0.274,0
-74,71,525,0,0,0,0
-74,72,203,0,0,0,0
-74,73,474,0,0,0,0
-74,74,329,0,0,0,0
-74,75,465,0,0,0,0
-74,76,26,0,0,0,0
-74,116,106,0,0,0,0
-74,117,318,0,0,0,0
-74,118,212,0,0,0,0
-74,119,212,0,0,0,0
-74,120,438,0,0,0,0
-74,121,452,0,0,0,0
-74,122,572,0,0,0,0
-74,123,452,0,0,0,0
-74,124,654,0,0,0,0
-74,125,811,0,0,0,0
-74,126,798,0,0,0,0
-74,127,210,0,0,0,0
-74,128,330,0,0,0,0
-74,144,145,0,0,0,0
-74,145,156,0,0,0,0
-74,146,156,0,0,0,0
-74,147,156,0,0,0,0
-74,148,156,0,0,0,0
-74,149,285,0,0,0,0
-74,150,276,1,0,0.3623,0
-74,151,234,0,0,0,0
-74,152,186,0,0,0,0
-74,153,157,0,0,0,0
-74,154,465,0,0,0,0
-74,155,734,1,0,0.1362,0
-74,156,619,0,0,0,0
-74,157,740,0,0,0,0
-74,158,615,0,0,0,0
-74,159,693,0,0,0,0
-74,160,1227,0,0,0,0
-74,161,1140,0,0,0,0
-74,162,1866,2,0,0.1072,0
-74,163,1701,4,0,0.2352,0
-74,164,1888,2,0,0.1059,0
-74,165,1901,3,0,0.1578,0
-74,166,1746,1,0,0.05727,0
-74,167,2196,0,0,0,0
-74,168,2192,1,0,0.04562,0
-74,169,2098,0,0,0,0
-74,170,1968,0,0,0,0
-74,171,3450,1,0,0.02899,0
-74,172,2691,0,0,0,0
-74,173,3701,1,0,0.02702,0
-74,174,3189,1,0,0.03136,0
-74,175,4346,0,0,0,0
-74,176,3290,0,0,0,0
-74,177,5078,0,0,0,0
-74,178,3966,3,0,0.07564,0
-74,179,5142,4,0,0.07779,0
-73,-180,6058,0,0,0,0
-73,-179,5272,1,0,0.01897,0
-73,-178,5556,2,0,0.036,0
-73,-177,5450,0,0,0,0
-73,-176,4876,2,0,0.04102,0
-73,-175,5214,0,0,0,0
-73,-174,4402,0,0,0,0
-73,-173,4884,0,0,0,0
-73,-172,3840,0,0,0,0
-73,-171,2294,1,0,0.04359,0
-73,-170,2946,0,0,0,0
-73,-169,2714,0,0,0,0
-73,-168,2466,1,0,0.04055,0
-73,-167,3266,0,0,0,0
-73,-166,2564,0,0,0,0
-73,-165,2808,0,0,0,0
-73,-164,2526,0,0,0,0
-73,-163,2714,1,0,0.03685,0
-73,-162,2474,1,0,0.04042,0
-73,-161,1834,0,0,0,0
-73,-160,1390,0,0,0,0
-73,-159,1708,0,0,0,0
-73,-158,972,0,0,0,0
-73,-157,1160,0,0,0,0
-73,-156,452,0,0,0,0
-73,-155,448,0,0,0,0
-73,-154,446,0,0,0,0
-73,-153,640,1,0,0.1562,0
-73,-152,492,1,0,0.2033,0
-73,-151,752,1,0,0.133,0
-73,-150,673,1,0,0.1486,0
-73,-149,508,0,0,0,0
-73,-148,548,1,0,0.1825,0
-73,-147,514,0,0,0,0
-73,-146,94,1,0,1.064,0
-73,-145,105,0,0,0,0
-73,-144,74,0,0,0,0
-73,-143,93,0,0,0,0
-73,-142,84,0,0,0,0
-73,-141,24,0,0,0,0
-73,-140,92,0,0,0,0
-73,-139,33,0,0,0,0
-73,-138,26,0,0,0,0
-73,-137,8,0,0,0,0
-73,-136,4,0,0,0,0
-73,-133,78,0,0,0,0
-73,-132,469,0,0,0,0
-73,-131,511,0,0,0,0
-73,-130,247,0,0,0,0
-73,-129,281,0,0,0,0
-73,-128,586,0,0,0,0
-73,-127,1073,0,0,0,0
-73,-126,899,0,0,0,0
-73,-125,1201,1,0,0.08326,0
-73,-124,1159,0,0,0,0
-73,-123,1521,0,0,0,0
-73,-122,1420,0,0,0,0
-73,-121,1078,0,0,0,0
-73,-120,2345,0,0,0,0
-73,-119,1942,0,0,0,0
-73,-118,2756,0,0,0,0
-73,-117,1998,1,0,0.05005,0
-73,-116,2444,0,0,0,0
-73,-115,2870,3,0,0.1045,0
-73,-114,2300,1,0,0.04348,0
-73,-113,2171,0,0,0,0
-73,-112,2226,0,0,0,0
-73,-111,3282,1,0,0.03047,0
-73,-110,2618,0,0,0,0
-73,-109,3742,0,0,0,0
-73,-108,3535,1,0,0.02829,0
-73,-107,3685,0,0,0,0
-73,-106,3344,0,0,0,0
-73,-105,3055,0,0,0,0
-73,-104,2866,2,0,0.06978,0
-73,-103,2767,0,0,0,0
-73,-102,3065,0,0,0,0
-73,-101,3295,1,0,0.03035,0
-73,-100,2951,0,0,0,0
-73,-99,2708,1,0,0.03693,0
-73,-98,2948,1,0,0.03392,0
-73,-97,2899,0,0,0,0
-73,-96,2952,1,0,0.03388,0
-73,-95,3226,3,0,0.09299,0
-73,-94,2935,1,0,0.03407,0
-73,-93,3246,1,0,0.03081,0
-73,-92,3089,0,0,0,0
-73,-91,3242,0,0,0,0
-73,-90,3047,0,0,0,0
-73,-89,2739,2,0,0.07302,0
-73,-88,3011,0,0,0,0
-73,-87,3247,1,0,0.0308,0
-73,-86,3273,3,0,0.09166,0
-73,-85,3393,0,0,0,0
-73,-84,3242,1,0,0.03085,0
-73,-83,3425,1,0,0.0292,0
-73,-82,4696,0,0,0,0
-73,-81,3547,0,0,0,0
-73,-80,3353,0,0,0,0
-73,-79,3439,0,0,0,0
-73,-78,3400,0,0,0,0
-73,-77,2524,0,0,0,0
-73,-76,2485,0,0,0,0
-73,-75,3313,0,0,0,0
-73,-74,2319,0,0,0,0
-73,-73,2964,0,0,0,0
-73,-72,3427,1,0,0.02918,0
-73,-71,2954,2,0,0.0677,0
-73,-70,2896,3,0,0.1036,0
-73,-69,2546,2,0,0.07855,0
-73,-68,2479,1,0,0.04034,0
-73,-67,3178,0,0,0,0
-73,-66,2779,1,0,0.03598,0
-73,-65,2645,0,0,0,0
-73,-64,2231,0,0,0,0
-73,-63,2224,2,0,0.08993,0
-73,-62,1966,0,0,0,0
-73,-61,1819,1,0,0.05498,0
-73,-60,2554,2,0,0.07831,0
-73,-59,2675,0,0,0,0
-73,-58,2924,0,0,0,0
-73,-57,2815,0,0,0,0
-73,-56,2899,1,0,0.03449,0
-73,-55,3140,0,0,0,0
-73,-54,3350,1,0,0.02985,0
-73,-53,3387,0,0,0,0
-73,-52,3107,0,0,0,0
-73,-51,3321,2,0,0.06022,0
-73,-50,3399,0,0,0,0
-73,-49,3428,0,0,0,0
-73,-48,3112,0,0,0,0
-73,-47,3141,0,0,0,0
-73,-46,3213,1,0,0.03112,0
-73,-45,3802,0,0,0,0
-73,-44,3694,0,0,0,0
-73,-43,2707,0,0,0,0
-73,-42,2946,0,0,0,0
-73,-41,2755,0,0,0,0
-73,-40,2902,0,0,0,0
-73,-39,2053,1,0,0.04871,0
-73,-38,2426,0,0,0,0
-73,-37,1982,0,0,0,0
-73,-36,1484,0,0,0,0
-73,-35,1062,0,0,0,0
-73,-34,1426,0,0,0,0
-73,-33,1461,0,0,0,0
-73,-32,1340,0,0,0,0
-73,-31,1424,0,0,0,0
-73,-30,1509,0,0,0,0
-73,-29,1293,0,0,0,0
-73,-28,1292,0,0,0,0
-73,-27,1236,0,0,0,0
-73,-26,1121,1,0,0.08921,0
-73,-25,1348,0,0,0,0
-73,-24,1649,0,0,0,0
-73,-23,1932,0,0,0,0
-73,-22,2241,0,0,0,0
-73,-21,1599,0,0,0,0
-73,-20,1963,0,0,0,0
-73,-19,1772,0,0,0,0
-73,-18,2414,0,0,0,0
-73,-17,2437,0,0,0,0
-73,-16,2550,0,0,0,0
-73,-15,2400,3,0,0.125,0
-73,-14,1690,3,0,0.1775,0
-73,-13,2326,2,0,0.08598,0
-73,-12,1600,0,0,0,0
-73,-11,1546,0,0,0,0
-73,-10,1894,3,0,0.1584,0
-73,-9,2310,0,0,0,0
-73,-8,1737,1,0,0.05757,0
-73,-7,2091,0,0,0,0
-73,-6,2327,0,0,0,0
-73,-5,2025,0,0,0,0
-73,-4,1841,0,0,0,0
-73,-3,2614,1,0,0.03826,0
-73,-2,1509,0,0,0,0
-73,-1,1064,0,0,0,0
-73,0,1290,0,0,0,0
-73,1,670,0,0,0,0
-73,2,386,0,0,0,0
-73,3,483,1,0,0.207,0
-73,4,701,0,0,0,0
-73,5,435,0,0,0,0
-73,6,784,0,0,0,0
-73,7,436,0,0,0,0
-73,8,393,0,0,0,0
-73,9,366,0,0,0,0
-73,10,563,0,0,0,0
-73,11,253,0,0,0,0
-73,12,531,0,0,0,0
-73,13,254,0,0,0,0
-73,14,85,0,0,0,0
-73,15,79,0,0,0,0
-73,16,435,0,0,0,0
-73,17,127,0,0,0,0
-73,18,487,0,0,0,0
-73,19,528,1,0,0.1894,0
-73,20,431,0,0,0,0
-73,21,513,0,0,0,0
-73,22,339,0,0,0,0
-73,23,370,0,0,0,0
-73,24,491,0,0,0,0
-73,25,481,1,0,0.2079,0
-73,26,456,0,0,0,0
-73,27,629,0,0,0,0
-73,28,896,0,0,0,0
-73,29,899,0,0,0,0
-73,30,517,0,0,0,0
-73,31,741,0,0,0,0
-73,32,489,0,0,0,0
-73,33,461,1,0,0.2169,0
-73,34,313,0,0,0,0
-73,35,612,0,0,0,0
-73,36,875,0,0,0,0
-73,37,743,0,0,0,0
-73,38,463,0,0,0,0
-73,39,694,0,0,0,0
-73,40,308,0,0,0,0
-73,41,571,0,0,0,0
-73,42,725,0,0,0,0
-73,43,535,0,0,0,0
-73,44,465,0,0,0,0
-73,45,507,0,0,0,0
-73,46,242,0,0,0,0
-73,47,333,0,0,0,0
-73,48,690,0,0,0,0
-73,49,448,0,0,0,0
-73,50,110,0,0,0,0
-73,51,337,0,0,0,0
-73,52,98,0,0,0,0
-73,53,26,0,0,0,0
-73,54,66,0,0,0,0
-73,55,22,0,0,0,0
-73,61,574,0,0,0,0
-73,62,360,1,0,0.2778,0
-73,63,344,0,0,0,0
-73,64,415,0,0,0,0
-73,65,549,0,0,0,0
-73,66,374,0,0,0,0
-73,67,386,0,0,0,0
-73,68,988,0,0,0,0
-73,69,570,0,0,0,0
-73,70,1010,0,0,0,0
-73,71,782,0,0,0,0
-73,72,833,0,0,0,0
-73,73,366,0,0,0,0
-73,74,481,0,0,0,0
-73,75,329,0,0,0,0
-73,76,329,0,0,0,0
-73,77,495,1,0,0.202,0
-73,78,346,1,0,0.289,0
-73,79,145,0,0,0,0
-73,113,110,0,0,0,0
-73,114,314,0,0,0,0
-73,115,318,1,0,0.3145,0
-73,116,106,0,0,0,0
-73,117,332,0,0,0,0
-73,118,678,0,0,0,0
-73,119,463,0,0,0,0
-73,120,441,0,0,0,0
-73,121,670,0,0,0,0
-73,122,940,0,0,0,0
-73,123,692,0,0,0,0
-73,124,586,0,0,0,0
-73,125,480,0,0,0,0
-73,126,720,0,0,0,0
-73,127,480,0,0,0,0
-73,128,714,1,0,0.1401,0
-73,129,476,0,0,0,0
-73,130,329,0,0,0,0
-73,131,222,0,0,0,0
-73,146,258,0,0,0,0
-73,147,389,0,0,0,0
-73,148,353,0,0,0,0
-73,149,291,0,0,0,0
-73,150,691,1,0,0.1447,0
-73,151,595,0,0,0,0
-73,152,373,0,0,0,0
-73,153,762,0,0,0,0
-73,154,625,0,0,0,0
-73,155,505,0,0,0,0
-73,156,565,0,0,0,0
-73,157,810,0,0,0,0
-73,158,949,1,0,0.1054,0
-73,159,1638,0,0,0,0
-73,160,1863,1,0,0.05368,0
-73,161,2018,0,0,0,0
-73,162,1657,0,0,0,0
-73,163,1723,1,0,0.05804,0
-73,164,2297,0,0,0,0
-73,165,1907,0,0,0,0
-73,166,2381,1,0,0.042,0
-73,167,2336,2,0,0.08562,0
-73,168,3399,1,0,0.02942,0
-73,169,3000,2,0,0.06667,0
-73,170,3352,2,0,0.05967,0
-73,171,2990,0,0,0,0
-73,172,3694,0,0,0,0
-73,173,3745,1,0,0.0267,0
-73,174,5060,0,0,0,0
-73,175,3782,1,0,0.02644,0
-73,176,4748,2,0,0.04212,0
-73,177,4596,0,0,0,0
-73,178,4806,0,0,0,0
-73,179,5506,0,0,0,0
-72,-180,5064,0,0,0,0
-72,-179,4722,0,0,0,0
-72,-178,5784,0,0,0,0
-72,-177,4650,0,0,0,0
-72,-176,5308,1,0,0.01884,0
-72,-175,5084,0,0,0,0
-72,-174,3956,0,0,0,0
-72,-173,2758,0,0,0,0
-72,-172,3620,2,0,0.05525,0
-72,-171,3416,1,0,0.02927,0
-72,-170,2746,1,0,0.03642,0
-72,-169,2442,1,0,0.04095,0
-72,-168,2966,0,0,0,0
-72,-167,1780,0,0,0,0
-72,-166,2064,1,0,0.04845,0
-72,-165,2744,0,0,0,0
-72,-164,1918,0,0,0,0
-72,-163,784,0,0,0,0
-72,-162,1210,0,0,0,0
-72,-161,918,0,0,0,0
-72,-160,396,0,0,0,0
-72,-159,634,0,0,0,0
-72,-158,462,0,0,0,0
-72,-157,650,0,0,0,0
-72,-156,450,1,0,0.2222,0
-72,-155,686,0,0,0,0
-72,-154,696,0,0,0,0
-72,-153,460,0,0,0,0
-72,-152,669,0,0,0,0
-72,-151,481,0,0,0,0
-72,-150,45,0,0,0,0
-72,-149,26,0,0,0,0
-72,-148,61,0,0,0,0
-72,-147,102,0,0,0,0
-72,-146,81,0,0,0,0
-72,-145,70,0,0,0,0
-72,-144,66,0,0,0,0
-72,-143,128,0,0,0,0
-72,-142,70,0,0,0,0
-72,-141,64,0,0,0,0
-72,-140,1,0,0,0,0
-72,-135,98,0,0,0,0
-72,-134,294,0,0,0,0
-72,-133,202,0,0,0,0
-72,-132,12,0,0,0,0
-72,-131,299,0,0,0,0
-72,-130,412,0,0,0,0
-72,-129,531,0,0,0,0
-72,-128,572,0,0,0,0
-72,-127,642,0,0,0,0
-72,-126,1043,0,0,0,0
-72,-125,1404,1,0,0.07123,0
-72,-124,1413,0,0,0,0
-72,-123,2446,0,0,0,0
-72,-122,2086,0,0,0,0
-72,-121,2253,1,0,0.04439,0
-72,-120,1916,1,0,0.05219,0
-72,-119,2194,0,0,0,0
-72,-118,2624,0,0,0,0
-72,-117,2666,2,0,0.07502,0
-72,-116,2805,3,0,0.107,0
-72,-115,2805,1,0,0.03565,0
-72,-114,3148,2,0,0.06353,0
-72,-113,3814,1,0,0.02622,0
-72,-112,3058,1,0,0.0327,0
-72,-111,2872,2,0,0.06964,0
-72,-110,3616,0,0,0,0
-72,-109,2712,0,0,0,0
-72,-108,2254,0,0,0,0
-72,-107,2186,1,0,0.04575,0
-72,-106,2784,0,0,0,0
-72,-105,2372,0,0,0,0
-72,-104,2624,0,0,0,0
-72,-103,2563,0,0,0,0
-72,-102,2804,0,0,0,0
-72,-101,2205,1,0,0.04535,0
-72,-100,3056,0,0,0,0
-72,-99,2961,1,0,0.03377,0
-72,-98,2965,0,0,0,0
-72,-97,2724,0,0,0,0
-72,-96,3250,1,0,0.03077,0
-72,-95,2501,0,0,0,0
-72,-94,3127,1,0,0.03198,0
-72,-93,2948,0,0,0,0
-72,-92,2741,1,0,0.03648,0
-72,-91,2326,0,0,0,0
-72,-90,2604,1,0,0.0384,0
-72,-89,2419,0,0,0,0
-72,-88,2534,0,0,0,0
-72,-87,1936,0,0,0,0
-72,-86,2258,0,0,0,0
-72,-85,2221,0,0,0,0
-72,-84,2573,0,0,0,0
-72,-83,3186,0,0,0,0
-72,-82,2771,0,0,0,0
-72,-81,2912,0,0,0,0
-72,-80,2878,0,0,0,0
-72,-79,2935,0,0,0,0
-72,-78,2569,1,0,0.03893,0
-72,-77,2819,1,0,0.03547,0
-72,-76,2845,1,0,0.03515,0
-72,-75,2251,0,0,0,0
-72,-74,2397,1,0,0.04172,0
-72,-73,2258,0,0,0,0
-72,-72,2298,0,0,0,0
-72,-71,2328,1,0,0.04296,0
-72,-70,3316,0,0,0,0
-72,-69,3146,1,0,0.03179,0
-72,-68,2231,0,0,0,0
-72,-67,2250,0,0,0,0
-72,-66,2320,0,0,0,0
-72,-65,2071,0,0,0,0
-72,-64,2662,1,0,0.03757,0
-72,-63,2730,2,0,0.07326,0
-72,-62,2577,5,0,0.194,0
-72,-61,2560,1,0,0.03906,0
-72,-60,2848,2,0,0.07022,0
-72,-59,2411,1,0,0.04148,0
-72,-58,2373,2,0,0.08428,0
-72,-57,3396,1,0,0.02945,0
-72,-56,4124,0,0,0,0
-72,-55,2648,0,0,0,0
-72,-54,3112,0,0,0,0
-72,-53,3155,0,0,0,0
-72,-52,3449,0,0,0,0
-72,-51,3115,0,0,0,0
-72,-50,3979,1,0,0.02513,0
-72,-49,3373,3,0,0.08894,0
-72,-48,3436,2,0,0.05821,0
-72,-47,3734,3,0,0.08034,0
-72,-46,3318,0,0,0,0
-72,-45,3029,0,0,0,0
-72,-44,2704,0,0,0,0
-72,-43,2833,0,0,0,0
-72,-42,3284,0,0,0,0
-72,-41,2195,0,0,0,0
-72,-40,2114,0,0,0,0
-72,-39,2684,0,0,0,0
-72,-38,2205,0,0,0,0
-72,-37,2666,0,0,0,0
-72,-36,2092,0,0,0,0
-72,-35,2035,0,0,0,0
-72,-34,1882,0,0,0,0
-72,-33,1572,0,0,0,0
-72,-32,1493,0,0,0,0
-72,-31,1440,0,0,0,0
-72,-30,1610,0,0,0,0
-72,-29,1540,0,0,0,0
-72,-28,1965,0,0,0,0
-72,-27,1666,0,0,0,0
-72,-26,2029,0,0,0,0
-72,-25,2197,0,0,0,0
-72,-24,1923,0,0,0,0
-72,-23,1869,0,0,0,0
-72,-22,2293,0,0,0,0
-72,-21,2045,0,0,0,0
-72,-20,2140,0,0,0,0
-72,-19,2311,1,0,0.04327,0
-72,-18,2483,0,0,0,0
-72,-17,1834,0,0,0,0
-72,-16,2010,0,0,0,0
-72,-15,2222,0,0,0,0
-72,-14,2626,1,0,0.03808,0
-72,-13,2472,0,0,0,0
-72,-12,3236,2,0,0.0618,0
-72,-11,1981,0,0,0,0
-72,-10,2223,0,0,0,0
-72,-9,2918,1,0,0.03427,0
-72,-8,2575,2,0,0.07767,0
-72,-7,3076,0,0,0,0
-72,-6,3656,0,0,0,0
-72,-5,3770,0,0,0,0
-72,-4,3618,2,0,0.05528,0
-72,-3,3542,1,0,0.02823,0
-72,-2,3803,1,0,0.0263,0
-72,-1,3008,3,0,0.09973,0
-72,0,2633,2,0,0.07596,0
-72,1,2410,6,0,0.249,0
-72,2,3193,0,0,0,0
-72,3,1581,1,0,0.06325,0
-72,4,2129,0,0,0,0
-72,5,1849,0,0,0,0
-72,6,928,0,0,0,0
-72,7,1803,1,0,0.05546,0
-72,8,2131,1,0,0.04693,0
-72,9,1986,0,0,0,0
-72,10,2197,0,0,0,0
-72,11,2741,0,0,0,0
-72,12,1277,0,0,0,0
-72,13,2385,1,0,0.04193,0
-72,14,2216,0,0,0,0
-72,15,1833,0,0,0,0
-72,16,2311,0,0,0,0
-72,17,2274,1,0,0.04398,0
-72,18,1457,0,0,0,0
-72,19,1803,2,0,0.1109,0
-72,20,1905,0,0,0,0
-72,21,1001,0,0,0,0
-72,22,830,1,0,0.1205,0
-72,23,998,0,0,0,0
-72,24,1033,0,0,0,0
-72,25,957,1,0,0.1045,0
-72,26,1338,0,0,0,0
-72,27,1985,0,0,0,0
-72,28,1217,0,0,0,0
-72,29,870,0,0,0,0
-72,30,2230,0,0,0,0
-72,31,1271,0,0,0,0
-72,32,2141,0,0,0,0
-72,33,1835,0,0,0,0
-72,34,1687,0,0,0,0
-72,35,983,0,0,0,0
-72,36,1004,1,0,0.0996,0
-72,37,454,0,0,0,0
-72,38,425,0,0,0,0
-72,39,766,0,0,0,0
-72,40,883,0,0,0,0
-72,41,600,0,0,0,0
-72,42,591,0,0,0,0
-72,43,445,0,0,0,0
-72,44,302,0,0,0,0
-72,45,721,0,0,0,0
-72,46,860,0,0,0,0
-72,47,472,0,0,0,0
-72,48,446,0,0,0,0
-72,49,483,0,0,0,0
-72,50,515,0,0,0,0
-72,51,530,0,0,0,0
-72,52,732,0,0,0,0
-72,53,372,0,0,0,0
-72,54,556,0,0,0,0
-72,55,1130,0,0,0,0
-72,56,812,0,0,0,0
-72,57,480,0,0,0,0
-72,58,666,0,0,0,0
-72,59,1446,0,0,0,0
-72,60,846,0,0,0,0
-72,61,122,0,0,0,0
-72,62,368,0,0,0,0
-72,63,1852,0,0,0,0
-72,64,1093,0,0,0,0
-72,65,897,0,0,0,0
-72,66,1373,0,0,0,0
-72,67,1280,1,0,0.07812,0
-72,68,699,1,0,0.1431,0
-72,69,1677,6,0,0.3578,0
-72,70,700,0,0,0,0
-72,71,1225,1,0,0.08163,0
-72,72,663,1,0,0.1508,0
-72,73,969,1,0,0.1032,0
-72,74,1015,0,0,0,0
-72,75,533,0,0,0,0
-72,76,491,0,0,0,0
-72,77,474,0,0,0,0
-72,78,329,1,0,0.304,0
-72,79,329,0,0,0,0
-72,80,496,0,0,0,0
-72,81,375,0,0,0,0
-72,94,136,0,0,0,0
-72,110,106,0,0,0,0
-72,111,318,0,0,0,0
-72,112,318,0,0,0,0
-72,113,106,0,0,0,0
-72,114,437,0,0,0,0
-72,115,572,0,0,0,0
-72,116,558,0,0,0,0
-72,117,558,0,0,0,0
-72,118,452,0,0,0,0
-72,119,918,0,0,0,0
-72,120,826,0,0,0,0
-72,121,480,0,0,0,0
-72,122,600,0,0,0,0
-72,123,720,0,0,0,0
-72,124,468,0,0,0,0
-72,125,609,0,0,0,0
-72,126,716,0,0,0,0
-72,127,476,1,0,0.2101,0
-72,128,358,0,0,0,0
-72,129,354,0,0,0,0
-72,130,354,0,0,0,0
-72,131,589,2,0,0.3396,0
-72,132,554,0,0,0,0
-72,133,222,0,0,0,0
-72,134,199,0,0,0,0
-72,143,144,0,0,0,0
-72,144,377,0,0,0,0
-72,145,370,0,0,0,0
-72,146,139,0,0,0,0
-72,147,381,0,0,0,0
-72,148,452,1,0,0.2212,0
-72,149,404,0,0,0,0
-72,150,868,0,0,0,0
-72,151,758,0,0,0,0
-72,152,681,0,0,0,0
-72,153,850,0,0,0,0
-72,154,822,0,0,0,0
-72,155,719,0,0,0,0
-72,156,1475,1,0,0.0678,0
-72,157,1562,0,0,0,0
-72,158,1058,0,0,0,0
-72,159,1451,0,0,0,0
-72,160,1465,0,0,0,0
-72,161,1705,2,1,0.1173,5.865
-72,162,2072,5,0,0.2413,0
-72,163,2230,0,0,0,0
-72,164,2700,1,0,0.03704,0
-72,165,2751,0,0,0,0
-72,166,3329,2,0,0.06008,0
-72,167,3168,2,0,0.06313,0
-72,168,3260,0,0,0,0
-72,169,3879,5,0,0.1289,0
-72,170,4123,2,0,0.04851,0
-72,171,4254,0,0,0,0
-72,172,4447,0,0,0,0
-72,173,4499,0,0,0,0
-72,174,4420,0,0,0,0
-72,175,4750,0,0,0,0
-72,176,5755,0,0,0,0
-72,177,5184,0,0,0,0
-72,178,5512,3,0,0.05443,0
-72,179,5942,1,0,0.01683,0
-71,-180,5526,0,0,0,0
-71,-179,4938,0,0,0,0
-71,-178,4298,1,0,0.02327,0
-71,-177,5050,0,0,0,0
-71,-176,3714,0,0,0,0
-71,-175,3842,0,0,0,0
-71,-174,3884,0,0,0,0
-71,-173,3632,3,0,0.0826,0
-71,-172,2072,0,0,0,0
-71,-171,2664,0,0,0,0
-71,-170,1956,0,0,0,0
-71,-169,1888,1,0,0.05297,0
-71,-168,1426,0,0,0,0
-71,-167,2164,1,0,0.04621,0
-71,-166,1466,0,0,0,0
-71,-165,772,0,0,0,0
-71,-164,662,0,0,0,0
-71,-163,650,0,0,0,0
-71,-162,442,0,0,0,0
-71,-161,654,0,0,0,0
-71,-160,652,0,0,0,0
-71,-159,468,0,0,0,0
-71,-158,632,0,0,0,0
-71,-157,696,0,0,0,0
-71,-156,686,0,0,0,0
-71,-155,660,0,0,0,0
-71,-154,256,0,0,0,0
-71,-153,42,0,0,0,0
-71,-152,24,0,0,0,0
-71,-151,39,0,0,0,0
-71,-150,35,0,0,0,0
-71,-149,32,0,0,0,0
-71,-148,36,0,0,0,0
-71,-147,36,0,0,0,0
-71,-146,42,0,0,0,0
-71,-145,67,0,0,0,0
-71,-144,75,0,0,0,0
-71,-137,196,0,0,0,0
-71,-136,294,0,0,0,0
-71,-135,200,0,0,0,0
-71,-134,114,0,0,0,0
-71,-133,302,0,0,0,0
-71,-132,298,0,0,0,0
-71,-131,208,0,0,0,0
-71,-130,302,0,0,0,0
-71,-129,438,0,0,0,0
-71,-128,1003,0,0,0,0
-71,-127,1500,0,0,0,0
-71,-126,1546,0,0,0,0
-71,-125,2172,0,0,0,0
-71,-124,1987,0,0,0,0
-71,-123,2378,2,0,0.0841,0
-71,-122,2051,4,2,0.195,9.751
-71,-121,2194,3,0,0.1367,0
-71,-120,2560,0,0,0,0
-71,-119,2886,3,0,0.104,0
-71,-118,2598,4,0,0.154,0
-71,-117,2940,2,0,0.06803,0
-71,-116,3280,4,0,0.122,0
-71,-115,2847,2,0,0.07025,0
-71,-114,2723,2,0,0.07345,0
-71,-113,2703,1,0,0.037,0
-71,-112,2566,2,0,0.07794,0
-71,-111,2172,1,0,0.04604,0
-71,-110,1932,0,0,0,0
-71,-109,1709,0,0,0,0
-71,-108,1946,0,0,0,0
-71,-107,2011,0,0,0,0
-71,-106,1666,0,0,0,0
-71,-105,2120,0,0,0,0
-71,-104,2008,0,0,0,0
-71,-103,2654,0,0,0,0
-71,-102,2508,0,0,0,0
-71,-101,2616,0,0,0,0
-71,-100,2181,0,0,0,0
-71,-99,2469,0,0,0,0
-71,-98,2352,0,0,0,0
-71,-97,2400,0,0,0,0
-71,-96,2573,0,0,0,0
-71,-95,2935,0,0,0,0
-71,-94,2192,1,0,0.04562,0
-71,-93,2383,0,0,0,0
-71,-92,1640,0,0,0,0
-71,-91,2450,2,0,0.08163,0
-71,-90,1707,0,0,0,0
-71,-89,2162,0,0,0,0
-71,-88,1985,0,0,0,0
-71,-87,2239,0,0,0,0
-71,-86,1719,0,0,0,0
-71,-85,1796,0,0,0,0
-71,-84,1809,0,0,0,0
-71,-83,1669,1,0,0.05992,0
-71,-82,1608,0,0,0,0
-71,-81,2207,0,0,0,0
-71,-80,2368,0,0,0,0
-71,-79,2596,0,0,0,0
-71,-78,2415,0,0,0,0
-71,-77,2821,1,0,0.03545,0
-71,-76,1938,0,0,0,0
-71,-75,2129,2,0,0.09394,0
-71,-74,2518,1,0,0.03971,0
-71,-73,2325,0,0,0,0
-71,-72,1639,0,0,0,0
-71,-71,2024,0,0,0,0
-71,-70,2113,4,0,0.1893,0
-71,-69,1027,0,0,0,0
-71,-68,2754,0,0,0,0
-71,-67,3167,2,0,0.06315,0
-71,-66,1537,0,0,0,0
-71,-65,2130,0,0,0,0
-71,-64,2405,2,0,0.08316,0
-71,-63,2610,1,0,0.03831,0
-71,-62,3075,0,0,0,0
-71,-61,3458,0,0,0,0
-71,-60,2969,0,0,0,0
-71,-59,3610,0,0,0,0
-71,-58,3305,0,0,0,0
-71,-57,3105,0,0,0,0
-71,-56,2701,0,0,0,0
-71,-55,3393,0,0,0,0
-71,-54,3346,0,0,0,0
-71,-53,3078,0,0,0,0
-71,-52,3259,0,0,0,0
-71,-51,3154,0,0,0,0
-71,-50,3016,1,0,0.03316,0
-71,-49,2892,1,0,0.03458,0
-71,-48,2994,0,0,0,0
-71,-47,3356,0,0,0,0
-71,-46,2881,0,0,0,0
-71,-45,2923,0,0,0,0
-71,-44,2640,0,0,0,0
-71,-43,2953,0,0,0,0
-71,-42,2346,0,0,0,0
-71,-41,2776,0,0,0,0
-71,-40,2992,0,0,0,0
-71,-39,2436,0,0,0,0
-71,-38,2299,0,0,0,0
-71,-37,2684,0,0,0,0
-71,-36,2601,0,0,0,0
-71,-35,2227,1,0,0.0449,0
-71,-34,2110,0,0,0,0
-71,-33,2011,0,0,0,0
-71,-32,2231,0,0,0,0
-71,-31,1874,0,0,0,0
-71,-30,2018,0,0,0,0
-71,-29,1984,0,0,0,0
-71,-28,2369,0,0,0,0
-71,-27,2535,0,0,0,0
-71,-26,2340,0,0,0,0
-71,-25,2657,0,0,0,0
-71,-24,2400,0,0,0,0
-71,-23,2477,0,0,0,0
-71,-22,2246,0,0,0,0
-71,-21,2676,1,0,0.03737,0
-71,-20,2109,0,0,0,0
-71,-19,2425,0,0,0,0
-71,-18,2042,0,0,0,0
-71,-17,2612,0,0,0,0
-71,-16,2373,0,0,0,0
-71,-15,2404,0,0,0,0
-71,-14,2302,2,0,0.08688,0
-71,-13,1773,0,0,0,0
-71,-12,1794,0,0,0,0
-71,-11,3046,1,0,0.03283,0
-71,-10,2796,0,0,0,0
-71,-9,3468,3,0,0.08651,0
-71,-8,3889,0,0,0,0
-71,-7,3848,1,0,0.02599,0
-71,-6,4429,1,0,0.02258,0
-71,-5,4230,0,0,0,0
-71,-4,4454,0,0,0,0
-71,-3,3506,0,0,0,0
-71,-2,3397,2,0,0.05888,0
-71,-1,4046,0,0,0,0
-71,0,3739,0,0,0,0
-71,1,3214,0,0,0,0
-71,2,4061,0,0,0,0
-71,3,3279,6,0,0.183,0
-71,4,2709,2,0,0.07383,0
-71,5,3304,5,0,0.1513,0
-71,6,3590,0,0,0,0
-71,7,3573,4,0,0.112,0
-71,8,3879,0,0,0,0
-71,9,3906,0,0,0,0
-71,10,2991,1,0,0.03343,0
-71,11,4014,1,0,0.02491,0
-71,12,4636,2,0,0.04314,0
-71,13,3661,0,0,0,0
-71,14,4568,4,0,0.08757,0
-71,15,4670,5,0,0.1071,0
-71,16,3485,2,0,0.05739,0
-71,17,3541,2,0,0.05648,0
-71,18,3511,3,0,0.08545,0
-71,19,2923,1,0,0.03421,0
-71,20,2473,1,0,0.04044,0
-71,21,2875,2,0,0.06957,0
-71,22,2879,2,0,0.06947,0
-71,23,2298,1,1,0.04352,4.352
-71,24,2641,2,0,0.07573,0
-71,25,2730,1,0,0.03663,0
-71,26,1963,3,0,0.1528,0
-71,27,1832,0,0,0,0
-71,28,2366,7,0,0.2959,0
-71,29,2824,1,0,0.03541,0
-71,30,2818,7,0,0.2484,0
-71,31,2881,2,0,0.06942,0
-71,32,2713,0,0,0,0
-71,33,2470,0,0,0,0
-71,34,2723,0,0,0,0
-71,35,2762,0,0,0,0
-71,36,3167,0,0,0,0
-71,37,2719,1,0,0.03678,0
-71,38,1807,0,0,0,0
-71,39,1550,0,0,0,0
-71,40,653,0,0,0,0
-71,41,459,1,0,0.2179,0
-71,42,633,0,0,0,0
-71,43,1496,1,0,0.06684,0
-71,44,754,1,0,0.1326,0
-71,45,582,0,0,0,0
-71,46,449,0,0,0,0
-71,47,612,0,0,0,0
-71,48,614,1,0,0.1629,0
-71,49,890,0,0,0,0
-71,50,998,0,0,0,0
-71,51,607,0,0,0,0
-71,52,673,0,0,0,0
-71,53,1502,0,0,0,0
-71,54,1367,0,0,0,0
-71,55,1133,1,0,0.08826,0
-71,56,1391,0,0,0,0
-71,57,2493,0,0,0,0
-71,58,1866,0,0,0,0
-71,59,1230,0,0,0,0
-71,60,1962,0,0,0,0
-71,61,2652,4,0,0.1508,0
-71,62,2258,0,0,0,0
-71,63,1326,4,0,0.3017,0
-71,64,2253,0,0,0,0
-71,65,2151,0,0,0,0
-71,66,1951,0,0,0,0
-71,67,2839,0,0,0,0
-71,68,2672,0,0,0,0
-71,69,1874,2,0,0.1067,0
-71,70,3665,7,0,0.191,0
-71,71,3016,5,0,0.1658,0
-71,72,2693,5,0,0.1857,0
-71,73,2988,1,0,0.03347,0
-71,74,1611,0,0,0,0
-71,75,1496,0,0,0,0
-71,76,993,0,0,0,0
-71,77,1048,0,0,0,0
-71,78,497,0,0,0,0
-71,79,491,0,0,0,0
-71,80,496,0,0,0,0
-71,81,278,0,0,0,0
-71,82,496,0,0,0,0
-71,83,534,1,0,0.1873,0
-71,84,145,0,0,0,0
-71,92,414,0,0,0,0
-71,93,404,0,0,0,0
-71,94,272,0,0,0,0
-71,95,414,0,0,0,0
-71,96,805,0,0,0,0
-71,97,131,0,0,0,0
-71,98,136,0,0,0,0
-71,108,281,0,0,0,0
-71,109,420,0,0,0,0
-71,110,285,0,0,0,0
-71,111,287,0,0,0,0
-71,112,533,0,0,0,0
-71,113,893,0,0,0,0
-71,114,519,0,0,0,0
-71,115,612,0,0,0,0
-71,116,876,0,0,0,0
-71,117,807,0,0,0,0
-71,118,687,0,0,0,0
-71,119,632,0,0,0,0
-71,120,798,0,0,0,0
-71,121,360,0,0,0,0
-71,122,360,0,0,0,0
-71,123,922,0,0,0,0
-71,124,642,0,0,0,0
-71,125,284,0,0,0,0
-71,126,428,0,0,0,0
-71,127,357,0,0,0,0
-71,128,238,0,0,0,0
-71,129,742,0,0,0,0
-71,130,738,0,0,0,0
-71,131,256,0,0,0,0
-71,132,399,0,0,0,0
-71,133,752,0,0,0,0
-71,134,522,0,0,0,0
-71,135,470,0,0,0,0
-71,136,597,0,0,0,0
-71,137,183,0,0,0,0
-71,138,103,0,0,0,0
-71,139,60,0,0,0,0
-71,140,66,0,0,0,0
-71,141,353,0,0,0,0
-71,142,448,0,0,0,0
-71,143,275,0,0,0,0
-71,144,299,0,0,0,0
-71,145,431,0,0,0,0
-71,146,403,0,0,0,0
-71,147,636,0,0,0,0
-71,148,971,0,0,0,0
-71,149,693,0,0,0,0
-71,150,315,0,0,0,0
-71,151,563,0,0,0,0
-71,152,443,0,0,0,0
-71,153,681,0,0,0,0
-71,154,1256,2,0,0.1592,0
-71,155,1263,0,0,0,0
-71,156,668,0,0,0,0
-71,157,1096,0,0,0,0
-71,158,1095,1,0,0.09132,0
-71,159,912,0,0,0,0
-71,160,1249,0,0,0,0
-71,161,1247,0,0,0,0
-71,162,1424,2,0,0.1404,0
-71,163,1625,1,0,0.06154,0
-71,164,2667,0,0,0,0
-71,165,2552,1,0,0.03918,0
-71,166,3194,1,0,0.03131,0
-71,167,4229,3,0,0.07094,0
-71,168,3486,2,0,0.05737,0
-71,169,4061,2,0,0.04925,0
-71,170,4691,0,0,0,0
-71,171,4643,3,0,0.06461,0
-71,172,4627,0,0,0,0
-71,173,5145,0,0,0,0
-71,174,4959,1,0,0.02017,0
-71,175,5316,1,0,0.01881,0
-71,176,5094,1,0,0.01963,0
-71,177,5298,0,0,0,0
-71,178,4704,2,0,0.04252,0
-71,179,5002,1,0,0.01999,0
-70,-180,4100,0,0,0,0
-70,-179,4532,0,0,0,0
-70,-178,4080,1,0,0.02451,0
-70,-177,3484,0,0,0,0
-70,-176,4008,1,0,0.02495,0
-70,-175,3272,0,0,0,0
-70,-174,2628,2,0,0.0761,0
-70,-173,2618,0,0,0,0
-70,-172,2238,0,0,0,0
-70,-171,1196,0,0,0,0
-70,-170,1500,1,0,0.06667,0
-70,-169,1738,0,0,0,0
-70,-168,1162,0,0,0,0
-70,-167,434,0,0,0,0
-70,-166,608,0,0,0,0
-70,-165,650,0,0,0,0
-70,-164,442,0,0,0,0
-70,-163,654,0,0,0,0
-70,-162,638,0,0,0,0
-70,-161,656,0,0,0,0
-70,-160,654,0,0,0,0
-70,-159,692,0,0,0,0
-70,-158,704,0,0,0,0
-70,-157,232,0,0,0,0
-70,-156,42,0,0,0,0
-70,-155,47,0,0,0,0
-70,-154,26,0,0,0,0
-70,-153,47,0,0,0,0
-70,-152,28,0,0,0,0
-70,-151,36,0,0,0,0
-70,-150,36,0,0,0,0
-70,-149,36,0,0,0,0
-70,-148,36,0,0,0,0
-70,-147,24,0,0,0,0
-70,-139,92,0,0,0,0
-70,-138,352,0,0,0,0
-70,-137,120,0,0,0,0
-70,-136,178,1,0,0.5618,0
-70,-135,322,0,0,0,0
-70,-134,200,0,0,0,0
-70,-133,298,0,0,0,0
-70,-132,306,0,0,0,0
-70,-131,206,0,0,0,0
-70,-130,1190,0,0,0,0
-70,-129,922,0,0,0,0
-70,-128,1351,0,0,0,0
-70,-127,1779,0,0,0,0
-70,-126,1839,0,0,0,0
-70,-125,2397,0,0,0,0
-70,-124,2028,0,0,0,0
-70,-123,2496,0,0,0,0
-70,-122,2688,0,0,0,0
-70,-121,2375,0,0,0,0
-70,-120,2877,2,0,0.06952,0
-70,-119,2761,1,0,0.03622,0
-70,-118,3106,2,0,0.06439,0
-70,-117,2496,2,0,0.08013,0
-70,-116,2544,2,0,0.07862,0
-70,-115,2195,3,0,0.1367,0
-70,-114,2246,2,0,0.08905,0
-70,-113,1449,0,0,0,0
-70,-112,1698,0,0,0,0
-70,-111,1316,0,0,0,0
-70,-110,1663,1,0,0.06013,0
-70,-109,1673,0,0,0,0
-70,-108,1676,0,0,0,0
-70,-107,1961,0,0,0,0
-70,-106,2065,0,0,0,0
-70,-105,1635,0,0,0,0
-70,-104,1937,1,0,0.05163,0
-70,-103,1942,0,0,0,0
-70,-102,1877,1,0,0.05328,0
-70,-101,2011,0,0,0,0
-70,-100,2381,1,0,0.042,0
-70,-99,2076,1,0,0.04817,0
-70,-98,2228,0,0,0,0
-70,-97,2176,1,0,0.04596,0
-70,-96,2129,0,0,0,0
-70,-95,1776,0,0,0,0
-70,-94,1624,0,0,0,0
-70,-93,2158,0,0,0,0
-70,-92,1882,1,0,0.05313,0
-70,-91,1622,0,0,0,0
-70,-90,1909,0,0,0,0
-70,-89,1643,1,0,0.06086,0
-70,-88,1568,0,0,0,0
-70,-87,1582,0,0,0,0
-70,-86,1335,0,0,0,0
-70,-85,1652,1,0,0.06053,0
-70,-84,1569,0,0,0,0
-70,-83,1586,0,0,0,0
-70,-82,1694,1,0,0.05903,0
-70,-81,1551,0,0,0,0
-70,-80,1416,0,0,0,0
-70,-79,1803,0,0,0,0
-70,-78,2125,0,0,0,0
-70,-77,2495,1,0,0.04008,0
-70,-76,2761,0,0,0,0
-70,-75,3248,0,0,0,0
-70,-74,2206,0,0,0,0
-70,-73,2165,1,0,0.04619,0
-70,-72,1784,2,0,0.1121,0
-70,-71,2559,0,0,0,0
-70,-70,1225,0,0,0,0
-70,-69,1978,0,0,0,0
-70,-68,2267,0,0,0,0
-70,-67,831,0,0,0,0
-70,-66,2465,0,0,0,0
-70,-65,3416,1,0,0.02927,0
-70,-64,2384,0,0,0,0
-70,-63,2245,1,0,0.04454,0
-70,-62,2432,0,0,0,0
-70,-61,2626,0,0,0,0
-70,-60,3491,0,0,0,0
-70,-59,4054,0,0,0,0
-70,-58,3813,0,0,0,0
-70,-57,3427,0,0,0,0
-70,-56,3481,1,0,0.02873,0
-70,-55,3047,0,0,0,0
-70,-54,3273,1,0,0.03055,0
-70,-53,3163,1,0,0.03162,0
-70,-52,2969,1,0,0.03368,0
-70,-51,2495,0,0,0,0
-70,-50,2883,4,1,0.1387,3.469
-70,-49,3173,2,0,0.06303,0
-70,-48,2465,3,0,0.1217,0
-70,-47,2137,1,0,0.04679,0
-70,-46,2241,0,0,0,0
-70,-45,2216,0,0,0,0
-70,-44,3503,0,0,0,0
-70,-43,2872,0,0,0,0
-70,-42,3106,1,0,0.0322,0
-70,-41,3011,0,0,0,0
-70,-40,2845,0,0,0,0
-70,-39,2556,0,0,0,0
-70,-38,3244,1,0,0.03083,0
-70,-37,2237,0,0,0,0
-70,-36,2104,0,0,0,0
-70,-35,3121,1,0,0.03204,0
-70,-34,2681,1,0,0.0373,0
-70,-33,2490,0,0,0,0
-70,-32,2560,1,0,0.03906,0
-70,-31,1904,0,0,0,0
-70,-30,2659,0,0,0,0
-70,-29,2918,1,0,0.03427,0
-70,-28,2618,0,0,0,0
-70,-27,2783,0,0,0,0
-70,-26,3287,0,0,0,0
-70,-25,2530,0,0,0,0
-70,-24,2805,0,0,0,0
-70,-23,2799,1,0,0.03573,0
-70,-22,2373,0,0,0,0
-70,-21,2752,1,0,0.03634,0
-70,-20,2322,0,0,0,0
-70,-19,2531,0,0,0,0
-70,-18,2922,0,0,0,0
-70,-17,2078,0,0,0,0
-70,-16,2244,0,0,0,0
-70,-15,2094,1,0,0.04776,0
-70,-14,1970,1,0,0.05076,0
-70,-13,2895,1,0,0.03454,0
-70,-12,2595,1,0,0.03854,0
-70,-11,3251,0,0,0,0
-70,-10,3260,0,0,0,0
-70,-9,3152,0,0,0,0
-70,-8,4403,0,0,0,0
-70,-7,4642,0,0,0,0
-70,-6,3928,0,0,0,0
-70,-5,4191,0,0,0,0
-70,-4,3428,1,0,0.02917,0
-70,-3,4200,0,0,0,0
-70,-2,3989,1,0,0.02507,0
-70,-1,4271,1,0,0.02341,0
-70,0,3626,1,0,0.02758,0
-70,1,3797,0,0,0,0
-70,2,2681,0,0,0,0
-70,3,3828,2,0,0.05225,0
-70,4,3508,2,0,0.05701,0
-70,5,3522,0,0,0,0
-70,6,3703,2,0,0.05401,0
-70,7,3547,0,0,0,0
-70,8,4215,0,0,0,0
-70,9,4580,1,0,0.02183,0
-70,10,4990,0,0,0,0
-70,11,4517,0,0,0,0
-70,12,5237,3,0,0.05728,0
-70,13,4341,1,0,0.02304,0
-70,14,4176,2,0,0.04789,0
-70,15,5358,2,0,0.03733,0
-70,16,3987,7,0,0.1756,0
-70,17,4435,1,0,0.02255,0
-70,18,3781,1,0,0.02645,0
-70,19,2080,2,0,0.09615,0
-70,20,3211,1,0,0.03114,0
-70,21,2592,1,0,0.03858,0
-70,22,3813,0,0,0,0
-70,23,3208,1,0,0.03117,0
-70,24,2346,1,0,0.04263,0
-70,25,2808,0,0,0,0
-70,26,3186,3,0,0.09416,0
-70,27,2994,0,0,0,0
-70,28,3176,0,0,0,0
-70,29,3166,0,0,0,0
-70,30,2829,0,0,0,0
-70,31,3166,0,0,0,0
-70,32,3984,3,0,0.0753,0
-70,33,3591,4,0,0.1114,0
-70,34,3913,2,0,0.05111,0
-70,35,3975,3,0,0.07547,0
-70,36,2528,1,0,0.03956,0
-70,37,3231,2,0,0.0619,0
-70,38,3954,3,0,0.07587,0
-70,39,2669,0,0,0,0
-70,40,3055,2,0,0.06547,0
-70,41,2642,0,0,0,0
-70,42,2088,0,0,0,0
-70,43,690,0,0,0,0
-70,44,1285,0,0,0,0
-70,45,835,0,0,0,0
-70,46,1087,0,0,0,0
-70,47,1418,0,0,0,0
-70,48,896,0,0,0,0
-70,49,730,0,0,0,0
-70,50,768,0,0,0,0
-70,51,1632,0,0,0,0
-70,52,1435,0,0,0,0
-70,53,1270,0,0,0,0
-70,54,2169,0,0,0,0
-70,55,2376,0,0,0,0
-70,56,2103,0,0,0,0
-70,57,2168,0,0,0,0
-70,58,2653,0,0,0,0
-70,59,3553,0,0,0,0
-70,60,3333,0,0,0,0
-70,61,2591,0,0,0,0
-70,62,3209,0,0,0,0
-70,63,2962,1,0,0.03376,0
-70,64,1952,0,0,0,0
-70,65,3317,0,0,0,0
-70,66,2886,0,0,0,0
-70,67,2832,1,0,0.03531,0
-70,68,3688,1,0,0.02711,0
-70,69,3232,5,0,0.1547,0
-70,70,3364,3,1,0.08918,2.973
-70,71,3731,7,1,0.1876,2.68
-70,72,3673,4,0,0.1089,0
-70,73,4224,1,0,0.02367,0
-70,74,3926,1,0,0.02547,0
-70,75,3985,0,0,0,0
-70,76,3892,1,0,0.02569,0
-70,77,2588,0,0,0,0
-70,78,2045,0,0,0,0
-70,79,1849,2,0,0.1082,0
-70,80,624,0,0,0,0
-70,81,329,0,0,0,0
-70,82,576,0,0,0,0
-70,83,350,0,0,0,0
-70,84,533,0,0,0,0
-70,85,555,0,0,0,0
-70,86,167,0,0,0,0
-70,88,8,0,0,0,0
-70,89,4,0,0,0,0
-70,90,656,0,0,0,0
-70,91,479,0,0,0,0
-70,92,276,0,0,0,0
-70,93,421,0,0,0,0
-70,94,919,0,0,0,0
-70,95,988,0,0,0,0
-70,96,566,0,0,0,0
-70,97,757,0,0,0,0
-70,98,455,0,0,0,0
-70,99,278,0,0,0,0
-70,100,658,0,0,0,0
-70,101,159,0,0,0,0
-70,103,21,0,0,0,0
-70,104,151,0,0,0,0
-70,106,303,0,0,0,0
-70,107,426,0,0,0,0
-70,108,281,0,0,0,0
-70,109,426,0,0,0,0
-70,110,754,0,0,0,0
-70,111,924,0,0,0,0
-70,112,719,0,0,0,0
-70,113,877,0,0,0,0
-70,114,775,0,0,0,0
-70,115,1100,0,0,0,0
-70,116,753,0,0,0,0
-70,117,906,1,0,0.1104,0
-70,118,620,0,0,0,0
-70,119,315,0,0,0,0
-70,120,790,0,0,0,0
-70,121,1137,1,0,0.08795,0
-70,122,591,0,0,0,0
-70,123,288,0,0,0,0
-70,124,469,1,0,0.2132,0
-70,125,417,0,0,0,0
-70,126,627,0,0,0,0
-70,127,906,0,0,0,0
-70,128,804,0,0,0,0
-70,129,139,0,0,0,0
-70,130,515,0,0,0,0
-70,131,928,0,0,0,0
-70,132,649,0,0,0,0
-70,133,664,0,0,0,0
-70,134,786,0,0,0,0
-70,135,594,0,0,0,0
-70,136,384,0,0,0,0
-70,137,463,0,0,0,0
-70,138,505,0,0,0,0
-70,139,415,0,0,0,0
-70,140,683,0,0,0,0
-70,141,252,0,0,0,0
-70,142,658,0,0,0,0
-70,143,493,0,0,0,0
-70,144,334,0,0,0,0
-70,145,903,0,0,0,0
-70,146,1059,0,0,0,0
-70,147,340,0,0,0,0
-70,148,532,0,0,0,0
-70,149,516,0,0,0,0
-70,150,508,0,0,0,0
-70,151,806,0,0,0,0
-70,152,1224,1,0,0.0817,0
-70,153,794,0,0,0,0
-70,154,398,1,0,0.2513,0
-70,155,961,0,0,0,0
-70,156,545,0,0,0,0
-70,157,790,0,0,0,0
-70,158,1224,1,0,0.0817,0
-70,159,995,1,0,0.1005,0
-70,160,910,0,0,0,0
-70,161,1222,0,0,0,0
-70,162,2683,1,0,0.03727,0
-70,163,2314,0,0,0,0
-70,164,1999,2,0,0.1001,0
-70,165,4176,2,0,0.04789,0
-70,166,3445,2,0,0.05806,0
-70,167,2730,0,0,0,0
-70,168,3583,0,0,0,0
-70,169,4690,0,0,0,0
-70,170,4455,0,0,0,0
-70,171,4624,1,0,0.02163,0
-70,172,5233,0,0,0,0
-70,173,4469,2,0,0.04475,0
-70,174,4782,0,0,0,0
-70,175,4093,2,0,0.04886,0
-70,176,4971,2,0,0.04023,0
-70,177,4420,0,0,0,0
-70,178,4585,0,0,0,0
-70,179,4695,0,0,0,0
-69,-180,4240,0,0,0,0
-69,-179,3550,0,0,0,0
-69,-178,4232,0,0,0,0
-69,-177,3080,1,0,0.03247,0
-69,-176,2890,0,0,0,0
-69,-175,2408,1,0,0.04153,0
-69,-174,2280,0,0,0,0
-69,-173,1534,0,0,0,0
-69,-172,1012,0,0,0,0
-69,-171,943,0,0,0,0
-69,-170,1402,0,0,0,0
-69,-168,590,0,0,0,0
-69,-167,582,0,0,0,0
-69,-166,434,0,0,0,0
-69,-165,582,0,0,0,0
-69,-164,388,0,0,0,0
-69,-163,768,0,0,0,0
-69,-162,660,0,0,0,0
-69,-161,668,0,0,0,0
-69,-160,679,0,0,0,0
-69,-159,7,0,0,0,0
-69,-158,16,0,0,0,0
-69,-157,32,0,0,0,0
-69,-156,14,0,0,0,0
-69,-155,30,0,0,0,0
-69,-154,24,0,0,0,0
-69,-153,32,0,0,0,0
-69,-152,40,0,0,0,0
-69,-151,36,0,0,0,0
-69,-150,36,0,0,0,0
-69,-149,12,0,0,0,0
-69,-140,243,0,0,0,0
-69,-139,276,0,0,0,0
-69,-138,20,0,0,0,0
-69,-137,372,0,0,0,0
-69,-136,192,0,0,0,0
-69,-135,207,0,0,0,0
-69,-134,381,1,0,0.2625,0
-69,-133,119,0,0,0,0
-69,-132,730,0,0,0,0
-69,-131,1345,0,0,0,0
-69,-130,1167,0,0,0,0
-69,-129,2067,0,0,0,0
-69,-128,1269,1,0,0.0788,0
-69,-127,2353,0,0,0,0
-69,-126,1889,0,0,0,0
-69,-125,1992,0,0,0,0
-69,-124,3199,1,0,0.03126,0
-69,-123,2649,0,0,0,0
-69,-122,2969,1,0,0.03368,0
-69,-121,2694,0,0,0,0
-69,-120,3237,0,0,0,0
-69,-119,2402,0,0,0,0
-69,-118,1858,0,0,0,0
-69,-117,2010,2,0,0.0995,0
-69,-116,1746,1,0,0.05727,0
-69,-115,1665,3,0,0.1802,0
-69,-114,1420,1,0,0.07042,0
-69,-113,1157,0,0,0,0
-69,-112,1421,0,0,0,0
-69,-111,1416,1,0,0.07062,0
-69,-110,1466,1,0,0.06821,0
-69,-109,1477,1,0,0.0677,0
-69,-108,1647,0,0,0,0
-69,-107,1552,0,0,0,0
-69,-106,1713,0,0,0,0
-69,-105,1944,0,0,0,0
-69,-104,1830,0,0,0,0
-69,-103,1513,1,0,0.06609,0
-69,-102,2030,0,0,0,0
-69,-101,1796,0,0,0,0
-69,-100,1896,0,0,0,0
-69,-99,1785,0,0,0,0
-69,-98,2120,1,0,0.04717,0
-69,-97,1574,0,0,0,0
-69,-96,1494,0,0,0,0
-69,-95,1924,1,0,0.05198,0
-69,-94,1814,2,0,0.1103,0
-69,-93,1244,0,0,0,0
-69,-92,1711,0,0,0,0
-69,-91,1558,1,0,0.06418,0
-69,-90,1396,0,0,0,0
-69,-89,1296,0,0,0,0
-69,-88,1477,0,0,0,0
-69,-87,1339,0,0,0,0
-69,-86,1389,0,0,0,0
-69,-85,1379,0,0,0,0
-69,-84,1542,0,0,0,0
-69,-83,1546,0,0,0,0
-69,-82,1326,1,0,0.07541,0
-69,-81,1655,0,0,0,0
-69,-80,1796,0,0,0,0
-69,-79,1754,1,0,0.05701,0
-69,-78,1526,0,0,0,0
-69,-77,1932,0,0,0,0
-69,-76,2218,2,0,0.09017,0
-69,-75,2170,0,0,0,0
-69,-74,3034,2,0,0.06592,0
-69,-73,3030,0,0,0,0
-69,-72,3221,0,0,0,0
-69,-71,2614,0,0,0,0
-69,-70,1929,0,0,0,0
-69,-69,2679,0,0,0,0
-69,-68,1833,2,0,0.1091,0
-69,-67,1902,0,0,0,0
-69,-66,2563,5,0,0.1951,0
-69,-65,1962,0,0,0,0
-69,-64,2010,0,0,0,0
-69,-63,2704,0,0,0,0
-69,-62,2896,3,0,0.1036,0
-69,-61,2909,0,0,0,0
-69,-60,3437,2,0,0.05819,0
-69,-59,3311,1,0,0.0302,0
-69,-58,3462,0,0,0,0
-69,-57,4606,0,0,0,0
-69,-56,4310,0,0,0,0
-69,-55,3932,2,0,0.05086,0
-69,-54,3022,1,0,0.03309,0
-69,-53,2899,0,0,0,0
-69,-52,3110,0,0,0,0
-69,-51,3041,2,0,0.06577,0
-69,-50,2421,1,0,0.04131,0
-69,-49,2007,0,0,0,0
-69,-48,2298,0,0,0,0
-69,-47,2667,0,0,0,0
-69,-46,2482,0,0,0,0
-69,-45,2339,0,0,0,0
-69,-44,2318,0,0,0,0
-69,-43,2639,0,0,0,0
-69,-42,3274,0,0,0,0
-69,-41,3000,0,0,0,0
-69,-40,3205,1,0,0.0312,0
-69,-39,2672,1,0,0.03743,0
-69,-38,2957,0,0,0,0
-69,-37,2830,0,0,0,0
-69,-36,2805,0,0,0,0
-69,-35,2332,0,0,0,0
-69,-34,2432,0,0,0,0
-69,-33,3152,1,0,0.03173,0
-69,-32,2503,0,0,0,0
-69,-31,3367,0,0,0,0
-69,-30,2879,0,0,0,0
-69,-29,2553,0,0,0,0
-69,-28,3445,0,0,0,0
-69,-27,2859,0,0,0,0
-69,-26,2983,0,0,0,0
-69,-25,3243,0,0,0,0
-69,-24,2704,0,0,0,0
-69,-23,3094,1,0,0.03232,0
-69,-22,2791,0,0,0,0
-69,-21,2747,1,0,0.0364,0
-69,-20,3045,0,0,0,0
-69,-19,2426,0,0,0,0
-69,-18,2699,0,0,0,0
-69,-17,2255,0,0,0,0
-69,-16,2427,1,0,0.0412,0
-69,-15,2606,0,0,0,0
-69,-14,2949,1,0,0.03391,0
-69,-13,3080,0,0,0,0
-69,-12,3212,0,0,0,0
-69,-11,3665,0,0,0,0
-69,-10,3635,0,0,0,0
-69,-9,3655,0,0,0,0
-69,-8,3448,1,0,0.029,0
-69,-7,3405,0,0,0,0
-69,-6,2728,0,0,0,0
-69,-5,4285,0,0,0,0
-69,-4,3710,0,0,0,0
-69,-3,3864,0,0,0,0
-69,-2,4094,1,0,0.02443,0
-69,-1,3951,0,0,0,0
-69,0,2675,0,0,0,0
-69,1,3056,0,0,0,0
-69,2,3133,0,0,0,0
-69,3,2956,0,0,0,0
-69,4,3550,0,0,0,0
-69,5,3689,0,0,0,0
-69,6,4629,2,0,0.04321,0
-69,7,4937,0,0,0,0
-69,8,4198,0,0,0,0
-69,9,4900,0,0,0,0
-69,10,4419,0,0,0,0
-69,11,4397,2,0,0.04549,0
-69,12,3997,0,0,0,0
-69,13,5891,0,0,0,0
-69,14,4497,0,0,0,0
-69,15,3373,0,0,0,0
-69,16,3887,0,0,0,0
-69,17,2527,0,0,0,0
-69,18,2757,0,0,0,0
-69,19,3181,1,0,0.03144,0
-69,20,1670,0,0,0,0
-69,21,1625,0,0,0,0
-69,22,1357,0,0,0,0
-69,23,1372,0,0,0,0
-69,24,2477,0,0,0,0
-69,25,2046,0,0,0,0
-69,26,2762,0,0,0,0
-69,27,2132,0,0,0,0
-69,28,2946,0,0,0,0
-69,29,2848,0,0,0,0
-69,30,3013,1,0,0.03319,0
-69,31,2582,0,0,0,0
-69,32,2719,1,0,0.03678,0
-69,33,3279,0,0,0,0
-69,34,3039,2,0,0.06581,0
-69,35,2998,0,0,0,0
-69,36,3437,0,0,0,0
-69,37,3229,1,0,0.03097,0
-69,38,3448,1,0,0.029,0
-69,39,2925,0,0,0,0
-69,40,2927,0,0,0,0
-69,41,2296,0,0,0,0
-69,42,2652,1,0,0.03771,0
-69,43,2129,0,0,0,0
-69,44,1662,0,0,0,0
-69,45,2089,0,0,0,0
-69,46,1197,1,0,0.08354,0
-69,47,1335,0,0,0,0
-69,48,1163,2,0,0.172,0
-69,49,1479,0,0,0,0
-69,50,2230,0,0,0,0
-69,51,1340,0,0,0,0
-69,52,1850,0,0,0,0
-69,53,2103,1,0,0.04755,0
-69,54,2563,0,0,0,0
-69,55,2336,0,0,0,0
-69,56,2892,1,0,0.03458,0
-69,57,3306,1,0,0.03025,0
-69,58,3293,0,0,0,0
-69,59,3133,1,0,0.03192,0
-69,60,3912,0,0,0,0
-69,61,3448,0,0,0,0
-69,62,2666,1,0,0.03751,0
-69,63,3001,0,0,0,0
-69,64,3607,0,0,0,0
-69,65,3224,2,0,0.06203,0
-69,66,3174,0,0,0,0
-69,67,2961,1,1,0.03377,3.377
-69,68,3836,0,0,0,0
-69,69,3491,0,0,0,0
-69,70,3536,4,0,0.1131,0
-69,71,4041,2,0,0.04949,0
-69,72,3482,2,0,0.05744,0
-69,73,4054,1,0,0.02467,0
-69,74,4504,2,0,0.0444,0
-69,75,5258,0,0,0,0
-69,76,4228,0,0,0,0
-69,77,4839,0,0,0,0
-69,78,3510,0,0,0,0
-69,79,3497,0,0,0,0
-69,80,1515,0,0,0,0
-69,81,2455,1,0,0.04073,0
-69,82,708,0,0,0,0
-69,83,1066,0,0,0,0
-69,84,555,0,0,0,0
-69,85,693,0,0,0,0
-69,86,1201,0,0,0,0
-69,87,940,0,0,0,0
-69,88,822,0,0,0,0
-69,89,862,0,0,0,0
-69,90,650,0,0,0,0
-69,91,574,0,0,0,0
-69,92,879,0,0,0,0
-69,93,1164,0,0,0,0
-69,94,778,0,0,0,0
-69,95,792,0,0,0,0
-69,96,605,0,0,0,0
-69,97,567,0,0,0,0
-69,98,894,0,0,0,0
-69,99,926,0,0,0,0
-69,100,486,0,0,0,0
-69,101,629,0,0,0,0
-69,102,753,0,0,0,0
-69,103,506,0,0,0,0
-69,104,691,0,0,0,0
-69,105,632,0,0,0,0
-69,106,366,0,0,0,0
-69,107,438,0,0,0,0
-69,108,874,0,0,0,0
-69,109,841,0,0,0,0
-69,110,899,1,0,0.1112,0
-69,111,1698,2,0,0.1178,0
-69,112,1240,0,0,0,0
-69,113,1645,0,0,0,0
-69,114,1523,0,0,0,0
-69,115,1260,0,0,0,0
-69,116,837,0,0,0,0
-69,117,1085,0,0,0,0
-69,118,951,0,0,0,0
-69,119,1255,0,0,0,0
-69,120,694,0,0,0,0
-69,121,379,0,0,0,0
-69,122,774,0,0,0,0
-69,123,867,0,0,0,0
-69,124,764,0,0,0,0
-69,125,1282,0,0,0,0
-69,126,713,0,0,0,0
-69,127,321,0,0,0,0
-69,128,704,0,0,0,0
-69,129,743,0,0,0,0
-69,130,1119,0,0,0,0
-69,131,628,0,0,0,0
-69,132,755,0,0,0,0
-69,133,342,1,0,0.2924,0
-69,134,596,0,0,0,0
-69,135,628,0,0,0,0
-69,136,313,0,0,0,0
-69,137,558,0,0,0,0
-69,138,693,0,0,0,0
-69,139,336,0,0,0,0
-69,140,620,0,0,0,0
-69,141,522,0,0,0,0
-69,142,354,0,0,0,0
-69,143,749,0,0,0,0
-69,144,1012,0,0,0,0
-69,145,242,0,0,0,0
-69,146,519,0,0,0,0
-69,147,659,0,0,0,0
-69,148,320,1,0,0.3125,0
-69,149,653,1,0,0.1531,0
-69,150,1249,0,0,0,0
-69,151,585,1,0,0.1709,0
-69,152,457,0,0,0,0
-69,153,919,0,0,0,0
-69,154,523,0,0,0,0
-69,155,780,0,0,0,0
-69,156,1325,0,0,0,0
-69,157,401,0,0,0,0
-69,158,1467,0,0,0,0
-69,159,2075,0,0,0,0
-69,160,1786,0,0,0,0
-69,161,2949,0,0,0,0
-69,162,2295,0,0,0,0
-69,163,2845,0,0,0,0
-69,164,3360,1,0,0.02976,0
-69,165,3251,1,0,0.03076,0
-69,166,3463,3,0,0.08663,0
-69,167,4519,7,0,0.1549,0
-69,168,4455,1,0,0.02245,0
-69,169,2961,1,0,0.03377,0
-69,170,4006,0,0,0,0
-69,171,4475,1,0,0.02235,0
-69,172,4590,0,0,0,0
-69,173,4294,1,0,0.02329,0
-69,174,4289,0,0,0,0
-69,175,4433,0,0,0,0
-69,176,3878,0,0,0,0
-69,177,3789,1,0,0.02639,0
-69,178,3500,0,0,0,0
-69,179,4025,2,0,0.04969,0
-68,-180,4460,0,0,0,0
-68,-179,3512,0,0,0,0
-68,-178,3306,0,0,0,0
-68,-177,4228,0,0,0,0
-68,-176,2998,0,0,0,0
-68,-175,2302,0,0,0,0
-68,-174,1632,0,0,0,0
-68,-173,1022,0,0,0,0
-68,-172,1196,0,0,0,0
-68,-171,368,0,0,0,0
-68,-170,388,0,0,0,0
-68,-169,776,0,0,0,0
-68,-168,248,0,0,0,0
-68,-167,730,0,0,0,0
-68,-166,382,0,0,0,0
-68,-165,728,0,0,0,0
-68,-164,582,0,0,0,0
-68,-163,776,0,0,0,0
-68,-162,392,0,0,0,0
-68,-161,9,0,0,0,0
-68,-160,1,0,0,0,0
-68,-159,18,0,0,0,0
-68,-158,9,1,0,11.11,0
-68,-157,31,1,0,3.226,0
-68,-156,24,0,0,0,0
-68,-155,24,0,0,0,0
-68,-154,32,0,0,0,0
-68,-153,32,0,0,0,0
-68,-152,32,0,0,0,0
-68,-142,90,0,0,0,0
-68,-141,312,0,0,0,0
-68,-140,71,0,0,0,0
-68,-139,254,0,0,0,0
-68,-138,240,0,0,0,0
-68,-137,171,0,0,0,0
-68,-136,350,0,0,0,0
-68,-135,188,0,0,0,0
-68,-134,389,0,0,0,0
-68,-133,1104,0,0,0,0
-68,-132,743,0,0,0,0
-68,-131,1948,0,0,0,0
-68,-130,982,0,0,0,0
-68,-129,1951,0,0,0,0
-68,-128,2506,0,0,0,0
-68,-127,2076,0,0,0,0
-68,-126,3429,0,0,0,0
-68,-125,1826,0,0,0,0
-68,-124,3914,0,0,0,0
-68,-123,2304,0,0,0,0
-68,-122,2905,2,0,0.06885,0
-68,-121,2371,1,0,0.04218,0
-68,-120,2367,0,0,0,0
-68,-119,1959,0,0,0,0
-68,-118,1564,0,0,0,0
-68,-117,1411,0,0,0,0
-68,-116,1614,0,0,0,0
-68,-115,962,0,0,0,0
-68,-114,1284,0,0,0,0
-68,-113,1276,0,0,0,0
-68,-112,1610,0,0,0,0
-68,-111,1225,0,0,0,0
-68,-110,1569,0,0,0,0
-68,-109,1262,0,0,0,0
-68,-108,1445,0,0,0,0
-68,-107,1318,0,0,0,0
-68,-106,1483,1,0,0.06743,0
-68,-105,1267,0,0,0,0
-68,-104,1571,0,0,0,0
-68,-103,1850,0,0,0,0
-68,-102,1714,0,0,0,0
-68,-101,1695,0,0,0,0
-68,-100,1380,0,0,0,0
-68,-99,1895,0,0,0,0
-68,-98,1109,0,0,0,0
-68,-97,1477,0,0,0,0
-68,-96,1596,1,0,0.06266,0
-68,-95,1574,0,0,0,0
-68,-94,1377,1,0,0.07262,0
-68,-93,1349,0,0,0,0
-68,-92,1291,0,0,0,0
-68,-91,1410,0,0,0,0
-68,-90,1192,0,0,0,0
-68,-89,1277,1,0,0.07831,0
-68,-88,1221,1,0,0.0819,0
-68,-87,1647,0,0,0,0
-68,-86,1225,0,0,0,0
-68,-85,1355,0,0,0,0
-68,-84,1039,0,0,0,0
-68,-83,1402,0,0,0,0
-68,-82,1697,0,0,0,0
-68,-81,1708,0,0,0,0
-68,-80,1573,0,0,0,0
-68,-79,1708,1,0,0.05855,0
-68,-78,1565,0,0,0,0
-68,-77,2178,0,0,0,0
-68,-76,1237,0,0,0,0
-68,-75,2159,0,0,0,0
-68,-74,1660,0,0,0,0
-68,-73,2381,1,0,0.042,0
-68,-72,3254,0,0,0,0
-68,-71,2447,0,0,0,0
-68,-70,3164,2,0,0.06321,0
-68,-69,1435,1,0,0.06969,0
-68,-68,2104,2,1,0.09506,4.753
-68,-67,2464,2,1,0.08117,4.058
-68,-66,1526,1,0,0.06553,0
-68,-65,1963,0,0,0,0
-68,-64,2468,0,0,0,0
-68,-63,2264,1,0,0.04417,0
-68,-62,2853,2,0,0.0701,0
-68,-61,3295,0,0,0,0
-68,-60,3441,2,0,0.05812,0
-68,-59,3074,1,0,0.03253,0
-68,-58,3809,0,0,0,0
-68,-57,3200,0,0,0,0
-68,-56,3507,1,0,0.02851,0
-68,-55,3359,1,0,0.02977,0
-68,-54,3826,2,0,0.05227,0
-68,-53,4572,2,0,0.04374,0
-68,-52,3782,1,0,0.02644,0
-68,-51,3016,1,0,0.03316,0
-68,-50,3572,0,0,0,0
-68,-49,2531,0,0,0,0
-68,-48,2991,1,0,0.03343,0
-68,-47,1870,0,0,0,0
-68,-46,2822,0,0,0,0
-68,-45,2651,0,0,0,0
-68,-44,2833,0,0,0,0
-68,-43,2494,0,0,0,0
-68,-42,1993,0,0,0,0
-68,-41,2417,0,0,0,0
-68,-40,3140,0,0,0,0
-68,-39,2822,0,0,0,0
-68,-38,3550,1,0,0.02817,0
-68,-37,2759,0,0,0,0
-68,-36,3725,1,0,0.02685,0
-68,-35,2500,1,0,0.04,0
-68,-34,3225,0,0,0,0
-68,-33,2299,0,0,0,0
-68,-32,3820,0,0,0,0
-68,-31,3286,0,0,0,0
-68,-30,3366,0,0,0,0
-68,-29,3600,1,0,0.02778,0
-68,-28,2505,0,0,0,0
-68,-27,3163,1,0,0.03162,0
-68,-26,2827,0,0,0,0
-68,-25,2769,0,0,0,0
-68,-24,3212,0,0,0,0
-68,-23,3356,0,0,0,0
-68,-22,3490,0,0,0,0
-68,-21,2686,0,0,0,0
-68,-20,2961,0,0,0,0
-68,-19,2895,1,0,0.03454,0
-68,-18,2273,2,0,0.08799,0
-68,-17,3308,1,0,0.03023,0
-68,-16,3011,1,0,0.03321,0
-68,-15,3829,0,0,0,0
-68,-14,3118,1,0,0.03207,0
-68,-13,3604,0,0,0,0
-68,-12,3409,0,0,0,0
-68,-11,3864,0,0,0,0
-68,-10,2834,0,0,0,0
-68,-9,4062,1,0,0.02462,0
-68,-8,2574,0,0,0,0
-68,-7,3484,0,0,0,0
-68,-6,3315,0,0,0,0
-68,-5,3300,0,0,0,0
-68,-4,3198,0,0,0,0
-68,-3,3621,1,0,0.02762,0
-68,-2,2737,0,0,0,0
-68,-1,2730,0,0,0,0
-68,0,2784,0,0,0,0
-68,1,2640,0,0,0,0
-68,2,2468,0,0,0,0
-68,3,3966,2,0,0.05043,0
-68,4,3376,1,0,0.02962,0
-68,5,4658,0,0,0,0
-68,6,3731,1,0,0.0268,0
-68,7,4617,0,0,0,0
-68,8,4211,0,0,0,0
-68,9,4684,3,0,0.06405,0
-68,10,5076,0,0,0,0
-68,11,3805,0,0,0,0
-68,12,4423,1,0,0.02261,0
-68,13,3592,1,0,0.02784,0
-68,14,3738,1,0,0.02675,0
-68,15,2785,0,0,0,0
-68,16,3385,0,0,0,0
-68,17,2458,0,0,0,0
-68,18,1907,0,0,0,0
-68,19,1293,0,0,0,0
-68,20,791,0,0,0,0
-68,21,625,0,0,0,0
-68,22,526,1,0,0.1901,0
-68,23,619,0,0,0,0
-68,24,610,0,0,0,0
-68,25,843,0,0,0,0
-68,26,1199,0,0,0,0
-68,27,2331,0,0,0,0
-68,28,2044,0,0,0,0
-68,29,2246,0,0,0,0
-68,30,1463,0,0,0,0
-68,31,2749,4,0,0.1455,0
-68,32,2241,1,0,0.04462,0
-68,33,1673,0,0,0,0
-68,34,1736,0,0,0,0
-68,35,1650,0,0,0,0
-68,36,2580,0,0,0,0
-68,37,2392,0,0,0,0
-68,38,2454,1,0,0.04075,0
-68,39,2784,3,0,0.1078,0
-68,40,2082,1,0,0.04803,0
-68,41,2307,1,0,0.04335,0
-68,42,1826,1,0,0.05476,0
-68,43,1519,0,0,0,0
-68,44,1331,0,0,0,0
-68,45,1109,0,0,0,0
-68,46,1466,0,0,0,0
-68,47,598,1,0,0.1672,0
-68,48,2448,0,0,0,0
-68,49,1446,1,0,0.06916,0
-68,50,1492,0,0,0,0
-68,51,1586,0,0,0,0
-68,52,2434,0,0,0,0
-68,53,2510,0,0,0,0
-68,54,2639,0,0,0,0
-68,55,3030,0,0,0,0
-68,56,3409,0,0,0,0
-68,57,3500,0,0,0,0
-68,58,3608,1,0,0.02772,0
-68,59,2952,0,0,0,0
-68,60,2511,1,0,0.03982,0
-68,61,2849,0,0,0,0
-68,62,3389,0,0,0,0
-68,63,3176,2,0,0.06297,0
-68,64,3287,0,0,0,0
-68,65,3548,0,0,0,0
-68,66,3090,2,0,0.06472,0
-68,67,4297,1,0,0.02327,0
-68,68,2890,2,0,0.0692,0
-68,69,4475,3,1,0.06704,2.235
-68,70,3289,0,0,0,0
-68,71,4764,6,0,0.1259,0
-68,72,4260,1,0,0.02347,0
-68,73,4554,2,0,0.04392,0
-68,74,3872,1,0,0.02583,0
-68,75,3236,0,0,0,0
-68,76,4021,0,0,0,0
-68,77,4315,0,0,0,0
-68,78,4186,0,0,0,0
-68,79,2866,0,0,0,0
-68,80,3520,1,0,0.02841,0
-68,81,2364,2,0,0.0846,0
-68,82,2426,0,0,0,0
-68,83,2071,2,0,0.09657,0
-68,84,2080,0,0,0,0
-68,85,1843,0,0,0,0
-68,86,1993,0,0,0,0
-68,87,1722,0,0,0,0
-68,88,2013,1,0,0.04968,0
-68,89,3062,1,0,0.03266,0
-68,90,2391,1,0,0.04182,0
-68,91,2516,0,0,0,0
-68,92,3251,0,0,0,0
-68,93,1244,1,0,0.08039,0
-68,94,1526,0,0,0,0
-68,95,1861,0,0,0,0
-68,96,1182,0,0,0,0
-68,97,1745,0,0,0,0
-68,98,921,0,0,0,0
-68,99,1010,0,0,0,0
-68,100,643,0,0,0,0
-68,101,1592,0,0,0,0
-68,102,1129,0,0,0,0
-68,103,862,0,0,0,0
-68,104,880,0,0,0,0
-68,105,554,0,0,0,0
-68,106,711,0,0,0,0
-68,107,1051,1,0,0.09515,0
-68,108,896,0,0,0,0
-68,109,1450,0,0,0,0
-68,110,1793,0,0,0,0
-68,111,1667,0,0,0,0
-68,112,3118,0,0,0,0
-68,113,2297,0,0,0,0
-68,114,2216,2,0,0.09025,0
-68,115,2421,2,0,0.08261,0
-68,116,2939,0,0,0,0
-68,117,2901,2,0,0.06894,0
-68,118,2042,1,0,0.04897,0
-68,119,1833,4,0,0.2182,0
-68,120,1332,3,0,0.2252,0
-68,121,1517,3,0,0.1978,0
-68,122,1982,0,0,0,0
-68,123,1733,0,0,0,0
-68,124,1493,0,0,0,0
-68,125,1147,0,0,0,0
-68,126,1249,0,0,0,0
-68,127,1753,0,0,0,0
-68,128,1347,0,0,0,0
-68,129,1545,1,0,0.06472,0
-68,130,807,0,0,0,0
-68,131,697,0,0,0,0
-68,132,617,0,0,0,0
-68,133,698,0,0,0,0
-68,134,213,0,0,0,0
-68,135,462,0,0,0,0
-68,136,705,0,0,0,0
-68,137,610,0,0,0,0
-68,138,544,0,0,0,0
-68,139,1513,0,0,0,0
-68,140,422,0,0,0,0
-68,141,1836,0,0,0,0
-68,142,1814,0,0,0,0
-68,143,866,0,0,0,0
-68,144,1406,0,0,0,0
-68,145,885,1,0,0.113,0
-68,146,1572,2,0,0.1272,0
-68,147,526,0,0,0,0
-68,148,1435,0,0,0,0
-68,149,992,1,0,0.1008,0
-68,150,647,0,0,0,0
-68,151,1215,0,0,0,0
-68,152,2049,0,0,0,0
-68,153,1764,1,0,0.05669,0
-68,154,1239,0,0,0,0
-68,155,1504,0,0,0,0
-68,156,700,0,0,0,0
-68,157,1824,0,0,0,0
-68,158,1636,0,0,0,0
-68,159,2657,0,0,0,0
-68,160,3048,1,0,0.03281,0
-68,161,2644,0,0,0,0
-68,162,2478,0,0,0,0
-68,163,2498,0,0,0,0
-68,164,4261,0,0,0,0
-68,165,3330,0,0,0,0
-68,166,5106,0,0,0,0
-68,167,2775,0,0,0,0
-68,168,5393,6,0,0.1113,0
-68,169,4588,2,0,0.04359,0
-68,170,3711,0,0,0,0
-68,171,3154,0,0,0,0
-68,172,3856,0,0,0,0
-68,173,3375,0,0,0,0
-68,174,3899,0,0,0,0
-68,175,3214,0,0,0,0
-68,176,3982,0,0,0,0
-68,177,3070,0,0,0,0
-68,178,4240,0,0,0,0
-68,179,3614,0,0,0,0
-67,-180,3842,0,0,0,0
-67,-179,5330,2,0,0.03752,0
-67,-178,2730,0,0,0,0
-67,-177,4094,0,0,0,0
-67,-176,2116,0,0,0,0
-67,-175,2336,0,0,0,0
-67,-174,1770,0,0,0,0
-67,-173,1612,0,0,0,0
-67,-172,2,0,0,0,0
-67,-171,496,0,0,0,0
-67,-170,388,0,0,0,0
-67,-169,756,0,0,0,0
-67,-168,388,0,0,0,0
-67,-167,768,0,0,0,0
-67,-166,582,0,0,0,0
-67,-165,776,1,0,0.1289,0
-67,-164,397,0,0,0,0
-67,-163,5,0,0,0,0
-67,-161,4,0,0,0,0
-67,-160,3,0,0,0,0
-67,-159,3,0,0,0,0
-67,-158,3,0,0,0,0
-67,-157,3,0,0,0,0
-67,-156,25,0,0,0,0
-67,-155,17,0,0,0,0
-67,-154,24,0,0,0,0
-67,-143,304,0,0,0,0
-67,-142,230,0,0,0,0
-67,-141,78,0,0,0,0
-67,-140,382,0,0,0,0
-67,-139,86,0,0,0,0
-67,-138,316,0,0,0,0
-67,-137,227,0,0,0,0
-67,-136,324,0,0,0,0
-67,-135,480,0,0,0,0
-67,-134,1074,0,0,0,0
-67,-133,828,0,0,0,0
-67,-132,1828,0,0,0,0
-67,-131,806,0,0,0,0
-67,-130,3010,3,0,0.09967,0
-67,-129,1420,0,0,0,0
-67,-128,3242,0,0,0,0
-67,-127,2266,0,0,0,0
-67,-126,3373,0,0,0,0
-67,-125,3333,0,0,0,0
-67,-124,2454,0,0,0,0
-67,-123,2502,0,0,0,0
-67,-122,2105,1,0,0.04751,0
-67,-121,1842,3,0,0.1629,0
-67,-120,1514,0,0,0,0
-67,-119,1574,0,0,0,0
-67,-118,997,0,0,0,0
-67,-117,1284,0,0,0,0
-67,-116,626,0,0,0,0
-67,-115,1317,0,0,0,0
-67,-114,691,0,0,0,0
-67,-113,1571,0,0,0,0
-67,-112,987,0,0,0,0
-67,-111,1754,1,0,0.05701,0
-67,-110,844,0,0,0,0
-67,-109,1338,0,0,0,0
-67,-108,575,0,0,0,0
-67,-107,1065,0,0,0,0
-67,-106,712,0,0,0,0
-67,-105,1331,0,0,0,0
-67,-104,709,0,0,0,0
-67,-103,1192,0,0,0,0
-67,-102,816,0,0,0,0
-67,-101,1441,1,0,0.0694,0
-67,-100,1009,0,0,0,0
-67,-99,1330,0,0,0,0
-67,-98,1149,0,0,0,0
-67,-97,1635,0,0,0,0
-67,-96,916,0,0,0,0
-67,-95,1508,0,0,0,0
-67,-94,1151,0,0,0,0
-67,-93,1611,0,0,0,0
-67,-92,844,0,0,0,0
-67,-91,1518,0,0,0,0
-67,-90,1049,0,0,0,0
-67,-89,1694,0,0,0,0
-67,-88,1270,0,0,0,0
-67,-87,1298,0,0,0,0
-67,-86,1207,1,0,0.08285,0
-67,-85,1031,1,0,0.09699,0
-67,-84,1114,0,0,0,0
-67,-83,915,1,0,0.1093,0
-67,-82,1080,1,0,0.09259,0
-67,-81,956,0,0,0,0
-67,-80,1683,0,0,0,0
-67,-79,1673,0,0,0,0
-67,-78,1907,0,0,0,0
-67,-77,1481,0,0,0,0
-67,-76,2287,0,0,0,0
-67,-75,1529,0,0,0,0
-67,-74,2031,0,0,0,0
-67,-73,1469,0,0,0,0
-67,-72,1588,0,0,0,0
-67,-71,2206,2,0,0.09066,0
-67,-70,1697,3,0,0.1768,0
-67,-69,2057,4,0,0.1945,0
-67,-68,2205,3,0,0.1361,0
-67,-67,1653,3,1,0.1815,6.05
-67,-66,2388,5,0,0.2094,0
-67,-65,2145,0,0,0,0
-67,-64,2647,1,0,0.03778,0
-67,-63,2784,0,0,0,0
-67,-62,3406,1,0,0.02936,0
-67,-61,2892,0,0,0,0
-67,-60,3313,1,0,0.03018,0
-67,-59,2877,0,0,0,0
-67,-58,3046,1,0,0.03283,0
-67,-57,2745,0,0,0,0
-67,-56,2743,0,0,0,0
-67,-55,3855,0,0,0,0
-67,-54,3914,0,0,0,0
-67,-53,3963,0,0,0,0
-67,-52,3652,0,0,0,0
-67,-51,4581,0,0,0,0
-67,-50,4237,0,0,0,0
-67,-49,4879,2,0,0.04099,0
-67,-48,3509,0,0,0,0
-67,-47,3509,1,0,0.0285,0
-67,-46,2785,2,0,0.07181,0
-67,-45,2602,0,0,0,0
-67,-44,2325,0,0,0,0
-67,-43,2338,0,0,0,0
-67,-42,2518,0,0,0,0
-67,-41,2391,1,0,0.04182,0
-67,-40,2022,0,0,0,0
-67,-39,3156,2,0,0.06337,0
-67,-38,2420,0,0,0,0
-67,-37,3282,0,0,0,0
-67,-36,3224,0,0,0,0
-67,-35,3325,0,0,0,0
-67,-34,4342,2,0,0.04606,0
-67,-33,3527,0,0,0,0
-67,-32,3325,0,0,0,0
-67,-31,3295,0,0,0,0
-67,-30,3626,1,0,0.02758,0
-67,-29,3100,0,0,0,0
-67,-28,3322,0,0,0,0
-67,-27,3169,0,0,0,0
-67,-26,3006,2,0,0.06653,0
-67,-25,3370,0,0,0,0
-67,-24,3019,0,0,0,0
-67,-23,2898,0,0,0,0
-67,-22,3151,0,0,0,0
-67,-21,3588,0,0,0,0
-67,-20,2771,2,0,0.07218,0
-67,-19,3669,0,0,0,0
-67,-18,3247,0,0,0,0
-67,-17,4285,0,0,0,0
-67,-16,3332,0,0,0,0
-67,-15,4153,0,0,0,0
-67,-14,3176,1,0,0.03149,0
-67,-13,4113,0,0,0,0
-67,-12,3040,0,0,0,0
-67,-11,3735,0,0,0,0
-67,-10,3292,0,0,0,0
-67,-9,2461,0,0,0,0
-67,-8,3827,1,0,0.02613,0
-67,-7,2905,2,0,0.06885,0
-67,-6,3178,0,0,0,0
-67,-5,3222,0,0,0,0
-67,-4,3528,0,0,0,0
-67,-3,1675,0,0,0,0
-67,-2,2806,0,0,0,0
-67,-1,1892,0,0,0,0
-67,0,2619,0,0,0,0
-67,1,2822,0,0,0,0
-67,2,3466,2,0,0.0577,0
-67,3,2875,0,0,0,0
-67,4,4168,0,0,0,0
-67,5,2518,0,0,0,0
-67,6,4774,1,0,0.02095,0
-67,7,2997,0,0,0,0
-67,8,6082,0,0,0,0
-67,9,2787,1,0,0.03588,0
-67,10,5229,0,0,0,0
-67,11,2718,1,0,0.03679,0
-67,12,3982,1,0,0.02511,0
-67,13,2304,0,0,0,0
-67,14,2566,0,0,0,0
-67,15,2038,0,0,0,0
-67,16,1657,0,0,0,0
-67,17,1336,0,0,0,0
-67,18,548,0,0,0,0
-67,19,513,0,0,0,0
-67,20,581,0,0,0,0
-67,21,400,0,0,0,0
-67,22,531,0,0,0,0
-67,23,346,0,0,0,0
-67,24,461,0,0,0,0
-67,25,544,0,0,0,0
-67,26,415,0,0,0,0
-67,27,651,0,0,0,0
-67,28,823,0,0,0,0
-67,29,709,0,0,0,0
-67,30,1396,0,0,0,0
-67,31,1032,0,0,0,0
-67,32,1083,0,0,0,0
-67,33,1031,0,0,0,0
-67,34,1530,0,0,0,0
-67,35,1596,0,0,0,0
-67,36,790,0,0,0,0
-67,37,1998,0,0,0,0
-67,38,1634,0,0,0,0
-67,39,1999,0,0,0,0
-67,40,1306,0,0,0,0
-67,41,1184,2,0,0.1689,0
-67,42,923,0,0,0,0
-67,43,1202,0,0,0,0
-67,44,905,0,0,0,0
-67,45,920,0,0,0,0
-67,46,890,0,0,0,0
-67,47,2500,0,0,0,0
-67,48,736,0,0,0,0
-67,49,1606,1,0,0.06227,0
-67,50,2030,0,0,0,0
-67,51,3131,0,0,0,0
-67,52,2275,0,0,0,0
-67,53,3135,2,0,0.0638,0
-67,54,2650,0,0,0,0
-67,55,3839,2,0,0.0521,0
-67,56,2735,0,0,0,0
-67,57,2747,0,0,0,0
-67,58,2394,2,0,0.08354,0
-67,59,2603,0,0,0,0
-67,60,2585,0,0,0,0
-67,61,2854,1,0,0.03504,0
-67,62,1939,0,0,0,0
-67,63,2703,0,0,0,0
-67,64,3043,1,0,0.03286,0
-67,65,3443,1,0,0.02904,0
-67,66,3541,0,0,0,0
-67,67,4173,2,0,0.04793,0
-67,68,3829,0,0,0,0
-67,69,3230,0,0,0,0
-67,70,4922,0,0,0,0
-67,71,3294,0,0,0,0
-67,72,5236,2,0,0.0382,0
-67,73,2660,2,0,0.07519,0
-67,74,4178,0,0,0,0
-67,75,3288,0,0,0,0
-67,76,4196,0,0,0,0
-67,77,1811,0,0,0,0
-67,78,3497,0,0,0,0
-67,79,2469,0,0,0,0
-67,80,3513,2,0,0.05693,0
-67,81,1740,0,0,0,0
-67,82,2897,0,0,0,0
-67,83,1806,0,0,0,0
-67,84,3405,2,0,0.05874,0
-67,85,2681,5,0,0.1865,0
-67,86,2620,0,0,0,0
-67,87,2120,0,0,0,0
-67,88,4427,0,0,0,0
-67,89,2856,0,0,0,0
-67,90,4954,1,0,0.02019,0
-67,91,3207,0,0,0,0
-67,92,3482,0,0,0,0
-67,93,3266,0,0,0,0
-67,94,3488,4,1,0.1147,2.867
-67,95,3225,0,0,0,0
-67,96,4465,4,0,0.08959,0
-67,97,2948,6,0,0.2035,0
-67,98,3595,0,0,0,0
-67,99,2491,0,0,0,0
-67,100,3684,2,0,0.05429,0
-67,101,2515,2,0,0.07952,0
-67,102,1821,0,0,0,0
-67,103,2046,0,0,0,0
-67,104,1528,0,0,0,0
-67,105,1671,0,0,0,0
-67,106,1298,0,0,0,0
-67,107,1101,0,0,0,0
-67,108,2149,3,0,0.1396,0
-67,109,2007,0,0,0,0
-67,110,2876,0,0,0,0
-67,111,3079,2,0,0.06496,0
-67,112,2219,0,0,0,0
-67,113,3131,2,0,0.06388,0
-67,114,3269,0,0,0,0
-67,115,4256,0,0,0,0
-67,116,2938,5,0,0.1702,0
-67,117,4039,0,0,0,0
-67,118,2949,4,0,0.1356,0
-67,119,3269,4,0,0.1224,0
-67,120,2506,0,0,0,0
-67,121,3622,4,0,0.1104,0
-67,122,2144,1,0,0.04664,0
-67,123,3404,0,0,0,0
-67,124,2065,1,0,0.04843,0
-67,125,2638,1,0,0.03791,0
-67,126,1836,0,0,0,0
-67,127,2237,0,0,0,0
-67,128,1258,0,0,0,0
-67,129,1773,1,0,0.0564,0
-67,130,1391,0,0,0,0
-67,131,1049,0,0,0,0
-67,132,621,0,0,0,0
-67,133,548,0,0,0,0
-67,134,787,0,0,0,0
-67,135,1533,1,0,0.06523,0
-67,136,1335,0,0,0,0
-67,137,1442,0,0,0,0
-67,138,1781,0,0,0,0
-67,139,2005,1,0,0.04988,0
-67,140,2652,0,0,0,0
-67,141,2686,0,0,0,0
-67,142,2462,0,0,0,0
-67,143,3919,1,0,0.02552,0
-67,144,1903,1,0,0.05255,0
-67,145,3855,1,0,0.02594,0
-67,146,1993,1,0,0.05018,0
-67,147,3148,1,0,0.03177,0
-67,148,1399,1,0,0.07148,0
-67,149,2160,0,0,0,0
-67,150,1115,0,0,0,0
-67,151,1384,0,0,0,0
-67,152,1033,0,0,0,0
-67,153,2832,0,0,0,0
-67,154,1628,0,0,0,0
-67,155,1292,0,0,0,0
-67,156,1138,0,0,0,0
-67,157,2426,0,0,0,0
-67,158,1810,0,0,0,0
-67,159,2002,0,0,0,0
-67,160,2566,1,0,0.03897,0
-67,161,3398,4,0,0.1177,0
-67,162,3966,0,0,0,0
-67,163,3165,0,0,0,0
-67,164,3176,0,0,0,0
-67,165,3594,0,0,0,0
-67,166,3198,1,0,0.03127,0
-67,167,4389,0,0,0,0
-67,168,2833,0,0,0,0
-67,169,4035,4,0,0.09913,0
-67,170,3544,2,0,0.05643,0
-67,171,2907,0,0,0,0
-67,172,1994,0,0,0,0
-67,173,2976,0,0,0,0
-67,174,1756,0,0,0,0
-67,175,3314,0,0,0,0
-67,176,2250,1,0,0.04444,0
-67,177,3912,0,0,0,0
-67,178,3296,0,0,0,0
-67,179,4452,0,0,0,0
-66,-180,3270,0,0,0,0
-66,-179,3722,0,0,0,0
-66,-178,3640,1,0,0.02747,0
-66,-177,2890,0,0,0,0
-66,-176,3262,0,0,0,0
-66,-175,2710,0,0,0,0
-66,-174,1434,0,0,0,0
-66,-173,802,0,0,0,0
-66,-172,184,0,0,0,0
-66,-171,92,0,0,0,0
-66,-170,230,0,0,0,0
-66,-169,92,0,0,0,0
-66,-168,460,0,0,0,0
-66,-167,274,0,0,0,0
-66,-166,776,0,0,0,0
-66,-165,2,0,0,0,0
-66,-164,4,0,0,0,0
-66,-163,1,0,0,0,0
-66,-162,4,0,0,0,0
-66,-161,1,0,0,0,0
-66,-160,5,0,0,0,0
-66,-159,2,0,0,0,0
-66,-158,4,0,0,0,0
-66,-157,3,0,0,0,0
-66,-156,4,0,0,0,0
-66,-155,1,0,0,0,0
-66,-144,385,0,0,0,0
-66,-143,78,0,0,0,0
-66,-142,224,0,0,0,0
-66,-141,241,0,0,0,0
-66,-140,156,0,0,0,0
-66,-139,312,0,0,0,0
-66,-138,234,0,0,0,0
-66,-137,242,0,0,0,0
-66,-136,407,0,0,0,0
-66,-135,345,0,0,0,0
-66,-134,934,0,0,0,0
-66,-133,1222,1,0,0.08183,0
-66,-132,1196,1,0,0.08361,0
-66,-131,2876,1,0,0.03477,0
-66,-130,1735,0,0,0,0
-66,-129,3525,1,0,0.02837,0
-66,-128,1927,0,0,0,0
-66,-127,4042,1,0,0.02474,0
-66,-126,1686,1,0,0.05931,0
-66,-125,3228,1,0,0.03098,0
-66,-124,1530,0,0,0,0
-66,-123,2546,0,0,0,0
-66,-122,863,0,0,0,0
-66,-121,1872,0,0,0,0
-66,-120,634,0,0,0,0
-66,-119,1343,0,0,0,0
-66,-118,510,0,0,0,0
-66,-117,903,0,0,0,0
-66,-116,588,0,0,0,0
-66,-115,926,0,0,0,0
-66,-114,581,0,0,0,0
-66,-113,433,0,0,0,0
-66,-112,486,0,0,0,0
-66,-111,430,0,0,0,0
-66,-110,581,0,0,0,0
-66,-109,379,0,0,0,0
-66,-108,656,0,0,0,0
-66,-107,675,0,0,0,0
-66,-106,599,0,0,0,0
-66,-105,327,0,0,0,0
-66,-104,202,0,0,0,0
-66,-103,72,0,0,0,0
-66,-102,490,0,0,0,0
-66,-101,16,0,0,0,0
-66,-100,714,0,0,0,0
-66,-99,138,0,0,0,0
-66,-98,491,0,0,0,0
-66,-97,284,0,0,0,0
-66,-96,1136,1,0,0.08803,0
-66,-95,713,0,0,0,0
-66,-94,1611,0,0,0,0
-66,-93,676,0,0,0,0
-66,-92,1605,0,0,0,0
-66,-91,924,0,0,0,0
-66,-90,1925,0,0,0,0
-66,-89,654,0,0,0,0
-66,-88,1611,0,0,0,0
-66,-87,686,0,0,0,0
-66,-86,1400,0,0,0,0
-66,-85,735,0,0,0,0
-66,-84,1042,0,0,0,0
-66,-83,531,2,0,0.3766,0
-66,-82,998,4,0,0.4008,0
-66,-81,432,1,0,0.2315,0
-66,-80,1198,0,0,0,0
-66,-79,746,0,0,0,0
-66,-78,1796,0,0,0,0
-66,-77,1349,0,0,0,0
-66,-76,2380,0,0,0,0
-66,-75,1328,0,0,0,0
-66,-74,2149,0,0,0,0
-66,-73,1143,0,0,0,0
-66,-72,2373,1,0,0.04214,0
-66,-71,694,1,0,0.1441,0
-66,-70,2295,2,0,0.08715,0
-66,-69,1737,5,0,0.2879,0
-66,-68,1843,2,0,0.1085,0
-66,-67,2182,7,0,0.3208,0
-66,-66,2275,0,0,0,0
-66,-65,2766,2,0,0.07231,0
-66,-64,3111,1,0,0.03214,0
-66,-63,3186,2,0,0.06277,0
-66,-62,3054,2,0,0.06549,0
-66,-61,3192,0,0,0,0
-66,-60,2846,0,0,0,0
-66,-59,3588,0,0,0,0
-66,-58,2691,1,0,0.03716,0
-66,-57,3132,0,0,0,0
-66,-56,2942,0,0,0,0
-66,-55,3622,0,0,0,0
-66,-54,2870,2,0,0.06969,0
-66,-53,4184,2,0,0.0478,0
-66,-52,3494,1,0,0.02862,0
-66,-51,5519,0,0,0,0
-66,-50,3238,0,0,0,0
-66,-49,5069,2,0,0.03946,0
-66,-48,3487,1,0,0.02868,0
-66,-47,6155,0,0,0,0
-66,-46,2814,1,0,0.03554,0
-66,-45,4896,1,0,0.02042,0
-66,-44,1577,0,0,0,0
-66,-43,3866,0,0,0,0
-66,-42,1428,0,0,0,0
-66,-41,3389,0,0,0,0
-66,-40,1520,0,0,0,0
-66,-39,2852,1,0,0.03506,0
-66,-38,1639,0,0,0,0
-66,-37,3904,0,0,0,0
-66,-36,2282,0,0,0,0
-66,-35,5461,0,0,0,0
-66,-34,2683,1,0,0.03727,0
-66,-33,5296,1,0,0.01888,0
-66,-32,3283,2,0,0.06092,0
-66,-31,4306,2,0,0.04645,0
-66,-30,2749,0,0,0,0
-66,-29,4118,0,0,0,0
-66,-28,3241,0,0,0,0
-66,-27,3684,0,0,0,0
-66,-26,3404,0,0,0,0
-66,-25,2922,0,0,0,0
-66,-24,2692,0,0,0,0
-66,-23,3105,0,0,0,0
-66,-22,3234,0,0,0,0
-66,-21,3306,0,0,0,0
-66,-20,4781,1,0,0.02092,0
-66,-19,3435,3,0,0.08734,0
-66,-18,5069,0,0,0,0
-66,-17,2840,0,0,0,0
-66,-16,5287,0,0,0,0
-66,-15,2654,0,0,0,0
-66,-14,4830,1,0,0.0207,0
-66,-13,1816,0,0,0,0
-66,-12,5266,0,0,0,0
-66,-11,1599,0,0,0,0
-66,-10,3860,0,0,0,0
-66,-9,1992,0,0,0,0
-66,-8,3731,0,0,0,0
-66,-7,1746,0,0,0,0
-66,-6,4075,0,0,0,0
-66,-5,2087,0,0,0,0
-66,-4,2575,1,0,0.03883,0
-66,-3,1681,0,0,0,0
-66,-2,2177,0,0,0,0
-66,-1,1654,0,0,0,0
-66,0,3586,0,0,0,0
-66,1,2416,0,0,0,0
-66,2,3613,0,0,0,0
-66,3,2930,0,0,0,0
-66,4,3201,2,0,0.06248,0
-66,5,3701,0,0,0,0
-66,6,4137,0,0,0,0
-66,7,4644,1,0,0.02153,0
-66,8,3144,0,0,0,0
-66,9,4895,0,0,0,0
-66,10,2632,0,0,0,0
-66,11,3520,0,0,0,0
-66,12,1683,0,0,0,0
-66,13,2574,0,0,0,0
-66,14,1436,0,0,0,0
-66,15,1269,1,0,0.0788,0
-66,16,125,0,0,0,0
-66,17,439,0,0,0,0
-66,18,325,0,0,0,0
-66,19,640,0,0,0,0
-66,20,122,0,0,0,0
-66,21,543,0,0,0,0
-66,22,194,0,0,0,0
-66,23,546,0,0,0,0
-66,24,222,0,0,0,0
-66,25,500,1,0,0.2,0
-66,26,218,0,0,0,0
-66,27,514,0,0,0,0
-66,28,485,0,0,0,0
-66,29,1252,2,0,0.1597,0
-66,30,380,0,0,0,0
-66,31,804,1,0,0.1244,0
-66,32,754,0,0,0,0
-66,33,1075,1,0,0.09302,0
-66,34,532,0,0,0,0
-66,35,912,0,0,0,0
-66,36,890,0,0,0,0
-66,37,985,0,0,0,0
-66,38,1256,0,0,0,0
-66,39,589,0,0,0,0
-66,40,648,0,0,0,0
-66,41,849,0,0,0,0
-66,42,744,0,0,0,0
-66,43,912,0,0,0,0
-66,44,691,0,0,0,0
-66,45,1511,0,0,0,0
-66,46,2110,0,0,0,0
-66,47,1402,0,0,0,0
-66,48,2951,1,0,0.03389,0
-66,49,2266,1,0,0.04413,0
-66,50,3218,0,0,0,0
-66,51,2074,0,0,0,0
-66,52,3323,0,0,0,0
-66,53,2759,0,0,0,0
-66,54,4102,2,0,0.04876,0
-66,55,1537,0,0,0,0
-66,56,2912,1,0,0.03434,0
-66,57,1510,0,0,0,0
-66,58,2602,0,0,0,0
-66,59,1486,0,0,0,0
-66,60,2929,0,0,0,0
-66,61,1213,0,0,0,0
-66,62,3676,2,0,0.05441,0
-66,63,1510,0,0,0,0
-66,64,3526,0,0,0,0
-66,65,1754,0,0,0,0
-66,66,4791,0,0,0,0
-66,67,2042,0,0,0,0
-66,68,5134,2,0,0.03896,0
-66,69,2950,0,0,0,0
-66,70,4952,1,0,0.02019,0
-66,71,2838,0,0,0,0
-66,72,3692,0,0,0,0
-66,73,3166,0,0,0,0
-66,74,3808,0,0,0,0
-66,75,2656,0,0,0,0
-66,76,2767,0,0,0,0
-66,77,2592,0,0,0,0
-66,78,2496,0,0,0,0
-66,79,2258,0,0,0,0
-66,80,1513,0,0,0,0
-66,81,2890,1,0,0.0346,0
-66,82,2866,0,0,0,0
-66,83,2885,2,0,0.06932,0
-66,84,2042,2,0,0.09794,0
-66,85,2848,0,0,0,0
-66,86,2968,1,0,0.03369,0
-66,87,5052,2,0,0.03959,0
-66,88,3270,0,0,0,0
-66,89,5747,1,0,0.0174,0
-66,90,3532,1,0,0.02831,0
-66,91,5053,1,0,0.01979,0
-66,92,3221,0,0,0,0
-66,93,4460,0,0,0,0
-66,94,3010,1,0,0.03322,0
-66,95,5133,0,0,0,0
-66,96,3131,2,0,0.06388,0
-66,97,5646,2,0,0.03542,0
-66,98,3102,3,0,0.09671,0
-66,99,6130,2,0,0.03263,0
-66,100,2234,0,0,0,0
-66,101,5472,0,0,0,0
-66,102,2646,0,0,0,0
-66,103,3919,0,0,0,0
-66,104,1807,0,0,0,0
-66,105,1906,0,0,0,0
-66,106,1737,0,0,0,0
-66,107,3307,0,0,0,0
-66,108,1270,0,0,0,0
-66,109,2961,0,0,0,0
-66,110,2099,0,0,0,0
-66,111,3442,0,0,0,0
-66,112,3390,1,0,0.0295,0
-66,113,4939,0,0,0,0
-66,114,3949,1,0,0.02532,0
-66,115,3934,0,0,0,0
-66,116,4466,1,0,0.02239,0
-66,117,3487,0,0,0,0
-66,118,2826,0,0,0,0
-66,119,2631,0,0,0,0
-66,120,2981,0,0,0,0
-66,121,2878,1,0,0.03475,0
-66,122,3828,1,0,0.02612,0
-66,123,1729,1,0,0.05784,0
-66,124,3064,0,0,0,0
-66,125,1862,0,0,0,0
-66,126,2775,1,0,0.03604,0
-66,127,1943,0,0,0,0
-66,128,2667,0,0,0,0
-66,129,1160,1,0,0.08621,0
-66,130,1312,0,0,0,0
-66,131,584,0,0,0,0
-66,132,578,0,0,0,0
-66,133,794,1,0,0.1259,0
-66,134,250,0,0,0,0
-66,135,1059,0,0,0,0
-66,136,1636,0,0,0,0
-66,137,2007,0,0,0,0
-66,138,2504,0,0,0,0
-66,139,1694,0,0,0,0
-66,140,3521,0,0,0,0
-66,141,2350,0,0,0,0
-66,142,4490,0,0,0,0
-66,143,1721,0,0,0,0
-66,144,4980,3,0,0.06024,0
-66,145,1658,0,0,0,0
-66,146,4604,3,0,0.06516,0
-66,147,1047,4,0,0.382,0
-66,148,3549,0,0,0,0
-66,149,1391,1,0,0.07189,0
-66,150,2166,2,0,0.09234,0
-66,151,1422,1,0,0.07032,0
-66,152,1376,0,0,0,0
-66,153,674,0,0,0,0
-66,154,2466,1,0,0.04055,0
-66,155,2552,0,0,0,0
-66,156,2222,0,0,0,0
-66,157,1714,0,0,0,0
-66,158,2056,0,0,0,0
-66,159,2908,0,0,0,0
-66,160,2334,0,0,0,0
-66,161,3724,1,0,0.02685,0
-66,162,2434,0,0,0,0
-66,163,5672,1,0,0.01763,0
-66,164,2570,1,0,0.03891,0
-66,165,4064,0,0,0,0
-66,166,2108,0,0,0,0
-66,167,3430,1,0,0.02915,0
-66,168,1846,0,0,0,0
-66,169,2848,0,0,0,0
-66,170,1124,1,0,0.08897,0
-66,171,2712,3,0,0.1106,0
-66,172,1298,0,0,0,0
-66,173,2590,2,0,0.07722,0
-66,174,1358,0,0,0,0
-66,175,2520,1,0,0.03968,0
-66,176,1604,0,0,0,0
-66,177,3326,1,0,0.03007,0
-66,178,2344,0,0,0,0
-66,179,4502,0,0,0,0
-65,-180,4172,1,0,0.02397,0
-65,-179,1686,0,0,0,0
-65,-178,3910,0,0,0,0
-65,-177,1804,0,0,0,0
-65,-176,3194,0,0,0,0
-65,-175,1446,0,0,0,0
-65,-174,1618,0,0,0,0
-65,-173,138,0,0,0,0
-65,-172,184,0,0,0,0
-65,-171,92,0,0,0,0
-65,-170,180,1,0,0.5556,0
-65,-169,142,0,0,0,0
-65,-168,184,0,0,0,0
-65,-167,46,0,0,0,0
-65,-166,3,0,0,0,0
-65,-165,3,0,0,0,0
-65,-164,2,0,0,0,0
-65,-163,4,0,0,0,0
-65,-162,3,0,0,0,0
-65,-161,4,0,0,0,0
-65,-160,2,0,0,0,0
-65,-159,4,0,0,0,0
-65,-158,4,0,0,0,0
-65,-157,2,0,0,0,0
-65,-146,70,0,0,0,0
-65,-145,392,0,0,0,0
-65,-143,301,0,0,0,0
-65,-142,161,0,0,0,0
-65,-141,378,0,0,0,0
-65,-140,154,0,0,0,0
-65,-139,315,0,0,0,0
-65,-138,303,0,0,0,0
-65,-137,414,0,0,0,0
-65,-136,38,0,0,0,0
-65,-135,1206,2,0,0.1658,0
-65,-134,647,0,0,0,0
-65,-133,1495,0,0,0,0
-65,-132,1951,1,0,0.05126,0
-65,-131,1959,1,0,0.05105,0
-65,-130,2440,2,0,0.08197,0
-65,-129,2176,1,0,0.04596,0
-65,-128,3173,1,0,0.03152,0
-65,-127,2398,0,0,0,0
-65,-126,2526,0,0,0,0
-65,-125,1843,1,0,0.05426,0
-65,-124,1873,0,0,0,0
-65,-123,1108,0,0,0,0
-65,-122,1631,0,0,0,0
-65,-121,630,0,0,0,0
-65,-120,1254,0,0,0,0
-65,-119,387,0,0,0,0
-65,-118,985,0,0,0,0
-65,-117,614,0,0,0,0
-65,-116,810,0,0,0,0
-65,-115,313,0,0,0,0
-65,-114,501,0,0,0,0
-65,-113,82,0,0,0,0
-65,-112,98,0,0,0,0
-65,-109,64,0,0,0,0
-65,-108,128,0,0,0,0
-65,-107,76,0,0,0,0
-65,-106,152,0,0,0,0
-65,-104,36,0,0,0,0
-65,-99,12,0,0,0,0
-65,-98,18,0,0,0,0
-65,-97,183,0,0,0,0
-65,-96,287,0,0,0,0
-65,-95,453,0,0,0,0
-65,-94,558,0,0,0,0
-65,-93,905,0,0,0,0
-65,-92,1123,1,0,0.08905,0
-65,-91,1430,0,0,0,0
-65,-90,846,0,0,0,0
-65,-89,1486,0,0,0,0
-65,-88,929,0,0,0,0
-65,-87,1083,0,0,0,0
-65,-86,628,0,0,0,0
-65,-85,826,0,0,0,0
-65,-84,603,3,0,0.4975,0
-65,-83,834,4,0,0.4796,0
-65,-82,438,0,0,0,0
-65,-81,994,1,0,0.1006,0
-65,-80,220,0,0,0,0
-65,-79,1107,1,0,0.09033,0
-65,-78,686,0,0,0,0
-65,-77,1649,0,0,0,0
-65,-76,969,0,0,0,0
-65,-75,1877,0,0,0,0
-65,-74,1359,0,0,0,0
-65,-73,2221,0,0,0,0
-65,-72,983,0,0,0,0
-65,-71,2555,1,0,0.03914,0
-65,-70,1123,0,0,0,0
-65,-69,2043,0,0,0,0
-65,-68,1765,1,0,0.05666,0
-65,-67,2262,5,1,0.221,4.421
-65,-66,2536,2,0,0.07886,0
-65,-65,3364,1,0,0.02973,0
-65,-64,2716,2,0,0.07364,0
-65,-63,3219,1,0,0.03107,0
-65,-62,2601,0,0,0,0
-65,-61,3485,0,0,0,0
-65,-60,2595,1,0,0.03854,0
-65,-59,2915,2,0,0.06861,0
-65,-58,3300,0,0,0,0
-65,-57,3359,0,0,0,0
-65,-56,3022,1,0,0.03309,0
-65,-55,2095,2,0,0.09547,0
-65,-54,4013,2,0,0.04984,0
-65,-53,3225,0,0,0,0
-65,-52,4668,4,0,0.08569,0
-65,-51,2443,3,0,0.1228,0
-65,-50,5439,4,0,0.07354,0
-65,-49,3584,1,0,0.0279,0
-65,-48,5796,0,0,0,0
-65,-47,3004,0,0,0,0
-65,-46,6254,0,0,0,0
-65,-45,2386,0,0,0,0
-65,-44,5311,1,0,0.01883,0
-65,-43,1565,1,0,0.0639,0
-65,-42,4517,1,0,0.02214,0
-65,-41,1759,0,0,0,0
-65,-40,3229,0,0,0,0
-65,-39,1923,0,0,0,0
-65,-38,3215,0,0,0,0
-65,-37,1322,0,0,0,0
-65,-36,4681,1,0,0.02136,0
-65,-35,2505,1,0,0.03992,0
-65,-34,5134,1,0,0.01948,0
-65,-33,3283,1,0,0.03046,0
-65,-32,5028,1,0,0.01989,0
-65,-31,3484,0,0,0,0
-65,-30,4581,0,0,0,0
-65,-29,2669,0,0,0,0
-65,-28,4153,1,0,0.02408,0
-65,-27,3084,1,0,0.03243,0
-65,-26,3375,0,0,0,0
-65,-25,3052,0,0,0,0
-65,-24,3125,0,0,0,0
-65,-23,3372,1,0,0.02966,0
-65,-22,3954,2,0,0.05058,0
-65,-21,3609,0,0,0,0
-65,-20,3968,0,0,0,0
-65,-19,5217,0,0,0,0
-65,-18,4204,0,0,0,0
-65,-17,4982,0,0,0,0
-65,-16,3286,0,0,0,0
-65,-15,4854,1,0,0.0206,0
-65,-14,2670,0,0,0,0
-65,-13,4920,0,0,0,0
-65,-12,1836,0,0,0,0
-65,-11,3922,0,0,0,0
-65,-10,2149,0,0,0,0
-65,-9,3133,0,0,0,0
-65,-8,1312,0,0,0,0
-65,-7,3977,1,0,0.02514,0
-65,-6,976,0,0,0,0
-65,-5,2885,0,0,0,0
-65,-4,946,0,0,0,0
-65,-3,2290,0,0,0,0
-65,-2,1506,1,0,0.0664,0
-65,-1,3637,4,0,0.11,0
-65,0,935,0,0,0,0
-65,1,3730,0,0,0,0
-65,2,914,0,0,0,0
-65,3,4482,0,0,0,0
-65,4,1810,0,0,0,0
-65,5,5763,1,0,0.01735,0
-65,6,3330,1,0,0.03003,0
-65,7,4879,0,0,0,0
-65,8,2324,0,0,0,0
-65,9,3848,1,0,0.02599,0
-65,10,1955,0,0,0,0
-65,11,2624,0,0,0,0
-65,12,1325,0,0,0,0
-65,13,1729,0,0,0,0
-65,14,461,0,0,0,0
-65,15,128,0,0,0,0
-65,16,326,0,0,0,0
-65,17,434,0,0,0,0
-65,18,305,0,0,0,0
-65,19,263,0,0,0,0
-65,20,407,0,0,0,0
-65,21,346,0,0,0,0
-65,22,361,0,0,0,0
-65,23,166,0,0,0,0
-65,24,395,0,0,0,0
-65,25,220,0,0,0,0
-65,26,377,0,0,0,0
-65,27,395,0,0,0,0
-65,28,1422,1,0,0.07032,0
-65,29,63,0,0,0,0
-65,30,1236,0,0,0,0
-65,31,500,0,0,0,0
-65,32,1076,0,0,0,0
-65,33,456,0,0,0,0
-65,34,1096,0,0,0,0
-65,35,684,0,0,0,0
-65,36,930,0,0,0,0
-65,37,20,0,0,0,0
-65,38,63,0,0,0,0
-65,39,72,0,0,0,0
-65,40,409,0,0,0,0
-65,41,26,0,0,0,0
-65,42,990,0,0,0,0
-65,43,259,0,0,0,0
-65,44,1811,0,0,0,0
-65,45,1246,1,0,0.08026,0
-65,46,1905,1,0,0.05249,0
-65,47,1869,0,0,0,0
-65,48,3303,1,0,0.03028,0
-65,49,2796,0,0,0,0
-65,50,3213,0,0,0,0
-65,51,2655,0,0,0,0
-65,52,3218,3,0,0.09323,0
-65,53,2808,0,0,0,0
-65,54,1656,0,0,0,0
-65,55,2340,0,0,0,0
-65,56,2011,0,0,0,0
-65,57,1963,0,0,0,0
-65,58,1584,1,0,0.06313,0
-65,59,2306,1,0,0.04337,0
-65,60,1740,0,0,0,0
-65,61,3532,0,0,0,0
-65,62,1172,2,0,0.1706,0
-65,63,4044,1,0,0.02473,0
-65,64,1902,0,0,0,0
-65,65,4992,0,0,0,0
-65,66,2142,0,0,0,0
-65,67,5590,4,0,0.07156,0
-65,68,1872,0,0,0,0
-65,69,5598,2,0,0.03573,0
-65,70,1894,0,0,0,0
-65,71,4434,2,0,0.04511,0
-65,72,1698,0,0,0,0
-65,73,4693,2,0,0.04262,0
-65,74,1627,0,0,0,0
-65,75,3349,0,0,0,0
-65,76,1331,0,0,0,0
-65,77,3105,2,0,0.06441,0
-65,78,1114,0,0,0,0
-65,79,2144,1,0,0.04664,0
-65,80,1279,0,0,0,0
-65,81,3381,1,0,0.02958,0
-65,82,1068,0,0,0,0
-65,83,2978,0,0,0,0
-65,84,2043,2,0,0.0979,0
-65,85,3251,4,0,0.123,0
-65,86,3116,2,0,0.06418,0
-65,87,4398,1,0,0.02274,0
-65,88,3735,3,0,0.08032,0
-65,89,5140,2,0,0.03891,0
-65,90,4827,0,0,0,0
-65,91,4739,1,0,0.0211,0
-65,92,4823,1,0,0.02073,0
-65,93,4593,1,0,0.02177,0
-65,94,5612,5,0,0.08909,0
-65,95,4356,1,0,0.02296,0
-65,96,4954,1,0,0.02019,0
-65,97,3480,3,0,0.08621,0
-65,98,5794,1,0,0.01726,0
-65,99,2687,0,0,0,0
-65,100,5406,1,0,0.0185,0
-65,101,2930,0,0,0,0
-65,102,4452,0,0,0,0
-65,103,2039,0,0,0,0
-65,104,3079,0,0,0,0
-65,105,1972,0,0,0,0
-65,106,3472,0,0,0,0
-65,107,505,0,0,0,0
-65,108,3653,2,0,0.05475,0
-65,109,1547,1,0,0.06464,0
-65,110,4905,0,0,0,0
-65,111,1863,0,0,0,0
-65,112,5817,0,0,0,0
-65,113,3292,0,0,0,0
-65,114,5665,0,0,0,0
-65,115,2642,0,0,0,0
-65,116,5149,0,0,0,0
-65,117,2796,0,0,0,0
-65,118,4413,0,0,0,0
-65,119,2447,0,0,0,0
-65,120,4027,0,0,0,0
-65,121,2189,0,0,0,0
-65,122,2791,0,0,0,0
-65,123,2383,0,0,0,0
-65,124,2313,0,0,0,0
-65,125,2192,0,0,0,0
-65,126,2281,0,0,0,0
-65,127,1462,0,0,0,0
-65,128,1434,0,0,0,0
-65,129,1084,0,0,0,0
-65,130,718,0,0,0,0
-65,131,532,0,0,0,0
-65,132,524,0,0,0,0
-65,133,323,0,0,0,0
-65,134,358,0,0,0,0
-65,135,178,0,0,0,0
-65,136,543,0,0,0,0
-65,137,1021,0,0,0,0
-65,138,1422,0,0,0,0
-65,139,1889,0,0,0,0
-65,140,1382,0,0,0,0
-65,141,2979,0,0,0,0
-65,142,2284,0,0,0,0
-65,143,3750,0,0,0,0
-65,144,2292,0,0,0,0
-65,145,3966,0,0,0,0
-65,146,2282,0,0,0,0
-65,147,3706,0,0,0,0
-65,148,2444,0,0,0,0
-65,149,2616,0,0,0,0
-65,150,2250,1,0,0.04444,0
-65,151,1588,1,0,0.06297,0
-65,152,1712,1,0,0.05841,0
-65,153,1452,0,0,0,0
-65,154,776,0,0,0,0
-65,155,2282,2,0,0.08764,0
-65,156,2868,2,0,0.06974,0
-65,157,1696,0,0,0,0
-65,158,2990,0,0,0,0
-65,159,1822,0,0,0,0
-65,160,3914,0,0,0,0
-65,161,2606,0,0,0,0
-65,162,3838,0,0,0,0
-65,163,2548,0,0,0,0
-65,164,4862,1,0,0.02057,0
-65,165,2212,0,0,0,0
-65,166,3029,1,0,0.03301,0
-65,167,1552,0,0,0,0
-65,168,2756,1,0,0.03628,0
-65,169,972,0,0,0,0
-65,170,2338,0,0,0,0
-65,171,748,0,0,0,0
-65,172,3444,4,0,0.1161,0
-65,173,724,0,0,0,0
-65,174,2338,0,0,0,0
-65,175,1078,0,0,0,0
-65,176,3340,0,0,0,0
-65,177,652,0,0,0,0
-65,178,4680,1,0,0.02137,0
-65,179,1306,0,0,0,0
-64,-180,1710,0,0,0,0
-64,-179,2858,0,0,0,0
-64,-178,1792,0,0,0,0
-64,-177,2342,0,0,0,0
-64,-176,1408,0,0,0,0
-64,-175,1224,0,0,0,0
-64,-174,92,0,0,0,0
-64,-173,230,0,0,0,0
-64,-172,82,0,0,0,0
-64,-171,230,0,0,0,0
-64,-170,138,0,0,0,0
-64,-169,184,0,0,0,0
-64,-167,4,0,0,0,0
-64,-166,2,0,0,0,0
-64,-165,3,0,0,0,0
-64,-164,3,0,0,0,0
-64,-163,4,0,0,0,0
-64,-162,2,0,0,0,0
-64,-161,4,0,0,0,0
-64,-160,3,0,0,0,0
-64,-159,4,0,0,0,0
-64,-158,1,0,0,0,0
-64,-146,368,0,0,0,0
-64,-144,378,0,0,0,0
-64,-143,154,0,0,0,0
-64,-142,385,0,0,0,0
-64,-141,91,0,0,0,0
-64,-140,378,0,0,0,0
-64,-139,231,0,0,0,0
-64,-138,291,0,0,0,0
-64,-137,22,0,0,0,0
-64,-136,339,0,0,0,0
-64,-135,347,0,0,0,0
-64,-134,753,0,0,0,0
-64,-133,953,0,0,0,0
-64,-132,1447,0,0,0,0
-64,-131,1651,1,0,0.06057,0
-64,-130,2176,1,0,0.04596,0
-64,-129,2086,0,0,0,0
-64,-128,2728,0,0,0,0
-64,-127,1608,0,0,0,0
-64,-126,2350,0,0,0,0
-64,-125,957,0,0,0,0
-64,-124,1249,0,0,0,0
-64,-123,1043,0,0,0,0
-64,-122,885,0,0,0,0
-64,-121,791,0,0,0,0
-64,-120,665,0,0,0,0
-64,-119,757,0,0,0,0
-64,-118,808,0,0,0,0
-64,-117,448,0,0,0,0
-64,-116,495,0,0,0,0
-64,-115,151,0,0,0,0
-64,-114,90,0,0,0,0
-64,-113,42,0,0,0,0
-64,-95,10,0,0,0,0
-64,-94,360,0,0,0,0
-64,-93,311,0,0,0,0
-64,-92,709,1,0,0.141,0
-64,-91,965,0,0,0,0
-64,-90,843,0,0,0,0
-64,-89,1067,0,0,0,0
-64,-88,601,0,0,0,0
-64,-87,814,0,0,0,0
-64,-86,520,0,0,0,0
-64,-85,819,0,0,0,0
-64,-84,483,0,0,0,0
-64,-83,480,0,0,0,0
-64,-82,827,0,0,0,0
-64,-81,312,0,0,0,0
-64,-80,885,0,0,0,0
-64,-79,510,0,0,0,0
-64,-78,721,0,0,0,0
-64,-77,942,1,0,0.1062,0
-64,-76,884,0,0,0,0
-64,-75,1729,0,0,0,0
-64,-74,1501,0,0,0,0
-64,-73,1573,0,0,0,0
-64,-72,2390,0,0,0,0
-64,-71,1709,0,0,0,0
-64,-70,2402,0,0,0,0
-64,-69,1578,2,0,0.1267,0
-64,-68,2499,0,0,0,0
-64,-67,1745,2,0,0.1146,0
-64,-66,3024,2,0,0.06614,0
-64,-65,2328,2,0,0.08591,0
-64,-64,3316,0,0,0,0
-64,-63,2214,0,0,0,0
-64,-62,3874,1,0,0.02581,0
-64,-61,2041,2,0,0.09799,0
-64,-60,3724,0,0,0,0
-64,-59,2796,3,0,0.1073,0
-64,-58,3665,1,0,0.02729,0
-64,-57,2905,4,0,0.1377,0
-64,-56,3141,6,0,0.191,0
-64,-55,3511,2,0,0.05696,0
-64,-54,2781,2,0,0.07192,0
-64,-53,3302,1,0,0.03028,0
-64,-52,3104,1,0,0.03222,0
-64,-51,4523,3,0,0.06633,0
-64,-50,3682,3,0,0.08148,0
-64,-49,4408,4,0,0.09074,0
-64,-48,3578,0,0,0,0
-64,-47,5084,0,0,0,0
-64,-46,3153,0,0,0,0
-64,-45,4879,0,0,0,0
-64,-44,2739,0,0,0,0
-64,-43,4394,2,0,0.04552,0
-64,-42,2752,0,0,0,0
-64,-41,3566,4,0,0.1122,0
-64,-40,2421,0,0,0,0
-64,-39,2828,0,0,0,0
-64,-38,2320,0,0,0,0
-64,-37,3864,1,0,0.02588,0
-64,-36,2289,0,0,0,0
-64,-35,3965,0,0,0,0
-64,-34,3157,0,0,0,0
-64,-33,4180,0,0,0,0
-64,-32,4434,1,0,0.02255,0
-64,-31,4023,1,0,0.02486,0
-64,-30,4380,3,0,0.06849,0
-64,-29,3764,1,0,0.02657,0
-64,-28,2944,1,0,0.03397,0
-64,-27,3391,0,0,0,0
-64,-26,3292,2,0,0.06075,0
-64,-25,3514,0,0,0,0
-64,-24,3631,1,0,0.02754,0
-64,-23,4040,0,0,0,0
-64,-22,3241,0,0,0,0
-64,-21,4665,0,0,0,0
-64,-20,3700,0,0,0,0
-64,-19,4792,0,0,0,0
-64,-18,4482,1,0,0.02231,0
-64,-17,4363,0,0,0,0
-64,-16,4614,0,0,0,0
-64,-15,3909,1,0,0.02558,0
-64,-14,4366,1,0,0.0229,0
-64,-13,2931,0,0,0,0
-64,-12,3519,0,0,0,0
-64,-11,2325,0,0,0,0
-64,-10,2268,0,0,0,0
-64,-9,2066,0,0,0,0
-64,-8,2184,0,0,0,0
-64,-7,1194,0,0,0,0
-64,-6,2286,0,0,0,0
-64,-5,879,0,0,0,0
-64,-4,1883,0,0,0,0
-64,-3,1619,0,0,0,0
-64,-2,3136,0,0,0,0
-64,-1,1468,0,0,0,0
-64,0,3438,2,0,0.05817,0
-64,1,688,0,0,0,0
-64,2,4750,0,0,0,0
-64,3,937,0,0,0,0
-64,4,5461,0,0,0,0
-64,5,2308,2,0,0.08666,0
-64,6,4843,3,0,0.06195,0
-64,7,2191,0,0,0,0
-64,8,3892,0,0,0,0
-64,9,1916,0,0,0,0
-64,10,2625,0,0,0,0
-64,11,945,0,0,0,0
-64,12,1090,0,0,0,0
-64,13,47,0,0,0,0
-64,14,109,0,0,0,0
-64,15,127,0,0,0,0
-64,16,271,0,0,0,0
-64,17,196,0,0,0,0
-64,18,373,0,0,0,0
-64,19,311,0,0,0,0
-64,20,357,0,0,0,0
-64,21,146,0,0,0,0
-64,22,274,0,0,0,0
-64,23,246,0,0,0,0
-64,24,248,0,0,0,0
-64,25,257,0,0,0,0
-64,26,588,0,0,0,0
-64,27,1018,0,0,0,0
-64,28,81,0,0,0,0
-64,29,1359,0,0,0,0
-64,30,572,0,0,0,0
-64,31,916,0,0,0,0
-64,32,656,0,0,0,0
-64,33,688,0,0,0,0
-64,34,1112,0,0,0,0
-64,35,242,0,0,0,0
-64,36,6,0,0,0,0
-64,37,24,0,0,0,0
-64,38,24,0,0,0,0
-64,39,20,0,0,0,0
-64,41,882,1,0,0.1134,0
-64,42,212,0,0,0,0
-64,43,2167,0,0,0,0
-64,44,674,0,0,0,0
-64,45,2288,1,0,0.04371,0
-64,46,1396,0,0,0,0
-64,47,3730,0,0,0,0
-64,48,2008,0,0,0,0
-64,49,3268,0,0,0,0
-64,50,2087,0,0,0,0
-64,51,3534,0,0,0,0
-64,52,1645,0,0,0,0
-64,53,2181,0,0,0,0
-64,54,2028,0,0,0,0
-64,55,1971,0,0,0,0
-64,56,997,0,0,0,0
-64,57,2028,0,0,0,0
-64,58,2038,0,0,0,0
-64,59,1996,0,0,0,0
-64,60,2434,1,0,0.04108,0
-64,61,1600,0,0,0,0
-64,62,2940,0,0,0,0
-64,63,2512,0,0,0,0
-64,64,4138,0,0,0,0
-64,65,2784,0,0,0,0
-64,66,4790,0,0,0,0
-64,67,2810,0,0,0,0
-64,68,4282,0,0,0,0
-64,69,2682,0,0,0,0
-64,70,4030,0,0,0,0
-64,71,2410,0,0,0,0
-64,72,3898,3,0,0.07696,0
-64,73,1402,0,0,0,0
-64,74,3091,0,0,0,0
-64,75,1444,0,0,0,0
-64,76,2655,1,0,0.03766,0
-64,77,810,1,0,0.1235,0
-64,78,2207,0,0,0,0
-64,79,1237,0,0,0,0
-64,80,3067,0,0,0,0
-64,81,840,2,0,0.2381,0
-64,82,3379,0,0,0,0
-64,83,1424,0,0,0,0
-64,84,4268,1,0,0.02343,0
-64,85,2091,0,0,0,0
-64,86,5281,1,0,0.01894,0
-64,87,2782,0,0,0,0
-64,88,6351,0,0,0,0
-64,89,3239,1,0,0.03087,0
-64,90,5737,0,0,0,0
-64,91,3932,5,0,0.1272,0
-64,92,6148,0,0,0,0
-64,93,3980,0,0,0,0
-64,94,5816,0,0,0,0
-64,95,4283,0,0,0,0
-64,96,5132,0,0,0,0
-64,97,4593,1,0,0.02177,0
-64,98,4157,1,0,0.02406,0
-64,99,4179,0,0,0,0
-64,100,3600,0,0,0,0
-64,101,3240,0,0,0,0
-64,102,3001,0,0,0,0
-64,103,2461,0,0,0,0
-64,104,2198,0,0,0,0
-64,105,3057,0,0,0,0
-64,106,567,0,0,0,0
-64,107,4277,0,0,0,0
-64,108,1235,0,0,0,0
-64,109,5232,1,0,0.01911,0
-64,110,1695,0,0,0,0
-64,111,6463,2,0,0.03095,0
-64,112,2907,0,0,0,0
-64,113,5532,1,0,0.01808,0
-64,114,2554,0,0,0,0
-64,115,5412,0,0,0,0
-64,116,2268,0,0,0,0
-64,117,4781,0,0,0,0
-64,118,2555,0,0,0,0
-64,119,4317,0,0,0,0
-64,120,1786,0,0,0,0
-64,121,3199,0,0,0,0
-64,122,1992,0,0,0,0
-64,123,2898,0,0,0,0
-64,124,1591,0,0,0,0
-64,125,2526,0,0,0,0
-64,126,1352,0,0,0,0
-64,127,1364,0,0,0,0
-64,128,323,0,0,0,0
-64,129,525,0,0,0,0
-64,130,193,0,0,0,0
-64,131,315,0,0,0,0
-64,132,182,0,0,0,0
-64,133,227,0,0,0,0
-64,134,136,0,0,0,0
-64,135,135,0,0,0,0
-64,136,57,0,0,0,0
-64,137,65,0,0,0,0
-64,138,336,0,0,0,0
-64,139,1306,0,0,0,0
-64,140,1396,0,0,0,0
-64,141,2174,0,0,0,0
-64,142,2028,0,0,0,0
-64,143,2926,0,0,0,0
-64,144,2910,1,0,0.03436,0
-64,145,3288,0,0,0,0
-64,146,3182,1,0,0.03143,0
-64,147,2954,2,0,0.0677,0
-64,148,2338,3,0,0.1283,0
-64,149,3264,0,0,0,0
-64,150,2792,3,0,0.1074,0
-64,151,3088,0,0,0,0
-64,152,1168,0,0,0,0
-64,153,2102,0,0,0,0
-64,154,2070,0,0,0,0
-64,155,1578,1,0,0.06337,0
-64,156,1648,3,0,0.182,0
-64,157,3156,2,0,0.06337,0
-64,158,2890,1,0,0.0346,0
-64,159,2530,0,0,0,0
-64,160,2544,0,0,0,0
-64,161,3160,1,0,0.03165,0
-64,162,2506,0,0,0,0
-64,163,2372,1,0,0.04216,0
-64,164,2086,0,0,0,0
-64,165,2912,1,0,0.03434,0
-64,166,2362,1,0,0.04234,0
-64,167,1754,0,0,0,0
-64,168,1120,0,0,0,0
-64,169,1990,1,0,0.05025,0
-64,170,1350,1,0,0.07407,0
-64,171,2696,1,0,0.03709,0
-64,172,494,0,0,0,0
-64,173,2928,1,0,0.03415,0
-64,174,1276,1,0,0.07837,0
-64,175,2564,0,0,0,0
-64,176,590,0,0,0,0
-64,177,3958,1,0,0.02527,0
-64,178,1338,0,0,0,0
-64,179,3604,0,0,0,0
-63,-180,1808,0,0,0,0
-63,-179,2076,0,0,0,0
-63,-178,1396,0,0,0,0
-63,-177,1308,0,0,0,0
-63,-176,234,0,0,0,0
-63,-175,92,0,0,0,0
-63,-174,230,0,0,0,0
-63,-173,92,0,0,0,0
-63,-172,194,0,0,0,0
-63,-171,230,0,0,0,0
-63,-170,92,0,0,0,0
-63,-168,2,0,0,0,0
-63,-167,2,0,0,0,0
-63,-166,2,0,0,0,0
-63,-165,3,0,0,0,0
-63,-164,5,0,0,0,0
-63,-163,2,0,0,0,0
-63,-162,5,0,0,0,0
-63,-161,4,0,0,0,0
-63,-160,4,0,0,0,0
-63,-145,123,0,0,0,0
-63,-144,7,0,0,0,0
-63,-143,291,0,0,0,0
-63,-142,214,0,0,0,0
-63,-141,301,0,0,0,0
-63,-140,343,0,0,0,0
-63,-139,119,0,0,0,0
-63,-136,8,0,0,0,0
-63,-135,52,0,0,0,0
-63,-134,16,0,0,0,0
-63,-133,110,0,0,0,0
-63,-132,333,0,0,0,0
-63,-131,969,0,0,0,0
-63,-130,868,0,0,0,0
-63,-129,1271,0,0,0,0
-63,-128,203,0,0,0,0
-63,-127,924,0,0,0,0
-63,-126,239,0,0,0,0
-63,-125,604,0,0,0,0
-63,-124,264,0,0,0,0
-63,-123,388,1,0,0.2577,0
-63,-122,280,0,0,0,0
-63,-121,377,0,0,0,0
-63,-120,474,0,0,0,0
-63,-119,634,0,0,0,0
-63,-118,482,0,0,0,0
-63,-117,428,0,0,0,0
-63,-116,84,0,0,0,0
-63,-115,110,0,0,0,0
-63,-91,51,0,0,0,0
-63,-90,367,0,0,0,0
-63,-89,248,0,0,0,0
-63,-88,403,0,0,0,0
-63,-87,199,0,0,0,0
-63,-86,430,0,0,0,0
-63,-85,114,0,0,0,0
-63,-84,158,0,0,0,0
-63,-83,523,0,0,0,0
-63,-82,293,0,0,0,0
-63,-81,700,0,0,0,0
-63,-80,613,0,0,0,0
-63,-79,625,0,0,0,0
-63,-78,773,0,0,0,0
-63,-77,428,0,0,0,0
-63,-76,1099,0,0,0,0
-63,-75,674,0,0,0,0
-63,-74,1356,0,0,0,0
-63,-73,1901,0,0,0,0
-63,-72,2084,0,0,0,0
-63,-71,2362,0,0,0,0
-63,-70,2583,1,0,0.03871,0
-63,-69,2892,0,0,0,0
-63,-68,2522,5,0,0.1983,0
-63,-67,2683,4,0,0.1491,0
-63,-66,2002,0,0,0,0
-63,-65,2643,0,0,0,0
-63,-64,1634,1,0,0.0612,0
-63,-63,3366,6,3,0.1783,8.913
-63,-62,2074,1,0,0.04822,0
-63,-61,3137,5,0,0.1594,0
-63,-60,2192,1,0,0.04562,0
-63,-59,4008,5,0,0.1248,0
-63,-58,2002,1,1,0.04995,4.995
-63,-57,3311,7,0,0.2114,0
-63,-56,3218,7,0,0.2175,0
-63,-55,3115,4,0,0.1284,0
-63,-54,3039,8,0,0.2632,0
-63,-53,2797,4,0,0.143,0
-63,-52,3144,1,0,0.03181,0
-63,-51,3938,5,0,0.127,0
-63,-50,3570,1,0,0.02801,0
-63,-49,3473,0,0,0,0
-63,-48,4497,0,0,0,0
-63,-47,3583,1,0,0.02791,0
-63,-46,4064,1,0,0.02461,0
-63,-45,3283,2,0,0.06092,0
-63,-44,4661,2,0,0.04291,0
-63,-43,3341,0,0,0,0
-63,-42,3447,0,0,0,0
-63,-41,2332,0,0,0,0
-63,-40,2649,2,0,0.0755,0
-63,-39,2184,0,0,0,0
-63,-38,3137,0,0,0,0
-63,-37,2792,0,0,0,0
-63,-36,3839,1,0,0.02605,0
-63,-35,2894,1,0,0.03455,0
-63,-34,3258,2,0,0.06139,0
-63,-33,4044,0,0,0,0
-63,-32,3512,0,0,0,0
-63,-31,4606,1,0,0.02171,0
-63,-30,3619,1,0,0.02763,0
-63,-29,4339,1,0,0.02305,0
-63,-28,3685,0,0,0,0
-63,-27,3352,0,0,0,0
-63,-26,4144,2,0,0.04826,0
-63,-25,3857,1,0,0.02593,0
-63,-24,4508,1,0,0.02218,0
-63,-23,3874,0,0,0,0
-63,-22,4715,0,0,0,0
-63,-21,3718,0,0,0,0
-63,-20,4644,0,0,0,0
-63,-19,3652,0,0,0,0
-63,-18,4510,0,0,0,0
-63,-17,4437,0,0,0,0
-63,-16,4413,0,0,0,0
-63,-15,4679,0,0,0,0
-63,-14,3466,1,0,0.02885,0
-63,-13,3450,1,0,0.02899,0
-63,-12,2764,1,0,0.03618,0
-63,-11,2560,0,0,0,0
-63,-10,1980,0,0,0,0
-63,-9,1498,0,0,0,0
-63,-8,1022,0,0,0,0
-63,-7,450,0,0,0,0
-63,-6,256,0,0,0,0
-63,-5,1058,0,0,0,0
-63,-4,1343,0,0,0,0
-63,-3,2279,1,0,0.04388,0
-63,-2,1244,0,0,0,0
-63,-1,2497,0,0,0,0
-63,0,665,0,0,0,0
-63,1,4285,0,0,0,0
-63,2,1399,0,0,0,0
-63,3,5138,0,0,0,0
-63,4,3001,0,0,0,0
-63,5,3767,0,0,0,0
-63,6,2164,0,0,0,0
-63,7,2766,2,0,0.07231,0
-63,8,2184,0,0,0,0
-63,9,1479,0,0,0,0
-63,10,1156,0,0,0,0
-63,11,742,1,0,0.1348,0
-63,12,31,0,0,0,0
-63,13,100,0,0,0,0
-63,14,86,0,0,0,0
-63,15,278,0,0,0,0
-63,16,133,0,0,0,0
-63,17,314,0,0,0,0
-63,18,253,0,0,0,0
-63,19,278,0,0,0,0
-63,20,144,0,0,0,0
-63,21,314,0,0,0,0
-63,22,247,0,0,0,0
-63,23,244,0,0,0,0
-63,24,208,0,0,0,0
-63,25,586,2,0,0.3413,0
-63,26,929,0,0,0,0
-63,27,320,0,0,0,0
-63,28,1168,1,0,0.08562,0
-63,29,536,0,0,0,0
-63,30,856,0,0,0,0
-63,31,850,0,0,0,0
-63,32,646,0,0,0,0
-63,33,1074,0,0,0,0
-63,34,8,0,0,0,0
-63,35,8,0,0,0,0
-63,36,6,0,0,0,0
-63,37,10,0,0,0,0
-63,38,2,0,0,0,0
-63,40,656,0,0,0,0
-63,41,80,0,0,0,0
-63,42,1946,0,0,0,0
-63,43,634,0,0,0,0
-63,44,2478,0,0,0,0
-63,45,1164,0,0,0,0
-63,46,3708,0,0,0,0
-63,47,2208,0,0,0,0
-63,48,2880,0,0,0,0
-63,49,1818,0,0,0,0
-63,50,3254,0,0,0,0
-63,51,1730,0,0,0,0
-63,52,2153,0,0,0,0
-63,53,1800,0,0,0,0
-63,54,2116,0,0,0,0
-63,55,772,0,0,0,0
-63,56,2444,0,0,0,0
-63,57,1733,0,0,0,0
-63,58,2022,0,0,0,0
-63,59,2133,1,0,0.04688,0
-63,60,1806,1,0,0.05537,0
-63,61,2860,0,0,0,0
-63,62,3310,0,0,0,0
-63,63,3414,0,0,0,0
-63,64,2984,0,0,0,0
-63,65,3292,0,0,0,0
-63,66,3192,1,0,0.03133,0
-63,67,3664,0,0,0,0
-63,68,2962,0,0,0,0
-63,69,3048,0,0,0,0
-63,70,2809,0,0,0,0
-63,71,2902,1,0,0.03446,0
-63,72,1778,0,0,0,0
-63,73,2371,1,0,0.04218,0
-63,74,1742,1,0,0.05741,0
-63,75,2259,0,0,0,0
-63,76,1143,0,0,0,0
-63,77,1828,0,0,0,0
-63,78,1478,0,0,0,0
-63,79,2452,0,0,0,0
-63,80,903,0,0,0,0
-63,81,3336,0,0,0,0
-63,82,1416,1,0,0.07062,0
-63,83,4197,1,0,0.02383,0
-63,84,2011,0,0,0,0
-63,85,5196,0,0,0,0
-63,86,2863,0,0,0,0
-63,87,6176,0,0,0,0
-63,88,3314,0,0,0,0
-63,89,5765,1,0,0.01735,0
-63,90,3559,1,0,0.0281,0
-63,91,5801,0,0,0,0
-63,92,4400,2,0,0.04545,0
-63,93,5792,1,0,0.01727,0
-63,94,3748,0,0,0,0
-63,95,5489,0,0,0,0
-63,96,4114,0,0,0,0
-63,97,4705,0,0,0,0
-63,98,3367,0,0,0,0
-63,99,4256,2,0,0.04699,0
-63,100,2797,0,0,0,0
-63,101,3418,0,0,0,0
-63,102,1816,0,0,0,0
-63,103,2299,0,0,0,0
-63,104,2454,1,0,0.04075,0
-63,105,646,0,0,0,0
-63,106,4416,0,0,0,0
-63,107,1266,0,0,0,0
-63,108,5042,0,0,0,0
-63,109,2047,2,0,0.0977,0
-63,110,6443,0,0,0,0
-63,111,3367,0,0,0,0
-63,112,4054,0,0,0,0
-63,113,3248,0,0,0,0
-63,114,4614,0,0,0,0
-63,115,2588,0,0,0,0
-63,116,3956,1,0,0.02528,0
-63,117,2997,1,0,0.03337,0
-63,118,4053,2,0,0.04935,0
-63,119,1535,0,0,0,0
-63,120,3371,0,0,0,0
-63,121,1962,0,0,0,0
-63,122,2757,0,0,0,0
-63,123,1509,0,0,0,0
-63,124,1375,0,0,0,0
-63,125,660,0,0,0,0
-63,126,747,0,0,0,0
-63,127,252,0,0,0,0
-63,128,367,0,0,0,0
-63,129,161,0,0,0,0
-63,130,253,0,0,0,0
-63,131,172,0,0,0,0
-63,132,183,0,0,0,0
-63,133,94,0,0,0,0
-63,134,105,0,0,0,0
-63,135,44,0,0,0,0
-63,136,67,0,0,0,0
-63,137,32,0,0,0,0
-63,138,32,0,0,0,0
-63,140,1216,0,0,0,0
-63,141,912,0,0,0,0
-63,142,2096,0,0,0,0
-63,143,1580,0,0,0,0
-63,144,3360,0,0,0,0
-63,145,2938,2,0,0.06807,0
-63,146,3616,0,0,0,0
-63,147,3402,0,0,0,0
-63,148,3348,0,0,0,0
-63,149,2082,0,0,0,0
-63,150,3288,1,0,0.03041,0
-63,151,2828,2,0,0.07072,0
-63,152,3026,3,0,0.09914,0
-63,153,2094,0,0,0,0
-63,154,2974,4,0,0.1345,0
-63,155,1978,0,0,0,0
-63,156,1904,0,0,0,0
-63,157,2444,0,0,0,0
-63,158,2504,2,0,0.07987,0
-63,159,3548,0,0,0,0
-63,160,2542,0,0,0,0
-63,161,2100,0,0,0,0
-63,162,2372,0,0,0,0
-63,163,1174,0,0,0,0
-63,164,2044,0,0,0,0
-63,165,1016,0,0,0,0
-63,166,2178,1,0,0.04591,0
-63,167,1764,0,0,0,0
-63,168,1436,0,0,0,0
-63,169,1494,0,0,0,0
-63,170,2046,0,0,0,0
-63,171,640,0,0,0,0
-63,172,1680,0,0,0,0
-63,173,668,0,0,0,0
-63,174,1836,0,0,0,0
-63,175,1068,0,0,0,0
-63,176,1870,0,0,0,0
-63,177,1508,0,0,0,0
-63,178,1524,0,0,0,0
-63,179,1254,0,0,0,0
-62,-180,960,0,0,0,0
-62,-178,490,0,0,0,0
-62,-175,46,0,0,0,0
-62,-173,138,0,0,0,0
-62,-172,230,0,0,0,0
-62,-165,1,0,0,0,0
-62,-164,1,0,0,0,0
-62,-163,4,0,0,0,0
-62,-162,4,0,0,0,0
-62,-161,2,0,0,0,0
-62,-152,1,0,0,0,0
-62,-151,1,0,0,0,0
-62,-141,208,0,0,0,0
-62,-137,1,0,0,0,0
-62,-133,1,0,0,0,0
-62,-132,30,0,0,0,0
-62,-128,15,0,0,0,0
-62,-120,86,0,0,0,0
-62,-119,1,0,0,0,0
-62,-116,22,0,0,0,0
-62,-115,1,0,0,0,0
-62,-112,1,0,0,0,0
-62,-111,1,0,0,0,0
-62,-110,2,0,0,0,0
-62,-106,1,0,0,0,0
-62,-102,1,0,0,0,0
-62,-100,2,0,0,0,0
-62,-96,1,0,0,0,0
-62,-92,1,0,0,0,0
-62,-86,1,0,0,0,0
-62,-85,28,0,0,0,0
-62,-82,7,0,0,0,0
-62,-81,75,0,0,0,0
-62,-80,132,0,0,0,0
-62,-79,386,0,0,0,0
-62,-78,310,0,0,0,0
-62,-77,440,0,0,0,0
-62,-76,265,0,0,0,0
-62,-75,608,0,0,0,0
-62,-74,1457,0,0,0,0
-62,-73,1666,0,0,0,0
-62,-72,2019,0,0,0,0
-62,-71,2764,0,0,0,0
-62,-70,3156,0,0,0,0
-62,-69,3096,1,0,0.0323,0
-62,-68,3494,0,0,0,0
-62,-67,2894,1,0,0.03455,0
-62,-66,2345,1,0,0.04264,0
-62,-65,1889,0,0,0,0
-62,-64,2234,5,5,0.2238,22.38
-62,-63,1981,1,1,0.05048,5.048
-62,-62,2477,2,0,0.08074,0
-62,-61,2175,2,1,0.09195,4.598
-62,-60,3571,5,1,0.14,2.8
-62,-59,2075,2,2,0.09639,9.639
-62,-58,3282,4,4,0.1219,12.19
-62,-57,2676,7,4,0.2616,14.95
-62,-56,3034,1,0,0.03296,0
-62,-55,3048,1,0,0.03281,0
-62,-54,2907,2,0,0.0688,0
-62,-53,3140,3,0,0.09554,0
-62,-52,2796,4,0,0.1431,0
-62,-51,2824,3,0,0.1062,0
-62,-50,3331,1,0,0.03002,0
-62,-49,3770,3,0,0.07958,0
-62,-48,3044,1,0,0.03285,0
-62,-47,3650,0,0,0,0
-62,-46,3528,0,0,0,0
-62,-45,4135,0,0,0,0
-62,-44,3397,1,0,0.02944,0
-62,-43,4397,0,0,0,0
-62,-42,2509,0,0,0,0
-62,-41,3009,1,0,0.03323,0
-62,-40,1775,0,0,0,0
-62,-39,3538,2,0,0.05653,0
-62,-38,2005,0,0,0,0
-62,-37,3384,1,0,0.02955,0
-62,-36,2413,0,0,0,0
-62,-35,3290,0,0,0,0
-62,-34,3533,2,0,0.05661,0
-62,-33,2641,0,0,0,0
-62,-32,3979,1,0,0.02513,0
-62,-31,3477,1,0,0.02876,0
-62,-30,3779,0,0,0,0
-62,-29,4164,2,0,0.04803,0
-62,-28,4485,4,0,0.08919,0
-62,-27,4807,1,0,0.0208,0
-62,-26,3913,1,0,0.02556,0
-62,-25,4456,0,0,0,0
-62,-24,4666,1,0,0.02143,0
-62,-23,4798,0,0,0,0
-62,-22,4289,1,0,0.02332,0
-62,-21,4460,0,0,0,0
-62,-20,4123,0,0,0,0
-62,-19,4112,0,0,0,0
-62,-18,3435,2,0,0.05822,0
-62,-17,4265,0,0,0,0
-62,-16,4935,0,0,0,0
-62,-15,3868,1,0,0.02585,0
-62,-14,3893,2,0,0.05137,0
-62,-13,3076,1,0,0.03251,0
-62,-12,2594,0,0,0,0
-62,-11,1922,1,0,0.05203,0
-62,-10,2370,3,0,0.1266,0
-62,-9,654,0,0,0,0
-62,-8,964,0,0,0,0
-62,-7,416,0,0,0,0
-62,-6,484,0,0,0,0
-62,-5,466,0,0,0,0
-62,-4,2101,0,0,0,0
-62,-3,408,0,0,0,0
-62,-2,1956,0,0,0,0
-62,-1,698,0,0,0,0
-62,0,3519,0,0,0,0
-62,1,1379,0,0,0,0
-62,2,4546,0,0,0,0
-62,3,2730,0,0,0,0
-62,4,3322,0,0,0,0
-62,5,2386,0,0,0,0
-62,6,2149,0,0,0,0
-62,7,2562,0,0,0,0
-62,8,827,0,0,0,0
-62,9,1172,0,0,0,0
-62,10,357,0,0,0,0
-62,11,62,0,0,0,0
-62,12,124,0,0,0,0
-62,13,62,0,0,0,0
-62,14,236,0,0,0,0
-62,15,180,0,0,0,0
-62,16,210,0,0,0,0
-62,17,223,0,0,0,0
-62,18,223,0,0,0,0
-62,19,82,0,0,0,0
-62,20,260,0,0,0,0
-62,21,244,0,0,0,0
-62,22,156,0,0,0,0
-62,23,181,0,0,0,0
-62,24,329,0,0,0,0
-62,25,1126,1,0,0.08881,0
-62,26,347,0,0,0,0
-62,27,1143,0,0,0,0
-62,28,744,0,0,0,0
-62,29,646,1,0,0.1548,0
-62,30,1061,0,0,0,0
-62,31,646,0,0,0,0
-62,32,854,0,0,0,0
-62,33,6,0,0,0,0
-62,34,10,0,0,0,0
-62,35,6,0,0,0,0
-62,36,8,0,0,0,0
-62,39,440,0,0,0,0
-62,40,68,0,0,0,0
-62,41,1770,0,0,0,0
-62,42,450,0,0,0,0
-62,43,1848,0,0,0,0
-62,44,924,0,0,0,0
-62,45,3252,0,0,0,0
-62,46,1860,0,0,0,0
-62,47,2364,0,0,0,0
-62,48,2024,0,0,0,0
-62,49,2712,0,0,0,0
-62,50,1686,0,0,0,0
-62,51,1676,1,0,0.05967,0
-62,52,1872,0,0,0,0
-62,53,1674,0,0,0,0
-62,54,491,0,0,0,0
-62,55,2162,0,0,0,0
-62,56,1972,0,0,0,0
-62,57,1452,0,0,0,0
-62,58,1601,0,0,0,0
-62,59,1635,0,0,0,0
-62,60,2690,0,0,0,0
-62,61,3258,0,0,0,0
-62,62,3252,0,0,0,0
-62,63,3132,2,0,0.06386,0
-62,64,2798,1,0,0.03574,0
-62,65,2916,0,0,0,0
-62,66,3264,0,0,0,0
-62,67,2372,0,0,0,0
-62,68,2740,0,0,0,0
-62,69,2088,1,0,0.04789,0
-62,70,2668,1,0,0.03748,0
-62,71,1930,0,0,0,0
-62,72,2514,1,0,0.03978,0
-62,73,1744,1,0,0.05734,0
-62,74,1774,0,0,0,0
-62,75,1324,1,0,0.07553,0
-62,76,1680,0,0,0,0
-62,77,1522,0,0,0,0
-62,78,2210,0,0,0,0
-62,79,981,0,0,0,0
-62,80,2920,0,0,0,0
-62,81,1591,0,0,0,0
-62,82,4168,0,0,0,0
-62,83,2262,0,0,0,0
-62,84,4780,4,0,0.08368,0
-62,85,3508,1,0,0.02851,0
-62,86,5889,1,0,0.01698,0
-62,87,3608,0,0,0,0
-62,88,5455,0,0,0,0
-62,89,4132,1,0,0.0242,0
-62,90,5304,0,0,0,0
-62,91,4744,5,0,0.1054,0
-62,92,4866,0,0,0,0
-62,93,4240,0,0,0,0
-62,94,5066,0,0,0,0
-62,95,4407,0,0,0,0
-62,96,4707,0,0,0,0
-62,97,3833,0,0,0,0
-62,98,4192,0,0,0,0
-62,99,2391,0,0,0,0
-62,100,3079,0,0,0,0
-62,101,2108,0,0,0,0
-62,102,1602,0,0,0,0
-62,103,2722,0,0,0,0
-62,104,724,1,0,0.1381,0
-62,105,4148,0,0,0,0
-62,106,1235,0,0,0,0
-62,107,4753,0,0,0,0
-62,108,2306,0,0,0,0
-62,109,4769,0,0,0,0
-62,110,3285,0,0,0,0
-62,111,3422,0,0,0,0
-62,112,3466,0,0,0,0
-62,113,3083,0,0,0,0
-62,114,2729,0,0,0,0
-62,115,2524,0,0,0,0
-62,116,2701,1,0,0.03702,0
-62,117,2917,0,0,0,0
-62,118,1639,0,0,0,0
-62,119,2858,0,0,0,0
-62,120,2432,1,0,0.04112,0
-62,121,1966,0,0,0,0
-62,122,2010,0,0,0,0
-62,123,978,0,0,0,0
-62,124,767,0,0,0,0
-62,125,353,0,0,0,0
-62,126,191,0,0,0,0
-62,127,185,0,0,0,0
-62,128,125,0,0,0,0
-62,129,188,0,0,0,0
-62,130,204,0,0,0,0
-62,131,137,0,0,0,0
-62,132,150,0,0,0,0
-62,133,174,0,0,0,0
-62,134,81,0,0,0,0
-62,135,147,0,0,0,0
-62,136,72,0,0,0,0
-62,137,24,0,0,0,0
-62,141,912,0,0,0,0
-62,142,1052,0,0,0,0
-62,143,1982,0,0,0,0
-62,144,1844,0,0,0,0
-62,145,3112,0,0,0,0
-62,146,2910,0,0,0,0
-62,147,3506,2,0,0.05705,0
-62,148,3698,0,0,0,0
-62,149,3772,1,0,0.02651,0
-62,150,2098,0,0,0,0
-62,151,2972,0,0,0,0
-62,152,4020,6,0,0.1493,0
-62,153,3510,2,0,0.05698,0
-62,154,2274,2,0,0.08795,0
-62,155,3012,3,0,0.0996,0
-62,156,2444,0,0,0,0
-62,157,2248,2,0,0.08897,0
-62,158,2502,2,0,0.07994,0
-62,159,2356,4,0,0.1698,0
-62,160,2878,0,0,0,0
-62,161,1648,0,0,0,0
-62,162,1862,2,0,0.1074,0
-62,163,2032,1,0,0.04921,0
-62,164,734,0,0,0,0
-62,165,898,0,0,0,0
-62,166,216,0,0,0,0
-62,167,286,0,0,0,0
-62,168,572,0,0,0,0
-62,169,816,1,0,0.1225,0
-62,170,610,0,0,0,0
-62,171,1050,1,0,0.09524,0
-62,172,590,0,0,0,0
-62,173,750,0,0,0,0
-62,174,738,0,0,0,0
-62,175,962,0,0,0,0
-62,176,804,0,0,0,0
-62,177,774,0,0,0,0
-62,178,1100,0,0,0,0
-62,179,724,0,0,0,0
-61,-157,1,0,0,0,0
-61,-156,3,0,0,0,0
-61,-155,1,0,0,0,0
-61,-154,3,0,0,0,0
-61,-153,6,0,0,0,0
-61,-151,6,0,0,0,0
-61,-150,2,0,0,0,0
-61,-149,3,0,0,0,0
-61,-148,1,0,0,0,0
-61,-147,5,0,0,0,0
-61,-145,1,0,0,0,0
-61,-144,3,0,0,0,0
-61,-143,3,0,0,0,0
-61,-142,2,0,0,0,0
-61,-141,6,0,0,0,0
-61,-140,4,0,0,0,0
-61,-139,2,0,0,0,0
-61,-138,3,0,0,0,0
-61,-137,4,0,0,0,0
-61,-136,6,0,0,0,0
-61,-135,1,0,0,0,0
-61,-134,4,0,0,0,0
-61,-133,2,0,0,0,0
-61,-132,3,0,0,0,0
-61,-130,2,0,0,0,0
-61,-128,4,0,0,0,0
-61,-127,1,0,0,0,0
-61,-126,3,0,0,0,0
-61,-124,4,0,0,0,0
-61,-123,1,0,0,0,0
-61,-122,1,0,0,0,0
-61,-121,2,0,0,0,0
-61,-120,5,0,0,0,0
-61,-119,2,0,0,0,0
-61,-118,7,0,0,0,0
-61,-117,3,0,0,0,0
-61,-116,7,0,0,0,0
-61,-115,3,0,0,0,0
-61,-114,7,0,0,0,0
-61,-113,4,0,0,0,0
-61,-112,5,0,0,0,0
-61,-111,2,0,0,0,0
-61,-110,6,0,0,0,0
-61,-109,5,0,0,0,0
-61,-108,3,0,0,0,0
-61,-107,2,0,0,0,0
-61,-106,7,0,0,0,0
-61,-105,2,0,0,0,0
-61,-104,2,0,0,0,0
-61,-103,5,0,0,0,0
-61,-102,3,0,0,0,0
-61,-101,3,0,0,0,0
-61,-100,6,0,0,0,0
-61,-99,5,0,0,0,0
-61,-98,1,0,0,0,0
-61,-97,4,0,0,0,0
-61,-96,4,0,0,0,0
-61,-95,7,0,0,0,0
-61,-94,2,0,0,0,0
-61,-93,5,0,0,0,0
-61,-92,2,0,0,0,0
-61,-91,4,0,0,0,0
-61,-90,1,0,0,0,0
-61,-89,1,0,0,0,0
-61,-88,2,0,0,0,0
-61,-87,6,0,0,0,0
-61,-86,3,0,0,0,0
-61,-85,7,0,0,0,0
-61,-84,2,0,0,0,0
-61,-83,6,0,0,0,0
-61,-82,2,0,0,0,0
-61,-81,7,0,0,0,0
-61,-80,3,0,0,0,0
-61,-79,7,0,0,0,0
-61,-78,25,0,0,0,0
-61,-77,130,0,0,0,0
-61,-76,238,0,0,0,0
-61,-75,294,0,0,0,0
-61,-74,931,0,0,0,0
-61,-73,1471,0,0,0,0
-61,-72,1886,1,0,0.05302,0
-61,-71,2644,1,0,0.03782,0
-61,-70,2897,2,0,0.06904,0
-61,-69,3726,2,0,0.05368,0
-61,-68,3435,0,0,0,0
-61,-67,3402,3,0,0.08818,0
-61,-66,2547,3,0,0.1178,0
-61,-65,3043,3,1,0.09859,3.286
-61,-64,2396,3,2,0.1252,8.347
-61,-63,2022,4,4,0.1978,19.78
-61,-62,1821,1,1,0.05491,5.491
-61,-61,2933,3,3,0.1023,10.23
-61,-60,1551,2,0,0.1289,0
-61,-59,3005,4,2,0.1331,6.656
-61,-58,2692,5,2,0.1857,7.429
-61,-57,2852,1,1,0.03506,3.506
-61,-56,2538,0,0,0,0
-61,-55,2832,0,0,0,0
-61,-54,3504,1,0,0.02854,0
-61,-53,2876,1,0,0.03477,0
-61,-52,3027,4,0,0.1321,0
-61,-51,2428,0,0,0,0
-61,-50,3109,1,0,0.03216,0
-61,-49,2859,2,0,0.06995,0
-61,-48,3315,4,0,0.1207,0
-61,-47,3319,0,0,0,0
-61,-46,3573,0,0,0,0
-61,-45,3157,1,0,0.03168,0
-61,-44,4226,1,0,0.02366,0
-61,-43,2474,1,0,0.04042,0
-61,-42,4106,3,0,0.07306,0
-61,-41,2006,0,0,0,0
-61,-40,4097,5,0,0.122,0
-61,-39,1772,0,0,0,0
-61,-38,4253,1,0,0.02351,0
-61,-37,1618,0,0,0,0
-61,-36,3383,1,0,0.02956,0
-61,-35,2576,0,0,0,0
-61,-34,3080,0,0,0,0
-61,-33,3424,1,0,0.02921,0
-61,-32,2721,2,0,0.0735,0
-61,-31,2845,0,0,0,0
-61,-30,4287,0,0,0,0
-61,-29,3489,0,0,0,0
-61,-28,5170,0,0,0,0
-61,-27,4563,1,0,0.02192,0
-61,-26,5448,2,0,0.03671,0
-61,-25,5051,1,0,0.0198,0
-61,-24,4802,2,0,0.04165,0
-61,-23,5122,1,0,0.01952,0
-61,-22,4296,1,0,0.02328,0
-61,-21,4508,2,0,0.04437,0
-61,-20,3466,0,0,0,0
-61,-19,3636,0,0,0,0
-61,-18,3027,0,0,0,0
-61,-17,3732,2,0,0.05359,0
-61,-16,3081,0,0,0,0
-61,-15,3903,0,0,0,0
-61,-14,3215,0,0,0,0
-61,-13,3088,0,0,0,0
-61,-12,2296,0,0,0,0
-61,-11,2432,0,0,0,0
-61,-10,632,0,0,0,0
-61,-9,1560,1,0,0.0641,0
-61,-8,208,0,0,0,0
-61,-7,834,0,0,0,0
-61,-6,418,0,0,0,0
-61,-5,1645,0,0,0,0
-61,-4,270,0,0,0,0
-61,-3,1750,0,0,0,0
-61,-2,653,0,0,0,0
-61,-1,3130,0,0,0,0
-61,0,1645,0,0,0,0
-61,1,3350,0,0,0,0
-61,2,2139,0,0,0,0
-61,3,2695,0,0,0,0
-61,4,1852,0,0,0,0
-61,5,2328,1,0,0.04296,0
-61,6,2422,0,0,0,0
-61,7,698,0,0,0,0
-61,8,1335,0,0,0,0
-61,9,93,0,0,0,0
-61,10,93,0,0,0,0
-61,11,100,0,0,0,0
-61,12,86,0,0,0,0
-61,13,240,0,0,0,0
-61,14,152,0,0,0,0
-61,15,206,0,0,0,0
-61,16,241,0,0,0,0
-61,17,167,0,0,0,0
-61,18,86,0,0,0,0
-61,19,147,0,0,0,0
-61,20,235,0,0,0,0
-61,21,62,0,0,0,0
-61,22,125,0,0,0,0
-61,23,100,0,0,0,0
-61,24,693,0,0,0,0
-61,25,168,0,0,0,0
-61,26,1356,1,0,0.07375,0
-61,27,715,0,0,0,0
-61,28,646,0,0,0,0
-61,29,1060,0,0,0,0
-61,30,860,0,0,0,0
-61,31,642,0,0,0,0
-61,32,6,0,0,0,0
-61,33,10,0,0,0,0
-61,34,8,0,0,0,0
-61,35,6,0,0,0,0
-61,38,140,0,0,0,0
-61,39,28,0,0,0,0
-61,40,1240,0,0,0,0
-61,41,640,0,0,0,0
-61,42,1684,0,0,0,0
-61,43,926,0,0,0,0
-61,44,2836,0,0,0,0
-61,45,2082,0,0,0,0
-61,46,1988,0,0,0,0
-61,47,2203,0,0,0,0
-61,48,2305,0,0,0,0
-61,49,1500,0,0,0,0
-61,50,1612,1,0,0.06203,0
-61,51,2134,0,0,0,0
-61,52,1258,0,0,0,0
-61,53,616,0,0,0,0
-61,54,1768,0,0,0,0
-61,55,2256,0,0,0,0
-61,56,1036,0,0,0,0
-61,57,1396,0,0,0,0
-61,58,1478,0,0,0,0
-61,59,2112,1,0,0.04735,0
-61,60,1952,1,0,0.05123,0
-61,61,3326,0,0,0,0
-61,62,2146,1,0,0.0466,0
-61,63,2358,0,0,0,0
-61,64,2712,0,0,0,0
-61,65,3142,1,0,0.03183,0
-61,66,1958,0,0,0,0
-61,67,2978,1,0,0.03358,0
-61,68,1762,0,0,0,0
-61,69,2286,1,0,0.04374,0
-61,70,1414,1,0,0.07072,0
-61,71,2639,0,0,0,0
-61,72,1625,0,0,0,0
-61,73,1672,0,0,0,0
-61,74,1310,0,0,0,0
-61,75,1632,0,0,0,0
-61,76,1290,0,0,0,0
-61,77,1789,0,0,0,0
-61,78,946,0,0,0,0
-61,79,2685,0,0,0,0
-61,80,1698,0,0,0,0
-61,81,3715,0,0,0,0
-61,82,2569,0,0,0,0
-61,83,4303,0,0,0,0
-61,84,3642,2,0,0.05491,0
-61,85,4601,3,0,0.0652,0
-61,86,4278,1,0,0.02338,0
-61,87,4352,0,0,0,0
-61,88,4375,1,0,0.02286,0
-61,89,4405,0,0,0,0
-61,90,4994,1,0,0.02002,0
-61,91,3626,0,0,0,0
-61,92,4922,1,0,0.02032,0
-61,93,3807,1,0,0.02627,0
-61,94,4840,0,0,0,0
-61,95,4048,2,0,0.04941,0
-61,96,4475,1,0,0.02235,0
-61,97,3499,0,0,0,0
-61,98,2670,1,0,0.03745,0
-61,99,2893,0,0,0,0
-61,100,2190,0,0,0,0
-61,101,1254,0,0,0,0
-61,102,1567,0,0,0,0
-61,103,687,0,0,0,0
-61,104,2440,0,0,0,0
-61,105,1458,0,0,0,0
-61,106,2794,1,0,0.03579,0
-61,107,2361,0,0,0,0
-61,108,2740,0,0,0,0
-61,109,3130,0,0,0,0
-61,110,2204,0,0,0,0
-61,111,2232,0,0,0,0
-61,112,1376,0,0,0,0
-61,113,1433,0,0,0,0
-61,114,1010,0,0,0,0
-61,115,1484,0,0,0,0
-61,116,438,0,0,0,0
-61,117,565,0,0,0,0
-61,118,1046,0,0,0,0
-61,119,1233,0,0,0,0
-61,120,1049,1,0,0.09533,0
-61,121,1433,0,0,0,0
-61,122,451,0,0,0,0
-61,123,654,0,0,0,0
-61,124,98,0,0,0,0
-61,125,127,0,0,0,0
-61,126,115,0,0,0,0
-61,127,87,0,0,0,0
-61,128,58,0,0,0,0
-61,129,43,0,0,0,0
-61,130,22,0,0,0,0
-61,131,68,0,0,0,0
-61,132,94,0,0,0,0
-61,133,124,0,0,0,0
-61,134,162,0,0,0,0
-61,135,104,0,0,0,0
-61,136,64,0,0,0,0
-61,142,624,0,0,0,0
-61,143,1216,0,0,0,0
-61,144,1942,0,0,0,0
-61,145,1572,0,0,0,0
-61,146,2322,0,0,0,0
-61,147,3172,1,0,0.03153,0
-61,148,2880,0,0,0,0
-61,149,2614,1,0,0.03826,0
-61,150,2350,0,0,0,0
-61,151,1970,0,0,0,0
-61,152,1796,0,0,0,0
-61,153,2916,3,0,0.1029,0
-61,154,1846,4,0,0.2167,0
-61,155,2190,4,0,0.1826,0
-61,156,2244,0,0,0,0
-61,157,1900,1,0,0.05263,0
-61,158,1594,0,0,0,0
-61,159,900,0,0,0,0
-61,160,504,0,0,0,0
-61,161,1102,0,0,0,0
-61,162,556,0,0,0,0
-61,163,216,0,0,0,0
-61,164,248,0,0,0,0
-61,165,158,0,0,0,0
-61,166,84,0,0,0,0
-61,167,242,0,0,0,0
-61,168,204,0,0,0,0
-61,169,262,0,0,0,0
-61,170,108,0,0,0,0
-61,171,150,0,0,0,0
-61,172,346,0,0,0,0
-61,173,520,1,0,0.1923,0
-61,174,502,0,0,0,0
-61,175,696,0,0,0,0
-61,177,54,0,0,0,0
-61,179,212,0,0,0,0
-60,-157,3,0,0,0,0
-60,-156,3,0,0,0,0
-60,-155,6,0,0,0,0
-60,-154,4,0,0,0,0
-60,-153,2,0,0,0,0
-60,-152,11,0,0,0,0
-60,-151,6,0,0,0,0
-60,-150,8,0,0,0,0
-60,-149,3,0,0,0,0
-60,-148,5,0,0,0,0
-60,-147,1,0,0,0,0
-60,-146,11,0,0,0,0
-60,-145,5,0,0,0,0
-60,-144,3,0,0,0,0
-60,-143,5,0,0,0,0
-60,-142,9,0,0,0,0
-60,-141,6,0,0,0,0
-60,-140,9,0,0,0,0
-60,-139,5,0,0,0,0
-60,-138,10,0,0,0,0
-60,-137,6,0,0,0,0
-60,-136,7,0,0,0,0
-60,-135,7,0,0,0,0
-60,-134,5,0,0,0,0
-60,-133,6,0,0,0,0
-60,-132,7,0,0,0,0
-60,-131,8,0,0,0,0
-60,-130,4,0,0,0,0
-60,-129,7,0,0,0,0
-60,-128,7,0,0,0,0
-60,-127,8,0,0,0,0
-60,-126,2,0,0,0,0
-60,-125,4,0,0,0,0
-60,-124,5,0,0,0,0
-60,-123,9,0,0,0,0
-60,-122,4,0,0,0,0
-60,-121,4,0,0,0,0
-60,-120,5,0,0,0,0
-60,-119,9,0,0,0,0
-60,-118,7,0,0,0,0
-60,-117,7,0,0,0,0
-60,-116,4,0,0,0,0
-60,-115,10,0,0,0,0
-60,-114,6,0,0,0,0
-60,-113,9,0,0,0,0
-60,-112,5,0,0,0,0
-60,-111,10,0,0,0,0
-60,-110,5,0,0,0,0
-60,-109,7,0,0,0,0
-60,-108,4,0,0,0,0
-60,-107,5,0,0,0,0
-60,-106,1,0,0,0,0
-60,-105,12,0,0,0,0
-60,-104,4,0,0,0,0
-60,-103,3,0,0,0,0
-60,-102,5,0,0,0,0
-60,-101,9,0,0,0,0
-60,-100,5,0,0,0,0
-60,-99,8,0,0,0,0
-60,-98,7,0,0,0,0
-60,-97,9,0,0,0,0
-60,-96,7,0,0,0,0
-60,-95,6,0,0,0,0
-60,-94,9,0,0,0,0
-60,-93,2,0,0,0,0
-60,-92,3,0,0,0,0
-60,-91,7,0,0,0,0
-60,-90,7,0,0,0,0
-60,-89,4,0,0,0,0
-60,-88,5,0,0,0,0
-60,-87,6,0,0,0,0
-60,-86,8,0,0,0,0
-60,-85,7,0,0,0,0
-60,-84,8,0,0,0,0
-60,-83,5,0,0,0,0
-60,-82,11,0,0,0,0
-60,-81,6,0,0,0,0
-60,-80,8,0,0,0,0
-60,-79,5,0,0,0,0
-60,-78,10,0,0,0,0
-60,-77,82,0,0,0,0
-60,-76,163,0,0,0,0
-60,-75,305,0,0,0,0
-60,-74,461,0,0,0,0
-60,-73,872,0,0,0,0
-60,-72,1208,0,0,0,0
-60,-71,1669,0,0,0,0
-60,-70,2249,0,0,0,0
-60,-69,2762,0,0,0,0
-60,-68,3246,1,0,0.03081,0
-60,-67,2544,0,0,0,0
-60,-66,4073,1,0,0.02455,0
-60,-65,2710,0,0,0,0
-60,-64,2883,2,0,0.06937,0
-60,-63,2259,3,2,0.1328,8.853
-60,-62,2532,7,4,0.2765,15.8
-60,-61,1492,0,0,0,0
-60,-60,2373,5,0,0.2107,0
-60,-59,2328,1,0,0.04296,0
-60,-58,2897,0,0,0,0
-60,-57,2849,0,0,0,0
-60,-56,2485,0,0,0,0
-60,-55,3275,1,0,0.03053,0
-60,-54,2425,4,0,0.1649,0
-60,-53,2964,1,0,0.03374,0
-60,-52,2356,2,0,0.08489,0
-60,-51,3564,1,0,0.02806,0
-60,-50,1988,1,0,0.0503,0
-60,-49,2494,0,0,0,0
-60,-48,2996,0,0,0,0
-60,-47,3056,0,0,0,0
-60,-46,3327,1,0,0.03006,0
-60,-45,3314,1,0,0.03018,0
-60,-44,2282,1,0,0.04382,0
-60,-43,3394,0,0,0,0
-60,-42,2321,0,0,0,0
-60,-41,4509,0,0,0,0
-60,-40,2321,1,0,0.04308,0
-60,-39,4361,2,0,0.04586,0
-60,-38,1883,0,0,0,0
-60,-37,4479,2,0,0.04465,0
-60,-36,2016,0,0,0,0
-60,-35,3318,0,0,0,0
-60,-34,2445,0,0,0,0
-60,-33,3399,1,0,0.02942,0
-60,-32,2599,0,0,0,0
-60,-31,3226,0,0,0,0
-60,-30,3073,0,0,0,0
-60,-29,5249,1,0,0.01905,0
-60,-28,4226,0,0,0,0
-60,-27,6422,2,0,0.03114,0
-60,-26,5376,2,0,0.0372,0
-60,-25,5359,1,0,0.01866,0
-60,-24,5609,2,0,0.03566,0
-60,-23,4400,1,0,0.02273,0
-60,-22,5127,0,0,0,0
-60,-21,3955,1,0,0.02528,0
-60,-20,3044,0,0,0,0
-60,-19,3280,0,0,0,0
-60,-18,3045,0,0,0,0
-60,-17,2069,0,0,0,0
-60,-16,2255,0,0,0,0
-60,-15,1947,0,0,0,0
-60,-14,2120,0,0,0,0
-60,-13,2120,0,0,0,0
-60,-12,2348,1,0,0.04259,0
-60,-11,1278,0,0,0,0
-60,-10,1508,0,0,0,0
-60,-9,430,0,0,0,0
-60,-8,1154,3,0,0.26,0
-60,-7,290,0,0,0,0
-60,-6,1072,0,0,0,0
-60,-5,252,0,0,0,0
-60,-4,494,0,0,0,0
-60,-3,163,0,0,0,0
-60,-2,1994,0,0,0,0
-60,-1,1398,0,0,0,0
-60,0,2720,0,0,0,0
-60,1,1867,0,0,0,0
-60,2,2027,0,0,0,0
-60,3,1476,0,0,0,0
-60,4,1701,0,0,0,0
-60,5,2097,1,0,0.04769,0
-60,6,760,0,0,0,0
-60,7,1146,0,0,0,0
-60,8,62,0,0,0,0
-60,9,124,0,0,0,0
-60,10,93,0,0,0,0
-60,11,93,0,0,0,0
-60,12,173,0,0,0,0
-60,13,145,0,0,0,0
-60,14,142,0,0,0,0
-60,15,219,0,0,0,0
-60,16,129,0,0,0,0
-60,17,62,0,0,0,0
-60,18,126,0,0,0,0
-60,19,230,0,0,0,0
-60,20,36,0,0,0,0
-60,21,115,0,0,0,0
-60,22,65,0,0,0,0
-60,23,63,0,0,0,0
-60,24,126,0,0,0,0
-60,25,84,0,0,0,0
-60,26,54,0,0,0,0
-60,27,400,1,0,0.25,0
-60,28,612,0,0,0,0
-60,29,826,0,0,0,0
-60,30,636,1,0,0.1572,0
-60,31,6,0,0,0,0
-60,32,8,0,0,0,0
-60,33,8,0,0,0,0
-60,34,6,0,0,0,0
-60,37,84,0,0,0,0
-60,38,56,0,0,0,0
-60,39,364,0,0,0,0
-60,40,828,0,0,0,0
-60,41,1084,0,0,0,0
-60,42,916,0,0,0,0
-60,43,1822,0,0,0,0
-60,44,1638,1,0,0.06105,0
-60,45,1356,0,0,0,0
-60,46,2396,0,0,0,0
-60,47,1586,0,0,0,0
-60,48,1218,0,0,0,0
-60,49,1092,0,0,0,0
-60,50,2340,0,0,0,0
-60,51,1166,0,0,0,0
-60,52,623,0,0,0,0
-60,53,1214,0,0,0,0
-60,54,2574,1,0,0.03885,0
-60,55,724,0,0,0,0
-60,56,1706,0,0,0,0
-60,57,1154,0,0,0,0
-60,58,2376,1,0,0.04209,0
-60,59,1630,0,0,0,0
-60,60,3558,1,0,0.02811,0
-60,61,1654,0,0,0,0
-60,62,2044,0,0,0,0
-60,63,2200,0,0,0,0
-60,64,1652,0,0,0,0
-60,65,1998,0,0,0,0
-60,66,1434,0,0,0,0
-60,67,1402,0,0,0,0
-60,68,1450,0,0,0,0
-60,69,1784,0,0,0,0
-60,70,2362,1,0,0.04234,0
-60,71,1686,0,0,0,0
-60,72,1801,1,0,0.05552,0
-60,73,1316,1,0,0.07599,0
-60,74,1622,0,0,0,0
-60,75,1421,0,0,0,0
-60,76,1536,0,0,0,0
-60,77,1400,0,0,0,0
-60,78,2152,0,0,0,0
-60,79,1771,0,0,0,0
-60,80,3066,0,0,0,0
-60,81,2920,0,0,0,0
-60,82,3855,0,0,0,0
-60,83,4174,2,0,0.04792,0
-60,84,3693,0,0,0,0
-60,85,4992,1,0,0.02003,0
-60,86,3346,1,0,0.02989,0
-60,87,4968,3,0,0.06039,0
-60,88,3368,0,0,0,0
-60,89,5312,5,0,0.09413,0
-60,90,2691,0,0,0,0
-60,91,5703,1,0,0.01753,0
-60,92,3260,0,0,0,0
-60,93,5118,2,0,0.03908,0
-60,94,3109,1,0,0.03216,0
-60,95,4271,1,0,0.02341,0
-60,96,3064,0,0,0,0
-60,97,2789,0,0,0,0
-60,98,2825,0,0,0,0
-60,99,1981,0,0,0,0
-60,100,1284,0,0,0,0
-60,101,638,0,0,0,0
-60,102,646,0,0,0,0
-60,103,506,0,0,0,0
-60,104,508,0,0,0,0
-60,105,734,0,0,0,0
-60,106,962,0,0,0,0
-60,107,970,0,0,0,0
-60,108,1562,0,0,0,0
-60,109,323,0,0,0,0
-60,110,1181,0,0,0,0
-60,111,317,0,0,0,0
-60,112,211,0,0,0,0
-60,113,156,0,0,0,0
-60,114,260,0,0,0,0
-60,115,108,0,0,0,0
-60,116,216,0,0,0,0
-60,118,156,0,0,0,0
-60,120,110,1,0,0.9091,0
-60,129,7,0,0,0,0
-60,135,70,0,0,0,0
-60,143,560,0,0,0,0
-60,145,220,0,0,0,0
-60,146,398,0,0,0,0
-60,147,500,0,0,0,0
-60,148,546,0,0,0,0
-60,149,546,0,0,0,0
-60,150,616,0,0,0,0
-60,151,390,0,0,0,0
-60,154,242,0,0,0,0
-60,155,224,0,0,0,0
-60,156,682,0,0,0,0
-60,157,928,0,0,0,0
-60,158,340,0,0,0,0
-60,159,238,0,0,0,0
-60,160,320,0,0,0,0
-60,161,390,0,0,0,0
-60,162,146,0,0,0,0
-60,163,72,0,0,0,0
-60,164,22,0,0,0,0
-60,166,70,0,0,0,0
-60,167,28,0,0,0,0
-60,168,126,0,0,0,0
-59,-156,3,0,0,0,0
-59,-155,4,0,0,0,0
-59,-154,4,0,0,0,0
-59,-153,5,0,0,0,0
-59,-152,4,0,0,0,0
-59,-151,9,0,0,0,0
-59,-150,8,0,0,0,0
-59,-149,7,0,0,0,0
-59,-148,2,0,0,0,0
-59,-147,6,0,0,0,0
-59,-146,2,0,0,0,0
-59,-145,10,0,0,0,0
-59,-144,6,0,0,0,0
-59,-143,2,0,0,0,0
-59,-142,5,0,0,0,0
-59,-141,10,0,0,0,0
-59,-140,5,0,0,0,0
-59,-139,9,0,0,0,0
-59,-138,4,0,0,0,0
-59,-137,11,0,0,0,0
-59,-136,5,0,0,0,0
-59,-135,8,0,0,0,0
-59,-134,5,0,0,0,0
-59,-133,10,0,0,0,0
-59,-132,4,0,0,0,0
-59,-131,9,0,0,0,0
-59,-130,6,0,0,0,0
-59,-129,7,0,0,0,0
-59,-128,8,0,0,0,0
-59,-127,7,1,0,14.29,0
-59,-126,7,0,0,0,0
-59,-125,3,0,0,0,0
-59,-124,3,0,0,0,0
-59,-123,8,0,0,0,0
-59,-122,6,0,0,0,0
-59,-121,4,0,0,0,0
-59,-120,5,0,0,0,0
-59,-119,5,0,0,0,0
-59,-118,9,0,0,0,0
-59,-117,8,0,0,0,0
-59,-116,8,0,0,0,0
-59,-115,4,0,0,0,0
-59,-114,9,0,0,0,0
-59,-113,8,0,0,0,0
-59,-112,7,0,0,0,0
-59,-111,5,0,0,0,0
-59,-110,10,0,0,0,0
-59,-109,7,0,0,0,0
-59,-108,8,0,0,0,0
-59,-107,3,0,0,0,0
-59,-106,6,0,0,0,0
-59,-104,12,0,0,0,0
-59,-103,5,0,0,0,0
-59,-102,2,0,0,0,0
-59,-101,5,0,0,0,0
-59,-100,11,0,0,0,0
-59,-99,5,0,0,0,0
-59,-98,8,0,0,0,0
-59,-97,5,0,0,0,0
-59,-96,9,0,0,0,0
-59,-95,6,0,0,0,0
-59,-94,8,0,0,0,0
-59,-93,6,0,0,0,0
-59,-92,4,0,0,0,0
-59,-91,2,0,0,0,0
-59,-90,9,0,0,0,0
-59,-89,5,0,0,0,0
-59,-88,4,0,0,0,0
-59,-87,5,0,0,0,0
-59,-86,7,0,0,0,0
-59,-85,6,0,0,0,0
-59,-84,9,0,0,0,0
-59,-83,7,0,0,0,0
-59,-82,5,0,0,0,0
-59,-81,9,0,0,0,0
-59,-80,7,0,0,0,0
-59,-79,7,0,0,0,0
-59,-78,4,0,0,0,0
-59,-77,9,0,0,0,0
-59,-76,84,0,0,0,0
-59,-75,10,0,0,0,0
-59,-74,118,0,0,0,0
-59,-73,167,0,0,0,0
-59,-72,479,1,0,0.2088,0
-59,-71,622,0,0,0,0
-59,-70,1144,0,0,0,0
-59,-69,1274,0,0,0,0
-59,-68,1838,0,0,0,0
-59,-67,2969,0,0,0,0
-59,-66,2723,1,0,0.03672,0
-59,-65,3164,3,0,0.09482,0
-59,-64,2343,0,0,0,0
-59,-63,2449,2,0,0.08167,0
-59,-62,1926,0,0,0,0
-59,-61,1997,2,0,0.1002,0
-59,-60,1972,0,0,0,0
-59,-59,1994,0,0,0,0
-59,-58,2003,0,0,0,0
-59,-57,2224,0,0,0,0
-59,-56,3136,0,0,0,0
-59,-55,2028,0,0,0,0
-59,-54,2688,0,0,0,0
-59,-53,2480,0,0,0,0
-59,-52,3000,1,0,0.03333,0
-59,-51,2365,2,0,0.08457,0
-59,-50,2296,2,0,0.08711,0
-59,-49,2348,2,0,0.08518,0
-59,-48,2069,0,0,0,0
-59,-47,2961,3,0,0.1013,0
-59,-46,2408,2,0,0.08306,0
-59,-45,2302,0,0,0,0
-59,-44,2316,0,0,0,0
-59,-43,2244,0,0,0,0
-59,-42,3106,0,0,0,0
-59,-41,2838,2,0,0.07047,0
-59,-40,3738,1,0,0.02675,0
-59,-39,2680,2,0,0.07463,0
-59,-38,3855,7,0,0.1816,0
-59,-37,2512,1,0,0.03981,0
-59,-36,3441,1,0,0.02906,0
-59,-35,2323,0,0,0,0
-59,-34,2685,0,0,0,0
-59,-33,2180,0,0,0,0
-59,-32,3061,0,0,0,0
-59,-31,3322,1,0,0.0301,0
-59,-30,3378,0,0,0,0
-59,-29,3663,0,0,0,0
-59,-28,5157,0,0,0,0
-59,-27,4876,0,0,0,0
-59,-26,6087,1,0,0.01643,0
-59,-25,5762,1,0,0.01736,0
-59,-24,4716,2,0,0.04241,0
-59,-23,5520,0,0,0,0
-59,-22,4443,3,0,0.06752,0
-59,-21,3165,0,0,0,0
-59,-20,4389,3,0,0.06835,0
-59,-19,2231,0,0,0,0
-59,-18,2380,0,0,0,0
-59,-17,2026,0,0,0,0
-59,-16,1295,0,0,0,0
-59,-15,1384,0,0,0,0
-59,-14,1622,0,0,0,0
-59,-13,1578,0,0,0,0
-59,-12,1464,0,0,0,0
-59,-11,1590,0,0,0,0
-59,-10,1052,2,0,0.1901,0
-59,-9,1254,0,0,0,0
-59,-8,686,0,0,0,0
-59,-7,922,0,0,0,0
-59,-6,414,0,0,0,0
-59,-5,464,0,0,0,0
-59,-4,182,0,0,0,0
-59,-3,898,0,0,0,0
-59,-2,1377,2,0,0.1452,0
-59,-1,1503,0,0,0,0
-59,0,1295,1,0,0.07722,0
-59,1,1976,1,0,0.05061,0
-59,2,1202,0,0,0,0
-59,3,1683,0,0,0,0
-59,4,1729,0,0,0,0
-59,5,408,0,0,0,0
-59,6,510,0,0,0,0
-59,7,7,0,0,0,0
-59,8,179,0,0,0,0
-59,9,62,0,0,0,0
-59,10,124,0,0,0,0
-59,11,155,0,0,0,0
-59,12,177,0,0,0,0
-59,13,124,0,0,0,0
-59,14,249,0,0,0,0
-59,15,101,0,0,0,0
-59,16,38,0,0,0,0
-59,17,78,0,0,0,0
-59,18,76,0,0,0,0
-59,19,24,0,0,0,0
-59,20,10,0,0,0,0
-59,21,2,0,0,0,0
-59,22,42,0,0,0,0
-59,23,84,0,0,0,0
-59,24,63,0,0,0,0
-59,25,42,0,0,0,0
-59,33,2,0,0,0,0
-59,39,56,0,0,0,0
-59,40,112,0,0,0,0
-59,41,302,0,0,0,0
-59,42,862,0,0,0,0
-59,43,392,0,0,0,0
-59,44,1312,0,0,0,0
-59,45,1568,0,0,0,0
-59,46,198,0,0,0,0
-59,47,302,0,0,0,0
-59,48,450,0,0,0,0
-59,49,890,0,0,0,0
-59,51,190,0,0,0,0
-59,52,666,0,0,0,0
-59,53,1592,0,0,0,0
-59,54,278,0,0,0,0
-59,55,1399,0,0,0,0
-59,56,803,0,0,0,0
-59,57,2053,0,0,0,0
-59,58,1818,2,0,0.11,0
-59,59,3650,0,0,0,0
-59,60,1722,0,0,0,0
-59,61,2132,0,0,0,0
-59,62,1978,2,0,0.1011,0
-59,63,1790,0,0,0,0
-59,64,1582,0,0,0,0
-59,65,904,0,0,0,0
-59,66,678,0,0,0,0
-59,68,28,0,0,0,0
-59,69,68,0,0,0,0
-59,70,526,0,0,0,0
-59,71,394,0,0,0,0
-59,72,531,0,0,0,0
-59,73,664,0,0,0,0
-59,74,1350,0,0,0,0
-59,75,467,0,0,0,0
-59,76,859,0,0,0,0
-59,77,550,0,0,0,0
-59,78,1489,1,0,0.06716,0
-59,79,1510,0,0,0,0
-59,80,2011,0,0,0,0
-59,81,1869,0,0,0,0
-59,82,3113,0,0,0,0
-59,83,2138,0,0,0,0
-59,84,3340,0,0,0,0
-59,85,2063,0,0,0,0
-59,86,3903,2,0,0.05124,0
-59,87,2306,1,0,0.04337,0
-59,88,3737,0,0,0,0
-59,89,2352,0,0,0,0
-59,90,3200,1,0,0.03125,0
-59,91,2415,1,0,0.04141,0
-59,92,2674,0,0,0,0
-59,93,2255,0,0,0,0
-59,94,2637,1,0,0.03792,0
-59,95,2172,0,0,0,0
-59,96,2283,0,0,0,0
-59,97,2292,0,0,0,0
-59,98,1861,0,0,0,0
-59,99,1007,0,0,0,0
-59,100,357,0,0,0,0
-59,101,292,0,0,0,0
-59,102,216,0,0,0,0
-59,103,278,0,0,0,0
-59,104,108,0,0,0,0
-59,105,162,0,0,0,0
-59,106,44,0,0,0,0
-59,107,132,0,0,0,0
-59,109,108,0,0,0,0
-58,-155,4,0,0,0,0
-58,-154,4,0,0,0,0
-58,-153,4,0,0,0,0
-58,-152,6,0,0,0,0
-58,-151,4,0,0,0,0
-58,-150,7,0,0,0,0
-58,-149,9,0,0,0,0
-58,-148,7,0,0,0,0
-58,-147,3,0,0,0,0
-58,-146,4,0,0,0,0
-58,-145,4,0,0,0,0
-58,-144,7,0,0,0,0
-58,-143,6,0,0,0,0
-58,-142,3,0,0,0,0
-58,-141,5,0,0,0,0
-58,-140,10,0,0,0,0
-58,-139,8,0,0,0,0
-58,-138,7,0,0,0,0
-58,-137,3,0,0,0,0
-58,-136,12,0,0,0,0
-58,-135,6,0,0,0,0
-58,-134,8,0,0,0,0
-58,-133,4,0,0,0,0
-58,-132,12,0,0,0,0
-58,-131,4,0,0,0,0
-58,-130,8,0,0,0,0
-58,-129,5,0,0,0,0
-58,-128,10,0,0,0,0
-58,-127,6,0,0,0,0
-58,-126,8,0,0,0,0
-58,-125,5,0,0,0,0
-58,-124,5,0,0,0,0
-58,-123,1,0,0,0,0
-58,-122,10,0,0,0,0
-58,-121,5,0,0,0,0
-58,-120,3,0,0,0,0
-58,-119,6,0,0,0,0
-58,-118,7,0,0,0,0
-58,-117,5,0,0,0,0
-58,-116,10,0,0,0,0
-58,-115,7,0,0,0,0
-58,-114,5,0,0,0,0
-58,-113,8,0,0,0,0
-58,-112,8,0,0,0,0
-58,-111,6,0,0,0,0
-58,-110,5,0,0,0,0
-58,-109,8,0,0,0,0
-58,-108,9,0,0,0,0
-58,-107,7,0,0,0,0
-58,-106,2,0,0,0,0
-58,-105,6,0,0,0,0
-58,-104,2,0,0,0,0
-58,-103,8,0,0,0,0
-58,-102,6,0,0,0,0
-58,-101,2,0,0,0,0
-58,-100,3,0,0,0,0
-58,-99,12,0,0,0,0
-58,-98,5,0,0,0,0
-58,-97,9,0,0,0,0
-58,-96,4,0,0,0,0
-58,-95,11,0,0,0,0
-58,-94,4,0,0,0,0
-58,-93,8,0,0,0,0
-58,-92,5,0,0,0,0
-58,-91,5,0,0,0,0
-58,-90,1,0,0,0,0
-58,-89,11,0,0,0,0
-58,-88,4,0,0,0,0
-58,-87,3,0,0,0,0
-58,-86,6,0,0,0,0
-58,-85,8,0,0,0,0
-58,-84,6,0,0,0,0
-58,-83,10,0,0,0,0
-58,-82,6,0,0,0,0
-58,-81,6,0,0,0,0
-58,-80,8,0,0,0,0
-58,-79,9,0,0,0,0
-58,-78,6,0,0,0,0
-58,-77,6,0,0,0,0
-58,-76,7,0,0,0,0
-58,-75,10,0,0,0,0
-58,-74,7,0,0,0,0
-58,-73,5,0,0,0,0
-58,-72,11,0,0,0,0
-58,-71,302,0,0,0,0
-58,-70,427,0,0,0,0
-58,-69,673,0,0,0,0
-58,-68,933,0,0,0,0
-58,-67,935,1,0,0.107,0
-58,-66,1223,0,0,0,0
-58,-65,1381,0,0,0,0
-58,-64,1374,0,0,0,0
-58,-63,1881,1,0,0.05316,0
-58,-62,1577,0,0,0,0
-58,-61,2393,0,0,0,0
-58,-60,1662,1,0,0.06017,0
-58,-59,1532,0,0,0,0
-58,-58,1897,0,0,0,0
-58,-57,2037,0,0,0,0
-58,-56,1872,0,0,0,0
-58,-55,2154,0,0,0,0
-58,-54,1691,0,0,0,0
-58,-53,2559,1,0,0.03908,0
-58,-52,2294,1,0,0.04359,0
-58,-51,1566,1,0,0.06386,0
-58,-50,2445,1,0,0.0409,0
-58,-49,1554,0,0,0,0
-58,-48,1638,0,0,0,0
-58,-47,968,0,0,0,0
-58,-46,1971,2,0,0.1015,0
-58,-45,922,0,0,0,0
-58,-44,1240,0,0,0,0
-58,-43,1415,0,0,0,0
-58,-42,1802,0,0,0,0
-58,-41,1805,1,0,0.0554,0
-58,-40,2359,1,0,0.04239,0
-58,-39,2530,0,0,0,0
-58,-38,2859,2,0,0.06995,0
-58,-37,2782,1,0,0.03595,0
-58,-36,2558,3,0,0.1173,0
-58,-35,1899,1,0,0.05266,0
-58,-34,2424,2,0,0.08251,0
-58,-33,1408,0,0,0,0
-58,-32,2771,0,0,0,0
-58,-31,2363,0,0,0,0
-58,-30,4013,0,0,0,0
-58,-29,2976,0,0,0,0
-58,-28,4311,1,0,0.0232,0
-58,-27,4155,0,0,0,0
-58,-26,5177,3,0,0.05795,0
-58,-25,4700,0,0,0,0
-58,-24,5318,2,0,0.03761,0
-58,-23,3769,0,0,0,0
-58,-22,3403,0,0,0,0
-58,-21,4213,1,0,0.02374,0
-58,-20,1748,0,0,0,0
-58,-19,3330,5,0,0.1502,0
-58,-18,1143,0,0,0,0
-58,-17,1336,0,0,0,0
-58,-16,1050,0,0,0,0
-58,-15,1298,0,0,0,0
-58,-14,992,0,0,0,0
-58,-13,1702,0,0,0,0
-58,-12,1010,0,0,0,0
-58,-11,1630,0,0,0,0
-58,-10,1074,0,0,0,0
-58,-9,1286,1,0,0.07776,0
-58,-8,822,0,0,0,0
-58,-7,806,1,0,0.1241,0
-58,-6,456,0,0,0,0
-58,-5,558,1,0,0.1792,0
-58,-4,310,2,0,0.6452,0
-58,-3,1637,0,0,0,0
-58,-2,642,0,0,0,0
-58,-1,1794,0,0,0,0
-58,0,1802,0,0,0,0
-58,1,1197,0,0,0,0
-58,2,1382,0,0,0,0
-58,3,1909,0,0,0,0
-58,4,408,0,0,0,0
-58,5,530,0,0,0,0
-58,7,59,0,0,0,0
-58,9,83,0,0,0,0
-58,10,100,0,0,0,0
-58,11,127,0,0,0,0
-58,12,157,0,0,0,0
-58,13,187,0,0,0,0
-58,14,41,0,0,0,0
-58,15,52,0,0,0,0
-58,16,76,0,0,0,0
-58,17,88,0,0,0,0
-58,18,26,0,0,0,0
-58,19,8,0,0,0,0
-58,20,4,0,0,0,0
-58,42,56,0,0,0,0
-58,56,216,0,0,0,0
-58,57,696,0,0,0,0
-58,58,788,0,0,0,0
-58,59,1266,1,0,0.07899,0
-58,60,1288,0,0,0,0
-58,61,1528,0,0,0,0
-58,62,1878,0,0,0,0
-58,63,1790,0,0,0,0
-58,64,922,0,0,0,0
-58,65,678,0,0,0,0
-58,73,20,0,0,0,0
-58,75,106,0,0,0,0
-58,76,8,0,0,0,0
-58,77,156,0,0,0,0
-58,79,116,0,0,0,0
-58,80,214,0,0,0,0
-58,81,734,0,0,0,0
-58,82,150,2,0,1.333,0
-58,83,719,1,0,0.1391,0
-58,85,568,0,0,0,0
-58,86,71,0,0,0,0
-58,87,560,1,0,0.1786,0
-58,88,308,0,0,0,0
-58,89,638,0,0,0,0
-58,90,552,0,0,0,0
-58,91,230,0,0,0,0
-58,92,564,0,0,0,0
-58,93,64,0,0,0,0
-58,94,695,0,0,0,0
-58,95,14,0,0,0,0
-58,96,586,0,0,0,0
-58,97,23,0,0,0,0
-58,98,133,0,0,0,0
-58,100,64,0,0,0,0
-57,-154,5,0,0,0,0
-57,-153,4,0,0,0,0
-57,-152,3,0,0,0,0
-57,-151,6,0,0,0,0
-57,-150,9,0,0,0,0
-57,-149,5,0,0,0,0
-57,-148,10,0,0,0,0
-57,-147,6,0,0,0,0
-57,-146,3,0,0,0,0
-57,-145,3,0,0,0,0
-57,-144,8,0,0,0,0
-57,-143,5,0,0,0,0
-57,-142,5,0,0,0,0
-57,-141,5,0,0,0,0
-57,-140,4,0,0,0,0
-57,-139,8,0,0,0,0
-57,-138,9,0,0,0,0
-57,-137,5,0,0,0,0
-57,-136,4,0,0,0,0
-57,-135,9,0,0,0,0
-57,-134,10,0,0,0,0
-57,-133,5,0,0,0,0
-57,-132,3,0,0,0,0
-57,-131,11,0,0,0,0
-57,-130,8,0,0,0,0
-57,-129,6,0,0,0,0
-57,-128,3,0,0,0,0
-57,-127,10,0,0,0,0
-57,-126,7,0,0,0,0
-57,-125,7,0,0,0,0
-57,-124,4,0,0,0,0
-57,-123,6,0,0,0,0
-57,-121,10,0,0,0,0
-57,-120,5,0,0,0,0
-57,-119,2,0,0,0,0
-57,-118,6,0,0,0,0
-57,-117,10,0,0,0,0
-57,-116,4,0,0,0,0
-57,-115,10,0,0,0,0
-57,-114,6,0,0,0,0
-57,-113,7,0,0,0,0
-57,-112,7,0,0,0,0
-57,-111,10,0,0,0,0
-57,-110,5,0,0,0,0
-57,-109,7,0,0,0,0
-57,-108,6,0,0,0,0
-57,-107,10,0,0,0,0
-57,-106,7,0,0,0,0
-57,-105,2,0,0,0,0
-57,-104,4,0,0,0,0
-57,-103,7,0,0,0,0
-57,-102,5,0,0,0,0
-57,-101,6,0,0,0,0
-57,-100,5,0,0,0,0
-57,-99,3,0,0,0,0
-57,-98,10,0,0,0,0
-57,-97,9,0,0,0,0
-57,-96,5,0,0,0,0
-57,-95,3,0,0,0,0
-57,-94,11,0,0,0,0
-57,-93,7,0,0,0,0
-57,-92,8,0,0,0,0
-57,-91,3,0,0,0,0
-57,-90,6,0,0,0,0
-57,-89,1,0,0,0,0
-57,-88,9,0,0,0,0
-57,-87,5,0,0,0,0
-57,-86,3,0,0,0,0
-57,-85,4,0,0,0,0
-57,-84,11,0,0,0,0
-57,-83,4,0,0,0,0
-57,-82,7,0,0,0,0
-57,-81,6,0,0,0,0
-57,-80,9,0,0,0,0
-57,-79,5,0,0,0,0
-57,-78,9,0,0,0,0
-57,-77,5,0,0,0,0
-57,-76,8,0,0,0,0
-57,-75,5,0,0,0,0
-57,-74,83,0,0,0,0
-57,-73,6,0,0,0,0
-57,-72,565,0,0,0,0
-57,-71,4,0,0,0,0
-57,-70,609,0,0,0,0
-57,-69,104,0,0,0,0
-57,-68,674,1,0,0.1484,0
-57,-67,64,0,0,0,0
-57,-66,288,0,0,0,0
-57,-65,547,0,0,0,0
-57,-64,687,0,0,0,0
-57,-63,720,0,0,0,0
-57,-62,878,1,0,0.1139,0
-57,-61,615,0,0,0,0
-57,-60,779,0,0,0,0
-57,-59,1273,1,0,0.07855,0
-57,-58,1615,0,0,0,0
-57,-57,891,0,0,0,0
-57,-56,1262,0,0,0,0
-57,-55,2199,1,0,0.04548,0
-57,-54,1944,0,0,0,0
-57,-53,1816,1,0,0.05507,0
-57,-52,1509,0,0,0,0
-57,-51,2010,0,0,0,0
-57,-50,1424,0,0,0,0
-57,-49,2023,1,0,0.04943,0
-57,-48,736,0,0,0,0
-57,-47,668,0,0,0,0
-57,-46,122,0,0,0,0
-57,-45,211,0,0,0,0
-57,-44,182,0,0,0,0
-57,-43,759,1,0,0.1318,0
-57,-42,774,3,0,0.3876,0
-57,-41,1000,2,0,0.2,0
-57,-40,1524,1,0,0.06562,0
-57,-39,1921,0,0,0,0
-57,-38,1764,1,0,0.05669,0
-57,-37,2346,2,0,0.08525,0
-57,-36,1430,0,0,0,0
-57,-35,1686,0,0,0,0
-57,-34,892,1,0,0.1121,0
-57,-33,1788,1,0,0.05593,0
-57,-32,1334,0,0,0,0
-57,-31,2926,1,0,0.03418,0
-57,-30,2545,0,0,0,0
-57,-29,3682,1,0,0.02716,0
-57,-28,2918,0,0,0,0
-57,-27,3540,1,0,0.02825,0
-57,-26,3303,0,0,0,0
-57,-25,4419,3,0,0.06789,0
-57,-24,3954,0,0,0,0
-57,-23,3715,2,0,0.05384,0
-57,-22,3400,2,0,0.05882,0
-57,-21,2521,0,0,0,0
-57,-20,2452,1,0,0.04078,0
-57,-19,1202,0,0,0,0
-57,-18,1429,0,0,0,0
-57,-17,554,0,0,0,0
-57,-16,874,0,0,0,0
-57,-15,574,0,0,0,0
-57,-14,846,0,0,0,0
-57,-13,510,0,0,0,0
-57,-12,1052,0,0,0,0
-57,-11,618,0,0,0,0
-57,-10,1218,1,0,0.0821,0
-57,-9,650,0,0,0,0
-57,-8,838,0,0,0,0
-57,-7,400,0,0,0,0
-57,-6,580,0,0,0,0
-57,-5,138,0,0,0,0
-57,-4,1184,0,0,0,0
-57,-3,102,0,0,0,0
-57,-2,1552,0,0,0,0
-57,-1,1076,0,0,0,0
-57,0,1024,0,0,0,0
-57,1,1622,0,0,0,0
-57,2,1860,1,0,0.05376,0
-57,3,420,0,0,0,0
-57,4,558,0,0,0,0
-57,6,28,0,0,0,0
-57,7,14,0,0,0,0
-57,8,35,0,0,0,0
-57,9,28,0,0,0,0
-57,10,27,0,0,0,0
-57,11,48,0,0,0,0
-57,12,62,0,0,0,0
-57,13,66,0,0,0,0
-57,14,10,0,0,0,0
-57,15,12,0,0,0,0
-57,16,16,0,0,0,0
-57,17,14,0,0,0,0
-57,18,8,0,0,0,0
-57,19,6,0,0,0,0
-57,62,218,0,0,0,0
-57,63,222,0,0,0,0
-57,64,656,0,0,0,0
-57,70,19,0,0,0,0
-57,71,4,0,0,0,0
-57,76,103,0,0,0,0
-57,78,50,0,0,0,0
-56,-153,6,0,0,0,0
-56,-152,5,0,0,0,0
-56,-151,2,0,0,0,0
-56,-150,4,0,0,0,0
-56,-149,11,0,0,0,0
-56,-148,5,0,0,0,0
-56,-147,8,0,0,0,0
-56,-146,5,0,0,0,0
-56,-145,5,0,0,0,0
-56,-143,9,0,0,0,0
-56,-142,4,0,0,0,0
-56,-141,4,0,0,0,0
-56,-140,6,0,0,0,0
-56,-139,8,0,0,0,0
-56,-138,6,0,0,0,0
-56,-137,10,0,0,0,0
-56,-136,6,0,0,0,0
-56,-135,6,0,0,0,0
-56,-134,6,0,0,0,0
-56,-133,11,0,0,0,0
-56,-132,6,0,0,0,0
-56,-131,4,0,0,0,0
-56,-130,8,0,0,0,0
-56,-129,12,0,0,0,0
-56,-128,4,0,0,0,0
-56,-127,5,0,0,0,0
-56,-126,9,0,0,0,0
-56,-125,10,0,0,0,0
-56,-124,6,0,0,0,0
-56,-123,3,0,0,0,0
-56,-122,5,0,0,0,0
-56,-121,4,0,0,0,0
-56,-120,8,0,0,0,0
-56,-119,5,0,0,0,0
-56,-118,3,0,0,0,0
-56,-117,3,0,0,0,0
-56,-116,12,0,0,0,0
-56,-115,6,0,0,0,0
-56,-114,5,0,0,0,0
-56,-113,5,0,0,0,0
-56,-112,10,0,0,0,0
-56,-111,5,0,0,0,0
-56,-110,9,0,0,0,0
-56,-109,5,0,0,0,0
-56,-108,10,0,0,0,0
-56,-107,4,0,0,0,0
-56,-106,8,0,0,0,0
-56,-105,6,0,0,0,0
-56,-104,4,0,0,0,0
-56,-103,1,0,0,0,0
-56,-102,9,0,0,0,0
-56,-101,4,0,0,0,0
-56,-100,5,0,0,0,0
-56,-99,6,0,0,0,0
-56,-98,5,0,0,0,0
-56,-97,8,0,0,0,0
-56,-96,11,0,0,0,0
-56,-95,5,0,0,0,0
-56,-94,4,0,0,0,0
-56,-93,8,0,0,0,0
-56,-92,11,0,0,0,0
-56,-91,5,0,0,0,0
-56,-90,2,0,0,0,0
-56,-89,5,0,0,0,0
-56,-88,4,0,0,0,0
-56,-87,7,0,0,0,0
-56,-86,6,0,0,0,0
-56,-85,3,0,0,0,0
-56,-84,3,0,0,0,0
-56,-83,12,0,0,0,0
-56,-82,8,0,0,0,0
-56,-81,6,0,0,0,0
-56,-80,4,0,0,0,0
-56,-79,11,0,0,0,0
-56,-78,6,0,0,0,0
-56,-77,78,0,0,0,0
-56,-76,4,0,0,0,0
-56,-75,277,0,0,0,0
-56,-74,154,0,0,0,0
-56,-73,437,0,0,0,0
-56,-72,750,0,0,0,0
-56,-71,1106,0,0,0,0
-56,-70,946,0,0,0,0
-56,-69,1749,0,0,0,0
-56,-68,1816,0,0,0,0
-56,-67,2403,0,0,0,0
-56,-66,882,0,0,0,0
-56,-65,807,0,0,0,0
-56,-64,1,0,0,0,0
-56,-63,80,0,0,0,0
-56,-62,5,0,0,0,0
-56,-61,3,0,0,0,0
-56,-60,3,0,0,0,0
-56,-59,5,0,0,0,0
-56,-58,125,0,0,0,0
-56,-57,312,0,0,0,0
-56,-56,926,0,0,0,0
-56,-55,933,0,0,0,0
-56,-54,2383,0,0,0,0
-56,-53,1734,0,0,0,0
-56,-52,1734,0,0,0,0
-56,-51,1481,1,0,0.06752,0
-56,-50,1651,1,0,0.06057,0
-56,-49,1106,2,0,0.1808,0
-56,-48,962,2,0,0.2079,0
-56,-47,22,0,0,0,0
-56,-46,6,0,0,0,0
-56,-45,4,0,0,0,0
-56,-44,18,0,0,0,0
-56,-43,20,0,0,0,0
-56,-42,564,0,0,0,0
-56,-41,407,0,0,0,0
-56,-40,820,0,0,0,0
-56,-39,388,0,0,0,0
-56,-38,631,0,0,0,0
-56,-37,369,0,0,0,0
-56,-36,555,0,0,0,0
-56,-35,180,0,0,0,0
-56,-34,302,0,0,0,0
-56,-33,293,0,0,0,0
-56,-32,364,0,0,0,0
-56,-31,576,0,0,0,0
-56,-30,1439,0,0,0,0
-56,-29,1824,0,0,0,0
-56,-28,1691,0,0,0,0
-56,-27,2289,0,0,0,0
-56,-26,2195,0,0,0,0
-56,-25,2034,1,0,0.04916,0
-56,-24,2333,0,0,0,0
-56,-23,2663,1,0,0.03755,0
-56,-22,2376,0,0,0,0
-56,-21,1701,0,0,0,0
-56,-20,1141,0,0,0,0
-56,-19,659,1,0,0.1517,0
-56,-18,246,0,0,0,0
-56,-17,270,0,0,0,0
-56,-16,326,0,0,0,0
-56,-15,306,0,0,0,0
-56,-14,334,0,0,0,0
-56,-13,506,1,0,0.1976,0
-56,-12,460,0,0,0,0
-56,-11,606,1,0,0.165,0
-56,-10,438,0,0,0,0
-56,-9,712,0,0,0,0
-56,-8,432,0,0,0,0
-56,-7,398,0,0,0,0
-56,-6,270,0,0,0,0
-56,-5,292,0,0,0,0
-56,-4,152,0,0,0,0
-56,-3,256,0,0,0,0
-56,-2,184,0,0,0,0
-56,-1,584,0,0,0,0
-56,0,892,0,0,0,0
-56,1,1210,0,0,0,0
-56,2,622,0,0,0,0
-56,3,479,0,0,0,0
-56,4,86,0,0,0,0
-56,5,5,0,0,0,0
-56,6,14,0,0,0,0
-56,8,21,0,0,0,0
-56,9,35,0,0,0,0
-56,10,35,0,0,0,0
-56,11,28,0,0,0,0
-56,12,23,0,0,0,0
-56,13,8,0,0,0,0
-56,14,8,0,0,0,0
-56,15,10,0,0,0,0
-56,16,6,0,0,0,0
-56,69,45,0,0,0,0
-56,70,60,0,0,0,0
-56,71,181,0,0,0,0
-56,72,169,0,0,0,0
-56,73,227,0,0,0,0
-56,74,132,0,0,0,0
-56,75,122,0,0,0,0
-56,76,152,0,0,0,0
-56,77,293,0,0,0,0
-56,78,262,0,0,0,0
-56,79,279,0,0,0,0
-56,80,98,0,0,0,0
-56,81,57,0,0,0,0
-55,-152,6,0,0,0,0
-55,-151,6,0,0,0,0
-55,-150,5,0,0,0,0
-55,-149,2,0,0,0,0
-55,-148,11,0,0,0,0
-55,-147,10,0,0,0,0
-55,-146,4,0,0,0,0
-55,-145,4,0,0,0,0
-55,-144,5,0,0,0,0
-55,-143,4,0,0,0,0
-55,-142,8,0,0,0,0
-55,-141,4,0,0,0,0
-55,-140,4,0,0,0,0
-55,-139,4,0,0,0,0
-55,-138,10,0,0,0,0
-55,-137,7,0,0,0,0
-55,-136,5,0,0,0,0
-55,-135,5,0,0,0,0
-55,-134,10,0,0,0,0
-55,-133,5,0,0,0,0
-55,-132,8,0,0,0,0
-55,-131,6,0,0,0,0
-55,-130,8,0,0,0,0
-55,-129,5,0,0,0,0
-55,-128,9,0,0,0,0
-55,-127,5,0,0,0,0
-55,-126,7,0,0,0,0
-55,-125,5,0,0,0,0
-55,-124,10,0,0,0,0
-55,-123,6,0,0,0,0
-55,-122,3,0,0,0,0
-55,-121,2,0,0,0,0
-55,-120,5,0,0,0,0
-55,-119,5,0,0,0,0
-55,-118,6,0,0,0,0
-55,-117,5,0,0,0,0
-55,-116,3,0,0,0,0
-55,-115,10,0,0,0,0
-55,-114,11,0,0,0,0
-55,-113,4,0,0,0,0
-55,-112,3,0,0,0,0
-55,-111,10,0,0,0,0
-55,-110,9,0,0,0,0
-55,-109,5,0,0,0,0
-55,-108,3,0,0,0,0
-55,-107,12,0,0,0,0
-55,-106,9,0,0,0,0
-55,-105,5,0,0,0,0
-55,-104,4,0,0,0,0
-55,-103,6,0,0,0,0
-55,-102,2,0,0,0,0
-55,-101,8,0,0,0,0
-55,-100,4,0,0,0,0
-55,-99,2,0,0,0,0
-55,-98,6,0,0,0,0
-55,-97,8,0,0,0,0
-55,-96,6,0,0,0,0
-55,-95,6,0,0,0,0
-55,-94,6,0,0,0,0
-55,-93,8,0,0,0,0
-55,-92,4,0,0,0,0
-55,-91,7,0,0,0,0
-55,-90,6,0,0,0,0
-55,-89,4,0,0,0,0
-55,-88,1,0,0,0,0
-55,-87,5,0,0,0,0
-55,-86,4,0,0,0,0
-55,-85,6,0,0,0,0
-55,-84,6,0,0,0,0
-55,-83,4,0,0,0,0
-55,-82,7,0,0,0,0
-55,-81,9,0,0,0,0
-55,-80,4,0,0,0,0
-55,-79,4,0,0,0,0
-55,-78,9,0,0,0,0
-55,-77,224,0,0,0,0
-55,-76,272,0,0,0,0
-55,-75,1657,2,0,0.1207,0
-55,-74,1715,1,0,0.05831,0
-55,-73,1490,0,0,0,0
-55,-72,1490,0,0,0,0
-55,-71,999,0,0,0,0
-55,-70,1136,0,0,0,0
-55,-69,2707,14,0,0.5172,0
-55,-68,2020,45,0,2.228,0
-55,-67,1561,0,0,0,0
-55,-66,2223,0,0,0,0
-55,-65,552,0,0,0,0
-55,-64,578,0,0,0,0
-55,-63,151,0,0,0,0
-55,-62,149,0,0,0,0
-55,-61,6,0,0,0,0
-55,-60,5,0,0,0,0
-55,-59,3,0,0,0,0
-55,-58,4,0,0,0,0
-55,-57,10,0,0,0,0
-55,-56,1,0,0,0,0
-55,-55,6,0,0,0,0
-55,-54,433,0,0,0,0
-55,-53,1061,0,0,0,0
-55,-52,1176,1,0,0.08503,0
-55,-51,1858,1,0,0.05382,0
-55,-50,1211,1,0,0.08258,0
-55,-49,805,0,0,0,0
-55,-48,278,4,0,1.439,0
-55,-47,4,0,0,0,0
-55,-45,6,0,0,0,0
-55,-43,22,0,0,0,0
-55,-42,18,0,0,0,0
-55,-41,24,0,0,0,0
-55,-40,20,0,0,0,0
-55,-39,216,0,0,0,0
-55,-38,212,0,0,0,0
-55,-37,438,2,0,0.4566,0
-55,-36,220,0,0,0,0
-55,-35,150,0,0,0,0
-55,-34,10,0,0,0,0
-55,-33,34,0,0,0,0
-55,-32,6,0,0,0,0
-55,-31,34,0,0,0,0
-55,-30,4,0,0,0,0
-55,-29,320,0,0,0,0
-55,-28,136,0,0,0,0
-55,-27,78,0,0,0,0
-55,-26,108,0,0,0,0
-55,-25,314,0,0,0,0
-55,-24,393,0,0,0,0
-55,-23,199,0,0,0,0
-55,-22,264,0,0,0,0
-55,-21,118,0,0,0,0
-55,-20,269,0,0,0,0
-55,-18,28,0,0,0,0
-55,-17,90,0,0,0,0
-55,-16,90,0,0,0,0
-55,-15,132,0,0,0,0
-55,-14,132,0,0,0,0
-55,-13,138,0,0,0,0
-55,-12,170,1,0,0.5882,0
-55,-11,140,0,0,0,0
-55,-10,144,0,0,0,0
-55,-9,94,0,0,0,0
-55,-8,98,0,0,0,0
-55,-7,68,0,0,0,0
-55,-5,26,0,0,0,0
-55,-4,20,0,0,0,0
-55,-3,28,0,0,0,0
-55,0,4,0,0,0,0
-55,1,157,0,0,0,0
-55,2,2,0,0,0,0
-55,3,5,0,0,0,0
-55,4,6,0,0,0,0
-55,6,5,0,0,0,0
-55,10,7,0,0,0,0
-55,11,21,0,0,0,0
-55,15,2,0,0,0,0
-55,54,8,0,0,0,0
-55,55,2,0,0,0,0
-55,56,8,0,0,0,0
-55,57,4,0,0,0,0
-55,62,234,0,0,0,0
-55,63,106,0,0,0,0
-55,64,223,0,0,0,0
-55,69,90,0,0,0,0
-55,70,75,0,0,0,0
-55,71,812,0,0,0,0
-55,72,655,0,0,0,0
-55,73,546,0,0,0,0
-55,74,282,0,0,0,0
-55,75,320,0,0,0,0
-55,76,289,0,0,0,0
-55,77,299,0,0,0,0
-55,78,377,0,0,0,0
-55,79,238,0,0,0,0
-55,80,267,0,0,0,0
-55,81,45,0,0,0,0
-55,82,94,0,0,0,0
-54,-152,2,0,0,0,0
-54,-151,4,0,0,0,0
-54,-150,4,0,0,0,0
-54,-149,4,0,0,0,0
-54,-148,3,0,0,0,0
-54,-147,5,0,0,0,0
-54,-146,6,0,0,0,0
-54,-145,5,0,0,0,0
-54,-144,4,0,0,0,0
-54,-142,1,0,0,0,0
-54,-141,6,0,0,0,0
-54,-140,5,0,0,0,0
-54,-139,4,0,0,0,0
-54,-138,3,0,0,0,0
-54,-137,5,0,0,0,0
-54,-136,6,0,0,0,0
-54,-135,4,0,0,0,0
-54,-134,1,0,0,0,0
-54,-133,7,0,0,0,0
-54,-132,5,0,0,0,0
-54,-131,2,0,0,0,0
-54,-130,2,0,0,0,0
-54,-129,8,0,0,0,0
-54,-128,6,0,0,0,0
-54,-127,4,0,0,0,0
-54,-126,4,0,0,0,0
-54,-125,8,0,0,0,0
-54,-124,7,0,0,0,0
-54,-123,3,0,0,0,0
-54,-122,4,0,0,0,0
-54,-121,3,0,0,0,0
-54,-120,1,0,0,0,0
-54,-119,3,0,0,0,0
-54,-118,4,0,0,0,0
-54,-117,3,0,0,0,0
-54,-116,3,0,0,0,0
-54,-115,3,0,0,0,0
-54,-114,5,0,0,0,0
-54,-113,4,0,0,0,0
-54,-112,3,0,0,0,0
-54,-111,3,0,0,0,0
-54,-110,5,0,0,0,0
-54,-109,5,0,0,0,0
-54,-108,4,0,0,0,0
-54,-107,2,0,0,0,0
-54,-106,6,0,0,0,0
-54,-105,6,0,0,0,0
-54,-104,4,0,0,0,0
-54,-103,2,0,0,0,0
-54,-102,1,0,0,0,0
-54,-101,1,0,0,0,0
-54,-100,4,0,0,0,0
-54,-99,3,0,0,0,0
-54,-98,1,0,0,0,0
-54,-96,3,0,0,0,0
-54,-95,2,0,0,0,0
-54,-94,1,0,0,0,0
-54,-92,4,0,0,0,0
-54,-91,3,0,0,0,0
-54,-90,1,0,0,0,0
-54,-86,4,0,0,0,0
-54,-85,2,0,0,0,0
-54,-83,1,0,0,0,0
-54,-82,2,0,0,0,0
-54,-81,2,0,0,0,0
-54,-80,1,0,0,0,0
-54,-78,194,0,0,0,0
-54,-77,371,0,0,0,0
-54,-76,1839,0,0,0,0
-54,-75,1416,0,0,0,0
-54,-74,1943,0,0,0,0
-54,-73,2233,0,0,0,0
-54,-72,2020,1,0,0.0495,0
-54,-71,1719,3,0,0.1745,0
-54,-70,2239,0,0,0,0
-54,-69,1328,28,0,2.108,0
-54,-68,1939,67,0,3.455,0
-54,-67,2040,0,0,0,0
-54,-66,400,0,0,0,0
-54,-65,342,0,0,0,0
-54,-64,7,0,0,0,0
-54,-63,152,0,0,0,0
-54,-62,10,0,0,0,0
-54,-61,3,0,0,0,0
-54,-60,3,0,0,0,0
-54,-59,6,0,0,0,0
-54,-58,6,0,0,0,0
-54,-57,5,0,0,0,0
-54,-56,4,0,0,0,0
-54,-55,3,0,0,0,0
-54,-54,4,0,0,0,0
-54,-53,425,1,0,0.2353,0
-54,-52,279,0,0,0,0
-54,-51,15,0,0,0,0
-54,-50,14,0,0,0,0
-54,-49,131,0,0,0,0
-54,-48,15,0,0,0,0
-54,-44,6,0,0,0,0
-54,-43,4,0,0,0,0
-54,-42,30,0,0,0,0
-54,-41,18,0,0,0,0
-54,-40,12,0,0,0,0
-54,-39,28,0,0,0,0
-54,-38,220,0,0,0,0
-54,-37,110,0,0,0,0
-54,-36,94,0,0,0,0
-54,-35,96,0,0,0,0
-54,-34,10,0,0,0,0
-54,-33,12,0,0,0,0
-54,-32,12,0,0,0,0
-54,-31,6,0,0,0,0
-54,-30,6,0,0,0,0
-54,-29,12,0,0,0,0
-54,1,5,0,0,0,0
-54,2,6,0,0,0,0
-54,3,4,0,0,0,0
-54,4,3,0,0,0,0
-54,5,5,0,0,0,0
-54,6,5,0,0,0,0
-54,7,1,0,0,0,0
-54,54,12,0,0,0,0
-54,55,12,0,0,0,0
-54,56,6,0,0,0,0
-54,57,6,0,0,0,0
-54,62,702,0,0,0,0
-54,63,468,0,0,0,0
-54,64,1206,0,0,0,0
-54,65,976,0,0,0,0
-54,66,668,0,0,0,0
-54,67,667,0,0,0,0
-54,68,210,0,0,0,0
-54,69,47,0,0,0,0
-54,70,925,0,0,0,0
-54,71,378,0,0,0,0
-54,72,1299,1,0,0.07698,0
-54,73,1269,0,0,0,0
-54,74,1467,0,0,0,0
-54,75,761,0,0,0,0
-54,76,860,0,0,0,0
-54,77,496,0,0,0,0
-54,78,267,0,0,0,0
-54,79,267,0,0,0,0
-54,80,127,0,0,0,0
-54,81,75,0,0,0,0
-54,82,15,0,0,0,0
-53,-151,1,0,0,0,0
-53,-147,2,0,0,0,0
-53,-146,1,0,0,0,0
-53,-141,1,0,0,0,0
-53,-137,1,0,0,0,0
-53,-132,1,0,0,0,0
-53,-128,2,0,0,0,0
-53,-127,1,0,0,0,0
-53,-124,1,0,0,0,0
-53,-110,1,0,0,0,0
-53,-106,1,0,0,0,0
-53,-79,128,0,0,0,0
-53,-78,176,0,0,0,0
-53,-77,826,0,0,0,0
-53,-76,1460,0,0,0,0
-53,-75,2078,0,0,0,0
-53,-74,2110,2,0,0.09479,0
-53,-73,1875,1,0,0.05333,0
-53,-72,2208,0,0,0,0
-53,-71,2874,0,0,0,0
-53,-70,3722,1,0,0.02687,0
-53,-69,3328,0,0,0,0
-53,-68,1524,2,0,0.1312,0
-53,-67,1760,0,0,0,0
-53,-66,5,0,0,0,0
-53,-65,4,0,0,0,0
-53,-64,9,0,0,0,0
-53,-63,7,0,0,0,0
-53,-62,12,0,0,0,0
-53,-61,157,0,0,0,0
-53,-60,248,1,0,0.4032,0
-53,-59,254,0,0,0,0
-53,-58,7,0,0,0,0
-53,-56,6,0,0,0,0
-53,-55,5,0,0,0,0
-53,-54,11,0,0,0,0
-53,-53,4,0,0,0,0
-53,-52,19,0,0,0,0
-53,-51,12,0,0,0,0
-53,-50,16,0,0,0,0
-53,-49,19,0,0,0,0
-53,-48,8,0,0,0,0
-53,-47,5,0,0,0,0
-53,-46,3,0,0,0,0
-53,-45,1,0,0,0,0
-53,-44,2,0,0,0,0
-53,-43,2,0,0,0,0
-53,-42,2,0,0,0,0
-53,-41,24,0,0,0,0
-53,-40,24,0,0,0,0
-53,-39,8,0,0,0,0
-53,-38,16,0,0,0,0
-53,-34,8,0,0,0,0
-53,-33,10,0,0,0,0
-53,-32,6,0,0,0,0
-53,-31,10,0,0,0,0
-53,-30,12,0,0,0,0
-53,-28,12,0,0,0,0
-53,1,2,0,0,0,0
-53,2,4,0,0,0,0
-53,3,5,0,0,0,0
-53,4,6,0,0,0,0
-53,5,4,0,0,0,0
-53,6,1,0,0,0,0
-53,7,6,0,0,0,0
-53,53,14,0,0,0,0
-53,54,6,0,0,0,0
-53,55,8,0,0,0,0
-53,56,12,0,0,0,0
-53,61,483,0,0,0,0
-53,62,234,0,0,0,0
-53,63,1273,0,0,0,0
-53,64,1042,0,0,0,0
-53,65,1396,0,0,0,0
-53,66,1375,0,0,0,0
-53,67,1290,0,0,0,0
-53,68,1284,0,0,0,0
-53,69,1158,0,0,0,0
-53,70,1037,0,0,0,0
-53,71,1174,0,0,0,0
-53,72,1437,0,0,0,0
-53,73,1302,0,0,0,0
-53,74,1300,0,0,0,0
-53,75,1423,0,0,0,0
-53,76,1375,0,0,0,0
-53,77,1226,0,0,0,0
-53,78,510,0,0,0,0
-53,79,397,0,0,0,0
-53,80,45,0,0,0,0
-53,81,60,0,0,0,0
-52,-78,134,0,0,0,0
-52,-77,1662,1,0,0.06017,0
-52,-76,1834,0,0,0,0
-52,-75,1580,0,0,0,0
-52,-74,1820,3,0,0.1648,0
-52,-73,2918,27,0,0.9253,0
-52,-72,2070,1,0,0.04831,0
-52,-71,4498,16,0,0.3557,0
-52,-70,4304,115,0,2.672,0
-52,-69,2574,161,0,6.255,0
-52,-68,3486,1,0,0.02869,0
-52,-67,520,0,0,0,0
-52,-66,508,0,0,0,0
-52,-65,2,0,0,0,0
-52,-64,1,0,0,0,0
-52,-62,1,0,0,0,0
-52,-61,294,1,0,0.3401,0
-52,-60,295,0,0,0,0
-52,-59,199,0,0,0,0
-52,-58,188,0,0,0,0
-52,-57,6,0,0,0,0
-52,-56,3,0,0,0,0
-52,-55,4,0,0,0,0
-52,-54,10,0,0,0,0
-52,-53,12,0,0,0,0
-52,-52,14,0,0,0,0
-52,-51,15,0,0,0,0
-52,-50,20,0,0,0,0
-52,-49,14,0,0,0,0
-52,-48,3,0,0,0,0
-52,-47,4,0,0,0,0
-52,-46,9,0,0,0,0
-52,-45,9,0,0,0,0
-52,-44,2,0,0,0,0
-52,-41,12,0,0,0,0
-52,-40,12,0,0,0,0
-52,-39,12,0,0,0,0
-52,-38,4,0,0,0,0
-52,-33,10,0,0,0,0
-52,-32,12,0,0,0,0
-52,-31,8,0,0,0,0
-52,-30,6,0,0,0,0
-52,-29,8,0,0,0,0
-52,-28,10,0,0,0,0
-52,2,5,0,0,0,0
-52,3,5,0,0,0,0
-52,4,3,0,0,0,0
-52,5,5,0,0,0,0
-52,6,6,0,0,0,0
-52,7,3,0,0,0,0
-52,8,2,0,0,0,0
-52,22,1,0,0,0,0
-52,25,1,0,0,0,0
-52,26,2,0,0,0,0
-52,32,1,0,0,0,0
-52,33,3,0,0,0,0
-52,34,4,0,0,0,0
-52,37,1,0,0,0,0
-52,38,2,0,0,0,0
-52,39,4,0,0,0,0
-52,40,4,0,0,0,0
-52,41,1,0,0,0,0
-52,52,4,0,0,0,0
-52,53,8,0,0,0,0
-52,54,12,0,0,0,0
-52,55,14,0,0,0,0
-52,56,5,0,0,0,0
-52,57,4,0,0,0,0
-52,59,6,0,0,0,0
-52,61,804,0,0,0,0
-52,62,819,0,0,0,0
-52,63,1327,0,0,0,0
-52,64,1213,0,0,0,0
-52,65,1444,0,0,0,0
-52,66,1288,0,0,0,0
-52,67,1453,0,0,0,0
-52,68,1297,0,0,0,0
-52,69,1449,0,0,0,0
-52,70,1442,0,0,0,0
-52,71,1298,0,0,0,0
-52,72,1307,0,0,0,0
-52,73,1300,0,0,0,0
-52,74,1293,0,0,0,0
-52,75,1310,0,0,0,0
-52,76,1282,0,0,0,0
-52,77,647,0,0,0,0
-52,78,996,0,0,0,0
-52,79,60,0,0,0,0
-52,80,105,0,0,0,0
-51,-79,184,0,0,0,0
-51,-78,1304,0,0,0,0
-51,-77,1104,0,0,0,0
-51,-76,1980,0,0,0,0
-51,-75,2302,0,0,0,0
-51,-74,2026,0,0,0,0
-51,-73,1898,2,0,0.1054,0
-51,-72,3656,5,0,0.1368,0
-51,-71,4052,19,0,0.4689,0
-51,-70,3456,44,0,1.273,0
-51,-69,3886,0,0,0,0
-51,-68,2695,3,0,0.1113,0
-51,-67,840,1,0,0.119,0
-51,-66,1176,1,0,0.08503,0
-51,-61,92,0,0,0,0
-51,-60,84,1,0,1.19,0
-51,-59,89,0,0,0,0
-51,-58,1,0,0,0,0
-51,-57,4,0,0,0,0
-51,-56,6,0,0,0,0
-51,-55,12,0,0,0,0
-51,-54,7,0,0,0,0
-51,-53,17,0,0,0,0
-51,-52,13,0,0,0,0
-51,-51,19,0,0,0,0
-51,-50,17,0,0,0,0
-51,-49,5,0,0,0,0
-51,-48,6,0,0,0,0
-51,-47,9,0,0,0,0
-51,-46,8,0,0,0,0
-51,-45,9,0,0,0,0
-51,-44,8,0,0,0,0
-51,-43,9,0,0,0,0
-51,-42,8,0,0,0,0
-51,-41,1,0,0,0,0
-51,-33,4,0,0,0,0
-51,-32,8,0,0,0,0
-51,-31,10,0,0,0,0
-51,-30,12,0,0,0,0
-51,-29,12,0,0,0,0
-51,-27,6,0,0,0,0
-51,3,6,0,0,0,0
-51,4,6,0,0,0,0
-51,5,5,0,0,0,0
-51,6,3,0,0,0,0
-51,7,3,0,0,0,0
-51,8,6,0,0,0,0
-51,15,1,0,0,0,0
-51,16,2,0,0,0,0
-51,18,1,0,0,0,0
-51,19,2,0,0,0,0
-51,20,3,0,0,0,0
-51,21,5,0,0,0,0
-51,22,6,0,0,0,0
-51,23,5,0,0,0,0
-51,24,5,0,0,0,0
-51,25,5,0,0,0,0
-51,26,4,0,0,0,0
-51,27,1,0,0,0,0
-51,28,1,0,0,0,0
-51,29,3,0,0,0,0
-51,30,5,0,0,0,0
-51,31,9,0,0,0,0
-51,32,6,0,0,0,0
-51,33,5,0,0,0,0
-51,34,1,0,0,0,0
-51,35,4,0,0,0,0
-51,36,6,0,0,0,0
-51,37,6,0,0,0,0
-51,38,6,0,0,0,0
-51,39,4,0,0,0,0
-51,40,1,0,0,0,0
-51,41,6,0,0,0,0
-51,52,12,0,0,0,0
-51,53,10,0,0,0,0
-51,54,10,0,0,0,0
-51,55,13,0,0,0,0
-51,56,4,0,0,0,0
-51,57,5,0,0,0,0
-51,58,6,0,0,0,0
-51,59,5,0,0,0,0
-51,60,703,0,0,0,0
-51,61,351,0,0,0,0
-51,62,1068,0,0,0,0
-51,63,1140,0,0,0,0
-51,64,1300,0,0,0,0
-51,65,1303,0,0,0,0
-51,66,1158,0,0,0,0
-51,67,2102,2,0,0.09515,0
-51,68,1891,0,0,0,0
-51,69,1884,1,0,0.05308,0
-51,70,2205,3,0,0.1361,0
-51,71,1445,0,0,0,0
-51,72,1154,0,0,0,0
-51,73,1441,0,0,0,0
-51,74,1146,0,0,0,0
-51,75,1438,0,0,0,0
-51,76,877,0,0,0,0
-51,77,939,0,0,0,0
-51,78,91,0,0,0,0
-51,79,75,0,0,0,0
-51,80,15,0,0,0,0
-50,-79,16,0,0,0,0
-50,-78,1602,0,0,0,0
-50,-77,1670,0,0,0,0
-50,-76,1798,0,0,0,0
-50,-75,1018,0,0,0,0
-50,-74,2838,0,0,0,0
-50,-73,2488,73,0,2.934,0
-50,-72,2970,0,0,0,0
-50,-71,2912,0,0,0,0
-50,-70,4025,3,0,0.07453,0
-50,-69,4189,2,0,0.04774,0
-50,-68,2624,2,0,0.07622,0
-50,-67,3106,5,0,0.161,0
-50,-66,168,1,0,0.5952,0
-50,-65,840,0,0,0,0
-50,-63,2,0,0,0,0
-50,-58,2,0,0,0,0
-50,-57,2,0,0,0,0
-50,-56,3,0,0,0,0
-50,-55,11,0,0,0,0
-50,-54,8,0,0,0,0
-50,-53,5,0,0,0,0
-50,-52,7,0,0,0,0
-50,-51,17,0,0,0,0
-50,-50,9,0,0,0,0
-50,-49,4,0,0,0,0
-50,-48,4,0,0,0,0
-50,-47,12,0,0,0,0
-50,-46,9,0,0,0,0
-50,-45,10,0,0,0,0
-50,-44,8,0,0,0,0
-50,-43,10,0,0,0,0
-50,-42,9,0,0,0,0
-50,-41,9,0,0,0,0
-50,-40,8,0,0,0,0
-50,-39,2,0,0,0,0
-50,-32,6,0,0,0,0
-50,-31,4,0,0,0,0
-50,-3,1,0,0,0,0
-50,-2,2,0,0,0,0
-50,0,1,0,0,0,0
-50,1,2,0,0,0,0
-50,2,3,0,0,0,0
-50,3,3,0,0,0,0
-50,4,5,0,0,0,0
-50,5,4,0,0,0,0
-50,6,6,0,0,0,0
-50,7,5,0,0,0,0
-50,8,3,0,0,0,0
-50,9,2,0,0,0,0
-50,10,1,0,0,0,0
-50,11,3,0,0,0,0
-50,12,4,0,0,0,0
-50,13,7,0,0,0,0
-50,14,5,0,0,0,0
-50,15,5,0,0,0,0
-50,16,1,0,0,0,0
-50,17,4,0,0,0,0
-50,18,6,0,0,0,0
-50,19,6,0,0,0,0
-50,20,6,0,0,0,0
-50,21,4,0,0,0,0
-50,22,7,0,0,0,0
-50,23,11,0,0,0,0
-50,24,5,0,0,0,0
-50,25,5,0,0,0,0
-50,26,7,0,0,0,0
-50,27,12,0,0,0,0
-50,28,4,0,0,0,0
-50,29,4,0,0,0,0
-50,30,8,0,0,0,0
-50,31,11,0,0,0,0
-50,32,4,0,0,0,0
-50,33,4,0,0,0,0
-50,34,5,0,0,0,0
-50,35,6,0,0,0,0
-50,36,3,0,0,0,0
-50,37,4,0,0,0,0
-50,38,5,0,0,0,0
-50,39,5,0,0,0,0
-50,40,6,0,0,0,0
-50,41,5,0,0,0,0
-50,46,104,1,0,0.9615,0
-50,47,214,0,0,0,0
-50,48,345,0,0,0,0
-50,49,209,0,0,0,0
-50,50,331,0,0,0,0
-50,51,44,0,0,0,0
-50,52,252,0,0,0,0
-50,53,12,0,0,0,0
-50,54,116,0,0,0,0
-50,55,6,0,0,0,0
-50,56,5,0,0,0,0
-50,57,5,0,0,0,0
-50,58,4,0,0,0,0
-50,59,120,0,0,0,0
-50,60,596,0,0,0,0
-50,61,824,0,0,0,0
-50,62,1476,0,0,0,0
-50,63,915,0,0,0,0
-50,64,1668,1,0,0.05995,0
-50,65,1010,0,0,0,0
-50,66,1598,0,0,0,0
-50,67,1151,0,0,0,0
-50,68,2736,4,0,0.1462,0
-50,69,2492,1,0,0.04013,0
-50,70,2765,2,0,0.07233,0
-50,71,1382,1,0,0.07236,0
-50,72,1429,0,0,0,0
-50,73,1299,0,0,0,0
-50,74,1420,0,0,0,0
-50,75,1253,0,0,0,0
-50,76,1165,0,0,0,0
-50,77,1138,0,0,0,0
-50,78,250,0,0,0,0
-50,79,174,0,0,0,0
-49,-79,1128,0,0,0,0
-49,-78,1070,0,0,0,0
-49,-77,1220,0,0,0,0
-49,-76,1960,0,0,0,0
-49,-75,2064,0,0,0,0
-49,-74,1678,0,0,0,0
-49,-73,3050,0,0,0,0
-49,-72,3208,0,0,0,0
-49,-71,2950,0,0,0,0
-49,-70,3568,1,0,0.02803,0
-49,-69,3144,3,0,0.09542,0
-49,-68,4492,0,0,0,0
-49,-67,2974,5,0,0.1681,0
-49,-66,1704,0,0,0,0
-49,-65,1100,1,0,0.09091,0
-49,-64,12,0,0,0,0
-49,-63,12,0,0,0,0
-49,-56,5,0,0,0,0
-49,-55,1,0,0,0,0
-49,-54,5,0,0,0,0
-49,-53,6,0,0,0,0
-49,-52,10,0,0,0,0
-49,-51,7,0,0,0,0
-49,-50,6,0,0,0,0
-49,-49,5,0,0,0,0
-49,-48,10,0,0,0,0
-49,-47,6,0,0,0,0
-49,-46,8,0,0,0,0
-49,-45,8,0,0,0,0
-49,-44,10,0,0,0,0
-49,-43,11,0,0,0,0
-49,-42,8,0,0,0,0
-49,-41,10,0,0,0,0
-49,-40,6,0,0,0,0
-49,-39,6,0,0,0,0
-49,-38,5,0,0,0,0
-49,-37,6,0,0,0,0
-49,-10,1,0,0,0,0
-49,-9,2,0,0,0,0
-49,-8,1,0,0,0,0
-49,-7,2,0,0,0,0
-49,-6,3,0,0,0,0
-49,-5,4,0,0,0,0
-49,-4,5,0,0,0,0
-49,-3,5,0,0,0,0
-49,-2,5,0,0,0,0
-49,-1,9,0,0,0,0
-49,0,5,0,0,0,0
-49,1,5,0,0,0,0
-49,2,1,0,0,0,0
-49,3,6,0,0,0,0
-49,4,5,0,0,0,0
-49,5,5,0,0,0,0
-49,6,5,0,0,0,0
-49,7,4,0,0,0,0
-49,8,7,0,0,0,0
-49,9,12,0,0,0,0
-49,10,5,0,0,0,0
-49,11,4,0,0,0,0
-49,12,6,0,0,0,0
-49,13,11,1,0,9.091,0
-49,14,4,0,0,0,0
-49,15,4,0,0,0,0
-49,16,5,0,0,0,0
-49,17,6,0,0,0,0
-49,18,2,0,0,0,0
-49,19,6,0,0,0,0
-49,20,5,0,0,0,0
-49,21,5,0,0,0,0
-49,22,7,0,0,0,0
-49,23,11,0,0,0,0
-49,24,5,0,0,0,0
-49,25,5,0,0,0,0
-49,26,5,0,0,0,0
-49,27,9,0,0,0,0
-49,28,8,0,0,0,0
-49,29,6,0,0,0,0
-49,30,6,0,0,0,0
-49,31,8,0,0,0,0
-49,32,9,0,0,0,0
-49,33,5,0,0,0,0
-49,34,5,0,0,0,0
-49,35,2,0,0,0,0
-49,36,4,0,0,0,0
-49,37,6,0,0,0,0
-49,38,5,0,0,0,0
-49,39,5,0,0,0,0
-49,40,4,0,0,0,0
-49,41,6,0,0,0,0
-49,42,30,0,0,0,0
-49,43,81,1,0,1.235,0
-49,44,687,0,0,0,0
-49,45,898,0,0,0,0
-49,46,1261,6,0,0.4758,0
-49,47,695,0,0,0,0
-49,48,1677,0,0,0,0
-49,49,802,1,0,0.1247,0
-49,50,1401,0,0,0,0
-49,51,661,0,0,0,0
-49,52,1129,2,0,0.1771,0
-49,53,806,1,0,0.1241,0
-49,54,579,0,0,0,0
-49,55,232,1,0,0.431,0
-49,56,6,0,0,0,0
-49,57,5,0,0,0,0
-49,58,5,0,0,0,0
-49,59,610,0,0,0,0
-49,60,594,0,0,0,0
-49,61,1150,0,0,0,0
-49,62,1058,0,0,0,0
-49,63,1212,0,0,0,0
-49,64,1102,0,0,0,0
-49,65,1340,0,0,0,0
-49,66,1437,0,0,0,0
-49,67,1043,0,0,0,0
-49,68,2566,0,0,0,0
-49,69,2189,1,0,0.04568,0
-49,70,2319,0,0,0,0
-49,71,2208,2,0,0.09058,0
-49,72,1431,0,0,0,0
-49,73,1164,0,0,0,0
-49,74,1433,0,0,0,0
-49,75,1227,0,0,0,0
-49,76,1453,0,0,0,0
-49,77,690,0,0,0,0
-49,78,705,0,0,0,0
-49,127,10,0,0,0,0
-49,128,2,0,0,0,0
-49,129,6,0,0,0,0
-49,130,6,0,0,0,0
-49,131,2,0,0,0,0
-49,165,36,0,0,0,0
-49,166,228,0,0,0,0
-49,167,138,0,0,0,0
-49,168,34,0,0,0,0
-49,169,8,0,0,0,0
-49,170,38,0,0,0,0
-49,172,8,0,0,0,0
-48,-79,1182,0,0,0,0
-48,-78,1194,0,0,0,0
-48,-77,1966,0,0,0,0
-48,-76,656,0,0,0,0
-48,-75,2656,0,0,0,0
-48,-74,2566,0,0,0,0
-48,-73,3862,0,0,0,0
-48,-72,3064,0,0,0,0
-48,-71,3372,1,0,0.02966,0
-48,-70,2818,0,0,0,0
-48,-69,4204,0,0,0,0
-48,-68,3976,0,0,0,0
-48,-67,3130,1,0,0.03195,0
-48,-66,2922,5,0,0.1711,0
-48,-65,424,1,0,0.2358,0
-48,-64,890,1,0,0.1124,0
-48,-63,4,0,0,0,0
-48,-55,1,0,0,0,0
-48,-54,2,0,0,0,0
-48,-53,2,0,0,0,0
-48,-52,11,0,0,0,0
-48,-51,6,0,0,0,0
-48,-50,4,0,0,0,0
-48,-49,5,0,0,0,0
-48,-48,11,0,0,0,0
-48,-47,8,0,0,0,0
-48,-46,10,0,0,0,0
-48,-45,8,0,0,0,0
-48,-44,12,0,0,0,0
-48,-43,7,0,0,0,0
-48,-42,12,0,0,0,0
-48,-41,7,0,0,0,0
-48,-40,4,0,0,0,0
-48,-39,5,0,0,0,0
-48,-38,5,0,0,0,0
-48,-37,5,0,0,0,0
-48,-12,3,0,0,0,0
-48,-11,6,0,0,0,0
-48,-10,4,0,0,0,0
-48,-9,4,0,0,0,0
-48,-8,3,0,0,0,0
-48,-7,6,0,0,0,0
-48,-6,3,0,0,0,0
-48,-5,5,0,0,0,0
-48,-4,4,0,0,0,0
-48,-3,5,0,0,0,0
-48,-2,7,0,0,0,0
-48,-1,12,0,0,0,0
-48,0,5,0,0,0,0
-48,1,5,0,0,0,0
-48,2,5,0,0,0,0
-48,3,5,0,0,0,0
-48,4,2,0,0,0,0
-48,5,5,0,0,0,0
-48,6,5,0,0,0,0
-48,7,5,0,0,0,0
-48,8,6,0,0,0,0
-48,9,10,0,0,0,0
-48,10,8,0,0,0,0
-48,11,6,0,0,0,0
-48,12,6,0,0,0,0
-48,13,9,0,0,0,0
-48,14,8,0,0,0,0
-48,15,6,0,0,0,0
-48,16,5,0,0,0,0
-48,17,2,0,0,0,0
-48,18,4,0,0,0,0
-48,19,5,0,0,0,0
-48,20,5,0,0,0,0
-48,21,5,0,0,0,0
-48,22,5,0,0,0,0
-48,23,7,0,0,0,0
-48,24,12,0,0,0,0
-48,25,5,0,0,0,0
-48,26,5,0,0,0,0
-48,27,7,0,0,0,0
-48,28,10,0,0,0,0
-48,29,4,0,0,0,0
-48,30,4,0,0,0,0
-48,31,7,0,0,0,0
-48,32,13,0,0,0,0
-48,33,4,0,0,0,0
-48,34,5,0,0,0,0
-48,35,5,0,0,0,0
-48,36,5,0,0,0,0
-48,37,2,0,0,0,0
-48,38,6,0,0,0,0
-48,39,5,0,0,0,0
-48,40,89,0,0,0,0
-48,41,85,0,0,0,0
-48,42,531,0,0,0,0
-48,43,434,1,0,0.2304,0
-48,44,1188,1,0,0.08418,0
-48,45,841,1,0,0.1189,0
-48,46,1238,0,0,0,0
-48,47,1253,1,0,0.07981,0
-48,48,1162,0,0,0,0
-48,49,1416,1,0,0.07062,0
-48,50,1002,0,0,0,0
-48,51,1553,1,0,0.06439,0
-48,52,919,1,0,0.1088,0
-48,53,1156,1,0,0.08651,0
-48,54,460,0,0,0,0
-48,55,690,3,0,0.4348,0
-48,56,6,0,0,0,0
-48,57,6,0,0,0,0
-48,58,6,0,0,0,0
-48,59,9,0,0,0,0
-48,60,66,0,0,0,0
-48,61,802,0,0,0,0
-48,62,602,0,0,0,0
-48,63,1502,0,0,0,0
-48,64,874,0,0,0,0
-48,65,1782,0,0,0,0
-48,66,866,0,0,0,0
-48,67,1744,0,0,0,0
-48,68,958,0,0,0,0
-48,69,2161,2,0,0.09255,0
-48,70,1015,0,0,0,0
-48,71,1588,0,0,0,0
-48,72,1010,0,0,0,0
-48,73,1515,0,0,0,0
-48,74,1121,0,0,0,0
-48,75,1255,0,0,0,0
-48,76,865,0,0,0,0
-48,77,460,0,0,0,0
-48,78,345,0,0,0,0
-48,127,12,0,0,0,0
-48,128,12,0,0,0,0
-48,129,10,0,0,0,0
-48,130,8,0,0,0,0
-48,131,12,0,0,0,0
-48,132,2,0,0,0,0
-48,165,498,0,0,0,0
-48,166,1516,0,0,0,0
-48,167,2402,0,0,0,0
-48,168,2518,0,0,0,0
-48,169,820,0,0,0,0
-48,170,992,2,0,0.2016,0
-48,171,108,0,0,0,0
-48,172,12,0,0,0,0
-47,-79,396,0,0,0,0
-47,-78,970,0,0,0,0
-47,-77,2345,0,0,0,0
-47,-76,2508,1,0,0.03987,0
-47,-75,2980,0,0,0,0
-47,-74,4306,0,0,0,0
-47,-73,3608,0,0,0,0
-47,-72,2668,8,0,0.2999,0
-47,-71,3346,10,0,0.2989,0
-47,-70,3076,2,0,0.06502,0
-47,-69,3660,14,0,0.3825,0
-47,-68,3130,23,0,0.7348,0
-47,-67,3312,4,0,0.1208,0
-47,-66,2656,5,0,0.1883,0
-47,-65,1132,2,0,0.1767,0
-47,-64,1310,1,0,0.07634,0
-47,-52,2,0,0,0,0
-47,-51,4,0,0,0,0
-47,-50,5,0,0,0,0
-47,-49,8,0,0,0,0
-47,-48,9,0,0,0,0
-47,-47,7,0,0,0,0
-47,-46,10,0,0,0,0
-47,-45,12,0,0,0,0
-47,-44,10,0,0,0,0
-47,-43,7,0,0,0,0
-47,-42,10,0,0,0,0
-47,-41,5,0,0,0,0
-47,-40,6,0,0,0,0
-47,-39,5,0,0,0,0
-47,-38,6,0,0,0,0
-47,-11,6,0,0,0,0
-47,-10,6,0,0,0,0
-47,-9,6,0,0,0,0
-47,-8,5,0,0,0,0
-47,-7,5,0,0,0,0
-47,-5,6,0,0,0,0
-47,-4,6,0,0,0,0
-47,-3,5,0,0,0,0
-47,-2,5,0,0,0,0
-47,-1,8,0,0,0,0
-47,0,8,0,0,0,0
-47,1,6,0,0,0,0
-47,2,6,0,0,0,0
-47,3,2,0,0,0,0
-47,4,4,0,0,0,0
-47,5,6,0,0,0,0
-47,6,6,0,0,0,0
-47,7,5,0,0,0,0
-47,8,4,0,0,0,0
-47,9,6,0,0,0,0
-47,10,10,0,0,0,0
-47,11,4,0,0,0,0
-47,12,4,0,0,0,0
-47,13,7,0,0,0,0
-47,14,12,1,0,8.333,0
-47,15,5,0,0,0,0
-47,16,6,0,0,0,0
-47,17,4,0,0,0,0
-47,18,5,0,0,0,0
-47,19,1,0,0,0,0
-47,20,7,0,0,0,0
-47,21,5,0,0,0,0
-47,22,5,0,0,0,0
-47,23,5,0,0,0,0
-47,24,10,0,0,0,0
-47,25,5,0,0,0,0
-47,26,5,0,0,0,0
-47,27,6,0,0,0,0
-47,28,12,0,0,0,0
-47,29,6,0,0,0,0
-47,30,6,0,0,0,0
-47,31,5,0,0,0,0
-47,32,9,0,0,0,0
-47,33,6,0,0,0,0
-47,34,5,0,0,0,0
-47,35,6,0,0,0,0
-47,36,3,0,0,0,0
-47,37,3,0,0,0,0
-47,38,6,0,0,0,0
-47,39,6,0,0,0,0
-47,40,22,0,0,0,0
-47,41,497,0,0,0,0
-47,42,690,0,0,0,0
-47,43,1298,0,0,0,0
-47,44,611,0,0,0,0
-47,45,1494,1,0,0.06693,0
-47,46,852,1,0,0.1174,0
-47,47,1832,6,0,0.3275,0
-47,48,837,0,0,0,0
-47,49,1713,0,0,0,0
-47,50,1018,0,0,0,0
-47,51,1622,0,0,0,0
-47,52,720,0,0,0,0
-47,53,1413,0,0,0,0
-47,54,805,2,0,0.2484,0
-47,55,575,1,0,0.1739,0
-47,56,116,0,0,0,0
-47,57,5,0,0,0,0
-47,58,4,0,0,0,0
-47,59,5,0,0,0,0
-47,60,484,0,0,0,0
-47,61,366,0,0,0,0
-47,62,1076,0,0,0,0
-47,63,781,0,0,0,0
-47,64,1029,0,0,0,0
-47,65,1013,0,0,0,0
-47,66,887,0,0,0,0
-47,67,1003,0,0,0,0
-47,68,874,0,0,0,0
-47,69,1045,0,0,0,0
-47,70,1091,0,0,0,0
-47,71,1310,0,0,0,0
-47,72,1122,0,0,0,0
-47,73,1409,0,0,0,0
-47,74,925,0,0,0,0
-47,75,1385,1,0,0.0722,0
-47,76,690,0,0,0,0
-47,77,690,0,0,0,0
-47,126,8,0,0,0,0
-47,127,2,0,0,0,0
-47,128,10,0,0,0,0
-47,129,12,0,0,0,0
-47,130,12,0,0,0,0
-47,131,12,0,0,0,0
-47,165,1440,0,0,0,0
-47,166,2898,2,0,0.06901,0
-47,167,3987,7,0,0.1756,0
-47,168,4658,8,0,0.1717,0
-47,169,4204,0,0,0,0
-47,170,3617,0,0,0,0
-47,171,2534,3,0,0.1184,0
-47,172,1482,0,0,0,0
-47,173,1520,4,0,0.2632,0
-46,-78,500,0,0,0,0
-46,-77,492,0,0,0,0
-46,-76,4188,1,0,0.02388,0
-46,-75,3376,0,0,0,0
-46,-74,5164,1,0,0.01936,0
-46,-73,2398,1,0,0.0417,0
-46,-72,3946,0,0,0,0
-46,-71,2832,1,0,0.03531,0
-46,-70,4361,76,0,1.743,0
-46,-69,3493,39,0,1.117,0
-46,-68,4621,205,0,4.436,0
-46,-67,4138,4,0,0.09667,0
-46,-66,2380,2,0,0.08403,0
-46,-65,1838,4,0,0.2176,0
-46,-64,486,0,0,0,0
-46,-63,898,0,0,0,0
-46,-62,2,0,0,0,0
-46,-61,14,0,0,0,0
-46,-60,18,0,0,0,0
-46,-59,36,0,0,0,0
-46,-49,5,0,0,0,0
-46,-48,6,0,0,0,0
-46,-47,10,0,0,0,0
-46,-46,8,0,0,0,0
-46,-45,10,0,0,0,0
-46,-44,9,0,0,0,0
-46,-43,12,0,0,0,0
-46,-42,5,0,0,0,0
-46,-41,6,0,0,0,0
-46,-40,4,0,0,0,0
-46,-39,7,0,0,0,0
-46,-38,5,0,0,0,0
-46,-11,4,0,0,0,0
-46,-10,6,0,0,0,0
-46,-9,5,0,0,0,0
-46,-8,4,0,0,0,0
-46,-7,2,0,0,0,0
-46,-6,6,0,0,0,0
-46,-5,3,0,0,0,0
-46,-4,7,0,0,0,0
-46,-3,5,0,0,0,0
-46,-2,5,0,0,0,0
-46,-1,6,0,0,0,0
-46,0,12,0,0,0,0
-46,1,4,0,0,0,0
-46,2,4,0,0,0,0
-46,3,5,0,0,0,0
-46,4,6,0,0,0,0
-46,6,6,0,0,0,0
-46,7,4,0,0,0,0
-46,8,5,0,0,0,0
-46,9,6,0,0,0,0
-46,10,12,0,0,0,0
-46,11,6,0,0,0,0
-46,12,6,0,0,0,0
-46,13,5,0,0,0,0
-46,14,10,0,0,0,0
-46,15,5,0,0,0,0
-46,16,5,0,0,0,0
-46,17,6,0,0,0,0
-46,18,4,0,0,0,0
-46,19,2,0,0,0,0
-46,20,6,0,0,0,0
-46,21,6,0,0,0,0
-46,22,6,0,0,0,0
-46,23,6,0,0,0,0
-46,24,8,0,0,0,0
-46,25,10,0,0,0,0
-46,26,6,0,0,0,0
-46,27,4,0,0,0,0
-46,28,5,0,0,0,0
-46,29,11,0,0,0,0
-46,30,4,0,0,0,0
-46,31,5,0,0,0,0
-46,32,6,0,0,0,0
-46,33,13,0,0,0,0
-46,34,5,0,0,0,0
-46,35,4,0,0,0,0
-46,36,4,0,0,0,0
-46,37,5,0,0,0,0
-46,39,6,0,0,0,0
-46,40,4,0,0,0,0
-46,41,719,1,0,0.1391,0
-46,42,720,0,0,0,0
-46,43,1137,1,0,0.08795,0
-46,44,786,0,0,0,0
-46,45,1277,3,0,0.2349,0
-46,46,906,0,0,0,0
-46,47,1261,1,0,0.0793,0
-46,48,1273,3,0,0.2357,0
-46,49,1284,1,0,0.07788,0
-46,50,1277,1,0,0.07831,0
-46,51,1067,0,0,0,0
-46,52,1353,0,0,0,0
-46,53,945,0,0,0,0
-46,54,1182,2,0,0.1692,0
-46,55,575,1,0,0.1739,0
-46,56,690,2,0,0.2899,0
-46,57,6,0,0,0,0
-46,58,6,0,0,0,0
-46,59,6,0,0,0,0
-46,60,185,0,0,0,0
-46,61,269,0,0,0,0
-46,62,616,1,0,0.1623,0
-46,63,388,0,0,0,0
-46,64,900,0,0,0,0
-46,65,584,0,0,0,0
-46,66,1325,0,0,0,0
-46,67,528,0,0,0,0
-46,68,1236,0,0,0,0
-46,69,706,0,0,0,0
-46,70,1283,0,0,0,0
-46,71,947,0,0,0,0
-46,72,826,0,0,0,0
-46,73,737,0,0,0,0
-46,74,806,0,0,0,0
-46,75,749,0,0,0,0
-46,76,575,0,0,0,0
-46,77,345,0,0,0,0
-46,124,2,0,0,0,0
-46,125,2,0,0,0,0
-46,126,12,0,0,0,0
-46,127,12,0,0,0,0
-46,128,10,0,0,0,0
-46,129,10,0,0,0,0
-46,130,12,0,0,0,0
-46,131,2,0,0,0,0
-46,164,196,0,0,0,0
-46,165,1242,0,0,0,0
-46,166,1986,0,0,0,0
-46,167,4022,0,0,0,0
-46,168,3590,3,0,0.08357,0
-46,169,6492,12,1,0.1848,1.54
-46,170,3260,2,0,0.06135,0
-46,171,5714,4,0,0.07,0
-46,172,1988,0,0,0,0
-46,173,2078,1,0,0.04812,0
-46,174,4,0,0,0,0
-46,175,10,0,0,0,0
-46,176,6,0,0,0,0
-46,177,6,0,0,0,0
-46,178,8,0,0,0,0
-46,179,12,0,0,0,0
-45,-78,212,0,0,0,0
-45,-77,1142,0,0,0,0
-45,-76,2788,0,0,0,0
-45,-75,3446,2,0,0.05804,0
-45,-74,4266,0,0,0,0
-45,-73,3998,1,0,0.02501,0
-45,-72,3542,0,0,0,0
-45,-71,2692,0,0,0,0
-45,-70,3910,0,0,0,0
-45,-69,2972,0,0,0,0
-45,-68,5346,2,1,0.03741,1.871
-45,-67,4720,0,0,0,0
-45,-66,4116,0,0,0,0
-45,-65,2542,3,0,0.118,0
-45,-64,1372,1,0,0.07289,0
-45,-63,1316,1,0,0.07599,0
-45,-62,168,0,0,0,0
-45,-61,262,0,0,0,0
-45,-60,68,0,0,0,0
-45,-59,60,0,0,0,0
-45,-47,2,0,0,0,0
-45,-46,6,0,0,0,0
-45,-45,8,0,0,0,0
-45,-44,5,0,0,0,0
-45,-43,11,0,0,0,0
-45,-42,5,0,0,0,0
-45,-41,5,0,0,0,0
-45,-40,6,0,0,0,0
-45,-39,5,0,0,0,0
-45,-10,6,0,0,0,0
-45,-9,6,0,0,0,0
-45,-8,6,0,0,0,0
-45,-7,5,0,0,0,0
-45,-6,5,0,0,0,0
-45,-4,5,0,0,0,0
-45,-3,5,0,0,0,0
-45,-2,5,0,0,0,0
-45,-1,6,0,0,0,0
-45,0,11,0,0,0,0
-45,1,7,0,0,0,0
-45,2,6,0,0,0,0
-45,3,6,0,0,0,0
-45,4,3,0,0,0,0
-45,5,2,0,0,0,0
-45,6,6,0,0,0,0
-45,7,6,0,0,0,0
-45,8,6,0,0,0,0
-45,9,5,0,0,0,0
-45,10,5,0,0,0,0
-45,11,11,0,0,0,0
-45,12,6,0,0,0,0
-45,13,5,0,0,0,0
-45,14,5,0,0,0,0
-45,15,13,0,0,0,0
-45,16,6,0,0,0,0
-45,17,4,0,0,0,0
-45,18,3,0,0,0,0
-45,19,5,0,0,0,0
-45,20,1,0,0,0,0
-45,21,5,0,0,0,0
-45,22,5,0,0,0,0
-45,23,4,0,0,0,0
-45,24,6,0,0,0,0
-45,25,13,0,0,0,0
-45,26,5,0,0,0,0
-45,27,6,0,0,0,0
-45,28,6,0,0,0,0
-45,29,12,0,0,0,0
-45,30,6,0,0,0,0
-45,31,5,0,0,0,0
-45,32,5,0,0,0,0
-45,33,11,0,0,0,0
-45,34,6,0,0,0,0
-45,35,6,0,0,0,0
-45,36,6,0,0,0,0
-45,37,6,0,0,0,0
-45,39,6,0,0,0,0
-45,40,6,0,0,0,0
-45,41,125,0,0,0,0
-45,42,600,0,0,0,0
-45,43,717,0,0,0,0
-45,44,1486,0,0,0,0
-45,45,660,0,0,0,0
-45,46,1503,1,0,0.06653,0
-45,47,990,1,0,0.101,0
-45,48,1689,3,0,0.1776,0
-45,49,846,0,0,0,0
-45,50,1713,0,0,0,0
-45,51,875,0,0,0,0
-45,52,1597,0,0,0,0
-45,53,745,0,0,0,0
-45,54,1366,0,0,0,0
-45,55,390,1,0,0.2564,0
-45,56,190,0,0,0,0
-45,57,1,0,0,0,0
-45,58,7,0,0,0,0
-45,59,114,0,0,0,0
-45,60,143,0,0,0,0
-45,61,314,0,0,0,0
-45,62,274,0,0,0,0
-45,63,152,0,0,0,0
-45,64,190,0,0,0,0
-45,65,96,0,0,0,0
-45,66,147,0,0,0,0
-45,67,272,0,0,0,0
-45,68,538,0,0,0,0
-45,69,377,0,0,0,0
-45,70,1106,0,0,0,0
-45,71,661,0,0,0,0
-45,72,766,0,0,0,0
-45,73,84,0,0,0,0
-45,74,98,0,0,0,0
-45,76,19,0,0,0,0
-45,122,14,0,0,0,0
-45,123,10,0,0,0,0
-45,124,12,0,0,0,0
-45,125,6,0,0,0,0
-45,126,12,0,0,0,0
-45,127,2,0,0,0,0
-45,128,4,0,0,0,0
-45,129,8,0,0,0,0
-45,130,10,0,0,0,0
-45,145,8,0,0,0,0
-45,146,120,0,0,0,0
-45,147,562,1,0,0.1779,0
-45,148,8,0,0,0,0
-45,164,752,0,0,0,0
-45,165,760,0,0,0,0
-45,166,2702,0,0,0,0
-45,167,3852,1,0,0.02596,0
-45,168,4088,1,0,0.02446,0
-45,169,4942,3,0,0.0607,0
-45,170,4186,0,0,0,0
-45,171,4988,3,0,0.06014,0
-45,172,3674,2,0,0.05444,0
-45,173,2410,2,0,0.08299,0
-45,174,1098,2,0,0.1821,0
-45,175,208,0,0,0,0
-45,176,20,0,0,0,0
-45,177,12,0,0,0,0
-45,178,10,0,0,0,0
-45,179,10,0,0,0,0
-44,-180,12,0,0,0,0
-44,-77,1680,0,0,0,0
-44,-76,1780,1,0,0.05618,0
-44,-75,4714,4,0,0.08485,0
-44,-74,3282,8,0,0.2438,0
-44,-73,5258,4,0,0.07607,0
-44,-72,2606,4,0,0.1535,0
-44,-71,3278,0,0,0,0
-44,-70,2038,0,0,0,0
-44,-69,4830,0,0,0,0
-44,-68,3808,0,0,0,0
-44,-67,4160,2,0,0.04808,0
-44,-66,2890,3,0,0.1038,0
-44,-65,2862,2,0,0.06988,0
-44,-64,1524,1,0,0.06562,0
-44,-63,1006,1,0,0.0994,0
-44,-62,592,0,0,0,0
-44,-61,190,0,0,0,0
-44,-60,162,0,0,0,0
-44,-59,40,0,0,0,0
-44,-58,40,0,0,0,0
-44,-43,3,0,0,0,0
-44,-42,4,0,0,0,0
-44,-41,5,0,0,0,0
-44,-40,7,0,0,0,0
-44,-39,5,0,0,0,0
-44,-10,5,0,0,0,0
-44,-9,7,0,0,0,0
-44,-8,6,0,0,0,0
-44,-7,6,0,0,0,0
-44,-6,2,0,0,0,0
-44,-5,4,0,0,0,0
-44,-4,4,0,0,0,0
-44,-3,7,0,0,0,0
-44,-2,5,0,0,0,0
-44,-1,5,0,0,0,0
-44,0,4,0,0,0,0
-44,1,11,0,0,0,0
-44,2,4,0,0,0,0
-44,3,5,0,0,0,0
-44,4,4,0,0,0,0
-44,5,6,0,0,0,0
-44,6,1,0,0,0,0
-44,7,7,0,0,0,0
-44,8,5,0,0,0,0
-44,9,5,0,0,0,0
-44,10,6,0,0,0,0
-44,11,11,0,0,0,0
-44,12,5,0,0,0,0
-44,13,5,0,0,0,0
-44,14,5,0,0,0,0
-44,15,11,0,0,0,0
-44,16,6,0,0,0,0
-44,17,6,0,0,0,0
-44,18,6,0,0,0,0
-44,19,5,0,0,0,0
-44,21,6,0,0,0,0
-44,22,6,0,0,0,0
-44,23,6,0,0,0,0
-44,24,4,0,0,0,0
-44,25,7,0,0,0,0
-44,26,5,0,0,0,0
-44,27,4,0,0,0,0
-44,28,3,0,0,0,0
-44,29,6,0,0,0,0
-44,30,7,0,0,0,0
-44,31,5,0,0,0,0
-44,32,4,0,0,0,0
-44,33,4,0,0,0,0
-44,34,7,0,0,0,0
-44,35,5,0,0,0,0
-44,36,3,0,0,0,0
-44,38,1,0,0,0,0
-44,39,1,0,0,0,0
-44,40,6,0,0,0,0
-44,41,5,0,0,0,0
-44,42,837,0,0,0,0
-44,43,833,0,0,0,0
-44,44,1244,0,0,0,0
-44,45,768,0,0,0,0
-44,46,1528,1,0,0.06545,0
-44,47,931,1,0,0.1074,0
-44,48,1405,2,0,0.1423,0
-44,49,1115,1,0,0.08969,0
-44,50,1296,1,0,0.07716,0
-44,51,1259,0,0,0,0
-44,52,1198,0,0,0,0
-44,53,1074,0,0,0,0
-44,54,685,0,0,0,0
-44,55,652,0,0,0,0
-44,56,75,0,0,0,0
-44,57,75,0,0,0,0
-44,58,1,0,0,0,0
-44,61,114,0,0,0,0
-44,62,141,0,0,0,0
-44,63,217,0,0,0,0
-44,65,4,0,0,0,0
-44,66,68,0,0,0,0
-44,67,100,0,0,0,0
-44,68,32,0,0,0,0
-44,71,4,0,0,0,0
-44,72,187,0,0,0,0
-44,73,46,0,0,0,0
-44,74,28,0,0,0,0
-44,122,10,0,0,0,0
-44,123,14,0,0,0,0
-44,124,12,0,0,0,0
-44,125,10,0,0,0,0
-44,126,12,0,0,0,0
-44,145,1946,2,0,0.1028,0
-44,146,2218,1,0,0.04509,0
-44,147,1696,0,0,0,0
-44,148,376,1,0,0.266,0
-44,166,382,0,0,0,0
-44,167,1192,0,0,0,0
-44,168,3358,2,0,0.05956,0
-44,169,3380,2,0,0.05917,0
-44,170,5996,3,0,0.05003,0
-44,171,3204,1,0,0.03121,0
-44,172,6632,7,0,0.1055,0
-44,173,3160,0,0,0,0
-44,174,3050,5,0,0.1639,0
-44,175,234,0,0,0,0
-44,176,146,0,0,0,0
-44,177,12,0,0,0,0
-44,178,12,0,0,0,0
-44,179,4,0,0,0,0
-43,-180,8,0,0,0,0
-43,-77,1206,0,0,0,0
-43,-76,1560,0,0,0,0
-43,-75,4580,6,0,0.131,0
-43,-74,2876,28,0,0.9736,0
-43,-73,4628,5,0,0.108,0
-43,-72,3416,70,1,2.049,2.927
-43,-71,3824,4,0,0.1046,0
-43,-70,2124,1,0,0.04708,0
-43,-69,4237,1,0,0.0236,0
-43,-68,2784,0,0,0,0
-43,-67,3814,17,0,0.4457,0
-43,-66,2790,0,0,0,0
-43,-65,1928,1,0,0.05187,0
-43,-64,2620,3,0,0.1145,0
-43,-63,1282,1,0,0.078,0
-43,-62,1384,1,0,0.07225,0
-43,-61,228,0,0,0,0
-43,-60,600,0,0,0,0
-43,-59,60,0,0,0,0
-43,-58,60,0,0,0,0
-43,-40,2,0,0,0,0
-43,-9,6,0,0,0,0
-43,-8,4,0,0,0,0
-43,-7,5,0,0,0,0
-43,-6,5,0,0,0,0
-43,-5,5,0,0,0,0
-43,-3,6,0,0,0,0
-43,-2,6,0,0,0,0
-43,-1,6,0,0,0,0
-43,0,6,0,0,0,0
-43,1,12,0,0,0,0
-43,2,6,0,0,0,0
-43,3,6,0,0,0,0
-43,4,5,0,0,0,0
-43,5,5,0,0,0,0
-43,7,5,0,0,0,0
-43,8,5,0,0,0,0
-43,9,5,0,0,0,0
-43,10,5,0,0,0,0
-43,11,9,0,0,0,0
-43,12,9,0,0,0,0
-43,13,5,0,0,0,0
-43,14,4,0,0,0,0
-43,15,5,0,0,0,0
-43,16,4,0,0,0,0
-43,17,2,0,0,0,0
-43,18,1,0,0,0,0
-43,21,1,0,0,0,0
-43,22,2,0,0,0,0
-43,26,1,0,0,0,0
-43,30,1,0,0,0,0
-43,34,1,0,0,0,0
-43,40,2,0,0,0,0
-43,41,1,0,0,0,0
-43,42,133,1,0,0.7519,0
-43,43,569,0,0,0,0
-43,44,822,0,0,0,0
-43,45,1233,0,0,0,0
-43,46,755,0,0,0,0
-43,47,1493,3,0,0.2009,0
-43,48,847,0,0,0,0
-43,49,1777,4,0,0.2251,0
-43,50,917,0,0,0,0
-43,51,1517,0,0,0,0
-43,52,756,1,0,0.1323,0
-43,53,1542,0,0,0,0
-43,54,480,0,0,0,0
-43,55,325,0,0,0,0
-43,56,34,0,0,0,0
-43,57,4,0,0,0,0
-43,122,8,0,0,0,0
-43,123,24,0,0,0,0
-43,124,24,0,0,0,0
-43,125,22,0,0,0,0
-43,126,10,0,0,0,0
-43,127,12,0,0,0,0
-43,143,770,1,0,0.1299,0
-43,144,788,4,1,0.5076,12.69
-43,145,2312,0,0,0,0
-43,146,3172,0,0,0,0
-43,147,1506,1,0,0.0664,0
-43,148,1632,2,0,0.1225,0
-43,168,894,0,0,0,0
-43,169,1404,0,0,0,0
-43,170,3380,2,0,0.05917,0
-43,171,3768,5,2,0.1327,5.308
-43,172,5600,2,0,0.03571,0
-43,173,3916,0,0,0,0
-43,174,3448,1,0,0.029,0
-43,175,784,0,0,0,0
-43,176,450,0,0,0,0
-43,177,380,0,0,0,0
-43,178,10,0,0,0,0
-43,179,12,0,0,0,0
-42,-77,14,0,0,0,0
-42,-76,1948,0,0,0,0
-42,-75,1980,0,0,0,0
-42,-74,5250,99,0,1.886,0
-42,-73,4110,83,0,2.019,0
-42,-72,5265,102,0,1.937,0
-42,-71,2883,2,0,0.06937,0
-42,-70,2864,0,0,0,0
-42,-69,2326,2,0,0.08598,0
-42,-68,3050,0,0,0,0
-42,-67,3024,0,0,0,0
-42,-66,3340,0,0,0,0
-42,-65,1762,0,0,0,0
-42,-64,3350,7,0,0.209,0
-42,-63,1456,0,0,0,0
-42,-62,2494,0,0,0,0
-42,-61,1430,0,0,0,0
-42,-60,1126,0,0,0,0
-42,-59,266,0,0,0,0
-42,-58,50,0,0,0,0
-42,-57,10,0,0,0,0
-42,-9,6,0,0,0,0
-42,-8,6,0,0,0,0
-42,-7,6,0,0,0,0
-42,-6,6,0,0,0,0
-42,-5,5,0,0,0,0
-42,-3,4,0,0,0,0
-42,-2,6,0,0,0,0
-42,-1,4,0,0,0,0
-42,0,3,0,0,0,0
-42,1,4,0,0,0,0
-42,2,7,0,0,0,0
-42,3,4,0,0,0,0
-42,4,3,0,0,0,0
-42,5,1,0,0,0,0
-42,7,2,0,0,0,0
-42,8,7,0,0,0,0
-42,9,6,0,0,0,0
-42,10,6,0,0,0,0
-42,11,3,0,0,0,0
-42,12,6,0,0,0,0
-42,43,399,0,0,0,0
-42,44,298,0,0,0,0
-42,45,796,1,0,0.1256,0
-42,46,507,0,0,0,0
-42,47,1080,1,0,0.09259,0
-42,48,730,2,0,0.274,0
-42,49,1374,1,0,0.07278,0
-42,50,678,0,0,0,0
-42,51,1267,0,0,0,0
-42,52,689,0,0,0,0
-42,53,273,0,0,0,0
-42,54,20,0,0,0,0
-42,75,4,0,0,0,0
-42,76,8,0,0,0,0
-42,78,20,0,0,0,0
-42,122,12,0,0,0,0
-42,123,18,0,0,0,0
-42,124,22,0,0,0,0
-42,125,20,0,0,0,0
-42,126,24,0,0,0,0
-42,127,6,0,0,0,0
-42,144,1894,0,0,0,0
-42,145,2042,0,0,0,0
-42,146,3430,3,0,0.08746,0
-42,147,1856,1,0,0.05388,0
-42,148,1632,0,0,0,0
-42,168,8,0,0,0,0
-42,169,488,0,0,0,0
-42,170,1832,5,0,0.2729,0
-42,171,4170,8,2,0.1918,4.796
-42,172,3660,2,0,0.05464,0
-42,173,5919,3,0,0.05068,0
-42,174,3016,24,0,0.7958,0
-42,175,5636,6,0,0.1065,0
-42,176,2898,0,0,0,0
-42,177,2328,4,0,0.1718,0
-42,178,104,0,0,0,0
-42,179,2,0,0,0,0
-41,-180,2,0,0,0,0
-41,-76,2344,0,0,0,0
-41,-75,2826,2,0,0.07077,0
-41,-74,6468,267,0,4.128,0
-41,-73,4098,10,0,0.244,0
-41,-72,5615,5,0,0.08905,0
-41,-71,2427,1,0,0.0412,0
-41,-70,3720,1,0,0.02688,0
-41,-69,1924,0,0,0,0
-41,-68,3058,0,0,0,0
-41,-67,1332,0,0,0,0
-41,-66,2724,2,0,0.07342,0
-41,-65,2246,1,0,0.04452,0
-41,-64,2128,5,0,0.235,0
-41,-63,2710,2,0,0.0738,0
-41,-62,1800,2,0,0.1111,0
-41,-61,2402,4,0,0.1665,0
-41,-60,1224,0,0,0,0
-41,-59,1414,0,0,0,0
-41,-58,50,0,0,0,0
-41,-57,162,0,0,0,0
-41,-9,1,0,0,0,0
-41,-8,6,0,0,0,0
-41,-7,2,0,0,0,0
-41,-6,1,0,0,0,0
-41,-2,1,0,0,0,0
-41,2,1,0,0,0,0
-41,8,5,0,0,0,0
-41,9,5,0,0,0,0
-41,10,5,0,0,0,0
-41,11,6,0,0,0,0
-41,12,6,0,0,0,0
-41,18,68,0,0,0,0
-41,19,38,0,0,0,0
-41,20,8,0,0,0,0
-41,41,6,0,0,0,0
-41,42,4,0,0,0,0
-41,43,44,0,0,0,0
-41,44,26,0,0,0,0
-41,45,38,0,0,0,0
-41,46,40,0,0,0,0
-41,47,260,1,0,0.3846,0
-41,48,572,1,0,0.1748,0
-41,49,565,0,0,0,0
-41,50,550,1,0,0.1818,0
-41,51,217,0,0,0,0
-41,71,6,0,0,0,0
-41,72,6,0,0,0,0
-41,73,6,0,0,0,0
-41,74,68,0,0,0,0
-41,75,108,0,0,0,0
-41,76,126,0,0,0,0
-41,77,202,0,0,0,0
-41,78,144,0,0,0,0
-41,79,402,0,0,0,0
-41,80,288,0,0,0,0
-41,81,192,0,0,0,0
-41,122,12,0,0,0,0
-41,123,12,0,0,0,0
-41,124,14,0,0,0,0
-41,125,12,0,0,0,0
-41,126,12,0,0,0,0
-41,142,550,1,0,0.1818,0
-41,143,820,1,0,0.122,0
-41,144,2704,1,0,0.03698,0
-41,145,2188,0,0,0,0
-41,146,3032,1,0,0.03298,0
-41,147,1884,1,0,0.05308,0
-41,148,1306,0,0,0,0
-41,149,854,1,0,0.1171,0
-41,169,12,0,0,0,0
-41,170,8,0,0,0,0
-41,171,2970,11,5,0.3704,16.84
-41,172,2968,0,0,0,0
-41,173,6694,2,1,0.02988,1.494
-41,174,3434,5,0,0.1456,0
-41,175,6576,7,0,0.1064,0
-41,176,3216,0,0,0,0
-41,177,3686,0,0,0,0
-41,178,288,0,0,0,0
-41,179,198,0,0,0,0
-40,-179,2,0,0,0,0
-40,-76,426,0,0,0,0
-40,-75,2180,0,0,0,0
-40,-74,4906,10,0,0.2038,0
-40,-73,5507,26,0,0.4721,0
-40,-72,5258,14,0,0.2663,0
-40,-71,3732,4,0,0.1072,0
-40,-70,3904,38,0,0.9734,0
-40,-69,2210,10,0,0.4525,0
-40,-68,2414,66,0,2.734,0
-40,-67,1652,3,0,0.1816,0
-40,-66,1572,1,0,0.06361,0
-40,-65,3724,0,0,0,0
-40,-64,1946,1,0,0.05139,0
-40,-63,3554,13,0,0.3658,0
-40,-62,1648,5,0,0.3034,0
-40,-61,3506,8,0,0.2282,0
-40,-60,1744,5,0,0.2867,0
-40,-59,2000,2,0,0.1,0
-40,-58,294,0,0,0,0
-40,-57,228,1,0,0.4386,0
-40,8,4,0,0,0,0
-40,9,8,0,0,0,0
-40,10,6,0,0,0,0
-40,11,5,0,0,0,0
-40,12,2,0,0,0,0
-40,13,3,0,0,0,0
-40,18,226,0,0,0,0
-40,19,210,0,0,0,0
-40,20,216,0,0,0,0
-40,21,18,0,0,0,0
-40,41,10,0,0,0,0
-40,42,8,0,0,0,0
-40,43,10,0,0,0,0
-40,44,12,0,0,0,0
-40,45,12,0,0,0,0
-40,71,36,0,0,0,0
-40,72,64,0,0,0,0
-40,73,176,0,0,0,0
-40,74,84,0,0,0,0
-40,75,412,0,0,0,0
-40,76,352,0,0,0,0
-40,77,434,0,0,0,0
-40,78,150,0,0,0,0
-40,79,452,0,0,0,0
-40,80,320,0,0,0,0
-40,81,370,0,0,0,0
-40,117,8,0,0,0,0
-40,118,6,0,0,0,0
-40,119,2,0,0,0,0
-40,122,6,0,0,0,0
-40,123,8,0,0,0,0
-40,124,12,0,0,0,0
-40,125,16,0,0,0,0
-40,126,4,0,0,0,0
-40,141,544,0,0,0,0
-40,142,1080,1,0,0.09259,0
-40,143,2500,2,0,0.08,0
-40,144,2004,4,0,0.1996,0
-40,145,3666,2,0,0.05456,0
-40,146,1902,0,0,0,0
-40,147,3198,1,0,0.03127,0
-40,148,1648,2,0,0.1214,0
-40,149,1632,3,1,0.1838,6.127
-40,151,244,0,0,0,0
-40,170,180,1,0,0.5556,0
-40,171,1519,12,5,0.79,32.92
-40,172,3028,6,1,0.1982,3.303
-40,173,3932,5,0,0.1272,0
-40,174,4970,2,0,0.04024,0
-40,175,4188,0,0,0,0
-40,176,4826,2,0,0.04144,0
-40,177,3712,0,0,0,0
-40,178,2716,4,0,0.1473,0
-40,179,780,0,0,0,0
-39,-180,14,0,0,0,0
-39,-179,6,0,0,0,0
-39,-178,10,0,0,0,0
-39,-75,3904,0,0,0,0
-39,-74,3994,67,0,1.678,0
-39,-73,7816,102,0,1.305,0
-39,-72,3822,1,0,0.02616,0
-39,-71,5598,121,0,2.161,0
-39,-70,2162,44,0,2.035,0
-39,-69,2874,203,0,7.063,0
-39,-68,1070,159,1,14.86,9.346
-39,-67,2156,4,0,0.1855,0
-39,-66,1670,0,0,0,0
-39,-65,3814,0,0,0,0
-39,-64,1848,18,0,0.974,0
-39,-63,3476,64,0,1.841,0
-39,-62,1642,29,0,1.766,0
-39,-61,2826,66,0,2.335,0
-39,-60,2084,6,0,0.2879,0
-39,-59,1704,6,0,0.3521,0
-39,-58,1048,4,0,0.3817,0
-39,-57,252,0,0,0,0
-39,-56,470,1,0,0.2128,0
-39,9,5,0,0,0,0
-39,10,4,0,0,0,0
-39,11,4,0,0,0,0
-39,12,1,0,0,0,0
-39,18,610,0,0,0,0
-39,19,502,0,0,0,0
-39,20,744,0,0,0,0
-39,21,258,0,0,0,0
-39,22,266,0,0,0,0
-39,23,16,0,0,0,0
-39,24,16,0,0,0,0
-39,41,14,0,0,0,0
-39,42,12,0,0,0,0
-39,43,12,0,0,0,0
-39,44,10,0,0,0,0
-39,45,12,0,0,0,0
-39,71,150,0,0,0,0
-39,72,152,0,0,0,0
-39,73,400,0,0,0,0
-39,74,192,0,0,0,0
-39,75,548,1,0,0.1825,0
-39,76,294,1,0,0.3401,0
-39,77,558,1,0,0.1792,0
-39,78,182,0,0,0,0
-39,79,572,0,0,0,0
-39,80,300,0,0,0,0
-39,81,300,2,0,0.6667,0
-39,116,8,0,0,0,0
-39,117,10,0,0,0,0
-39,118,10,0,0,0,0
-39,119,8,0,0,0,0
-39,124,4,0,0,0,0
-39,125,6,0,0,0,0
-39,139,530,0,0,0,0
-39,140,806,0,0,0,0
-39,141,2714,0,0,0,0
-39,142,1650,1,0,0.06061,0
-39,143,3366,1,0,0.02971,0
-39,144,1732,0,0,0,0
-39,145,3474,38,0,1.094,0
-39,146,1566,0,0,0,0
-39,147,3198,2,0,0.06254,0
-39,148,1632,1,0,0.06127,0
-39,149,2994,2,0,0.0668,0
-39,150,1652,1,0,0.06053,0
-39,151,1680,9,0,0.5357,0
-39,172,3174,3,0,0.09452,0
-39,173,3168,0,0,0,0
-39,174,6466,4,0,0.06186,0
-39,175,3198,5,0,0.1563,0
-39,176,6502,4,0,0.06152,0
-39,177,3204,3,0,0.09363,0
-39,178,3214,3,0,0.09334,0
-39,179,20,0,0,0,0
-38,-180,10,0,0,0,0
-38,-179,10,0,0,0,0
-38,-178,10,0,0,0,0
-38,-77,108,0,0,0,0
-38,-76,178,0,0,0,0
-38,-75,3540,0,0,0,0
-38,-74,3570,13,0,0.3641,0
-38,-73,6882,88,0,1.279,0
-38,-72,4372,11,0,0.2516,0
-38,-71,5750,19,0,0.3304,0
-38,-70,3310,20,0,0.6042,0
-38,-69,3076,60,0,1.951,0
-38,-68,972,0,0,0,0
-38,-67,1728,0,0,0,0
-38,-66,2266,0,0,0,0
-38,-65,1812,31,0,1.711,0
-38,-64,3342,6,0,0.1795,0
-38,-63,1690,7,0,0.4142,0
-38,-62,3416,20,0,0.5855,0
-38,-61,1684,2,0,0.1188,0
-38,-60,3548,20,0,0.5637,0
-38,-59,1888,1,0,0.05297,0
-38,-58,3574,22,0,0.6156,0
-38,-57,1806,0,0,0,0
-38,-56,2400,4,0,0.1667,0
-38,-55,746,1,0,0.134,0
-38,-54,932,1,0,0.1073,0
-38,17,1380,0,0,0,0
-38,18,1380,0,0,0,0
-38,19,2762,1,0,0.03621,0
-38,20,1466,0,0,0,0
-38,21,1420,0,0,0,0
-38,22,662,0,0,0,0
-38,23,610,0,0,0,0
-38,24,212,0,0,0,0
-38,25,118,0,0,0,0
-38,26,92,0,0,0,0
-38,27,16,0,0,0,0
-38,28,2,0,0,0,0
-38,29,4,0,0,0,0
-38,30,4,0,0,0,0
-38,31,2,0,0,0,0
-38,40,8,0,0,0,0
-38,41,14,0,0,0,0
-38,42,24,0,0,0,0
-38,43,24,0,0,0,0
-38,44,24,0,0,0,0
-38,45,4,0,0,0,0
-38,71,176,0,0,0,0
-38,72,314,0,0,0,0
-38,73,294,0,0,0,0
-38,74,344,0,0,0,0
-38,75,198,0,0,0,0
-38,76,430,0,0,0,0
-38,77,228,0,0,0,0
-38,78,598,1,0,0.1672,0
-38,79,160,0,0,0,0
-38,80,514,0,0,0,0
-38,81,306,0,0,0,0
-38,82,306,0,0,0,0
-38,116,82,0,0,0,0
-38,117,68,0,0,0,0
-38,118,40,0,0,0,0
-38,139,1602,1,0,0.06242,0
-38,140,1326,0,0,0,0
-38,141,2732,0,0,0,0
-38,142,1914,2,0,0.1045,0
-38,143,2520,39,0,1.548,0
-38,144,2514,10,0,0.3978,0
-38,145,2238,9,0,0.4021,0
-38,146,2392,0,0,0,0
-38,147,2122,0,0,0,0
-38,148,2412,0,0,0,0
-38,149,1642,0,0,0,0
-38,150,3300,1,0,0.0303,0
-38,151,1414,1,0,0.07072,0
-38,152,1704,4,0,0.2347,0
-38,171,190,0,0,0,0
-38,172,3204,2,1,0.06242,3.121
-38,173,3186,0,0,0,0
-38,174,6414,18,0,0.2806,0
-38,175,3240,5,0,0.1543,0
-38,176,6432,18,0,0.2799,0
-38,177,3204,1,1,0.03121,3.121
-38,178,2828,1,0,0.03536,0
-38,179,10,0,0,0,0
-37,-180,12,0,0,0,0
-37,-179,12,0,0,0,0
-37,-178,12,0,0,0,0
-37,-76,404,0,0,0,0
-37,-75,540,0,0,0,0
-37,-74,3210,27,0,0.8411,0
-37,-73,4472,53,0,1.185,0
-37,-72,5924,147,0,2.481,0
-37,-71,5066,8,0,0.1579,0
-37,-70,4672,37,0,0.792,0
-37,-69,2809,0,0,0,0
-37,-68,1565,4,0,0.2556,0
-37,-67,1474,0,0,0,0
-37,-66,2292,8,0,0.349,0
-37,-65,2356,0,0,0,0
-37,-64,3408,65,0,1.907,0
-37,-63,1754,13,0,0.7412,0
-37,-62,3472,31,0,0.8929,0
-37,-61,1752,7,0,0.3995,0
-37,-60,3754,8,0,0.2131,0
-37,-59,1900,0,0,0,0
-37,-58,3772,2,0,0.05302,0
-37,-57,1854,5,0,0.2697,0
-37,-56,3066,3,0,0.09785,0
-37,-55,1232,0,0,0,0
-37,-54,1280,2,0,0.1562,0
-37,17,1448,0,0,0,0
-37,18,1380,0,0,0,0
-37,19,3174,1,0,0.03151,0
-37,20,1796,0,0,0,0
-37,21,3826,4,0,0.1045,0
-37,22,1992,1,0,0.0502,0
-37,23,2832,0,0,0,0
-37,24,1282,0,0,0,0
-37,25,1470,0,0,0,0
-37,26,334,0,0,0,0
-37,27,318,0,0,0,0
-37,28,2,0,0,0,0
-37,29,10,0,0,0,0
-37,30,12,0,0,0,0
-37,31,14,0,0,0,0
-37,39,12,0,0,0,0
-37,40,36,0,0,0,0
-37,41,30,0,0,0,0
-37,42,34,0,0,0,0
-37,43,24,0,0,0,0
-37,44,20,0,0,0,0
-37,71,4,0,0,0,0
-37,72,262,0,0,0,0
-37,73,258,0,0,0,0
-37,74,446,0,0,0,0
-37,75,222,0,0,0,0
-37,76,558,0,0,0,0
-37,77,312,0,0,0,0
-37,78,526,0,0,0,0
-37,79,260,0,0,0,0
-37,80,516,0,0,0,0
-37,81,306,1,0,0.3268,0
-37,82,232,0,0,0,0
-37,116,180,0,0,0,0
-37,117,130,0,0,0,0
-37,118,136,0,0,0,0
-37,135,574,0,0,0,0
-37,136,1480,0,0,0,0
-37,137,950,2,0,0.2105,0
-37,138,2178,3,0,0.1377,0
-37,139,1354,0,0,0,0
-37,140,3236,1,0,0.0309,0
-37,141,1602,1,0,0.06242,0
-37,142,3474,0,0,0,0
-37,143,1678,0,0,0,0
-37,144,3334,3,0,0.08998,0
-37,145,1686,3,0,0.1779,0
-37,146,3532,0,0,0,0
-37,147,1606,0,0,0,0
-37,148,3530,0,0,0,0
-37,149,1896,0,0,0,0
-37,150,3336,4,0,0.1199,0
-37,151,2002,0,0,0,0
-37,152,1744,2,0,0.1147,0
-37,153,4,0,0,0,0
-37,171,1506,0,0,0,0
-37,172,2100,0,0,0,0
-37,173,4642,1,0,0.02154,0
-37,174,3402,5,0,0.147,0
-37,175,4590,1,0,0.02179,0
-37,176,2828,0,0,0,0
-37,177,2844,0,0,0,0
-37,178,382,0,0,0,0
-37,179,16,0,0,0,0
-36,-180,14,0,0,0,0
-36,-179,12,0,0,0,0
-36,-178,6,0,0,0,0
-36,-177,8,0,0,0,0
-36,-80,100,0,0,0,0
-36,-75,78,0,0,0,0
-36,-74,3810,0,0,0,0
-36,-73,3776,0,0,0,0
-36,-72,7870,252,0,3.202,0
-36,-71,4170,7,0,0.1679,0
-36,-70,5833,13,0,0.2229,0
-36,-69,1897,2,0,0.1054,0
-36,-68,3057,0,0,0,0
-36,-67,1192,0,0,0,0
-36,-66,2938,0,0,0,0
-36,-65,1960,6,0,0.3061,0
-36,-64,3436,94,0,2.736,0
-36,-63,1786,11,0,0.6159,0
-36,-62,2678,14,0,0.5228,0
-36,-61,2128,7,0,0.3289,0
-36,-60,2512,4,0,0.1592,0
-36,-59,2768,16,0,0.578,0
-36,-58,2098,32,0,1.525,0
-36,-57,3306,0,0,0,0
-36,-56,1822,6,0,0.3293,0
-36,-55,2622,2,0,0.07628,0
-36,-54,1302,0,0,0,0
-36,-53,1320,1,0,0.07576,0
-36,15,4,0,0,0,0
-36,16,14,0,0,0,0
-36,17,1724,1,0,0.058,0
-36,18,1756,0,0,0,0
-36,19,3422,0,0,0,0
-36,20,1806,0,0,0,0
-36,21,3598,2,0,0.05559,0
-36,22,1800,1,0,0.05556,0
-36,23,3562,2,1,0.05615,2.807
-36,24,1764,0,0,0,0
-36,25,3578,0,0,0,0
-36,26,1937,0,0,0,0
-36,27,2580,0,0,0,0
-36,28,854,0,0,0,0
-36,29,936,0,0,0,0
-36,30,86,0,0,0,0
-36,31,20,0,0,0,0
-36,39,12,0,0,0,0
-36,40,32,0,0,0,0
-36,41,34,0,0,0,0
-36,42,30,0,0,0,0
-36,43,38,0,0,0,0
-36,44,22,0,0,0,0
-36,62,2,0,0,0,0
-36,63,4,0,0,0,0
-36,66,2,0,0,0,0
-36,72,264,0,0,0,0
-36,73,268,0,0,0,0
-36,74,496,0,0,0,0
-36,75,260,0,0,0,0
-36,76,566,2,0,0.3534,0
-36,77,310,0,0,0,0
-36,78,384,0,0,0,0
-36,79,98,0,0,0,0
-36,80,120,0,0,0,0
-36,91,212,0,0,0,0
-36,92,178,0,0,0,0
-36,93,26,0,0,0,0
-36,113,10,0,0,0,0
-36,114,46,0,0,0,0
-36,115,1800,0,0,0,0
-36,116,1560,0,0,0,0
-36,117,1716,0,0,0,0
-36,118,812,0,0,0,0
-36,119,290,0,0,0,0
-36,120,194,0,0,0,0
-36,121,94,0,0,0,0
-36,122,182,1,0,0.5495,0
-36,134,2016,1,0,0.0496,0
-36,135,1740,0,0,0,0
-36,136,3396,2,0,0.05889,0
-36,137,1656,1,0,0.06039,0
-36,138,3384,17,0,0.5024,0
-36,139,1728,0,0,0,0
-36,140,3588,2,0,0.05574,0
-36,141,1860,0,0,0,0
-36,142,3318,1,0,0.03014,0
-36,143,1674,0,0,0,0
-36,144,3610,2,0,0.0554,0
-36,145,1936,0,0,0,0
-36,146,3312,2,0,0.06039,0
-36,147,1626,0,0,0,0
-36,148,3258,6,1,0.1842,3.069
-36,149,1632,3,0,0.1838,0
-36,150,4936,6,0,0.1216,0
-36,151,3444,5,0,0.1452,0
-36,152,3372,8,0,0.2372,0
-36,153,18,0,0,0,0
-36,161,8,0,0,0,0
-36,162,8,0,0,0,0
-36,163,4,0,0,0,0
-36,164,2,0,0,0,0
-36,171,2590,0,0,0,0
-36,172,2838,1,0,0.03524,0
-36,173,6600,3,0,0.04545,0
-36,174,3479,2,0,0.05749,0
-36,175,4002,1,0,0.02499,0
-36,176,348,0,0,0,0
-36,177,332,0,0,0,0
-36,179,10,0,0,0,0
-35,-180,12,0,0,0,0
-35,-179,12,0,0,0,0
-35,-178,12,0,0,0,0
-35,-177,12,0,0,0,0
-35,-82,436,0,0,0,0
-35,-81,443,0,0,0,0
-35,-80,454,0,0,0,0
-35,-74,2908,0,0,0,0
-35,-73,3574,16,0,0.4477,0
-35,-72,6298,82,0,1.302,0
-35,-71,5140,257,6,5,11.67
-35,-70,5735,2,0,0.03487,0
-35,-69,2957,100,0,3.382,0
-35,-68,3183,24,0,0.754,0
-35,-67,1590,3,0,0.1887,0
-35,-66,1822,0,0,0,0
-35,-65,2312,1,0,0.04325,0
-35,-64,2264,54,0,2.385,0
-35,-63,3480,3,0,0.08621,0
-35,-62,1766,11,0,0.6229,0
-35,-61,3130,64,0,2.045,0
-35,-60,1844,61,0,3.308,0
-35,-59,3882,391,0,10.07,0
-35,-58,1956,28,0,1.431,0
-35,-57,3894,2,0,0.05136,0
-35,-56,2058,8,0,0.3887,0
-35,-55,3366,1,0,0.02971,0
-35,-54,1494,1,0,0.06693,0
-35,-53,1654,1,0,0.06046,0
-35,-52,188,0,0,0,0
-35,-51,222,0,0,0,0
-35,15,20,0,0,0,0
-35,16,1794,1,0,0.05574,0
-35,17,1840,6,0,0.3261,0
-35,18,3792,161,0,4.246,0
-35,19,1994,13,0,0.652,0
-35,20,3306,20,0,0.605,0
-35,21,1664,21,0,1.262,0
-35,22,2700,17,0,0.6296,0
-35,23,2550,3,0,0.1176,0
-35,24,2682,15,0,0.5593,0
-35,25,2182,0,0,0,0
-35,26,2422,0,0,0,0
-35,27,2581,1,1,0.03874,3.874
-35,28,2465,1,0,0.04057,0
-35,29,2728,0,0,0,0
-35,30,1728,0,0,0,0
-35,31,2084,0,0,0,0
-35,32,1130,0,0,0,0
-35,33,274,0,0,0,0
-35,39,14,0,0,0,0
-35,40,28,0,0,0,0
-35,41,38,0,0,0,0
-35,42,40,0,0,0,0
-35,43,42,0,0,0,0
-35,60,8,0,0,0,0
-35,61,12,0,0,0,0
-35,62,16,0,0,0,0
-35,63,8,0,0,0,0
-35,64,10,0,0,0,0
-35,66,10,0,0,0,0
-35,67,8,0,0,0,0
-35,68,10,0,0,0,0
-35,69,6,0,0,0,0
-35,70,4,0,0,0,0
-35,72,46,0,0,0,0
-35,73,38,0,0,0,0
-35,74,28,0,0,0,0
-35,75,194,0,0,0,0
-35,76,48,0,0,0,0
-35,77,56,0,0,0,0
-35,90,236,0,0,0,0
-35,91,342,0,0,0,0
-35,92,350,0,0,0,0
-35,114,1432,0,0,0,0
-35,115,3006,0,0,0,0
-35,116,3598,0,0,0,0
-35,117,2430,0,0,0,0
-35,118,1266,0,0,0,0
-35,119,1218,0,0,0,0
-35,120,922,2,0,0.2169,0
-35,121,790,0,0,0,0
-35,122,778,11,0,1.414,0
-35,123,266,0,0,0,0
-35,124,540,0,0,0,0
-35,125,188,0,0,0,0
-35,126,282,0,0,0,0
-35,132,8,0,0,0,0
-35,133,8,0,0,0,0
-35,134,1764,0,0,0,0
-35,135,1740,0,0,0,0
-35,136,3384,0,0,0,0
-35,137,2208,1,0,0.04529,0
-35,138,3342,17,0,0.5087,0
-35,139,1760,0,0,0,0
-35,140,2864,2,0,0.06983,0
-35,141,1814,0,0,0,0
-35,142,2192,0,0,0,0
-35,143,2480,1,0,0.04032,0
-35,144,2196,3,0,0.1366,0
-35,145,2514,1,0,0.03978,0
-35,146,2182,2,0,0.09166,0
-35,147,2774,1,0,0.03605,0
-35,148,1384,0,0,0,0
-35,149,2960,2,0,0.06757,0
-35,150,3318,5,0,0.1507,0
-35,151,5313,10,2,0.1882,3.764
-35,152,3686,5,0,0.1356,0
-35,153,2000,6,0,0.3,0
-35,161,12,0,0,0,0
-35,162,12,0,0,0,0
-35,163,12,0,0,0,0
-35,164,10,0,0,0,0
-35,165,10,0,0,0,0
-35,171,2330,2,0,0.08584,0
-35,172,3352,2,0,0.05967,0
-35,173,4718,2,0,0.04239,0
-35,174,2020,0,0,0,0
-35,175,1456,0,0,0,0
-35,176,220,0,0,0,0
-35,177,320,0,0,0,0
-35,179,12,0,0,0,0
-34,-180,18,0,0,0,0
-34,-179,10,0,0,0,0
-34,-178,10,0,0,0,0
-34,-177,14,0,0,0,0
-34,-176,2,0,0,0,0
-34,-165,2,0,0,0,0
-34,-164,2,0,0,0,0
-34,-163,2,0,0,0,0
-34,-82,8,0,0,0,0
-34,-81,464,0,0,0,0
-34,-80,344,0,0,0,0
-34,-79,246,0,0,0,0
-34,-75,4,0,0,0,0
-34,-74,864,0,0,0,0
-34,-73,4368,1,0,0.02289,0
-34,-72,5032,194,0,3.855,0
-34,-71,6248,506,0,8.099,0
-34,-70,4964,40,0,0.8058,0
-34,-69,4531,296,2,6.533,4.414
-34,-68,2685,3,0,0.1117,0
-34,-67,1804,6,0,0.3326,0
-34,-66,1770,3,0,0.1695,0
-34,-65,2356,158,0,6.706,0
-34,-64,2278,0,0,0,0
-34,-63,2408,13,0,0.5399,0
-34,-62,528,24,0,4.545,0
-34,-61,2454,47,0,1.915,0
-34,-60,1892,4,0,0.2114,0
-34,-59,4116,6,0,0.1458,0
-34,-58,2272,0,0,0,0
-34,-57,3960,0,0,0,0
-34,-56,1546,0,0,0,0
-34,-55,2766,2,0,0.07231,0
-34,-54,1772,38,0,2.144,0
-34,-53,1672,2,0,0.1196,0
-34,-52,304,0,0,0,0
-34,-51,282,0,0,0,0
-34,-50,90,0,0,0,0
-34,13,24,0,0,0,0
-34,14,30,0,0,0,0
-34,15,88,0,0,0,0
-34,16,1806,1,0,0.05537,0
-34,17,1872,1,0,0.05342,0
-34,18,3590,323,0,8.997,0
-34,19,1832,75,0,4.094,0
-34,20,3616,2,0,0.05531,0
-34,21,1768,0,0,0,0
-34,22,3932,50,0,1.272,0
-34,23,1740,0,0,0,0
-34,24,3558,27,0,0.7589,0
-34,25,1806,22,0,1.218,0
-34,26,3554,2,0,0.05627,0
-34,27,1750,4,0,0.2286,0
-34,28,3468,1,0,0.02884,0
-34,29,1724,0,0,0,0
-34,30,3458,3,0,0.08676,0
-34,31,1456,0,0,0,0
-34,32,2012,0,0,0,0
-34,38,2,0,0,0,0
-34,39,12,0,0,0,0
-34,40,26,0,0,0,0
-34,41,28,0,0,0,0
-34,42,30,0,0,0,0
-34,43,30,0,0,0,0
-34,44,2,0,0,0,0
-34,45,8,0,0,0,0
-34,46,4,0,0,0,0
-34,47,6,0,0,0,0
-34,48,2,0,0,0,0
-34,58,6,0,0,0,0
-34,59,6,0,0,0,0
-34,60,16,0,0,0,0
-34,61,10,0,0,0,0
-34,62,10,0,0,0,0
-34,63,10,0,0,0,0
-34,64,10,0,0,0,0
-34,66,10,0,0,0,0
-34,67,12,0,0,0,0
-34,68,20,0,0,0,0
-34,69,18,0,0,0,0
-34,70,14,0,0,0,0
-34,71,2,0,0,0,0
-34,90,342,0,0,0,0
-34,91,350,0,0,0,0
-34,92,440,0,0,0,0
-34,114,1548,0,0,0,0
-34,115,2982,2,0,0.06707,0
-34,116,3308,2,0,0.06046,0
-34,117,2232,0,0,0,0
-34,118,1178,2,0,0.1698,0
-34,119,1222,0,0,0,0
-34,120,974,0,0,0,0
-34,121,1054,0,0,0,0
-34,122,1220,0,0,0,0
-34,123,1040,0,0,0,0
-34,124,564,0,0,0,0
-34,125,282,0,0,0,0
-34,126,290,1,0,0.3448,0
-34,127,86,0,0,0,0
-34,128,306,1,0,0.3268,0
-34,131,8,0,0,0,0
-34,132,216,0,0,0,0
-34,133,500,0,0,0,0
-34,134,436,0,0,0,0
-34,135,2202,0,0,0,0
-34,136,2022,0,0,0,0
-34,137,2816,2,0,0.07102,0
-34,138,1710,0,0,0,0
-34,139,3330,1,0,0.03003,0
-34,140,1728,0,0,0,0
-34,141,3330,1,0,0.03003,0
-34,142,1602,1,0,0.06242,0
-34,143,3546,0,0,0,0
-34,144,1674,0,0,0,0
-34,145,3344,1,0,0.0299,0
-34,146,1668,3,0,0.1799,0
-34,147,3546,0,0,0,0
-34,148,1888,0,0,0,0
-34,149,3520,0,0,0,0
-34,150,3318,1,0,0.03014,0
-34,151,5042,23,1,0.4562,1.983
-34,152,3406,4,0,0.1174,0
-34,153,1719,2,0,0.1163,0
-34,161,10,0,0,0,0
-34,162,10,0,0,0,0
-34,163,16,0,0,0,0
-34,164,18,0,0,0,0
-34,167,6,0,0,0,0
-34,168,4,0,0,0,0
-34,169,2,0,0,0,0
-34,171,8,0,0,0,0
-34,172,570,0,0,0,0
-34,173,394,0,0,0,0
-34,174,1098,0,0,0,0
-34,175,10,0,0,0,0
-34,176,24,0,0,0,0
-34,177,24,0,0,0,0
-34,178,14,0,0,0,0
-34,179,4,0,0,0,0
-33,-180,14,0,0,0,0
-33,-179,14,0,0,0,0
-33,-178,18,0,0,0,0
-33,-177,20,0,0,0,0
-33,-176,18,0,0,0,0
-33,-175,12,0,0,0,0
-33,-174,12,0,0,0,0
-33,-173,4,0,0,0,0
-33,-165,10,0,0,0,0
-33,-164,8,0,0,0,0
-33,-163,12,0,0,0,0
-33,-162,8,0,0,0,0
-33,-161,6,0,0,0,0
-33,-81,354,0,0,0,0
-33,-80,346,0,0,0,0
-33,-79,228,1,0,0.4386,0
-33,-73,3994,6,1,0.1502,2.504
-33,-72,3900,64,0,1.641,0
-33,-71,7678,148,0,1.928,0
-33,-70,3516,208,1,5.916,2.844
-33,-69,5318,156,0,2.933,0
-33,-68,1762,0,0,0,0
-33,-67,2611,3,0,0.1149,0
-33,-66,1104,20,0,1.812,0
-33,-65,2418,90,10,3.722,41.36
-33,-64,1990,0,0,0,0
-33,-63,2132,54,0,2.533,0
-33,-62,628,52,0,8.28,0
-33,-61,1622,45,0,2.774,0
-33,-60,2132,10,0,0.469,0
-33,-59,2190,19,0,0.8676,0
-33,-58,3002,25,0,0.8328,0
-33,-57,2018,0,0,0,0
-33,-56,3022,0,0,0,0
-33,-55,1726,4,0,0.2317,0
-33,-54,2584,0,0,0,0
-33,-53,1758,0,0,0,0
-33,-52,1598,5,0,0.3129,0
-33,-51,302,0,0,0,0
-33,-50,298,0,0,0,0
-33,13,30,0,0,0,0
-33,14,30,0,0,0,0
-33,15,40,0,0,0,0
-33,16,1814,0,0,0,0
-33,17,2348,1,0,0.04259,0
-33,18,2870,123,0,4.286,0
-33,19,1670,13,0,0.7784,0
-33,20,3406,0,0,0,0
-33,21,1732,0,0,0,0
-33,22,3502,13,0,0.3712,0
-33,23,1706,0,0,0,0
-33,24,3538,2,0,0.05653,0
-33,25,1798,4,0,0.2225,0
-33,26,3842,8,0,0.2082,0
-33,27,2042,33,0,1.616,0
-33,28,3500,8,0,0.2286,0
-33,29,1736,0,0,0,0
-33,30,3724,0,0,0,0
-33,31,1744,0,0,0,0
-33,32,2888,3,2,0.1039,6.925
-33,33,860,0,0,0,0
-33,34,276,0,0,0,0
-33,36,6,0,0,0,0
-33,37,8,0,0,0,0
-33,38,12,0,0,0,0
-33,39,20,0,0,0,0
-33,40,36,0,0,0,0
-33,41,22,0,0,0,0
-33,42,24,0,0,0,0
-33,43,18,0,0,0,0
-33,44,10,0,0,0,0
-33,45,10,0,0,0,0
-33,46,12,0,0,0,0
-33,47,12,0,0,0,0
-33,48,10,0,0,0,0
-33,49,10,0,0,0,0
-33,57,6,0,0,0,0
-33,58,8,0,0,0,0
-33,59,16,0,0,0,0
-33,60,14,0,0,0,0
-33,61,30,0,0,0,0
-33,62,14,0,0,0,0
-33,63,12,0,0,0,0
-33,64,12,0,0,0,0
-33,66,16,0,0,0,0
-33,67,12,0,0,0,0
-33,68,24,0,0,0,0
-33,69,30,0,0,0,0
-33,70,12,0,0,0,0
-33,71,18,0,0,0,0
-33,90,432,0,0,0,0
-33,91,448,0,0,0,0
-33,92,236,0,0,0,0
-33,114,2162,2,0,0.09251,0
-33,115,3680,18,0,0.4891,0
-33,116,3592,12,0,0.3341,0
-33,117,838,1,0,0.1193,0
-33,118,992,0,0,0,0
-33,119,740,0,0,0,0
-33,120,646,0,0,0,0
-33,121,674,0,0,0,0
-33,122,432,0,0,0,0
-33,123,686,0,0,0,0
-33,124,230,0,0,0,0
-33,125,570,0,0,0,0
-33,126,330,0,0,0,0
-33,127,738,0,0,0,0
-33,128,318,0,0,0,0
-33,129,522,0,0,0,0
-33,130,196,1,0,0.5102,0
-33,131,730,0,0,0,0
-33,132,336,0,0,0,0
-33,133,606,0,0,0,0
-33,134,270,0,0,0,0
-33,135,2004,0,0,0,0
-33,136,1732,0,0,0,0
-33,137,3383,0,0,0,0
-33,138,1656,0,0,0,0
-33,139,3384,1,0,0.02955,0
-33,140,1728,0,0,0,0
-33,141,3418,7,0,0.2048,0
-33,142,1610,0,0,0,0
-33,143,3286,0,0,0,0
-33,144,1944,0,0,0,0
-33,145,3610,1,0,0.0277,0
-33,146,1668,0,0,0,0
-33,147,3294,2,0,0.06072,0
-33,148,1626,0,0,0,0
-33,149,4660,5,1,0.1073,2.146
-33,150,3602,4,0,0.111,0
-33,151,4464,9,0,0.2016,0
-33,152,2006,2,0,0.0997,0
-33,153,1904,6,0,0.3151,0
-33,154,82,0,0,0,0
-33,160,10,0,0,0,0
-33,161,10,0,0,0,0
-33,162,16,0,0,0,0
-33,163,10,0,0,0,0
-33,164,10,0,0,0,0
-33,166,8,0,0,0,0
-33,167,8,0,0,0,0
-33,168,16,0,0,0,0
-33,169,16,0,0,0,0
-33,170,8,0,0,0,0
-33,171,10,0,0,0,0
-33,172,12,0,0,0,0
-33,173,14,0,0,0,0
-33,174,32,0,0,0,0
-33,175,16,0,0,0,0
-33,176,30,0,0,0,0
-33,177,30,0,0,0,0
-33,178,26,0,0,0,0
-33,179,8,0,0,0,0
-32,-180,24,0,0,0,0
-32,-179,10,0,0,0,0
-32,-178,10,0,0,0,0
-32,-177,18,0,0,0,0
-32,-176,16,0,0,0,0
-32,-175,14,0,0,0,0
-32,-174,16,0,0,0,0
-32,-165,12,0,0,0,0
-32,-164,12,0,0,0,0
-32,-163,12,0,0,0,0
-32,-162,16,0,0,0,0
-32,-161,8,0,0,0,0
-32,-75,20,0,0,0,0
-32,-74,246,0,0,0,0
-32,-73,3256,2,0,0.06143,0
-32,-72,4190,0,0,0,0
-32,-71,6342,2,0,0.03154,0
-32,-70,4702,145,0,3.084,0
-32,-69,5154,577,0,11.2,0
-32,-68,2548,8,0,0.314,0
-32,-67,2942,0,0,0,0
-32,-66,1524,58,0,3.806,0
-32,-65,1238,192,0,15.51,0
-32,-64,2222,62,0,2.79,0
-32,-63,1908,9,0,0.4717,0
-32,-62,2500,19,0,0.76,0
-32,-61,596,33,0,5.537,0
-32,-60,2484,20,0,0.8052,0
-32,-59,1898,12,0,0.6322,0
-32,-58,3782,80,0,2.115,0
-32,-57,1870,0,0,0,0
-32,-56,3630,33,0,0.9091,0
-32,-55,1554,0,0,0,0
-32,-54,2892,15,0,0.5187,0
-32,-53,1168,54,0,4.623,0
-32,-52,1162,4,0,0.3442,0
-32,-51,362,0,0,0,0
-32,-50,344,0,0,0,0
-32,-48,14,0,0,0,0
-32,14,30,0,0,0,0
-32,15,1638,0,0,0,0
-32,16,2116,1,0,0.04726,0
-32,17,3006,7,0,0.2329,0
-32,18,1558,1,0,0.06418,0
-32,19,2794,1,0,0.03579,0
-32,20,1906,0,0,0,0
-32,21,2700,0,0,0,0
-32,22,1768,6,0,0.3394,0
-32,23,2108,0,0,0,0
-32,24,2436,1,0,0.04105,0
-32,25,2406,2,0,0.08313,0
-32,26,2732,0,0,0,0
-32,27,2046,7,0,0.3421,0
-32,28,2928,8,0,0.2732,0
-32,29,2306,5,0,0.2168,0
-32,30,2976,0,0,0,0
-32,31,2306,3,0,0.1301,0
-32,32,3220,2,0,0.06211,0
-32,33,1752,0,0,0,0
-32,34,2036,0,0,0,0
-32,36,12,0,0,0,0
-32,37,12,0,0,0,0
-32,38,10,0,0,0,0
-32,39,22,0,0,0,0
-32,40,30,0,0,0,0
-32,41,26,0,0,0,0
-32,42,30,0,0,0,0
-32,43,12,0,0,0,0
-32,44,12,0,0,0,0
-32,45,12,0,0,0,0
-32,46,10,0,0,0,0
-32,47,10,0,0,0,0
-32,48,22,0,0,0,0
-32,49,2,0,0,0,0
-32,57,10,0,0,0,0
-32,58,12,0,0,0,0
-32,59,12,0,0,0,0
-32,60,10,0,0,0,0
-32,61,22,0,0,0,0
-32,62,12,0,0,0,0
-32,63,16,0,0,0,0
-32,64,4,0,0,0,0
-32,65,18,0,0,0,0
-32,66,20,0,0,0,0
-32,67,40,0,0,0,0
-32,68,28,0,0,0,0
-32,69,34,0,0,0,0
-32,70,12,0,0,0,0
-32,71,10,0,0,0,0
-32,90,90,0,0,0,0
-32,91,318,0,0,0,0
-32,113,246,0,0,0,0
-32,114,1612,0,0,0,0
-32,115,3100,9,0,0.2903,0
-32,116,3402,1,0,0.02939,0
-32,117,2100,5,0,0.2381,0
-32,118,830,0,0,0,0
-32,119,790,0,0,0,0
-32,120,492,0,0,0,0
-32,121,664,0,0,0,0
-32,122,318,0,0,0,0
-32,123,600,0,0,0,0
-32,124,282,0,0,0,0
-32,125,612,0,0,0,0
-32,126,424,0,0,0,0
-32,127,672,0,0,0,0
-32,128,342,0,0,0,0
-32,129,676,0,0,0,0
-32,130,342,0,0,0,0
-32,131,678,0,0,0,0
-32,132,336,0,0,0,0
-32,133,606,0,0,0,0
-32,134,270,0,0,0,0
-32,135,2022,0,0,0,0
-32,136,1926,0,0,0,0
-32,137,3506,0,0,0,0
-32,138,2196,1,0,0.04554,0
-32,139,3256,1,1,0.03071,3.071
-32,140,2212,1,0,0.04521,0
-32,141,2402,1,0,0.04163,0
-32,142,1874,0,0,0,0
-32,143,2326,3,2,0.129,8.598
-32,144,2328,3,1,0.1289,4.296
-32,145,2248,4,0,0.1779,0
-32,146,2496,1,0,0.04006,0
-32,147,2206,0,0,0,0
-32,148,2480,0,0,0,0
-32,149,3588,1,0,0.02787,0
-32,150,4922,4,1,0.08127,2.032
-32,151,3340,0,0,0,0
-32,152,3070,14,0,0.456,0
-32,153,1720,1,0,0.05814,0
-32,154,1722,5,0,0.2904,0
-32,160,2,0,0,0,0
-32,161,2,0,0,0,0
-32,162,6,0,0,0,0
-32,163,10,0,0,0,0
-32,164,12,0,0,0,0
-32,166,10,0,0,0,0
-32,167,10,0,0,0,0
-32,168,10,0,0,0,0
-32,169,10,0,0,0,0
-32,170,24,0,0,0,0
-32,171,8,0,0,0,0
-32,172,16,0,0,0,0
-32,173,12,0,0,0,0
-32,174,22,0,0,0,0
-32,175,10,0,0,0,0
-32,176,32,0,0,0,0
-32,177,32,0,0,0,0
-32,178,34,0,0,0,0
-32,179,12,0,0,0,0
-31,-180,12,0,0,0,0
-31,-179,2,0,0,0,0
-31,-178,12,0,0,0,0
-31,-177,8,0,0,0,0
-31,-176,16,0,0,0,0
-31,-175,12,0,0,0,0
-31,-174,12,0,0,0,0
-31,-165,10,0,0,0,0
-31,-164,10,0,0,0,0
-31,-163,16,0,0,0,0
-31,-162,14,0,0,0,0
-31,-74,266,0,0,0,0
-31,-73,1314,0,0,0,0
-31,-72,4698,23,0,0.4896,0
-31,-71,4620,6,0,0.1299,0
-31,-70,5848,43,0,0.7353,0
-31,-69,4726,18,0,0.3809,0
-31,-68,4080,0,0,0,0
-31,-67,2410,9,0,0.3734,0
-31,-66,1586,6,0,0.3783,0
-31,-65,1580,33,0,2.089,0
-31,-64,2552,10,0,0.3918,0
-31,-63,2062,0,0,0,0
-31,-62,2512,34,0,1.354,0
-31,-61,564,22,0,3.901,0
-31,-60,2646,27,0,1.02,0
-31,-59,1996,17,0,0.8517,0
-31,-58,3863,2,0,0.05177,0
-31,-57,1886,0,0,0,0
-31,-56,3056,1,0,0.03272,0
-31,-55,1190,0,0,0,0
-31,-54,1183,7,0,0.5917,0
-31,-53,498,0,0,0,0
-31,-52,652,7,0,1.074,0
-31,-51,400,1,0,0.25,0
-31,-50,434,0,0,0,0
-31,-49,286,0,0,0,0
-31,-48,344,0,0,0,0
-31,-47,86,0,0,0,0
-31,15,1734,1,0,0.05767,0
-31,16,1734,0,0,0,0
-31,17,3222,1,0,0.03104,0
-31,18,1488,1,0,0.0672,0
-31,19,2950,2,0,0.0678,0
-31,20,1672,0,0,0,0
-31,21,2904,0,0,0,0
-31,22,1418,0,0,0,0
-31,23,3336,3,0,0.08993,0
-31,24,1732,0,0,0,0
-31,25,3474,3,0,0.08636,0
-31,26,1747,1,0,0.05724,0
-31,27,3196,7,0,0.219,0
-31,28,2016,1,0,0.0496,0
-31,29,3226,4,0,0.124,0
-31,30,2710,4,0,0.1476,0
-31,31,3278,1,0,0.03051,0
-31,32,1898,0,0,0,0
-31,33,3042,4,0,0.1315,0
-31,34,2000,0,0,0,0
-31,35,1134,0,0,0,0
-31,36,2,0,0,0,0
-31,37,16,0,0,0,0
-31,38,24,0,0,0,0
-31,39,18,0,0,0,0
-31,40,30,0,0,0,0
-31,41,32,0,0,0,0
-31,42,24,0,0,0,0
-31,43,10,0,0,0,0
-31,44,12,0,0,0,0
-31,45,18,0,0,0,0
-31,46,24,0,0,0,0
-31,47,16,0,0,0,0
-31,48,10,0,0,0,0
-31,57,12,0,0,0,0
-31,58,10,0,0,0,0
-31,59,10,0,0,0,0
-31,60,20,0,0,0,0
-31,61,6,0,0,0,0
-31,62,2,0,0,0,0
-31,65,36,0,0,0,0
-31,66,30,0,0,0,0
-31,67,40,0,0,0,0
-31,68,46,0,0,0,0
-31,69,36,0,0,0,0
-31,70,12,0,0,0,0
-31,71,14,0,0,0,0
-31,75,2,0,0,0,0
-31,113,270,0,0,0,0
-31,114,1700,0,0,0,0
-31,115,3332,1,0,0.03001,0
-31,116,3092,0,0,0,0
-31,117,2202,0,0,0,0
-31,118,764,0,0,0,0
-31,119,786,0,0,0,0
-31,120,474,0,0,0,0
-31,121,660,1,0,0.1515,0
-31,122,408,0,0,0,0
-31,123,600,0,0,0,0
-31,124,282,0,0,0,0
-31,125,612,0,0,0,0
-31,126,330,0,0,0,0
-31,127,656,0,0,0,0
-31,128,358,0,0,0,0
-31,129,464,1,0,0.2155,0
-31,130,546,0,0,0,0
-31,131,558,0,0,0,0
-31,132,452,0,0,0,0
-31,133,444,0,0,0,0
-31,134,438,0,0,0,0
-31,135,278,0,0,0,0
-31,136,2626,0,0,0,0
-31,137,2030,0,0,0,0
-31,138,2650,0,0,0,0
-31,139,2016,1,0,0.0496,0
-31,140,2728,1,0,0.03666,0
-31,141,1788,0,0,0,0
-31,142,3072,0,0,0,0
-31,143,1614,1,0,0.06196,0
-31,144,3288,2,0,0.06083,0
-31,145,1674,0,0,0,0
-31,146,3342,1,0,0.02992,0
-31,147,1668,1,0,0.05995,0
-31,148,3294,0,0,0,0
-31,149,3304,0,0,0,0
-31,150,4950,1,0,0.0202,0
-31,151,3380,0,0,0,0
-31,152,3359,1,0,0.02977,0
-31,153,1723,4,1,0.2322,5.804
-31,154,1722,5,1,0.2904,5.807
-31,156,504,0,0,0,0
-31,157,768,1,0,0.1302,0
-31,158,1032,0,0,0,0
-31,166,12,0,0,0,0
-31,167,12,0,0,0,0
-31,168,12,0,0,0,0
-31,169,20,0,0,0,0
-31,170,14,0,0,0,0
-31,171,10,0,0,0,0
-31,172,10,0,0,0,0
-31,173,14,0,0,0,0
-31,174,16,0,0,0,0
-31,175,12,0,0,0,0
-31,176,14,0,0,0,0
-31,177,36,0,0,0,0
-31,178,24,0,0,0,0
-31,179,22,0,0,0,0
-30,-180,10,0,0,0,0
-30,-178,10,0,0,0,0
-30,-177,10,0,0,0,0
-30,-176,10,0,0,0,0
-30,-175,12,0,0,0,0
-30,-174,8,0,0,0,0
-30,-166,2,0,0,0,0
-30,-165,8,0,0,0,0
-30,-164,18,0,0,0,0
-30,-163,12,0,0,0,0
-30,-162,12,0,0,0,0
-30,-74,446,0,0,0,0
-30,-73,468,0,0,0,0
-30,-72,3806,78,0,2.049,0
-30,-71,3482,2,0,0.05744,0
-30,-70,6780,0,0,0,0
-30,-69,3720,5,0,0.1344,0
-30,-68,4926,15,0,0.3045,0
-30,-67,1260,1,0,0.07937,0
-30,-66,1824,156,0,8.553,0
-30,-65,826,2,0,0.2421,0
-30,-64,2194,0,0,0,0
-30,-63,1626,5,0,0.3075,0
-30,-62,1362,7,0,0.514,0
-30,-61,554,1,0,0.1805,0
-30,-60,1704,5,0,0.2934,0
-30,-59,2644,15,0,0.5673,0
-30,-58,2842,52,0,1.83,0
-30,-57,2404,1,0,0.0416,0
-30,-56,2212,2,0,0.09042,0
-30,-55,1070,0,0,0,0
-30,-54,430,12,0,2.791,0
-30,-53,636,9,0,1.415,0
-30,-52,500,8,0,1.6,0
-30,-51,642,36,0,5.607,0
-30,-50,340,3,0,0.8824,0
-30,-49,594,0,0,0,0
-30,-48,258,0,0,0,0
-30,-47,258,0,0,0,0
-30,15,1922,1,0,0.05203,0
-30,16,2126,1,0,0.04704,0
-30,17,3236,1,0,0.0309,0
-30,18,1696,0,0,0,0
-30,19,3090,1,0,0.03236,0
-30,20,1404,0,0,0,0
-30,21,2802,0,0,0,0
-30,22,1400,0,0,0,0
-30,23,3180,1,0,0.03145,0
-30,24,1972,1,0,0.05071,0
-30,25,3474,2,0,0.05757,0
-30,26,1740,45,0,2.586,0
-30,27,3464,2,0,0.05774,0
-30,28,1720,0,0,0,0
-30,29,3806,0,0,0,0
-30,30,2074,55,0,2.652,0
-30,31,4062,84,0,2.068,0
-30,32,1934,0,0,0,0
-30,33,3680,3,0,0.08152,0
-30,34,1746,0,0,0,0
-30,35,1746,0,0,0,0
-30,37,12,0,0,0,0
-30,38,26,0,0,0,0
-30,39,24,0,0,0,0
-30,40,18,0,0,0,0
-30,41,28,0,0,0,0
-30,42,28,0,0,0,0
-30,43,36,0,0,0,0
-30,44,30,0,0,0,0
-30,45,32,0,0,0,0
-30,46,16,0,0,0,0
-30,47,18,0,0,0,0
-30,48,12,0,0,0,0
-30,57,2,0,0,0,0
-30,58,8,0,0,0,0
-30,59,16,0,0,0,0
-30,60,12,0,0,0,0
-30,65,30,0,0,0,0
-30,66,36,0,0,0,0
-30,67,50,0,0,0,0
-30,68,66,0,0,0,0
-30,69,22,0,0,0,0
-30,70,36,0,0,0,0
-30,71,12,0,0,0,0
-30,75,10,0,0,0,0
-30,76,10,0,0,0,0
-30,77,8,0,0,0,0
-30,78,10,0,0,0,0
-30,113,1192,0,0,0,0
-30,114,2454,0,0,0,0
-30,115,3776,1,0,0.02648,0
-30,116,2122,0,0,0,0
-30,117,2034,0,0,0,0
-30,118,480,0,0,0,0
-30,119,560,0,0,0,0
-30,120,604,0,0,0,0
-30,121,468,0,0,0,0
-30,122,326,0,0,0,0
-30,123,432,2,0,0.463,0
-30,124,466,0,0,0,0
-30,125,290,0,0,0,0
-30,126,518,0,0,0,0
-30,127,432,0,0,0,0
-30,128,660,0,0,0,0
-30,129,448,0,0,0,0
-30,130,578,0,0,0,0
-30,131,342,0,0,0,0
-30,132,678,0,0,0,0
-30,133,340,0,0,0,0
-30,134,606,0,0,0,0
-30,135,270,0,0,0,0
-30,136,1280,0,0,0,0
-30,137,776,0,0,0,0
-30,138,1920,0,0,0,0
-30,139,1590,0,0,0,0
-30,140,3178,1,0,0.03147,0
-30,141,1578,0,0,0,0
-30,142,3208,0,0,0,0
-30,143,1614,0,0,0,0
-30,144,3288,4,0,0.1217,0
-30,145,1674,1,0,0.05974,0
-30,146,3358,1,0,0.02978,0
-30,147,1669,0,0,0,0
-30,148,4522,3,0,0.06634,0
-30,149,3594,0,0,0,0
-30,150,5775,5,0,0.08658,0
-30,151,2264,0,0,0,0
-30,152,3488,2,0,0.05734,0
-30,153,2024,2,0,0.09881,0
-30,154,1722,7,0,0.4065,0
-30,155,2,0,0,0,0
-30,156,532,0,0,0,0
-30,157,1978,1,0,0.05056,0
-30,158,1996,0,0,0,0
-30,159,264,0,0,0,0
-30,166,10,0,0,0,0
-30,167,14,0,0,0,0
-30,168,16,0,0,0,0
-30,169,10,0,0,0,0
-30,170,2,0,0,0,0
-30,171,6,0,0,0,0
-30,172,12,0,0,0,0
-30,173,18,0,0,0,0
-30,177,22,0,0,0,0
-30,178,26,0,0,0,0
-30,179,18,0,0,0,0
-29,-180,10,0,0,0,0
-29,-179,8,0,0,0,0
-29,-178,12,0,0,0,0
-29,-177,12,0,0,0,0
-29,-176,16,0,0,0,0
-29,-175,20,0,0,0,0
-29,-163,2,0,0,0,0
-29,-162,4,0,0,0,0
-29,-74,280,0,0,0,0
-29,-73,476,0,0,0,0
-29,-72,3460,14,0,0.4046,0
-29,-71,3642,1,0,0.02746,0
-29,-70,5964,2,0,0.03353,0
-29,-69,4050,10,0,0.2469,0
-29,-68,5286,13,0,0.2459,0
-29,-67,1700,2,0,0.1176,0
-29,-66,1760,19,0,1.08,0
-29,-65,956,4,0,0.4184,0
-29,-64,1098,22,0,2.004,0
-29,-63,904,7,0,0.7743,0
-29,-62,672,5,0,0.744,0
-29,-61,644,0,0,0,0
-29,-60,336,0,0,0,0
-29,-59,2302,27,0,1.173,0
-29,-58,2112,1,0,0.04735,0
-29,-57,4030,3,0,0.07444,0
-29,-56,1928,6,0,0.3112,0
-29,-55,2146,34,0,1.584,0
-29,-54,354,0,0,0,0
-29,-53,752,5,0,0.6649,0
-29,-52,400,1,0,0.25,0
-29,-51,714,2,0,0.2801,0
-29,-50,335,2,0,0.597,0
-29,-49,594,4,0,0.6734,0
-29,-48,266,0,0,0,0
-29,-47,274,4,0,1.46,0
-29,-44,8,0,0,0,0
-29,-43,16,0,0,0,0
-29,14,834,0,0,0,0
-29,15,2608,0,0,0,0
-29,16,3180,2,0,0.06289,0
-29,17,2258,0,0,0,0
-29,18,2642,0,0,0,0
-29,19,2156,4,0,0.1855,0
-29,20,2154,21,0,0.9749,0
-29,21,2640,46,0,1.742,0
-29,22,3040,4,0,0.1316,0
-29,23,3670,5,0,0.1362,0
-29,24,2080,0,0,0,0
-29,25,3047,41,0,1.346,0
-29,26,2242,106,0,4.728,0
-29,27,3402,14,0,0.4115,0
-29,28,1732,11,0,0.6351,0
-29,29,3810,18,0,0.4724,0
-29,30,2094,3,0,0.1433,0
-29,31,3970,3,0,0.07557,0
-29,32,1985,3,0,0.1511,0
-29,33,3678,2,0,0.05438,0
-29,34,1746,0,0,0,0
-29,35,1752,0,0,0,0
-29,37,10,0,0,0,0
-29,38,28,0,0,0,0
-29,39,32,0,0,0,0
-29,40,34,0,0,0,0
-29,41,58,0,0,0,0
-29,42,26,0,0,0,0
-29,43,28,0,0,0,0
-29,44,36,0,0,0,0
-29,45,32,0,0,0,0
-29,46,12,0,0,0,0
-29,47,12,0,0,0,0
-29,64,12,0,0,0,0
-29,65,28,0,0,0,0
-29,66,48,0,0,0,0
-29,67,38,0,0,0,0
-29,68,48,0,0,0,0
-29,69,10,0,0,0,0
-29,70,12,0,0,0,0
-29,71,10,0,0,0,0
-29,72,10,0,0,0,0
-29,75,10,0,0,0,0
-29,76,12,0,0,0,0
-29,77,16,0,0,0,0
-29,78,16,0,0,0,0
-29,112,504,0,0,0,0
-29,113,1954,1,0,0.05118,0
-29,114,2018,3,0,0.1487,0
-29,115,2190,0,0,0,0
-29,116,1880,0,0,0,0
-29,117,1804,0,0,0,0
-29,118,768,0,0,0,0
-29,119,332,0,0,0,0
-29,120,646,0,0,0,0
-29,121,342,0,0,0,0
-29,122,660,1,0,0.1515,0
-29,123,318,0,0,0,0
-29,124,600,0,0,0,0
-29,125,282,0,0,0,0
-29,126,620,0,0,0,0
-29,127,330,0,0,0,0
-29,128,672,0,0,0,0
-29,129,342,0,0,0,0
-29,130,684,0,0,0,0
-29,131,342,0,0,0,0
-29,132,674,0,0,0,0
-29,133,328,0,0,0,0
-29,134,598,0,0,0,0
-29,135,270,0,0,0,0
-29,136,608,0,0,0,0
-29,137,330,0,0,0,0
-29,138,1926,0,0,0,0
-29,139,1690,0,0,0,0
-29,140,3068,2,0,0.06519,0
-29,141,1894,0,0,0,0
-29,142,2914,0,0,0,0
-29,143,1894,1,0,0.0528,0
-29,144,2460,0,0,0,0
-29,145,2212,0,0,0,0
-29,146,2790,3,0,0.1075,0
-29,147,1965,1,0,0.05089,0
-29,148,4492,0,0,0,0
-29,149,4196,5,0,0.1192,0
-29,150,5096,0,0,0,0
-29,151,3452,0,0,0,0
-29,152,2796,4,0,0.1431,0
-29,153,2567,1,0,0.03896,0
-29,154,2285,4,1,0.1751,4.376
-29,155,1166,5,0,0.4288,0
-29,156,10,0,0,0,0
-29,157,1594,2,0,0.1255,0
-29,158,1594,1,0,0.06274,0
-29,159,1584,7,0,0.4419,0
-29,165,12,0,0,0,0
-29,166,10,0,0,0,0
-29,167,14,0,0,0,0
-29,168,12,0,0,0,0
-29,169,12,0,0,0,0
-29,175,4,0,0,0,0
-29,176,6,0,0,0,0
-29,177,22,0,0,0,0
-29,178,28,0,0,0,0
-29,179,22,0,0,0,0
-28,-180,28,0,0,0,0
-28,-179,34,0,0,0,0
-28,-178,14,0,0,0,0
-28,-177,20,0,0,0,0
-28,-176,12,0,0,0,0
-28,-175,10,0,0,0,0
-28,-73,184,0,0,0,0
-28,-72,1636,0,0,0,0
-28,-71,3939,173,0,4.392,0
-28,-70,4542,18,0,0.3963,0
-28,-69,5340,0,0,0,0
-28,-68,5374,5,0,0.09304,0
-28,-67,4210,0,0,0,0
-28,-66,2654,266,0,10.02,0
-28,-65,1036,23,0,2.22,0
-28,-64,1074,21,0,1.955,0
-28,-63,1020,4,0,0.3922,0
-28,-62,648,1,0,0.1543,0
-28,-61,676,4,0,0.5917,0
-28,-60,340,0,0,0,0
-28,-59,2188,29,0,1.325,0
-28,-58,1834,3,0,0.1636,0
-28,-57,3264,21,0,0.6434,0
-28,-56,1778,50,0,2.812,0
-28,-55,2034,45,0,2.212,0
-28,-54,756,4,0,0.5291,0
-28,-53,874,31,0,3.547,0
-28,-52,436,19,0,4.358,0
-28,-51,646,5,0,0.774,0
-28,-50,356,4,0,1.124,0
-28,-49,550,5,0,0.9091,0
-28,-48,2140,1,0,0.04673,0
-28,-47,2032,8,0,0.3937,0
-28,-46,24,0,0,0,0
-28,-45,56,0,0,0,0
-28,-44,64,0,0,0,0
-28,-43,64,0,0,0,0
-28,-42,8,0,0,0,0
-28,14,330,0,0,0,0
-28,15,330,0,0,0,0
-28,16,1716,1,0,0.05828,0
-28,17,1248,0,0,0,0
-28,18,3024,0,0,0,0
-28,19,1626,0,0,0,0
-28,20,3074,0,0,0,0
-28,21,2596,5,0,0.1926,0
-28,22,4830,193,0,3.996,0
-28,23,3498,1,0,0.02859,0
-28,24,2576,15,0,0.5823,0
-28,25,2388,52,0,2.178,0
-28,26,2956,96,0,3.248,0
-28,27,2870,97,0,3.38,0
-28,28,2586,3,0,0.116,0
-28,29,2401,11,0,0.4581,0
-28,30,2842,12,0,0.4222,0
-28,31,3066,5,0,0.1631,0
-28,32,2854,0,0,0,0
-28,33,3016,0,0,0,0
-28,34,2444,0,0,0,0
-28,35,1454,0,0,0,0
-28,36,848,0,0,0,0
-28,37,8,0,0,0,0
-28,38,30,0,0,0,0
-28,39,30,0,0,0,0
-28,40,26,0,0,0,0
-28,41,26,0,0,0,0
-28,42,38,0,0,0,0
-28,43,26,0,0,0,0
-28,44,40,0,0,0,0
-28,45,42,0,0,0,0
-28,46,14,0,0,0,0
-28,47,10,0,0,0,0
-28,64,26,0,0,0,0
-28,65,34,0,0,0,0
-28,66,36,0,0,0,0
-28,67,36,0,0,0,0
-28,68,36,0,0,0,0
-28,69,16,0,0,0,0
-28,70,12,0,0,0,0
-28,71,12,0,0,0,0
-28,72,10,0,0,0,0
-28,74,6,0,0,0,0
-28,75,10,0,0,0,0
-28,76,16,0,0,0,0
-28,77,12,0,0,0,0
-28,78,12,0,0,0,0
-28,105,10,0,0,0,0
-28,106,10,0,0,0,0
-28,107,10,0,0,0,0
-28,108,6,0,0,0,0
-28,109,4,0,0,0,0
-28,112,268,0,0,0,0
-28,113,540,0,0,0,0
-28,114,1298,2,0,0.1541,0
-28,115,1706,0,0,0,0
-28,116,1180,1,0,0.08475,0
-28,117,1048,0,0,0,0
-28,118,990,1,0,0.101,0
-28,119,324,0,0,0,0
-28,120,654,0,0,0,0
-28,121,342,0,0,0,0
-28,122,668,0,0,0,0
-28,123,318,0,0,0,0
-28,124,600,0,0,0,0
-28,125,360,0,0,0,0
-28,126,612,0,0,0,0
-28,127,330,0,0,0,0
-28,128,574,1,0,0.1742,0
-28,129,440,0,0,0,0
-28,130,578,0,0,0,0
-28,131,448,0,0,0,0
-28,132,466,0,0,0,0
-28,133,524,0,0,0,0
-28,134,506,0,0,0,0
-28,135,430,0,0,0,0
-28,136,384,0,0,0,0
-28,137,354,0,0,0,0
-28,138,470,0,0,0,0
-28,139,2200,0,0,0,0
-28,140,2128,2,0,0.09398,0
-28,141,2402,2,0,0.08326,0
-28,142,1614,0,0,0,0
-28,143,1818,0,0,0,0
-28,144,1892,0,0,0,0
-28,145,3010,2,0,0.06645,0
-28,146,1679,0,0,0,0
-28,147,3360,1,0,0.02976,0
-28,148,3698,3,0,0.08112,0
-28,149,5371,3,1,0.05586,1.862
-28,150,4731,1,0,0.02114,0
-28,151,4622,3,1,0.06491,2.164
-28,152,2694,81,0,3.007,0
-28,153,3367,11,0,0.3267,0
-28,154,1747,5,0,0.2862,0
-28,155,1736,2,0,0.1152,0
-28,156,18,0,0,0,0
-28,157,1618,0,0,0,0
-28,158,1626,2,0,0.123,0
-28,159,1624,0,0,0,0
-28,165,10,0,0,0,0
-28,166,10,0,0,0,0
-28,167,10,0,0,0,0
-28,168,14,0,0,0,0
-28,169,6,0,0,0,0
-28,172,4,0,0,0,0
-28,173,10,0,0,0,0
-28,174,4,0,0,0,0
-28,175,10,0,0,0,0
-28,176,14,0,0,0,0
-28,177,28,0,0,0,0
-28,178,36,0,0,0,0
-28,179,50,0,0,0,0
-27,-180,40,0,0,0,0
-27,-179,34,0,0,0,0
-27,-178,24,0,0,0,0
-27,-177,20,0,0,0,0
-27,-176,12,0,0,0,0
-27,-175,12,0,0,0,0
-27,-73,1080,0,0,0,0
-27,-72,1845,0,0,0,0
-27,-71,4470,17,0,0.3803,0
-27,-70,4510,1,0,0.02217,0
-27,-69,6334,0,0,0,0
-27,-68,4396,0,0,0,0
-27,-67,5152,1,0,0.01941,0
-27,-66,1222,52,0,4.255,0
-27,-65,1284,32,0,2.492,0
-27,-64,778,4,0,0.5141,0
-27,-63,1227,1,0,0.0815,0
-27,-62,456,0,0,0,0
-27,-61,668,54,0,8.084,0
-27,-60,448,0,0,0,0
-27,-59,1500,16,0,1.067,0
-27,-58,1598,9,0,0.5632,0
-27,-57,2236,5,0,0.2236,0
-27,-56,2110,18,0,0.8531,0
-27,-55,1836,57,0,3.105,0
-27,-54,982,38,0,3.87,0
-27,-53,822,19,0,2.311,0
-27,-52,634,1,0,0.1577,0
-27,-51,438,2,0,0.4566,0
-27,-50,1020,3,0,0.2941,0
-27,-49,1614,11,0,0.6815,0
-27,-48,3010,1,0,0.03322,0
-27,-47,2418,3,0,0.1241,0
-27,-46,1686,16,0,0.949,0
-27,-45,48,0,0,0,0
-27,-44,96,0,0,0,0
-27,-43,48,0,0,0,0
-27,-42,48,0,0,0,0
-27,14,330,0,0,0,0
-27,15,330,0,0,0,0
-27,16,1266,0,0,0,0
-27,17,1040,0,0,0,0
-27,18,2342,0,0,0,0
-27,19,1456,0,0,0,0
-27,20,3128,0,0,0,0
-27,21,1678,0,0,0,0
-27,22,5488,2,0,0.03644,0
-27,23,4101,1,0,0.02438,0
-27,24,3904,5,0,0.1281,0
-27,25,1716,4,0,0.2331,0
-27,26,3684,38,0,1.031,0
-27,27,2046,164,0,8.016,0
-27,28,3934,272,0,6.914,0
-27,29,2140,3,0,0.1402,0
-27,30,4972,52,0,1.046,0
-27,31,3476,29,0,0.8343,0
-27,32,5156,32,0,0.6206,0
-27,33,2258,0,0,0,0
-27,34,3626,2,0,0.05516,0
-27,35,2466,0,0,0,0
-27,36,1763,0,0,0,0
-27,37,12,0,0,0,0
-27,38,22,0,0,0,0
-27,39,28,0,0,0,0
-27,40,112,0,0,0,0
-27,41,244,2,0,0.8197,0
-27,42,26,0,0,0,0
-27,43,62,0,0,0,0
-27,44,48,0,0,0,0
-27,45,56,0,0,0,0
-27,46,300,0,0,0,0
-27,47,16,0,0,0,0
-27,48,8,0,0,0,0
-27,51,256,0,0,0,0
-27,62,10,0,0,0,0
-27,63,10,0,0,0,0
-27,64,18,0,0,0,0
-27,65,14,0,0,0,0
-27,66,16,0,0,0,0
-27,67,44,0,0,0,0
-27,68,8,0,0,0,0
-27,69,18,0,0,0,0
-27,70,20,0,0,0,0
-27,71,14,0,0,0,0
-27,72,16,0,0,0,0
-27,74,10,0,0,0,0
-27,75,12,0,0,0,0
-27,76,12,0,0,0,0
-27,77,10,0,0,0,0
-27,78,10,0,0,0,0
-27,105,10,0,0,0,0
-27,106,10,0,0,0,0
-27,107,10,0,0,0,0
-27,108,16,0,0,0,0
-27,109,4,0,0,0,0
-27,112,306,0,0,0,0
-27,113,346,0,0,0,0
-27,114,656,0,0,0,0
-27,115,300,0,0,0,0
-27,116,960,0,0,0,0
-27,117,676,1,0,0.1479,0
-27,118,1058,0,0,0,0
-27,119,488,1,0,0.2049,0
-27,120,774,0,0,0,0
-27,121,478,0,0,0,0
-27,122,546,0,0,0,0
-27,123,362,0,0,0,0
-27,124,482,0,0,0,0
-27,125,390,0,0,0,0
-27,126,472,0,0,0,0
-27,127,362,0,0,0,0
-27,128,542,0,0,0,0
-27,129,456,0,0,0,0
-27,130,456,0,0,0,0
-27,131,562,0,0,0,0
-27,132,358,0,0,0,0
-27,133,552,0,0,0,0
-27,134,340,0,0,0,0
-27,135,578,0,0,0,0
-27,136,324,0,0,0,0
-27,137,600,0,0,0,0
-27,138,330,0,0,0,0
-27,139,1286,0,0,0,0
-27,140,744,0,0,0,0
-27,141,642,3,0,0.4673,0
-27,142,318,0,0,0,0
-27,143,1932,1,0,0.05176,0
-27,144,1614,1,0,0.06196,0
-27,145,3306,0,0,0,0
-27,146,1687,0,0,0,0
-27,147,3907,2,0,0.05119,0
-27,148,4166,2,0,0.04801,0
-27,149,6398,3,0,0.04689,0
-27,150,3619,4,0,0.1105,0
-27,151,4714,1,0,0.02121,0
-27,152,1993,80,0,4.014,0
-27,153,3366,15,0,0.4456,0
-27,154,1734,2,0,0.1153,0
-27,155,1734,4,0,0.2307,0
-27,156,10,0,0,0,0
-27,157,1102,1,0,0.09074,0
-27,158,2484,0,0,0,0
-27,159,1650,1,0,0.06061,0
-27,165,10,0,0,0,0
-27,166,12,0,0,0,0
-27,167,18,0,0,0,0
-27,168,18,0,0,0,0
-27,172,12,0,0,0,0
-27,173,12,0,0,0,0
-27,174,12,0,0,0,0
-27,175,2,0,0,0,0
-27,176,22,0,0,0,0
-27,177,28,0,0,0,0
-27,178,38,0,0,0,0
-27,179,46,0,0,0,0
-26,-180,46,0,0,0,0
-26,-179,22,0,0,0,0
-26,-178,20,0,0,0,0
-26,-176,6,0,0,0,0
-26,-75,12,0,0,0,0
-26,-74,20,0,0,0,0
-26,-73,2140,0,0,0,0
-26,-72,2950,0,0,0,0
-26,-71,7104,1,0,0.01408,0
-26,-70,4352,0,0,0,0
-26,-69,7587,1,0,0.01318,0
-26,-68,3248,4,0,0.1232,0
-26,-67,3282,7,0,0.2133,0
-26,-66,828,5,0,0.6039,0
-26,-65,1100,8,0,0.7273,0
-26,-64,1032,0,0,0,0
-26,-63,810,0,0,0,0
-26,-62,456,0,0,0,0
-26,-61,448,0,0,0,0
-26,-60,512,12,0,2.344,0
-26,-59,504,8,0,1.587,0
-26,-58,1648,21,10,1.274,60.68
-26,-57,1722,103,34,5.981,197.4
-26,-56,2341,44,0,1.88,0
-26,-55,2030,107,0,5.271,0
-26,-54,1670,31,0,1.856,0
-26,-53,720,29,0,4.028,0
-26,-52,780,3,0,0.3846,0
-26,-51,322,1,0,0.3106,0
-26,-50,2402,34,0,1.415,0
-26,-49,2000,1,0,0.05,0
-26,-48,4020,4,0,0.0995,0
-26,-47,2044,2,0,0.09785,0
-26,-46,2124,4,0,0.1883,0
-26,-45,240,0,0,0,0
-26,-44,288,2,0,0.6944,0
-26,-43,48,0,0,0,0
-26,-42,48,0,0,0,0
-26,-41,10,0,0,0,0
-26,-40,18,0,0,0,0
-26,13,106,0,0,0,0
-26,14,448,0,0,0,0
-26,15,530,0,0,0,0
-26,16,1144,0,0,0,0
-26,17,1198,0,0,0,0
-26,18,958,0,0,0,0
-26,19,884,0,0,0,0
-26,20,2160,0,0,0,0
-26,21,2086,0,0,0,0
-26,22,3068,2,0,0.06519,0
-26,23,2206,0,0,0,0
-26,24,4212,2,0,0.04748,0
-26,25,2030,0,0,0,0
-26,26,3990,5,0,0.1253,0
-26,27,1988,178,15,8.954,75.45
-26,28,4048,466,0,11.51,0
-26,29,2078,53,0,2.551,0
-26,30,5904,145,0,2.456,0
-26,31,3738,38,0,1.017,0
-26,32,7120,127,0,1.784,0
-26,33,3406,0,0,0,0
-26,34,5175,5,0,0.09662,0
-26,35,1760,0,0,0,0
-26,36,2222,0,0,0,0
-26,37,448,0,0,0,0
-26,38,1320,1,0,0.07576,0
-26,39,1676,0,0,0,0
-26,40,1318,1,0,0.07587,0
-26,41,602,0,0,0,0
-26,42,518,1,0,0.1931,0
-26,43,1152,0,0,0,0
-26,44,2008,0,0,0,0
-26,45,2268,0,0,0,0
-26,46,2282,5,0,0.2191,0
-26,47,1556,0,0,0,0
-26,48,1470,3,0,0.2041,0
-26,49,754,5,0,0.6631,0
-26,51,1444,0,0,0,0
-26,52,1434,0,0,0,0
-26,53,1120,0,0,0,0
-26,54,860,0,0,0,0
-26,55,534,0,0,0,0
-26,62,10,0,0,0,0
-26,63,16,0,0,0,0
-26,64,14,0,0,0,0
-26,65,10,0,0,0,0
-26,67,4,0,0,0,0
-26,69,16,0,0,0,0
-26,70,34,0,0,0,0
-26,71,50,0,0,0,0
-26,72,38,0,0,0,0
-26,73,16,0,0,0,0
-26,74,12,0,0,0,0
-26,75,10,0,0,0,0
-26,76,10,0,0,0,0
-26,77,22,0,0,0,0
-26,78,2,0,0,0,0
-26,105,12,0,0,0,0
-26,106,12,0,0,0,0
-26,107,18,0,0,0,0
-26,108,18,0,0,0,0
-26,112,122,0,0,0,0
-26,113,538,0,0,0,0
-26,114,458,0,0,0,0
-26,115,412,1,0,0.2427,0
-26,116,566,0,0,0,0
-26,117,794,0,0,0,0
-26,118,1074,0,0,0,0
-26,119,746,2,0,0.2681,0
-26,120,640,0,0,0,0
-26,121,550,0,0,0,0
-26,122,456,0,0,0,0
-26,123,536,0,0,0,0
-26,124,432,0,0,0,0
-26,125,500,0,0,0,0
-26,126,288,0,0,0,0
-26,127,618,0,0,0,0
-26,128,330,0,0,0,0
-26,129,688,0,0,0,0
-26,130,342,0,0,0,0
-26,131,782,0,0,0,0
-26,132,342,0,0,0,0
-26,133,666,0,0,0,0
-26,134,324,0,0,0,0
-26,135,594,0,0,0,0
-26,136,290,0,0,0,0
-26,137,600,0,0,0,0
-26,138,338,0,0,0,0
-26,139,654,0,0,0,0
-26,140,324,0,0,0,0
-26,141,642,0,0,0,0
-26,142,318,0,0,0,0
-26,143,2198,0,0,0,0
-26,144,1616,0,0,0,0
-26,145,3286,0,0,0,0
-26,146,1718,5,1,0.291,5.821
-26,147,4533,0,0,0,0
-26,148,3977,1,0,0.02514,0
-26,149,5536,5,0,0.09032,0
-26,150,3290,1,0,0.0304,0
-26,151,3422,3,1,0.08767,2.922
-26,152,2449,3,0,0.1225,0
-26,153,2339,4,1,0.171,4.275
-26,154,2304,6,0,0.2604,0
-26,155,2256,10,1,0.4433,4.433
-26,156,280,1,0,0.3571,0
-26,157,8,0,0,0,0
-26,158,1650,3,0,0.1818,0
-26,159,2194,0,0,0,0
-26,160,1096,6,0,0.5474,0
-26,164,4,0,0,0,0
-26,165,10,0,0,0,0
-26,166,18,0,0,0,0
-26,167,10,0,0,0,0
-26,168,10,0,0,0,0
-26,170,8,0,0,0,0
-26,171,6,0,0,0,0
-26,172,16,0,0,0,0
-26,173,14,0,0,0,0
-26,174,22,0,0,0,0
-26,175,26,0,0,0,0
-26,176,36,0,0,0,0
-26,177,48,0,0,0,0
-26,178,44,0,0,0,0
-26,179,52,0,0,0,0
-25,-180,34,0,0,0,0
-25,-179,20,0,0,0,0
-25,-178,10,0,0,0,0
-25,-75,8,0,0,0,0
-25,-74,64,0,0,0,0
-25,-73,650,0,0,0,0
-25,-72,3526,0,0,0,0
-25,-71,5898,1,0,0.01695,0
-25,-70,5562,1,0,0.01798,0
-25,-69,6928,2,0,0.02887,0
-25,-68,3036,4,0,0.1318,0
-25,-67,4174,85,0,2.036,0
-25,-66,2192,123,0,5.611,0
-25,-65,1896,21,0,1.108,0
-25,-64,1010,22,0,2.178,0
-25,-63,696,0,0,0,0
-25,-62,696,0,0,0,0
-25,-61,336,1,0,0.2976,0
-25,-60,678,3,0,0.4425,0
-25,-59,342,0,0,0,0
-25,-58,1168,0,0,0,0
-25,-57,879,0,0,0,0
-25,-56,1276,13,0,1.019,0
-25,-55,872,1,0,0.1147,0
-25,-54,1022,22,0,2.153,0
-25,-53,622,3,0,0.4823,0
-25,-52,678,9,0,1.327,0
-25,-51,318,3,0,0.9434,0
-25,-50,2326,5,0,0.215,0
-25,-49,2024,3,0,0.1482,0
-25,-48,4072,1,0,0.02456,0
-25,-47,2092,72,0,3.442,0
-25,-46,2348,5,0,0.2129,0
-25,-45,450,2,0,0.4444,0
-25,-44,394,2,0,0.5076,0
-25,-43,346,0,0,0,0
-25,-42,268,0,0,0,0
-25,-41,90,0,0,0,0
-25,-40,72,0,0,0,0
-25,13,318,0,0,0,0
-25,14,318,0,0,0,0
-25,15,1158,0,0,0,0
-25,16,1028,0,0,0,0
-25,17,1164,0,0,0,0
-25,18,438,0,0,0,0
-25,19,568,0,0,0,0
-25,20,1230,0,0,0,0
-25,21,1524,0,0,0,0
-25,22,668,0,0,0,0
-25,23,1278,1,0,0.07825,0
-25,24,1246,0,0,0,0
-25,25,2119,67,0,3.162,0
-25,26,2974,46,0,1.547,0
-25,27,3035,8,0,0.2636,0
-25,28,3058,154,0,5.036,0
-25,29,2408,15,0,0.6229,0
-25,30,3556,58,0,1.631,0
-25,31,5065,74,0,1.461,0
-25,32,5488,0,0,0,0
-25,33,5268,0,0,0,0
-25,34,5848,1,0,0.0171,0
-25,35,3586,3,0,0.08366,0
-25,36,4748,2,0,0.04212,0
-25,37,2152,1,0,0.04647,0
-25,38,1522,0,0,0,0
-25,39,2112,2,0,0.0947,0
-25,40,1962,3,0,0.1529,0
-25,41,658,0,0,0,0
-25,42,2640,2,0,0.07576,0
-25,43,3620,2,0,0.05525,0
-25,44,3424,0,0,0,0
-25,45,3927,2,0,0.05093,0
-25,46,1738,0,0,0,0
-25,47,3204,2,0,0.06242,0
-25,48,1524,1,0,0.06562,0
-25,49,1544,5,1,0.3238,6.477
-25,50,112,0,0,0,0
-25,51,1646,0,0,0,0
-25,52,1974,0,0,0,0
-25,53,1996,2,0,0.1002,0
-25,54,4472,2,0,0.04472,0
-25,55,2272,0,0,0,0
-25,56,1154,1,0,0.08666,0
-25,57,840,0,0,0,0
-25,58,276,0,0,0,0
-25,61,10,0,0,0,0
-25,62,12,0,0,0,0
-25,63,14,0,0,0,0
-25,64,12,0,0,0,0
-25,65,12,0,0,0,0
-25,69,26,0,0,0,0
-25,70,34,0,0,0,0
-25,71,40,0,0,0,0
-25,72,40,0,0,0,0
-25,73,44,0,0,0,0
-25,74,10,0,0,0,0
-25,75,16,0,0,0,0
-25,76,18,0,0,0,0
-25,77,10,0,0,0,0
-25,105,8,0,0,0,0
-25,106,18,0,0,0,0
-25,107,12,0,0,0,0
-25,108,10,0,0,0,0
-25,111,6,0,0,0,0
-25,112,14,0,0,0,0
-25,113,328,0,0,0,0
-25,114,336,0,0,0,0
-25,115,610,0,0,0,0
-25,116,316,0,0,0,0
-25,117,952,0,0,0,0
-25,118,826,0,0,0,0
-25,119,1242,0,0,0,0
-25,120,496,0,0,0,0
-25,121,654,0,0,0,0
-25,122,342,0,0,0,0
-25,123,660,0,0,0,0
-25,124,318,0,0,0,0
-25,125,620,0,0,0,0
-25,126,300,0,0,0,0
-25,127,630,0,0,0,0
-25,128,330,0,0,0,0
-25,129,672,0,0,0,0
-25,130,342,0,0,0,0
-25,131,684,1,0,0.1462,0
-25,132,440,0,0,0,0
-25,133,666,0,0,0,0
-25,134,324,0,0,0,0
-25,135,512,0,0,0,0
-25,136,352,0,0,0,0
-25,137,482,1,0,0.2075,0
-25,138,448,0,0,0,0
-25,139,444,0,0,0,0
-25,140,532,0,0,0,0
-25,141,418,0,0,0,0
-25,142,514,2,0,0.3891,0
-25,143,432,0,0,0,0
-25,144,2430,0,0,0,0
-25,145,2134,3,0,0.1406,0
-25,146,2522,2,0,0.0793,0
-25,147,3966,1,0,0.02521,0
-25,148,4276,1,0,0.02339,0
-25,149,4932,65,0,1.318,0
-25,150,3430,3,0,0.08746,0
-25,151,2846,6,0,0.2108,0
-25,152,3072,4,0,0.1302,0
-25,153,1862,0,0,0,0
-25,154,2766,7,0,0.2531,0
-25,155,782,1,0,0.1279,0
-25,156,246,2,0,0.813,0
-25,158,1644,1,0,0.06083,0
-25,159,1644,2,0,0.1217,0
-25,160,1644,4,0,0.2433,0
-25,164,8,0,0,0,0
-25,165,12,0,0,0,0
-25,166,12,0,0,0,0
-25,167,20,0,0,0,0
-25,168,16,0,0,0,0
-25,169,8,0,0,0,0
-25,170,24,0,0,0,0
-25,171,18,0,0,0,0
-25,172,18,0,0,0,0
-25,173,20,0,0,0,0
-25,174,20,0,0,0,0
-25,175,22,0,0,0,0
-25,176,38,0,0,0,0
-25,177,32,0,0,0,0
-25,178,42,0,0,0,0
-25,179,30,0,0,0,0
-24,-180,6,0,0,0,0
-24,-179,4,0,0,0,0
-24,-178,8,0,0,0,0
-24,-177,4,0,0,0,0
-24,-176,34,0,0,0,0
-24,-175,42,0,0,0,0
-24,-74,48,0,0,0,0
-24,-73,48,0,0,0,0
-24,-72,2256,0,0,0,0
-24,-71,4636,4,0,0.08628,0
-24,-70,6934,0,0,0,0
-24,-69,5152,0,0,0,0
-24,-68,5200,1,0,0.01923,0
-24,-67,3752,0,0,0,0
-24,-66,3010,3,0,0.09967,0
-24,-65,2426,46,0,1.896,0
-24,-64,1042,0,0,0,0
-24,-63,780,10,0,1.282,0
-24,-62,708,2,0,0.2825,0
-24,-61,336,0,0,0,0
-24,-60,676,0,0,0,0
-24,-59,342,0,0,0,0
-24,-58,648,8,0,1.235,0
-24,-57,534,1,0,0.1873,0
-24,-56,1000,9,0,0.9,0
-24,-55,1100,11,0,1,0
-24,-54,1338,6,0,0.4484,0
-24,-53,710,30,0,4.225,0
-24,-52,548,10,0,1.825,0
-24,-51,458,4,0,0.8734,0
-24,-50,716,18,0,2.514,0
-24,-49,3016,31,0,1.028,0
-24,-48,2740,101,0,3.686,0
-24,-47,2980,313,1,10.5,3.356
-24,-46,2900,63,0,2.172,0
-24,-45,454,0,0,0,0
-24,-44,670,0,0,0,0
-24,-43,670,41,1,6.119,14.93
-24,-42,570,3,0,0.5263,0
-24,-41,176,2,1,1.136,56.82
-24,-40,70,0,0,0,0
-24,-39,50,0,0,0,0
-24,13,334,0,0,0,0
-24,14,328,0,0,0,0
-24,15,1676,0,0,0,0
-24,16,1350,0,0,0,0
-24,17,1526,0,0,0,0
-24,18,336,0,0,0,0
-24,19,684,0,0,0,0
-24,20,348,0,0,0,0
-24,21,682,0,0,0,0
-24,22,334,0,0,0,0
-24,23,656,0,0,0,0
-24,24,326,0,0,0,0
-24,25,1468,0,0,0,0
-24,26,1714,0,0,0,0
-24,27,3562,14,0,0.393,0
-24,28,2634,38,0,1.443,0
-24,29,2605,69,0,2.649,0
-24,30,2591,64,0,2.47,0
-24,31,4253,6,0,0.1411,0
-24,32,4987,0,0,0,0
-24,33,5768,1,0,0.01734,0
-24,34,5141,1,0,0.01945,0
-24,35,5890,3,0,0.05093,0
-24,36,1590,1,0,0.06289,0
-24,37,3920,5,0,0.1276,0
-24,38,1695,1,0,0.059,0
-24,39,2463,0,0,0,0
-24,40,2458,5,0,0.2034,0
-24,41,2430,2,0,0.0823,0
-24,42,4212,2,0,0.04748,0
-24,43,5624,2,0,0.03556,0
-24,44,4530,0,0,0,0
-24,45,5082,2,0,0.03935,0
-24,46,3394,0,0,0,0
-24,47,3208,5,0,0.1559,0
-24,48,1775,1,0,0.05634,0
-24,49,2132,2,0,0.09381,0
-24,50,638,0,0,0,0
-24,51,4540,0,0,0,0
-24,52,3596,4,0,0.1112,0
-24,53,4790,4,0,0.08351,0
-24,54,6040,4,0,0.06623,0
-24,55,4718,1,0,0.0212,0
-24,56,3494,0,0,0,0
-24,57,4122,0,0,0,0
-24,58,4662,2,0,0.0429,0
-24,59,1746,0,0,0,0
-24,60,1730,0,0,0,0
-24,61,12,0,0,0,0
-24,62,10,0,0,0,0
-24,63,10,0,0,0,0
-24,64,18,0,0,0,0
-24,65,2,0,0,0,0
-24,69,12,0,0,0,0
-24,70,78,0,0,0,0
-24,71,48,0,0,0,0
-24,72,46,0,0,0,0
-24,73,48,0,0,0,0
-24,74,10,0,0,0,0
-24,75,14,0,0,0,0
-24,76,12,0,0,0,0
-24,77,12,0,0,0,0
-24,105,2,0,0,0,0
-24,106,4,0,0,0,0
-24,107,6,0,0,0,0
-24,108,8,0,0,0,0
-24,111,14,0,0,0,0
-24,112,22,0,0,0,0
-24,113,344,1,0,0.2907,0
-24,114,338,0,0,0,0
-24,115,616,0,0,0,0
-24,116,426,0,0,0,0
-24,117,1650,0,0,0,0
-24,118,1552,1,0,0.06443,0
-24,119,1880,0,0,0,0
-24,120,464,0,0,0,0
-24,121,654,0,0,0,0
-24,122,342,0,0,0,0
-24,123,660,0,0,0,0
-24,124,318,2,0,0.6289,0
-24,125,606,0,0,0,0
-24,126,314,0,0,0,0
-24,127,518,0,0,0,0
-24,128,442,0,0,0,0
-24,129,444,0,0,0,0
-24,130,570,0,0,0,0
-24,131,448,0,0,0,0
-24,132,464,0,0,0,0
-24,133,456,0,0,0,0
-24,134,532,0,0,0,0
-24,135,356,0,0,0,0
-24,136,636,0,0,0,0
-24,137,434,0,0,0,0
-24,138,420,0,0,0,0
-24,139,542,0,0,0,0
-24,140,450,0,0,0,0
-24,141,356,0,0,0,0
-24,142,860,2,0,0.2326,0
-24,143,318,0,0,0,0
-24,144,1932,0,0,0,0
-24,145,1614,1,0,0.06196,0
-24,146,3288,0,0,0,0
-24,147,3174,3,0,0.09452,0
-24,148,5848,3,0,0.0513,0
-24,149,3812,2,0,0.05247,0
-24,150,4514,6,0,0.1329,0
-24,151,2262,2,0,0.08842,0
-24,152,3338,2,0,0.05992,0
-24,153,1714,8,0,0.4667,0
-24,154,1980,9,2,0.4545,10.1
-24,158,1636,3,0,0.1834,0
-24,159,1646,2,0,0.1215,0
-24,160,1634,0,0,0,0
-24,165,28,0,0,0,0
-24,166,274,0,0,0,0
-24,167,1248,0,0,0,0
-24,168,1066,0,0,0,0
-24,169,1868,0,0,0,0
-24,170,804,0,0,0,0
-24,171,871,0,0,0,0
-24,172,370,0,0,0,0
-24,173,22,0,0,0,0
-24,174,24,0,0,0,0
-24,175,42,0,0,0,0
-24,176,24,0,0,0,0
-24,177,26,0,0,0,0
-24,178,18,0,0,0,0
-23,-177,880,0,0,0,0
-23,-176,1630,0,0,0,0
-23,-175,1066,0,0,0,0
-23,-74,56,0,0,0,0
-23,-73,48,0,0,0,0
-23,-72,3728,0,0,0,0
-23,-71,4548,0,0,0,0
-23,-70,7144,5,0,0.06999,0
-23,-69,4848,0,0,0,0
-23,-68,5134,0,0,0,0
-23,-67,3418,2,0,0.05851,0
-23,-66,3484,0,0,0,0
-23,-65,918,2,0,0.2179,0
-23,-64,1066,27,0,2.533,0
-23,-63,562,1,0,0.1779,0
-23,-62,608,0,0,0,0
-23,-61,494,2,0,0.4049,0
-23,-60,398,0,0,0,0
-23,-59,1834,2,0,0.1091,0
-23,-58,1996,11,0,0.5511,0
-23,-57,478,13,0,2.72,0
-23,-56,354,2,0,0.565,0
-23,-55,1864,48,0,2.575,0
-23,-54,1764,3,0,0.1701,0
-23,-53,980,4,0,0.4082,0
-23,-52,476,5,0,1.05,0
-23,-51,448,9,0,2.009,0
-23,-50,518,3,0,0.5792,0
-23,-49,2206,28,0,1.269,0
-23,-48,2388,89,0,3.727,0
-23,-47,2852,145,0,5.084,0
-23,-46,1190,15,0,1.261,0
-23,-45,1600,11,0,0.6875,0
-23,-44,1190,32,0,2.689,0
-23,-43,2236,12,0,0.5367,0
-23,-42,1048,8,0,0.7634,0
-23,-41,1252,2,0,0.1597,0
-23,-40,60,0,0,0,0
-23,-39,60,0,0,0,0
-23,13,348,0,0,0,0
-23,14,492,0,0,0,0
-23,15,1550,0,0,0,0
-23,16,1496,0,0,0,0
-23,17,1594,3,0,0.1882,0
-23,18,358,0,0,0,0
-23,19,692,0,0,0,0
-23,20,348,0,0,0,0
-23,21,684,0,0,0,0
-23,22,336,0,0,0,0
-23,23,654,0,0,0,0
-23,24,318,0,0,0,0
-23,25,664,0,0,0,0
-23,26,420,0,0,0,0
-23,27,1836,1,0,0.05447,0
-23,28,2018,2,0,0.09911,0
-23,29,4186,33,0,0.7883,0
-23,30,2067,24,0,1.161,0
-23,31,5844,0,0,0,0
-23,32,3614,4,0,0.1107,0
-23,33,7516,2,0,0.02661,0
-23,34,3722,0,0,0,0
-23,35,5310,6,0,0.113,0
-23,36,1584,0,0,0,0
-23,37,3370,3,0,0.08902,0
-23,38,2384,0,0,0,0
-23,39,3400,0,0,0,0
-23,40,2914,0,0,0,0
-23,41,3922,0,0,0,0
-23,42,5358,4,1,0.07465,1.866
-23,43,5260,4,0,0.07605,0
-23,44,4564,1,0,0.02191,0
-23,45,5110,2,0,0.03914,0
-23,46,2536,2,0,0.07886,0
-23,47,1958,0,0,0,0
-23,48,2269,1,0,0.04407,0
-23,49,3463,6,0,0.1733,0
-23,50,2036,0,0,0,0
-23,51,4346,3,0,0.06903,0
-23,52,5986,2,0,0.03341,0
-23,53,4142,3,0,0.07243,0
-23,54,5926,3,0,0.05062,0
-23,55,6984,4,0,0.05727,0
-23,56,4806,4,0,0.08323,0
-23,57,3786,0,0,0,0
-23,58,4059,0,0,0,0
-23,59,2406,2,0,0.08313,0
-23,60,1494,0,0,0,0
-23,61,20,0,0,0,0
-23,62,10,0,0,0,0
-23,63,10,0,0,0,0
-23,64,14,0,0,0,0
-23,67,2,0,0,0,0
-23,69,12,0,0,0,0
-23,70,50,0,0,0,0
-23,71,66,0,0,0,0
-23,72,52,0,0,0,0
-23,73,48,0,0,0,0
-23,74,12,0,0,0,0
-23,75,12,0,0,0,0
-23,76,14,0,0,0,0
-23,77,6,0,0,0,0
-23,78,6,0,0,0,0
-23,79,6,0,0,0,0
-23,111,22,0,0,0,0
-23,112,32,0,0,0,0
-23,113,350,0,0,0,0
-23,114,342,0,0,0,0
-23,115,620,0,0,0,0
-23,116,588,0,0,0,0
-23,117,1434,0,0,0,0
-23,118,2334,0,0,0,0
-23,119,1944,0,0,0,0
-23,120,454,0,0,0,0
-23,121,434,0,0,0,0
-23,122,476,0,0,0,0
-23,123,446,0,0,0,0
-23,124,432,2,0,0.463,0
-23,125,530,0,0,0,0
-23,126,394,0,0,0,0
-23,127,414,0,0,0,0
-23,128,422,0,0,0,0
-23,129,542,0,0,0,0
-23,130,460,0,0,0,0
-23,131,462,0,0,0,0
-23,132,1394,0,0,0,0
-23,133,1196,0,0,0,0
-23,134,3028,0,0,0,0
-23,135,1876,0,0,0,0
-23,136,2586,1,0,0.03867,0
-23,137,784,0,0,0,0
-23,138,2490,0,0,0,0
-23,139,1638,0,0,0,0
-23,140,3448,1,0,0.029,0
-23,141,1610,1,0,0.06211,0
-23,142,1760,0,0,0,0
-23,143,318,0,0,0,0
-23,144,1956,1,0,0.05112,0
-23,145,1832,0,0,0,0
-23,146,3300,0,0,0,0
-23,147,1980,0,0,0,0
-23,148,4088,2,0,0.04892,0
-23,149,1837,5,0,0.2722,0
-23,150,4095,11,1,0.2686,2.442
-23,151,1636,0,0,0,0
-23,152,3036,9,1,0.2964,3.294
-23,153,2022,7,0,0.3462,0
-23,154,1716,11,4,0.641,23.31
-23,159,3186,2,1,0.06277,3.139
-23,160,2919,6,0,0.2055,0
-23,161,28,0,0,0,0
-23,163,188,0,0,0,0
-23,164,188,0,0,0,0
-23,165,1478,1,0,0.06766,0
-23,166,1906,1,0,0.05247,0
-23,167,2198,0,0,0,0
-23,168,1326,0,0,0,0
-23,169,2616,0,0,0,0
-23,170,1340,0,0,0,0
-23,171,2788,0,0,0,0
-23,172,1360,0,0,0,0
-23,173,1258,0,0,0,0
-23,174,26,0,0,0,0
-23,175,44,0,0,0,0
-23,176,26,0,0,0,0
-23,177,28,0,0,0,0
-23,178,4,0,0,0,0
-22,-177,1874,0,0,0,0
-22,-176,3606,15,0,0.416,0
-22,-175,3588,0,0,0,0
-22,-74,24,0,0,0,0
-22,-73,72,0,0,0,0
-22,-72,3029,0,0,0,0
-22,-71,5022,0,0,0,0
-22,-70,7748,3,0,0.03872,0
-22,-69,4960,0,0,0,0
-22,-68,6439,0,0,0,0
-22,-67,2424,17,0,0.7013,0
-22,-66,2738,93,0,3.397,0
-22,-65,824,1,0,0.1214,0
-22,-64,864,4,0,0.463,0
-22,-63,500,0,0,0,0
-22,-62,642,0,0,0,0
-22,-61,552,2,0,0.3623,0
-22,-60,532,0,0,0,0
-22,-59,1798,0,0,0,0
-22,-58,1716,4,0,0.2331,0
-22,-57,1826,1,0,0.05476,0
-22,-56,322,10,0,3.106,0
-22,-55,1570,6,0,0.3822,0
-22,-54,1272,0,0,0,0
-22,-53,1626,3,0,0.1845,0
-22,-52,358,9,0,2.514,0
-22,-51,880,42,0,4.773,0
-22,-50,336,9,0,2.679,0
-22,-49,2518,79,0,3.137,0
-22,-48,2012,31,6,1.541,29.82
-22,-47,2406,44,0,1.829,0
-22,-46,330,5,0,1.515,0
-22,-45,1936,4,0,0.2066,0
-22,-44,1610,23,0,1.429,0
-22,-43,2810,35,0,1.246,0
-22,-42,1198,5,0,0.4174,0
-22,-41,1258,1,0,0.07949,0
-22,-40,60,0,0,0,0
-22,-39,60,0,0,0,0
-22,12,204,0,0,0,0
-22,13,446,0,0,0,0
-22,14,448,0,0,0,0
-22,15,1346,0,0,0,0
-22,16,1816,2,0,0.1101,0
-22,17,556,0,0,0,0
-22,18,474,0,0,0,0
-22,19,386,0,0,0,0
-22,20,648,0,0,0,0
-22,21,460,0,0,0,0
-22,22,456,0,0,0,0
-22,23,438,0,0,0,0
-22,24,434,0,0,0,0
-22,25,544,0,0,0,0
-22,26,448,0,0,0,0
-22,27,564,9,0,1.596,0
-22,28,338,0,0,0,0
-22,29,1810,0,0,0,0
-22,30,1382,0,0,0,0
-22,31,4622,2,0,0.04327,0
-22,32,3450,0,0,0,0
-22,33,7008,0,0,0,0
-22,34,4486,1,0,0.02229,0
-22,35,4524,4,0,0.08842,0
-22,36,2388,3,0,0.1256,0
-22,37,2938,2,0,0.06807,0
-22,38,1944,0,0,0,0
-22,39,3438,0,0,0,0
-22,40,2762,0,0,0,0
-22,41,2632,2,0,0.07599,0
-22,42,4414,4,0,0.09062,0
-22,43,6672,1,0,0.01499,0
-22,44,4236,1,0,0.02361,0
-22,45,3992,1,0,0.02505,0
-22,46,2244,1,0,0.04456,0
-22,47,2558,0,0,0,0
-22,48,2410,1,0,0.04149,0
-22,49,2126,3,0,0.1411,0
-22,50,6026,7,1,0.1162,1.659
-22,51,2964,0,0,0,0
-22,52,4816,1,0,0.02076,0
-22,53,4624,4,0,0.08651,0
-22,54,5462,5,0,0.09154,0
-22,55,4830,12,0,0.2484,0
-22,56,5266,6,0,0.1139,0
-22,57,3732,0,0,0,0
-22,58,4340,0,0,0,0
-22,59,1782,0,0,0,0
-22,60,1794,0,0,0,0
-22,61,10,0,0,0,0
-22,62,10,0,0,0,0
-22,64,6,0,0,0,0
-22,65,12,0,0,0,0
-22,66,14,0,0,0,0
-22,67,10,0,0,0,0
-22,68,2,0,0,0,0
-22,69,14,0,0,0,0
-22,70,54,0,0,0,0
-22,71,66,0,0,0,0
-22,72,66,0,0,0,0
-22,73,38,0,0,0,0
-22,74,12,0,0,0,0
-22,75,16,0,0,0,0
-22,76,34,0,0,0,0
-22,77,12,0,0,0,0
-22,78,12,0,0,0,0
-22,79,22,0,0,0,0
-22,80,16,0,0,0,0
-22,81,6,0,0,0,0
-22,82,6,0,0,0,0
-22,88,2,0,0,0,0
-22,111,12,0,0,0,0
-22,112,32,0,0,0,0
-22,113,28,0,0,0,0
-22,114,532,0,0,0,0
-22,115,540,1,0,0.1852,0
-22,116,542,0,0,0,0
-22,117,788,2,0,0.2538,0
-22,118,1776,0,0,0,0
-22,119,2496,0,0,0,0
-22,120,856,0,0,0,0
-22,121,424,0,0,0,0
-22,122,1646,1,0,0.06075,0
-22,123,1304,0,0,0,0
-22,124,1930,1,0,0.05181,0
-22,125,870,0,0,0,0
-22,126,1436,0,0,0,0
-22,127,866,0,0,0,0
-22,128,2023,0,0,0,0
-22,129,1469,0,0,0,0
-22,130,2084,0,0,0,0
-22,131,350,0,0,0,0
-22,132,2140,0,0,0,0
-22,133,1692,0,0,0,0
-22,134,3420,0,0,0,0
-22,135,1730,0,0,0,0
-22,136,3342,1,0,0.02992,0
-22,137,1532,0,0,0,0
-22,138,3262,1,0,0.03066,0
-22,139,1728,1,0,0.05787,0
-22,140,2962,0,0,0,0
-22,141,1880,0,0,0,0
-22,142,2252,8,0,0.3552,0
-22,143,2366,0,0,0,0
-22,144,2932,1,0,0.03411,0
-22,145,2196,0,0,0,0
-22,146,2442,3,0,0.1229,0
-22,147,2522,2,0,0.0793,0
-22,148,1976,3,1,0.1518,5.061
-22,149,2506,31,0,1.237,0
-22,150,2476,12,5,0.4847,20.19
-22,151,2682,7,0,0.261,0
-22,152,2196,9,4,0.4098,18.21
-22,153,2274,2,1,0.08795,4.398
-22,154,2302,2,1,0.08688,4.344
-22,155,572,2,0,0.3497,0
-22,158,190,0,0,0,0
-22,159,1788,1,0,0.05593,0
-22,160,1846,2,0,0.1083,0
-22,161,770,2,0,0.2597,0
-22,163,1366,1,0,0.07321,0
-22,164,1636,1,0,0.06112,0
-22,165,2756,3,0,0.1089,0
-22,166,1320,0,0,0,0
-22,167,2426,0,0,0,0
-22,168,1979,0,0,0,0
-22,169,1506,0,0,0,0
-22,170,1136,0,0,0,0
-22,171,2134,2,0,0.09372,0
-22,172,1448,0,0,0,0
-22,173,1366,0,0,0,0
-22,174,16,0,0,0,0
-22,175,16,0,0,0,0
-22,176,14,0,0,0,0
-22,177,10,0,0,0,0
-21,-177,1662,0,0,0,0
-21,-176,3276,0,0,0,0
-21,-175,4662,1,0,0.02145,0
-21,-174,2528,2,0,0.07911,0
-21,-173,840,0,0,0,0
-21,-73,1070,0,0,0,0
-21,-72,3818,1,0,0.02619,0
-21,-71,4918,2,0,0.04067,0
-21,-70,6972,137,0,1.965,0
-21,-69,5410,0,0,0,0
-21,-68,7090,0,0,0,0
-21,-67,3036,1,0,0.03294,0
-21,-66,2592,77,0,2.971,0
-21,-65,893,3,0,0.3359,0
-21,-64,734,3,0,0.4087,0
-21,-63,754,0,0,0,0
-21,-62,458,0,0,0,0
-21,-61,740,0,0,0,0
-21,-60,416,0,0,0,0
-21,-59,1972,4,0,0.2028,0
-21,-58,1698,2,0,0.1178,0
-21,-57,2130,4,0,0.1878,0
-21,-56,306,4,0,1.307,0
-21,-55,1578,26,0,1.648,0
-21,-54,1418,0,0,0,0
-21,-53,2646,5,0,0.189,0
-21,-52,1616,11,0,0.6807,0
-21,-51,2196,54,0,2.459,0
-21,-50,596,7,0,1.174,0
-21,-49,2462,5,0,0.2031,0
-21,-48,2554,13,0,0.509,0
-21,-47,1940,19,0,0.9794,0
-21,-46,448,78,0,17.41,0
-21,-45,906,14,0,1.545,0
-21,-44,2564,55,0,2.145,0
-21,-43,1745,8,0,0.4585,0
-21,-42,1848,20,0,1.082,0
-21,-41,1592,7,2,0.4397,12.56
-21,-40,90,0,0,0,0
-21,-39,90,0,0,0,0
-21,12,318,0,0,0,0
-21,13,318,0,0,0,0
-21,14,660,0,0,0,0
-21,15,342,0,0,0,0
-21,16,1534,4,0,0.2608,0
-21,17,1030,0,0,0,0
-21,18,1168,0,0,0,0
-21,19,532,0,0,0,0
-21,20,686,0,0,0,0
-21,21,570,0,0,0,0
-21,22,520,0,0,0,0
-21,23,440,0,0,0,0
-21,24,492,0,0,0,0
-21,25,646,0,0,0,0
-21,26,372,0,0,0,0
-21,27,440,0,0,0,0
-21,28,532,0,0,0,0
-21,29,1146,0,0,0,0
-21,30,1496,1,0,0.06684,0
-21,31,726,0,0,0,0
-21,32,3028,1,0,0.03303,0
-21,33,2922,0,0,0,0
-21,34,2902,1,0,0.03446,0
-21,35,4056,1,0,0.02465,0
-21,36,2258,2,0,0.08857,0
-21,37,2914,5,0,0.1716,0
-21,38,3359,3,0,0.08931,0
-21,39,1903,1,0,0.05255,0
-21,40,3799,0,0,0,0
-21,41,2900,2,0,0.06897,0
-21,42,3094,1,0,0.03232,0
-21,43,3944,2,0,0.05071,0
-21,44,4514,2,0,0.04431,0
-21,45,3380,0,0,0,0
-21,46,3378,2,0,0.05921,0
-21,47,1728,0,0,0,0
-21,48,3332,4,0,0.12,0
-21,49,1636,2,0,0.1222,0
-21,50,5348,2,0,0.0374,0
-21,51,4668,2,0,0.04284,0
-21,52,4590,0,0,0,0
-21,53,7252,1,0,0.01379,0
-21,54,4824,4,0,0.08292,0
-21,55,4332,3,0,0.06925,0
-21,56,5024,8,0,0.1592,0
-21,57,4502,0,0,0,0
-21,58,2168,0,0,0,0
-21,59,2412,0,0,0,0
-21,60,604,0,0,0,0
-21,61,16,0,0,0,0
-21,62,8,0,0,0,0
-21,64,10,0,0,0,0
-21,65,10,0,0,0,0
-21,66,16,0,0,0,0
-21,67,14,0,0,0,0
-21,68,18,0,0,0,0
-21,69,26,0,0,0,0
-21,70,44,0,0,0,0
-21,71,46,0,0,0,0
-21,72,38,0,0,0,0
-21,73,18,0,0,0,0
-21,74,22,0,0,0,0
-21,75,32,0,0,0,0
-21,76,38,0,0,0,0
-21,77,44,0,0,0,0
-21,78,18,0,0,0,0
-21,79,22,0,0,0,0
-21,80,22,0,0,0,0
-21,81,18,0,0,0,0
-21,82,12,0,0,0,0
-21,85,6,0,0,0,0
-21,86,16,0,0,0,0
-21,87,10,0,0,0,0
-21,88,10,0,0,0,0
-21,91,4,0,0,0,0
-21,92,4,0,0,0,0
-21,93,2,0,0,0,0
-21,111,2,0,0,0,0
-21,112,30,0,0,0,0
-21,113,24,0,0,0,0
-21,114,334,0,0,0,0
-21,115,310,1,0,0.3226,0
-21,116,596,2,0,0.3356,0
-21,117,336,1,0,0.2976,0
-21,118,1498,0,0,0,0
-21,119,1120,2,0,0.1786,0
-21,120,2660,3,0,0.1128,0
-21,121,2032,0,0,0,0
-21,122,3924,0,0,0,0
-21,123,1800,0,0,0,0
-21,124,3662,0,0,0,0
-21,125,1786,1,0,0.05599,0
-21,126,3846,0,0,0,0
-21,127,1710,0,0,0,0
-21,128,3642,0,0,0,0
-21,129,1830,0,0,0,0
-21,130,2420,0,0,0,0
-21,131,1444,0,0,0,0
-21,132,2464,0,0,0,0
-21,133,2256,0,0,0,0
-21,134,2566,0,0,0,0
-21,135,2594,0,0,0,0
-21,136,1984,0,0,0,0
-21,137,2584,1,0,0.0387,0
-21,138,1792,0,0,0,0
-21,139,2600,2,0,0.07692,0
-21,140,2584,13,0,0.5031,0
-21,141,1960,0,0,0,0
-21,142,2450,1,0,0.04082,0
-21,143,1974,1,0,0.05066,0
-21,144,2536,2,0,0.07886,0
-21,145,2438,1,0,0.04102,0
-21,146,2396,2,0,0.08347,0
-21,147,2498,2,0,0.08006,0
-21,148,2520,4,0,0.1587,0
-21,149,2484,2,0,0.08052,0
-21,150,1918,3,0,0.1564,0
-21,151,3004,2,0,0.06658,0
-21,152,1626,3,0,0.1845,0
-21,153,3342,4,0,0.1197,0
-21,154,1716,4,0,0.2331,0
-21,155,1416,6,0,0.4237,0
-21,158,882,0,0,0,0
-21,159,1704,0,0,0,0
-21,160,1602,1,0,0.06242,0
-21,161,924,0,0,0,0
-21,162,1078,0,0,0,0
-21,163,2778,1,0,0.036,0
-21,164,2342,3,0,0.1281,0
-21,165,2508,2,0,0.07974,0
-21,166,1474,0,0,0,0
-21,167,1420,0,0,0,0
-21,168,1062,0,0,0,0
-21,169,2790,0,0,0,0
-21,170,2148,2,0,0.09311,0
-21,171,26,0,0,0,0
-21,172,562,0,0,0,0
-21,173,16,0,0,0,0
-21,174,12,0,0,0,0
-21,175,12,0,0,0,0
-20,-177,1652,0,0,0,0
-20,-176,4112,1,1,0.02432,2.432
-20,-175,3406,1,0,0.02936,0
-20,-174,4242,1,0,0.02357,0
-20,-173,582,0,0,0,0
-20,-77,40,0,0,0,0
-20,-76,30,0,0,0,0
-20,-75,56,0,0,0,0
-20,-74,48,0,0,0,0
-20,-73,1644,0,0,0,0
-20,-72,4428,3,0,0.06775,0
-20,-71,7032,2,0,0.02844,0
-20,-70,4612,0,0,0,0
-20,-69,7156,0,0,0,0
-20,-68,4792,3,0,0.0626,0
-20,-67,5430,1,0,0.01842,0
-20,-66,1992,4,0,0.2008,0
-20,-65,2104,0,0,0,0
-20,-64,1276,4,0,0.3135,0
-20,-63,2100,0,0,0,0
-20,-62,990,0,0,0,0
-20,-61,1468,0,0,0,0
-20,-60,472,0,0,0,0
-20,-59,1996,3,0,0.1503,0
-20,-58,2064,0,0,0,0
-20,-57,1960,0,0,0,0
-20,-56,306,10,0,3.268,0
-20,-55,910,0,0,0,0
-20,-54,2520,1,0,0.03968,0
-20,-53,2274,18,0,0.7916,0
-20,-52,3136,10,0,0.3189,0
-20,-51,2288,4,0,0.1748,0
-20,-50,782,5,0,0.6394,0
-20,-49,1294,9,0,0.6955,0
-20,-48,808,2,0,0.2475,0
-20,-47,470,5,0,1.064,0
-20,-46,440,6,0,1.364,0
-20,-45,542,18,0,3.321,0
-20,-44,1570,19,0,1.21,0
-20,-43,2354,25,0,1.062,0
-20,-42,1946,8,0,0.4111,0
-20,-41,1456,30,0,2.06,0
-20,-40,1044,1,0,0.09579,0
-20,-39,134,0,0,0,0
-20,-38,242,0,0,0,0
-20,-37,104,0,0,0,0
-20,-36,136,3,0,2.206,0
-20,12,318,0,0,0,0
-20,13,318,0,0,0,0
-20,14,660,0,0,0,0
-20,15,342,0,0,0,0
-20,16,1518,0,0,0,0
-20,17,1336,0,0,0,0
-20,18,1786,0,0,0,0
-20,19,440,0,0,0,0
-20,20,876,0,0,0,0
-20,21,438,0,0,0,0
-20,22,756,0,0,0,0
-20,23,318,0,0,0,0
-20,24,662,0,0,0,0
-20,25,350,0,0,0,0
-20,26,668,0,0,0,0
-20,27,342,0,0,0,0
-20,28,582,0,0,0,0
-20,29,458,0,0,0,0
-20,30,706,0,0,0,0
-20,31,570,0,0,0,0
-20,32,2118,0,0,0,0
-20,33,2154,3,0,0.1393,0
-20,34,3718,3,0,0.08069,0
-20,35,2326,1,0,0.04299,0
-20,36,3802,6,0,0.1578,0
-20,37,1612,0,0,0,0
-20,38,4154,6,0,0.1444,0
-20,39,2306,1,0,0.04337,0
-20,40,3446,1,0,0.02902,0
-20,41,3380,2,0,0.05917,0
-20,42,2918,0,0,0,0
-20,43,2924,5,0,0.171,0
-20,44,3414,1,0,0.02929,0
-20,45,1714,0,0,0,0
-20,46,3400,0,0,0,0
-20,47,1756,3,0,0.1708,0
-20,48,3364,4,0,0.1189,0
-20,49,1682,3,0,0.1784,0
-20,50,5146,5,0,0.09716,0
-20,51,2994,0,0,0,0
-20,52,6824,0,0,0,0
-20,53,5656,4,0,0.07072,0
-20,54,5606,5,0,0.08919,0
-20,55,6860,4,0,0.05831,0
-20,56,5262,2,0,0.03801,0
-20,57,4866,1,0,0.02055,0
-20,58,2826,3,0,0.1062,0
-20,59,2992,0,0,0,0
-20,60,20,0,0,0,0
-20,61,18,0,0,0,0
-20,64,4,0,0,0,0
-20,65,20,0,0,0,0
-20,66,10,0,0,0,0
-20,67,10,0,0,0,0
-20,68,20,0,0,0,0
-20,69,30,0,0,0,0
-20,70,24,0,0,0,0
-20,71,46,0,0,0,0
-20,72,30,0,0,0,0
-20,73,10,0,0,0,0
-20,74,18,0,0,0,0
-20,75,34,0,0,0,0
-20,76,44,0,0,0,0
-20,77,40,0,0,0,0
-20,78,52,0,0,0,0
-20,79,22,0,0,0,0
-20,80,32,0,0,0,0
-20,81,14,2,0,14.29,0
-20,82,12,0,0,0,0
-20,85,10,0,0,0,0
-20,86,12,0,0,0,0
-20,87,22,0,0,0,0
-20,88,10,0,0,0,0
-20,91,12,0,0,0,0
-20,92,10,0,0,0,0
-20,93,16,0,0,0,0
-20,94,12,0,0,0,0
-20,112,26,0,0,0,0
-20,113,22,0,0,0,0
-20,114,108,0,0,0,0
-20,115,94,0,0,0,0
-20,116,194,1,0,0.5155,0
-20,117,112,0,0,0,0
-20,118,902,0,0,0,0
-20,119,614,1,0,0.1629,0
-20,120,2218,1,0,0.04509,0
-20,121,1734,0,0,0,0
-20,122,2868,0,0,0,0
-20,123,2509,0,0,0,0
-20,124,2542,1,0,0.03934,0
-20,125,2540,1,0,0.03937,0
-20,126,2268,2,0,0.08818,0
-20,127,2556,2,1,0.07825,3.912
-20,128,2300,0,0,0,0
-20,129,2600,0,0,0,0
-20,130,2304,0,0,0,0
-20,131,2262,0,0,0,0
-20,132,2784,0,0,0,0
-20,133,2252,0,0,0,0
-20,134,2546,1,0,0.03928,0
-20,135,2024,3,0,0.1482,0
-20,136,2608,0,0,0,0
-20,137,2402,2,0,0.08326,0
-20,138,2312,1,0,0.04325,0
-20,139,2762,4,0,0.1448,0
-20,140,1732,0,0,0,0
-20,141,3198,0,0,0,0
-20,142,1470,1,0,0.06803,0
-20,143,3170,1,0,0.03155,0
-20,144,1686,0,0,0,0
-20,145,3300,6,1,0.1818,3.03
-20,146,1612,3,0,0.1861,0
-20,147,3286,1,0,0.03043,0
-20,148,1674,4,0,0.2389,0
-20,149,3314,6,1,0.1811,3.018
-20,150,1355,0,0,0,0
-20,151,2434,6,0,0.2465,0
-20,152,1626,6,1,0.369,6.15
-20,153,2176,2,0,0.09191,0
-20,154,272,0,0,0,0
-20,158,906,0,0,0,0
-20,159,1564,0,0,0,0
-20,160,1640,0,0,0,0
-20,161,462,0,0,0,0
-20,162,1444,0,0,0,0
-20,163,1620,1,0,0.06173,0
-20,164,2090,0,0,0,0
-20,165,110,0,0,0,0
-20,166,32,0,0,0,0
-20,167,112,0,0,0,0
-20,168,1862,3,0,0.1611,0
-20,169,1674,2,0,0.1195,0
-20,170,1702,0,0,0,0
-20,171,36,0,0,0,0
-20,174,4,0,0,0,0
-20,175,2,0,0,0,0
-20,176,544,0,0,0,0
-20,177,1456,0,0,0,0
-20,178,828,0,0,0,0
-19,-180,1290,0,0,0,0
-19,-176,2308,1,0,0.04333,0
-19,-175,4468,1,0,0.02238,0
-19,-174,3138,0,0,0,0
-19,-151,264,0,0,0,0
-19,-150,556,0,0,0,0
-19,-149,556,0,0,0,0
-19,-77,1038,0,0,0,0
-19,-76,848,0,0,0,0
-19,-75,1174,0,0,0,0
-19,-74,502,0,0,0,0
-19,-73,3764,1,0,0.02657,0
-19,-72,4146,0,0,0,0
-19,-71,6938,92,0,1.326,0
-19,-70,4976,0,0,0,0
-19,-69,6578,2,0,0.0304,0
-19,-68,5454,2,0,0.03667,0
-19,-67,5446,62,0,1.138,0
-19,-66,2270,48,0,2.115,0
-19,-65,2564,6,0,0.234,0
-19,-64,1934,1,0,0.05171,0
-19,-63,1842,0,0,0,0
-19,-62,2600,0,0,0,0
-19,-61,1640,0,0,0,0
-19,-60,806,2,0,0.2481,0
-19,-59,606,2,0,0.33,0
-19,-58,2448,4,0,0.1634,0
-19,-57,2720,4,0,0.1471,0
-19,-56,538,0,0,0,0
-19,-55,652,0,0,0,0
-19,-54,1878,16,0,0.852,0
-19,-53,2628,8,0,0.3044,0
-19,-52,2260,6,0,0.2655,0
-19,-51,2296,1,0,0.04355,0
-19,-50,2956,13,0,0.4398,0
-19,-49,1948,6,0,0.308,0
-19,-48,1978,35,0,1.769,0
-19,-47,424,3,0,0.7075,0
-19,-46,578,0,0,0,0
-19,-45,330,0,0,0,0
-19,-44,1884,11,0,0.5839,0
-19,-43,1720,10,0,0.5814,0
-19,-42,2914,30,0,1.03,0
-19,-41,1216,3,0,0.2467,0
-19,-40,2208,0,0,0,0
-19,-39,1178,0,0,0,0
-19,-38,1628,1,0,0.06143,0
-19,-37,192,0,0,0,0
-19,-36,192,0,0,0,0
-19,12,318,0,0,0,0
-19,13,628,0,0,0,0
-19,14,440,0,0,0,0
-19,15,456,0,0,0,0
-19,16,818,0,0,0,0
-19,17,898,0,0,0,0
-19,18,1140,0,0,0,0
-19,19,550,0,0,0,0
-19,20,860,0,0,0,0
-19,21,438,0,0,0,0
-19,22,756,0,0,0,0
-19,23,318,0,0,0,0
-19,24,680,0,0,0,0
-19,25,354,0,0,0,0
-19,26,659,0,0,0,0
-19,27,305,0,0,0,0
-19,28,724,0,0,0,0
-19,29,336,0,0,0,0
-19,30,678,0,0,0,0
-19,31,342,0,0,0,0
-19,32,2306,0,0,0,0
-19,33,1964,0,0,0,0
-19,34,4030,0,0,0,0
-19,35,2086,0,0,0,0
-19,36,4062,1,0,0.02462,0
-19,37,2090,2,0,0.09569,0
-19,38,3688,2,0,0.05423,0
-19,39,2146,3,0,0.1398,0
-19,40,3300,0,0,0,0
-19,41,2412,3,0,0.1244,0
-19,42,3630,2,1,0.0551,2.755
-19,43,3751,1,0,0.02666,0
-19,44,2556,1,0,0.03912,0
-19,45,2824,0,0,0,0
-19,46,2240,0,0,0,0
-19,47,2660,0,0,0,0
-19,48,2070,1,0,0.04831,0
-19,49,2696,4,0,0.1484,0
-19,50,5308,9,1,0.1696,1.884
-19,51,5034,2,0,0.03973,0
-19,52,4218,1,0,0.02371,0
-19,53,6944,0,0,0,0
-19,54,6510,0,0,0,0
-19,55,4680,0,0,0,0
-19,56,4695,3,0,0.0639,0
-19,57,4012,2,0,0.04985,0
-19,58,2844,3,0,0.1055,0
-19,59,1716,0,0,0,0
-19,60,12,0,0,0,0
-19,61,4,0,0,0,0
-19,65,16,0,0,0,0
-19,66,18,0,0,0,0
-19,67,12,0,0,0,0
-19,68,20,0,0,0,0
-19,69,26,0,0,0,0
-19,70,30,0,0,0,0
-19,71,44,0,0,0,0
-19,72,30,0,0,0,0
-19,73,8,0,0,0,0
-19,74,28,0,0,0,0
-19,75,38,0,0,0,0
-19,76,40,0,0,0,0
-19,77,72,0,0,0,0
-19,78,38,0,0,0,0
-19,79,26,0,0,0,0
-19,80,14,0,0,0,0
-19,81,12,0,0,0,0
-19,82,8,0,0,0,0
-19,85,10,0,0,0,0
-19,86,12,0,0,0,0
-19,87,12,0,0,0,0
-19,88,14,0,0,0,0
-19,89,10,0,0,0,0
-19,91,10,0,0,0,0
-19,92,20,0,0,0,0
-19,93,16,0,0,0,0
-19,94,12,0,0,0,0
-19,95,4,0,0,0,0
-19,96,2,0,0,0,0
-19,102,4,0,0,0,0
-19,103,10,0,0,0,0
-19,104,8,0,0,0,0
-19,105,10,0,0,0,0
-19,107,2,0,0,0,0
-19,108,2,0,0,0,0
-19,109,10,0,0,0,0
-19,110,8,0,0,0,0
-19,111,6,0,0,0,0
-19,112,10,0,0,0,0
-19,113,4,0,0,0,0
-19,116,12,0,0,0,0
-19,117,12,0,0,0,0
-19,118,22,0,0,0,0
-19,119,16,0,0,0,0
-19,120,10,0,0,0,0
-19,121,2630,0,0,0,0
-19,122,2602,1,0,0.03843,0
-19,123,2262,0,0,0,0
-19,124,2816,1,0,0.03551,0
-19,125,1978,2,0,0.1011,0
-19,126,2554,4,0,0.1566,0
-19,127,2276,0,0,0,0
-19,128,2574,0,0,0,0
-19,129,2574,0,0,0,0
-19,130,2024,0,0,0,0
-19,131,3118,0,0,0,0
-19,132,1686,0,0,0,0
-19,133,3378,0,0,0,0
-19,134,1692,0,0,0,0
-19,135,3426,0,0,0,0
-19,136,1734,0,0,0,0
-19,137,3276,4,0,0.1221,0
-19,138,1552,0,0,0,0
-19,139,3294,2,0,0.06072,0
-19,140,1758,1,0,0.05688,0
-19,141,3228,2,0,0.06196,0
-19,142,1470,1,0,0.06803,0
-19,143,3156,1,0,0.03169,0
-19,144,1686,1,0,0.05931,0
-19,145,3288,4,0,0.1217,0
-19,146,1604,3,0,0.187,0
-19,147,3518,6,1,0.1706,2.843
-19,148,1656,2,0,0.1208,0
-19,149,1092,0,0,0,0
-19,151,800,1,0,0.125,0
-19,152,796,0,0,0,0
-19,153,276,1,0,0.3623,0
-19,154,14,0,0,0,0
-19,155,8,0,0,0,0
-19,156,2,0,0,0,0
-19,158,494,0,0,0,0
-19,159,1386,0,0,0,0
-19,160,302,0,0,0,0
-19,162,882,0,0,0,0
-19,163,1245,0,0,0,0
-19,164,1086,0,0,0,0
-19,165,10,0,0,0,0
-19,166,32,0,0,0,0
-19,167,22,0,0,0,0
-19,168,1876,0,0,0,0
-19,169,1674,0,0,0,0
-19,170,1676,0,0,0,0
-19,176,3326,0,0,0,0
-19,177,3326,1,0,0.03007,0
-19,178,4758,5,1,0.1051,2.102
-19,179,1616,3,0,0.1856,0
-18,-180,3372,3,0,0.08897,0
-18,-176,1706,0,0,0,0
-18,-175,3832,0,0,0,0
-18,-174,4060,3,0,0.07389,0
-18,-153,904,0,0,0,0
-18,-152,1072,0,0,0,0
-18,-151,2618,4,0,0.1528,0
-18,-150,1363,1,0,0.07337,0
-18,-149,1358,4,0,0.2946,0
-18,-147,4,0,0,0,0
-18,-77,1214,0,0,0,0
-18,-76,1246,1,0,0.08026,0
-18,-75,2668,0,0,0,0
-18,-74,2894,1,0,0.03455,0
-18,-73,5270,0,0,0,0
-18,-72,4976,7,0,0.1407,0
-18,-71,6962,39,0,0.5602,0
-18,-70,5004,2,0,0.03997,0
-18,-69,6938,0,0,0,0
-18,-68,5128,33,0,0.6435,0
-18,-67,4554,101,0,2.218,0
-18,-66,2328,18,0,0.7732,0
-18,-65,2444,43,0,1.759,0
-18,-64,1834,46,0,2.508,0
-18,-63,2150,3,0,0.1395,0
-18,-62,1932,0,0,0,0
-18,-61,2254,1,0,0.04437,0
-18,-60,2062,0,0,0,0
-18,-59,1946,2,0,0.1028,0
-18,-58,3056,2,0,0.06545,0
-18,-57,1644,2,0,0.1217,0
-18,-56,2706,2,0,0.07391,0
-18,-55,962,0,0,0,0
-18,-54,2462,2,0,0.08123,0
-18,-53,1556,0,0,0,0
-18,-52,3236,8,0,0.2472,0
-18,-51,1722,2,0,0.1161,0
-18,-50,3446,3,0,0.08706,0
-18,-49,1718,2,0,0.1164,0
-18,-48,2034,6,1,0.295,4.916
-18,-47,336,0,0,0,0
-18,-46,752,0,0,0,0
-18,-45,330,1,0,0.303,0
-18,-44,1892,8,0,0.4228,0
-18,-43,1724,2,0,0.116,0
-18,-42,3026,8,0,0.2644,0
-18,-41,1871,3,0,0.1603,0
-18,-40,2842,49,0,1.724,0
-18,-39,2318,0,0,0,0
-18,-38,1804,3,0,0.1663,0
-18,-37,320,1,0,0.3125,0
-18,-36,192,0,0,0,0
-18,11,140,0,0,0,0
-18,12,496,0,0,0,0
-18,13,424,0,0,0,0
-18,14,472,0,0,0,0
-18,15,474,0,0,0,0
-18,16,732,0,0,0,0
-18,17,614,0,0,0,0
-18,18,703,0,0,0,0
-18,19,614,1,0,0.1629,0
-18,20,562,0,0,0,0
-18,21,744,0,0,0,0
-18,22,326,0,0,0,0
-18,23,530,0,0,0,0
-18,24,460,0,0,0,0
-18,25,476,0,0,0,0
-18,26,540,0,0,0,0
-18,27,404,0,0,0,0
-18,28,544,0,0,0,0
-18,29,344,0,0,0,0
-18,30,672,0,0,0,0
-18,31,336,0,0,0,0
-18,32,2038,0,0,0,0
-18,33,2266,0,0,0,0
-18,34,3218,2,0,0.06215,0
-18,35,2926,1,0,0.03418,0
-18,36,3008,0,0,0,0
-18,37,3188,2,0,0.06274,0
-18,38,2678,4,0,0.1494,0
-18,39,2866,0,0,0,0
-18,40,4070,2,0,0.04914,0
-18,41,1608,0,0,0,0
-18,42,1560,1,1,0.0641,6.41
-18,43,3638,1,0,0.02749,0
-18,44,3884,4,0,0.103,0
-18,45,1994,0,0,0,0
-18,46,2850,0,0,0,0
-18,47,2040,3,0,0.1471,0
-18,48,2600,1,0,0.03846,0
-18,49,3956,3,0,0.07583,0
-18,50,3234,2,0,0.06184,0
-18,51,5932,5,0,0.08429,0
-18,52,3216,0,0,0,0
-18,53,8262,0,0,0,0
-18,54,7208,2,0,0.02775,0
-18,55,3740,2,0,0.05348,0
-18,56,4442,3,0,0.06754,0
-18,57,4746,1,0,0.02107,0
-18,58,2114,1,0,0.0473,0
-18,59,2122,2,0,0.09425,0
-18,60,12,0,0,0,0
-18,65,12,0,0,0,0
-18,66,28,0,0,0,0
-18,67,32,0,0,0,0
-18,68,38,0,0,0,0
-18,69,24,0,0,0,0
-18,70,26,0,0,0,0
-18,71,22,0,0,0,0
-18,74,30,0,0,0,0
-18,75,40,0,0,0,0
-18,76,56,0,0,0,0
-18,77,62,0,0,0,0
-18,78,20,0,0,0,0
-18,79,18,0,0,0,0
-18,80,6,0,0,0,0
-18,81,18,0,0,0,0
-18,84,16,0,0,0,0
-18,85,10,0,0,0,0
-18,86,48,0,0,0,0
-18,87,34,0,0,0,0
-18,88,24,0,0,0,0
-18,89,18,0,0,0,0
-18,90,6,0,0,0,0
-18,91,12,0,0,0,0
-18,92,14,0,0,0,0
-18,93,10,0,0,0,0
-18,94,12,0,0,0,0
-18,95,12,0,0,0,0
-18,96,20,0,0,0,0
-18,97,8,0,0,0,0
-18,98,8,0,0,0,0
-18,102,10,0,0,0,0
-18,103,16,0,0,0,0
-18,104,20,0,0,0,0
-18,105,10,0,0,0,0
-18,107,12,0,0,0,0
-18,108,10,0,0,0,0
-18,109,28,0,0,0,0
-18,110,18,0,0,0,0
-18,111,18,0,0,0,0
-18,112,18,0,0,0,0
-18,116,6,0,0,0,0
-18,117,14,0,0,0,0
-18,118,14,0,0,0,0
-18,119,32,0,0,0,0
-18,120,22,0,0,0,0
-18,121,1758,1,0,0.05688,0
-18,122,1782,0,0,0,0
-18,123,3402,3,1,0.08818,2.939
-18,124,1702,0,0,0,0
-18,125,3402,0,0,0,0
-18,126,1698,3,0,0.1767,0
-18,127,3408,1,0,0.02934,0
-18,128,1710,0,0,0,0
-18,129,3713,0,0,0,0
-18,130,1728,0,0,0,0
-18,131,3414,2,0,0.05858,0
-18,132,1686,1,0,0.05931,0
-18,133,3378,1,0,0.0296,0
-18,134,1966,0,0,0,0
-18,135,3426,0,0,0,0
-18,136,1734,2,0,0.1153,0
-18,137,3270,0,0,0,0
-18,138,1546,1,0,0.06468,0
-18,139,3006,1,0,0.03327,0
-18,140,2048,0,0,0,0
-18,141,2740,0,0,0,0
-18,142,1978,5,1,0.2528,5.056
-18,143,2548,3,1,0.1177,3.925
-18,144,2536,1,0,0.03943,0
-18,145,2488,3,0,0.1206,0
-18,146,2342,3,0,0.1281,0
-18,147,1474,1,0,0.06784,0
-18,148,14,0,0,0,0
-18,149,4,0,0,0,0
-18,152,20,0,0,0,0
-18,153,24,0,0,0,0
-18,154,20,0,0,0,0
-18,155,46,0,0,0,0
-18,159,96,0,0,0,0
-18,163,518,0,0,0,0
-18,166,2002,1,0,0.04995,0
-18,167,2946,0,0,0,0
-18,168,2284,4,2,0.1751,8.757
-18,169,3016,1,0,0.03316,0
-18,170,924,0,0,0,0
-18,176,1920,2,0,0.1042,0
-18,177,3841,0,0,0,0
-18,178,5698,3,0,0.05265,0
-18,179,4222,2,0,0.04737,0
-17,-180,3966,1,0,0.02521,0
-17,-176,1698,0,0,0,0
-17,-175,3108,0,0,0,0
-17,-174,4500,2,0,0.04444,0
-17,-173,2294,0,0,0,0
-17,-172,554,0,0,0,0
-17,-153,336,0,0,0,0
-17,-152,1760,0,0,0,0
-17,-151,720,0,0,0,0
-17,-150,1168,0,0,0,0
-17,-149,288,0,0,0,0
-17,-147,20,0,0,0,0
-17,-146,36,0,0,0,0
-17,-145,4,0,0,0,0
-17,-141,10,0,0,0,0
-17,-77,1276,0,0,0,0
-17,-76,2478,1,0,0.04036,0
-17,-75,2948,25,0,0.848,0
-17,-74,4650,0,0,0,0
-17,-73,5706,27,0,0.4732,0
-17,-72,4470,78,0,1.745,0
-17,-71,6840,11,0,0.1608,0
-17,-70,4214,333,0,7.902,0
-17,-69,7236,115,0,1.589,0
-17,-68,4682,25,0,0.534,0
-17,-67,5680,17,0,0.2993,0
-17,-66,2522,28,0,1.11,0
-17,-65,1916,0,0,0,0
-17,-64,2760,1,0,0.03623,0
-17,-63,1468,1,0,0.06812,0
-17,-62,3172,0,0,0,0
-17,-61,1856,1,0,0.05388,0
-17,-60,3968,2,0,0.0504,0
-17,-59,1842,2,0,0.1086,0
-17,-58,3430,2,0,0.05831,0
-17,-57,1644,0,0,0,0
-17,-56,2405,2,0,0.08316,0
-17,-55,762,16,0,2.1,0
-17,-54,2250,2,0,0.08889,0
-17,-53,1488,0,0,0,0
-17,-52,3232,11,0,0.3403,0
-17,-51,1722,1,0,0.05807,0
-17,-50,3402,100,0,2.939,0
-17,-49,1716,13,0,0.7576,0
-17,-48,1930,27,0,1.399,0
-17,-47,638,3,0,0.4702,0
-17,-46,880,5,0,0.5682,0
-17,-45,534,3,0,0.5618,0
-17,-44,770,8,0,1.039,0
-17,-43,2802,20,0,0.7138,0
-17,-42,2002,4,0,0.1998,0
-17,-41,2978,4,0,0.1343,0
-17,-40,2304,4,0,0.1736,0
-17,-39,2336,1,0,0.04281,0
-17,-38,2884,4,0,0.1387,0
-17,-37,224,0,0,0,0
-17,-36,320,2,0,0.625,0
-17,-35,32,2,0,6.25,0
-17,11,318,0,0,0,0
-17,12,318,0,0,0,0
-17,13,660,0,0,0,0
-17,14,342,0,0,0,0
-17,15,806,0,0,0,0
-17,16,460,0,0,0,0
-17,17,762,0,0,0,0
-17,18,570,0,0,0,0
-17,19,658,0,0,0,0
-17,20,666,0,0,0,0
-17,21,544,0,0,0,0
-17,22,522,0,0,0,0
-17,23,336,0,0,0,0
-17,24,666,0,0,0,0
-17,25,376,0,0,0,0
-17,26,416,0,0,0,0
-17,27,502,0,0,0,0
-17,28,460,0,0,0,0
-17,29,560,0,0,0,0
-17,30,1082,0,0,0,0
-17,31,2178,0,0,0,0
-17,32,2420,0,0,0,0
-17,33,2922,0,0,0,0
-17,34,3044,4,0,0.1314,0
-17,35,2506,2,0,0.07981,0
-17,36,3464,3,0,0.08661,0
-17,37,2358,2,0,0.08482,0
-17,38,3536,0,0,0,0
-17,39,2948,0,0,0,0
-17,40,3290,0,0,0,0
-17,41,4192,0,0,0,0
-17,42,1706,0,0,0,0
-17,43,3258,0,0,0,0
-17,44,3018,2,0,0.06627,0
-17,45,3110,1,0,0.03215,0
-17,46,1732,0,0,0,0
-17,47,3420,0,0,0,0
-17,48,1742,0,0,0,0
-17,49,4528,2,0,0.04417,0
-17,50,3062,0,0,0,0
-17,51,4778,6,0,0.1256,0
-17,52,7328,2,0,0.02729,0
-17,53,6072,4,0,0.06588,0
-17,54,6720,3,0,0.04464,0
-17,55,4186,1,0,0.02389,0
-17,56,5556,3,0,0.054,0
-17,57,1752,1,0,0.05708,0
-17,58,2852,3,0,0.1052,0
-17,59,1040,3,0,0.2885,0
-17,60,22,0,0,0,0
-17,65,12,0,0,0,0
-17,66,22,0,0,0,0
-17,67,32,0,0,0,0
-17,68,24,0,0,0,0
-17,69,34,0,0,0,0
-17,70,14,0,0,0,0
-17,71,12,0,0,0,0
-17,74,12,0,0,0,0
-17,75,24,0,0,0,0
-17,76,82,0,0,0,0
-17,77,50,0,0,0,0
-17,78,24,0,0,0,0
-17,79,20,0,0,0,0
-17,84,14,0,0,0,0
-17,85,18,0,0,0,0
-17,86,32,0,0,0,0
-17,87,32,0,0,0,0
-17,88,10,0,0,0,0
-17,89,12,0,0,0,0
-17,90,4,0,0,0,0
-17,91,8,0,0,0,0
-17,92,10,0,0,0,0
-17,93,22,0,0,0,0
-17,94,12,0,0,0,0
-17,95,12,0,0,0,0
-17,96,12,0,0,0,0
-17,97,18,0,0,0,0
-17,98,4,0,0,0,0
-17,100,2,0,0,0,0
-17,101,4,0,0,0,0
-17,102,16,0,0,0,0
-17,103,22,0,0,0,0
-17,104,14,0,0,0,0
-17,105,14,0,0,0,0
-17,106,6,0,0,0,0
-17,107,10,0,0,0,0
-17,108,22,0,0,0,0
-17,109,26,0,0,0,0
-17,110,28,0,0,0,0
-17,111,14,0,0,0,0
-17,112,10,0,0,0,0
-17,117,24,0,0,0,0
-17,118,10,0,0,0,0
-17,119,24,0,0,0,0
-17,120,16,0,0,0,0
-17,121,1754,1,0,0.05701,0
-17,122,1758,2,0,0.1138,0
-17,123,3434,3,0,0.08736,0
-17,124,1708,0,0,0,0
-17,125,3384,0,0,0,0
-17,126,1698,0,0,0,0
-17,127,3408,4,0,0.1174,0
-17,128,1710,0,0,0,0
-17,129,3438,1,0,0.02909,0
-17,130,1728,0,0,0,0
-17,131,3106,1,0,0.0322,0
-17,132,1994,0,0,0,0
-17,133,2540,0,0,0,0
-17,134,2530,0,0,0,0
-17,135,2270,0,0,0,0
-17,136,2890,1,0,0.0346,0
-17,137,1736,2,0,0.1152,0
-17,138,2588,0,0,0,0
-17,139,2068,0,0,0,0
-17,140,2644,1,0,0.03782,0
-17,141,2622,0,0,0,0
-17,142,1972,2,0,0.1014,0
-17,143,2226,1,0,0.04492,0
-17,144,2196,0,0,0,0
-17,145,2562,0,0,0,0
-17,146,1936,3,0,0.155,0
-17,147,2046,1,0,0.04888,0
-17,148,684,0,0,0,0
-17,149,10,0,0,0,0
-17,152,24,0,0,0,0
-17,153,26,0,0,0,0
-17,154,42,0,0,0,0
-17,155,36,2,0,5.556,0
-17,165,588,0,0,0,0
-17,166,3182,0,0,0,0
-17,167,2328,0,0,0,0
-17,168,3647,1,0,0.02742,0
-17,169,2366,0,0,0,0
-17,177,2186,2,0,0.09149,0
-17,178,4094,3,0,0.07328,0
-17,179,4290,0,0,0,0
-16,-180,270,0,0,0,0
-16,-176,1126,0,0,0,0
-16,-175,4210,0,0,0,0
-16,-174,3704,0,0,0,0
-16,-173,4008,0,0,0,0
-16,-172,878,0,0,0,0
-16,-171,8,0,0,0,0
-16,-152,184,0,0,0,0
-16,-150,30,0,0,0,0
-16,-149,42,0,0,0,0
-16,-148,16,0,0,0,0
-16,-147,46,0,0,0,0
-16,-146,28,0,0,0,0
-16,-141,192,0,0,0,0
-16,-140,308,0,0,0,0
-16,-139,74,0,0,0,0
-16,-138,84,0,0,0,0
-16,-137,12,0,0,0,0
-16,-78,712,0,0,0,0
-16,-77,2314,2,0,0.08643,0
-16,-76,3692,6,0,0.1625,0
-16,-75,4658,44,0,0.9446,0
-16,-74,4928,5,0,0.1015,0
-16,-73,4414,2,0,0.04531,0
-16,-72,6770,4,0,0.05908,0
-16,-71,4080,2,0,0.04902,0
-16,-70,5800,93,0,1.603,0
-16,-69,1932,12,0,0.6211,0
-16,-68,1892,5,0,0.2643,0
-16,-67,1500,0,0,0,0
-16,-66,2308,0,0,0,0
-16,-65,1654,0,0,0,0
-16,-64,2806,0,0,0,0
-16,-63,1446,0,0,0,0
-16,-62,3308,0,0,0,0
-16,-61,2238,0,0,0,0
-16,-60,3408,9,0,0.2641,0
-16,-59,2004,0,0,0,0
-16,-58,3076,2,0,0.06502,0
-16,-57,1924,6,0,0.3119,0
-16,-56,2048,5,0,0.2441,0
-16,-55,1134,1,0,0.08818,0
-16,-54,1284,1,0,0.07788,0
-16,-53,2696,3,0,0.1113,0
-16,-52,1664,2,0,0.1202,0
-16,-51,3090,27,0,0.8738,0
-16,-50,2010,3,0,0.1493,0
-16,-49,2830,62,0,2.191,0
-16,-48,2264,0,0,0,0
-16,-47,2680,10,0,0.3731,0
-16,-46,3198,2,0,0.06254,0
-16,-45,440,0,0,0,0
-16,-44,550,10,0,1.818,0
-16,-43,2080,13,0,0.625,0
-16,-42,3036,14,0,0.4611,0
-16,-41,2254,34,0,1.508,0
-16,-40,2248,1,0,0.04448,0
-16,-39,2864,0,0,0,0
-16,-38,1740,0,0,0,0
-16,-37,1932,0,0,0,0
-16,-36,192,0,0,0,0
-16,-35,192,0,0,0,0
-16,11,318,0,0,0,0
-16,12,318,0,0,0,0
-16,13,660,0,0,0,0
-16,14,342,0,0,0,0
-16,15,786,0,0,0,0
-16,16,448,0,0,0,0
-16,17,890,0,0,0,0
-16,18,438,0,0,0,0
-16,19,880,0,0,0,0
-16,20,438,0,0,0,0
-16,21,755,0,0,0,0
-16,22,326,0,0,0,0
-16,23,660,0,0,0,0
-16,24,342,0,0,0,0
-16,25,646,0,0,0,0
-16,26,322,0,0,0,0
-16,27,524,77,0,14.69,0
-16,28,474,4,0,0.8439,0
-16,29,1800,0,0,0,0
-16,30,2576,1,0,0.03882,0
-16,31,2817,0,0,0,0
-16,32,2794,0,0,0,0
-16,33,3176,1,0,0.03149,0
-16,34,2504,6,0,0.2396,0
-16,35,3562,13,0,0.365,0
-16,36,2220,2,0,0.09009,0
-16,37,4024,2,0,0.0497,0
-16,38,2048,1,0,0.04883,0
-16,39,4334,1,0,0.02307,0
-16,40,2318,2,0,0.08628,0
-16,41,4583,6,0,0.1309,0
-16,42,1934,0,0,0,0
-16,43,1428,0,0,0,0
-16,44,896,1,0,0.1116,0
-16,45,1869,0,0,0,0
-16,46,1722,0,0,0,0
-16,47,3412,1,0,0.02931,0
-16,48,1732,1,0,0.05774,0
-16,49,4532,0,0,0,0
-16,50,2854,3,0,0.1051,0
-16,51,5768,8,0,0.1387,0
-16,52,4896,3,0,0.06127,0
-16,53,7276,4,0,0.05498,0
-16,54,6117,2,0,0.0327,0
-16,55,5831,3,0,0.05145,0
-16,56,5176,4,0,0.07728,0
-16,57,2352,0,0,0,0
-16,58,3194,2,0,0.06262,0
-16,59,36,0,0,0,0
-16,60,42,0,0,0,0
-16,61,18,0,0,0,0
-16,65,12,0,0,0,0
-16,66,10,0,0,0,0
-16,67,16,0,0,0,0
-16,68,30,0,0,0,0
-16,69,12,0,0,0,0
-16,70,12,0,0,0,0
-16,71,8,0,0,0,0
-16,73,4,0,0,0,0
-16,74,14,0,0,0,0
-16,75,14,0,0,0,0
-16,76,34,0,0,0,0
-16,77,32,0,0,0,0
-16,78,12,0,0,0,0
-16,79,12,0,0,0,0
-16,84,12,0,0,0,0
-16,85,14,0,0,0,0
-16,86,30,0,0,0,0
-16,87,24,0,0,0,0
-16,88,22,0,0,0,0
-16,89,10,0,0,0,0
-16,93,2,0,0,0,0
-16,94,10,0,0,0,0
-16,95,10,0,0,0,0
-16,96,10,0,0,0,0
-16,97,22,0,0,0,0
-16,100,12,0,0,0,0
-16,101,30,0,0,0,0
-16,102,18,0,0,0,0
-16,103,40,0,0,0,0
-16,104,22,0,0,0,0
-16,105,10,0,0,0,0
-16,106,16,0,0,0,0
-16,107,14,0,0,0,0
-16,108,16,0,0,0,0
-16,109,24,0,0,0,0
-16,110,26,0,0,0,0
-16,111,10,0,0,0,0
-16,112,12,0,0,0,0
-16,117,10,0,0,0,0
-16,118,20,0,0,0,0
-16,119,28,0,0,0,0
-16,120,32,0,0,0,0
-16,121,1762,0,0,0,0
-16,122,1774,0,0,0,0
-16,123,2858,3,1,0.105,3.499
-16,124,2258,3,0,0.1329,0
-16,125,2528,4,0,0.1582,0
-16,126,2554,2,0,0.07831,0
-16,127,2002,3,0,0.1499,0
-16,128,2860,1,0,0.03497,0
-16,129,1998,0,0,0,0
-16,130,2884,0,0,0,0
-16,131,2304,0,0,0,0
-16,132,2534,0,0,0,0
-16,133,2524,0,0,0,0
-16,134,1966,0,0,0,0
-16,135,3110,2,0,0.06431,0
-16,136,1754,2,0,0.114,0
-16,137,2910,6,0,0.2062,0
-16,138,2144,1,0,0.04664,0
-16,139,2344,1,0,0.04266,0
-16,140,2550,5,0,0.1961,0
-16,141,2034,2,0,0.09833,0
-16,142,2932,1,0,0.03411,0
-16,143,1482,0,0,0,0
-16,144,3170,2,0,0.06309,0
-16,145,1696,0,0,0,0
-16,146,3072,6,0,0.1953,0
-16,147,1162,0,0,0,0
-16,148,700,1,0,0.1429,0
-16,149,12,0,0,0,0
-16,152,32,0,0,0,0
-16,153,62,2,0,3.226,0
-16,154,38,0,0,0,0
-16,155,34,0,0,0,0
-16,165,1704,0,0,0,0
-16,166,1706,0,0,0,0
-16,167,4248,0,0,0,0
-16,168,2448,0,0,0,0
-16,169,2000,3,0,0.15,0
-16,177,520,0,0,0,0
-16,178,258,0,0,0,0
-16,179,1118,2,0,0.1789,0
-15,-175,1240,1,0,0.08065,0
-15,-174,4928,0,0,0,0
-15,-173,3558,2,0,0.05621,0
-15,-172,2264,0,0,0,0
-15,-171,1390,0,0,0,0
-15,-150,30,0,0,0,0
-15,-149,30,0,0,0,0
-15,-148,54,0,0,0,0
-15,-147,24,0,0,0,0
-15,-146,24,0,0,0,0
-15,-142,96,0,0,0,0
-15,-141,288,0,0,0,0
-15,-140,220,0,0,0,0
-15,-139,324,0,0,0,0
-15,-138,224,0,0,0,0
-15,-137,288,0,0,0,0
-15,-136,184,0,0,0,0
-15,-78,2926,2,0,0.06835,0
-15,-77,3252,1,0,0.03075,0
-15,-76,6590,96,0,1.457,0
-15,-75,3120,1,0,0.03205,0
-15,-74,5860,18,0,0.3072,0
-15,-73,4828,2,0,0.04143,0
-15,-72,6218,188,0,3.023,0
-15,-71,5216,40,0,0.7669,0
-15,-70,4438,9,0,0.2028,0
-15,-69,1136,2,0,0.1761,0
-15,-68,1304,0,0,0,0
-15,-67,878,0,0,0,0
-15,-66,1830,0,0,0,0
-15,-65,1838,0,0,0,0
-15,-64,2246,3,0,0.1336,0
-15,-63,2008,0,0,0,0
-15,-62,1920,0,0,0,0
-15,-61,3146,0,0,0,0
-15,-60,2018,1,0,0.04955,0
-15,-59,3124,3,0,0.09603,0
-15,-58,1978,8,0,0.4044,0
-15,-57,2570,1,0,0.03891,0
-15,-56,2614,2,0,0.07651,0
-15,-55,998,0,0,0,0
-15,-54,1288,2,0,0.1553,0
-15,-53,1638,0,0,0,0
-15,-52,2944,1,0,0.03397,0
-15,-51,2252,0,0,0,0
-15,-50,2576,5,0,0.1941,0
-15,-49,2566,20,0,0.7794,0
-15,-48,2032,2,0,0.09843,0
-15,-47,3188,3,0,0.0941,0
-15,-46,1858,1,0,0.05382,0
-15,-45,3666,3,0,0.08183,0
-15,-44,1858,3,0,0.1615,0
-15,-43,3560,9,0,0.2528,0
-15,-42,1704,2,0,0.1174,0
-15,-41,3390,39,0,1.15,0
-15,-40,1686,0,0,0,0
-15,-39,3426,2,0,0.05838,0
-15,-38,1740,0,0,0,0
-15,-37,1932,2,0,0.1035,0
-15,-36,192,0,0,0,0
-15,-35,192,0,0,0,0
-15,11,320,0,0,0,0
-15,12,628,0,0,0,0
-15,13,358,0,0,0,0
-15,14,464,0,0,0,0
-15,15,664,0,0,0,0
-15,16,596,0,0,0,0
-15,17,732,0,0,0,0
-15,18,460,0,0,0,0
-15,19,862,0,0,0,0
-15,20,438,0,0,0,0
-15,21,754,0,0,0,0
-15,22,318,4,0,1.258,0
-15,23,654,0,0,0,0
-15,24,336,0,0,0,0
-15,25,642,0,0,0,0
-15,26,306,0,0,0,0
-15,27,654,0,0,0,0
-15,28,348,0,0,0,0
-15,29,2030,0,0,0,0
-15,30,1680,2,0,0.119,0
-15,31,3724,0,0,0,0
-15,32,2045,0,0,0,0
-15,33,3940,2,0,0.05076,0
-15,34,2090,2,0,0.09569,0
-15,35,3956,0,0,0,0
-15,36,2182,0,0,0,0
-15,37,4152,1,0,0.02408,0
-15,38,2254,2,0,0.08873,0
-15,39,4086,3,0,0.07342,0
-15,40,2540,2,0,0.07874,0
-15,41,2306,6,0,0.2602,0
-15,42,422,0,0,0,0
-15,43,670,0,0,0,0
-15,44,2516,1,0,0.03975,0
-15,45,2330,1,0,0.04292,0
-15,46,2832,0,0,0,0
-15,47,2276,0,0,0,0
-15,48,2844,1,0,0.03516,0
-15,49,1922,3,0,0.1561,0
-15,50,3626,5,0,0.1379,0
-15,51,4738,4,1,0.08442,2.111
-15,52,4630,2,0,0.0432,0
-15,53,6288,3,0,0.04771,0
-15,54,6532,1,0,0.01531,0
-15,55,5977,5,0,0.08365,0
-15,56,4664,3,0,0.06432,0
-15,57,3582,3,0,0.08375,0
-15,58,1530,2,0,0.1307,0
-15,59,36,0,0,0,0
-15,60,36,0,0,0,0
-15,61,30,0,0,0,0
-15,65,10,0,0,0,0
-15,66,12,0,0,0,0
-15,67,16,0,0,0,0
-15,68,20,0,0,0,0
-15,69,2,0,0,0,0
-15,70,10,0,0,0,0
-15,73,10,0,0,0,0
-15,74,12,0,0,0,0
-15,75,12,0,0,0,0
-15,76,30,0,0,0,0
-15,77,20,0,0,0,0
-15,78,16,0,0,0,0
-15,79,10,0,0,0,0
-15,84,10,0,0,0,0
-15,85,12,0,0,0,0
-15,86,24,0,0,0,0
-15,87,26,0,0,0,0
-15,88,16,0,0,0,0
-15,89,14,0,0,0,0
-15,90,6,0,0,0,0
-15,94,10,0,0,0,0
-15,95,8,0,0,0,0
-15,96,26,0,0,0,0
-15,97,10,0,0,0,0
-15,100,12,0,0,0,0
-15,101,30,0,0,0,0
-15,102,32,0,0,0,0
-15,103,44,0,0,0,0
-15,104,28,0,0,0,0
-15,105,12,0,0,0,0
-15,106,18,0,0,0,0
-15,107,10,0,0,0,0
-15,108,22,0,0,0,0
-15,109,34,0,0,0,0
-15,110,10,0,0,0,0
-15,111,22,0,0,0,0
-15,116,2,0,0,0,0
-15,117,14,0,0,0,0
-15,118,14,0,0,0,0
-15,119,34,0,0,0,0
-15,120,32,0,0,0,0
-15,121,34,0,0,0,0
-15,122,2760,1,0,0.03623,0
-15,123,2170,3,0,0.1382,0
-15,124,2256,6,0,0.266,0
-15,125,2810,0,0,0,0
-15,126,1973,0,0,0,0
-15,127,2856,6,0,0.2101,0
-15,128,2002,0,0,0,0
-15,129,2592,0,0,0,0
-15,130,2584,1,0,0.0387,0
-15,131,2304,0,0,0,0
-15,132,2838,1,0,0.03524,0
-15,133,1683,0,0,0,0
-15,134,3372,1,0,0.02966,0
-15,135,1692,0,0,0,0
-15,136,5086,5,0,0.09831,0
-15,137,3388,4,0,0.1181,0
-15,138,4398,4,1,0.09095,2.274
-15,139,1578,1,0,0.06337,0
-15,140,3312,3,1,0.09058,3.019
-15,141,1750,3,0,0.1714,0
-15,142,3222,4,0,0.1241,0
-15,143,1480,0,0,0,0
-15,144,3168,5,2,0.1578,6.313
-15,145,1696,2,0,0.1179,0
-15,146,1730,0,0,0,0
-15,147,18,0,0,0,0
-15,148,6,0,0,0,0
-15,149,2,0,0,0,0
-15,152,14,0,0,0,0
-15,153,26,0,0,0,0
-15,154,36,0,0,0,0
-15,155,30,0,0,0,0
-15,165,838,0,0,0,0
-15,166,1406,0,0,0,0
-15,167,4004,0,0,0,0
-15,168,2428,0,0,0,0
-15,169,2200,0,0,0,0
-15,170,4,0,0,0,0
-15,171,2,0,0,0,0
-14,-175,854,0,0,0,0
-14,-174,3736,2,0,0.05353,0
-14,-173,4414,0,0,0,0
-14,-172,2271,0,0,0,0
-14,-171,1980,0,0,0,0
-14,-150,24,0,0,0,0
-14,-149,20,0,0,0,0
-14,-148,30,0,0,0,0
-14,-147,18,0,0,0,0
-14,-146,24,0,0,0,0
-14,-144,12,0,0,0,0
-14,-142,192,0,0,0,0
-14,-141,192,0,0,0,0
-14,-140,368,0,0,0,0
-14,-139,180,0,0,0,0
-14,-138,348,0,0,0,0
-14,-137,224,0,0,0,0
-14,-136,192,0,0,0,0
-14,-78,3456,2,0,0.05787,0
-14,-77,3452,46,0,1.333,0
-14,-76,6570,26,0,0.3957,0
-14,-75,3214,57,0,1.773,0
-14,-74,6814,186,0,2.73,0
-14,-73,4282,7,0,0.1635,0
-14,-72,6652,100,0,1.503,0
-14,-71,4708,1,0,0.02124,0
-14,-70,4300,0,0,0,0
-14,-69,1198,1,0,0.08347,0
-14,-68,1322,0,0,0,0
-14,-67,818,0,0,0,0
-14,-66,776,0,0,0,0
-14,-65,2200,0,0,0,0
-14,-64,2376,0,0,0,0
-14,-63,2596,0,0,0,0
-14,-62,3084,1,0,0.03243,0
-14,-61,1922,0,0,0,0
-14,-60,2936,0,0,0,0
-14,-59,2184,3,0,0.1374,0
-14,-58,2430,10,0,0.4115,0
-14,-57,2550,5,0,0.1961,0
-14,-56,2289,6,0,0.2621,0
-14,-55,1923,1,0,0.052,0
-14,-54,758,1,0,0.1319,0
-14,-53,2376,0,0,0,0
-14,-52,1620,0,0,0,0
-14,-51,3344,0,0,0,0
-14,-50,1722,7,0,0.4065,0
-14,-49,3694,5,0,0.1354,0
-14,-48,1698,0,0,0,0
-14,-47,3448,65,0,1.885,0
-14,-46,1750,0,0,0,0
-14,-45,3318,7,0,0.211,0
-14,-44,1626,0,0,0,0
-14,-43,3330,4,0,0.1201,0
-14,-42,1704,0,0,0,0
-14,-41,3334,1,0,0.02999,0
-14,-40,1742,9,0,0.5166,0
-14,-39,3128,12,0,0.3836,0
-14,-38,2054,1,0,0.04869,0
-14,-37,1836,7,0,0.3813,0
-14,-36,288,0,0,0,0
-14,-35,192,2,0,1.042,0
-14,10,66,0,0,0,0
-14,11,560,0,0,0,0
-14,12,376,0,0,0,0
-14,13,536,0,0,0,0
-14,14,456,0,0,0,0
-14,15,708,0,0,0,0
-14,16,624,0,0,0,0
-14,17,582,0,0,0,0
-14,18,728,0,0,0,0
-14,19,448,0,0,0,0
-14,20,766,0,0,0,0
-14,21,422,0,0,0,0
-14,22,530,0,0,0,0
-14,23,442,0,0,0,0
-14,24,456,0,0,0,0
-14,25,522,0,0,0,0
-14,26,396,0,0,0,0
-14,27,1914,0,0,0,0
-14,28,1714,4,0,0.2334,0
-14,29,3662,1,1,0.02731,2.731
-14,30,1680,0,0,0,0
-14,31,3725,0,0,0,0
-14,32,2045,0,0,0,0
-14,33,4020,18,0,0.4478,0
-14,34,2010,0,0,0,0
-14,35,3480,2,0,0.05747,0
-14,36,2650,1,0,0.03774,0
-14,37,2974,4,0,0.1345,0
-14,38,3190,0,0,0,0
-14,39,2416,1,0,0.04139,0
-14,40,4022,8,2,0.1989,4.973
-14,41,2686,2,0,0.07446,0
-14,42,512,0,0,0,0
-14,43,2254,0,0,0,0
-14,44,4464,2,0,0.0448,0
-14,45,4296,7,0,0.1629,0
-14,46,2258,0,0,0,0
-14,47,2566,0,0,0,0
-14,48,1950,3,0,0.1538,0
-14,49,2838,1,0,0.03524,0
-14,50,1598,3,0,0.1877,0
-14,51,992,2,0,0.2016,0
-14,52,5008,0,0,0,0
-14,53,5314,2,0,0.03764,0
-14,54,6010,10,0,0.1664,0
-14,55,6212,10,3,0.161,4.829
-14,56,5508,3,0,0.05447,0
-14,57,2466,0,0,0,0
-14,58,1798,0,0,0,0
-14,59,46,0,0,0,0
-14,60,30,0,0,0,0
-14,61,34,0,0,0,0
-14,65,10,0,0,0,0
-14,66,12,0,0,0,0
-14,67,18,0,0,0,0
-14,68,10,0,0,0,0
-14,73,12,0,0,0,0
-14,74,10,0,0,0,0
-14,75,14,0,0,0,0
-14,76,28,0,0,0,0
-14,77,10,0,0,0,0
-14,78,16,0,0,0,0
-14,79,16,0,0,0,0
-14,80,2,0,0,0,0
-14,84,2,0,0,0,0
-14,85,18,0,0,0,0
-14,86,12,0,0,0,0
-14,87,34,0,0,0,0
-14,88,22,0,0,0,0
-14,89,10,0,0,0,0
-14,90,10,0,0,0,0
-14,94,10,0,0,0,0
-14,95,20,0,0,0,0
-14,96,6,0,0,0,0
-14,97,10,0,0,0,0
-14,100,10,0,0,0,0
-14,101,24,0,0,0,0
-14,102,34,0,0,0,0
-14,103,36,0,0,0,0
-14,104,28,0,0,0,0
-14,105,14,0,0,0,0
-14,106,10,0,0,0,0
-14,108,6,0,0,0,0
-14,109,14,0,0,0,0
-14,110,16,0,0,0,0
-14,111,16,0,0,0,0
-14,116,12,0,0,0,0
-14,117,10,0,0,0,0
-14,118,12,0,0,0,0
-14,119,24,0,0,0,0
-14,120,38,0,0,0,0
-14,121,22,0,0,0,0
-14,122,1640,0,0,0,0
-14,123,2176,2,0,0.09191,0
-14,124,2766,2,0,0.07231,0
-14,125,1958,2,0,0.1021,0
-14,126,3114,3,0,0.09634,0
-14,127,1712,0,0,0,0
-14,128,3424,5,0,0.146,0
-14,129,1724,1,0,0.058,0
-14,130,3454,2,0,0.0579,0
-14,131,1736,1,0,0.0576,0
-14,132,3402,2,0,0.05879,0
-14,133,1676,1,0,0.05967,0
-14,134,3370,2,1,0.05935,2.967
-14,135,1692,1,0,0.0591,0
-14,136,5088,3,0,0.05896,0
-14,137,3406,1,0,0.02936,0
-14,138,4956,4,0,0.08071,0
-14,139,1578,2,0,0.1267,0
-14,140,3294,2,0,0.06072,0
-14,141,1740,1,0,0.05747,0
-14,142,2730,2,0,0.07326,0
-14,143,1952,2,0,0.1025,0
-14,144,2316,7,0,0.3022,0
-14,145,2428,1,0,0.04119,0
-14,146,1600,0,0,0,0
-14,152,6,0,0,0,0
-14,153,16,0,0,0,0
-14,154,10,0,0,0,0
-14,155,14,0,0,0,0
-14,156,8,0,0,0,0
-14,167,2348,5,0,0.2129,0
-14,168,3122,0,0,0,0
-14,169,1186,0,0,0,0
-14,170,16,0,0,0,0
-14,171,8,0,0,0,0
-13,-175,2,0,0,0,0
-13,-174,260,0,0,0,0
-13,-173,36,0,0,0,0
-13,-172,286,0,0,0,0
-13,-171,568,0,0,0,0
-13,-144,170,0,0,0,0
-13,-143,216,0,0,0,0
-13,-142,308,0,0,0,0
-13,-141,192,0,0,0,0
-13,-140,360,0,0,0,0
-13,-139,168,0,0,0,0
-13,-138,360,0,0,0,0
-13,-137,192,0,0,0,0
-13,-136,192,0,0,0,0
-13,-80,16,0,0,0,0
-13,-79,2146,1,0,0.0466,0
-13,-78,3950,102,13,2.582,32.91
-13,-77,6472,164,0,2.534,0
-13,-76,3778,26,0,0.6882,0
-13,-75,4836,33,0,0.6824,0
-13,-74,5324,19,0,0.3569,0
-13,-73,4642,15,0,0.3231,0
-13,-72,6614,0,0,0,0
-13,-71,3168,0,0,0,0
-13,-70,3188,0,0,0,0
-13,-69,1012,0,0,0,0
-13,-68,1278,0,0,0,0
-13,-67,834,0,0,0,0
-13,-66,1034,0,0,0,0
-13,-65,2222,2,0,0.09001,0
-13,-64,2272,1,0,0.04401,0
-13,-63,3282,16,0,0.4875,0
-13,-62,1866,0,0,0,0
-13,-61,3424,2,0,0.05841,0
-13,-60,1765,0,0,0,0
-13,-59,3376,0,0,0,0
-13,-58,1626,19,0,1.169,0
-13,-57,3353,125,0,3.728,0
-13,-56,1728,7,0,0.4051,0
-13,-55,2482,4,0,0.1612,0
-13,-54,754,0,0,0,0
-13,-53,2380,18,0,0.7563,0
-13,-52,1620,0,0,0,0
-13,-51,3350,1,0,0.02985,0
-13,-50,1722,3,0,0.1742,0
-13,-49,3194,4,0,0.1252,0
-13,-48,1924,0,0,0,0
-13,-47,2826,3,0,0.1062,0
-13,-46,2256,2,0,0.08865,0
-13,-45,2234,2,0,0.08953,0
-13,-44,2710,0,0,0,0
-13,-43,2118,3,0,0.1416,0
-13,-42,2916,0,0,0,0
-13,-41,1704,0,0,0,0
-13,-40,3180,47,0,1.478,0
-13,-39,1878,19,0,1.012,0
-13,-38,2630,0,0,0,0
-13,-37,2590,2,0,0.07722,0
-13,-36,258,0,0,0,0
-13,-35,1082,1,0,0.09242,0
-13,10,198,0,0,0,0
-13,11,242,0,0,0,0
-13,12,584,0,0,0,0
-13,13,342,2,0,0.5848,0
-13,14,688,0,0,0,0
-13,15,562,0,0,0,0
-13,16,630,0,0,0,0
-13,17,690,0,0,0,0
-13,18,518,0,0,0,0
-13,19,796,0,0,0,0
-13,20,438,0,0,0,0
-13,21,540,0,0,0,0
-13,22,414,0,0,0,0
-13,23,818,0,0,0,0
-13,24,1214,0,0,0,0
-13,25,1484,0,0,0,0
-13,26,2106,0,0,0,0
-13,27,2262,3,0,0.1326,0
-13,28,3360,1,0,0.02976,0
-13,29,2580,2,0,0.07752,0
-13,30,2912,0,0,0,0
-13,31,1874,0,0,0,0
-13,32,3886,1,0,0.02573,0
-13,33,2266,1,0,0.04413,0
-13,34,3208,2,0,0.06234,0
-13,35,3602,0,0,0,0
-13,36,3980,1,0,0.02513,0
-13,37,3486,1,0,0.02869,0
-13,38,2338,2,0,0.08554,0
-13,39,4184,4,0,0.0956,0
-13,40,2744,0,0,0,0
-13,41,3678,4,0,0.1088,0
-13,42,980,1,0,0.102,0
-13,43,1668,0,0,0,0
-13,44,3758,1,0,0.02661,0
-13,45,4165,54,0,1.297,0
-13,46,1976,2,0,0.1012,0
-13,47,546,0,0,0,0
-13,48,1722,1,0,0.05807,0
-13,49,1694,0,0,0,0
-13,50,1696,2,0,0.1179,0
-13,51,26,0,0,0,0
-13,52,1930,1,0,0.05181,0
-13,53,2124,0,0,0,0
-13,54,1498,0,0,0,0
-13,55,1104,2,0,0.1812,0
-13,56,1064,1,0,0.09398,0
-13,57,1374,0,0,0,0
-13,58,630,0,0,0,0
-13,59,46,0,0,0,0
-13,60,34,0,0,0,0
-13,61,16,0,0,0,0
-13,64,6,0,0,0,0
-13,65,18,0,0,0,0
-13,66,22,0,0,0,0
-13,67,10,0,0,0,0
-13,68,10,0,0,0,0
-13,73,10,0,0,0,0
-13,74,16,0,0,0,0
-13,75,20,0,0,0,0
-13,76,12,0,0,0,0
-13,77,22,0,0,0,0
-13,78,10,0,0,0,0
-13,79,10,0,0,0,0
-13,80,12,0,0,0,0
-13,85,18,0,0,0,0
-13,86,16,0,0,0,0
-13,87,26,0,0,0,0
-13,88,28,0,0,0,0
-13,89,12,0,0,0,0
-13,90,8,0,0,0,0
-13,93,8,0,0,0,0
-13,94,16,0,0,0,0
-13,95,12,0,0,0,0
-13,96,16,0,0,0,0
-13,97,6,0,0,0,0
-13,100,14,0,0,0,0
-13,101,30,0,0,0,0
-13,102,18,0,0,0,0
-13,103,34,0,0,0,0
-13,104,12,0,0,0,0
-13,105,20,0,0,0,0
-13,106,14,0,0,0,0
-13,111,4,0,0,0,0
-13,116,4,0,0,0,0
-13,117,8,0,0,0,0
-13,118,14,0,0,0,0
-13,119,18,0,0,0,0
-13,120,596,1,0,0.1678,0
-13,121,588,1,0,0.1701,0
-13,122,2486,1,0,0.04023,0
-13,123,1630,3,0,0.184,0
-13,124,3342,4,0,0.1197,0
-13,125,1694,0,0,0,0
-13,126,3402,2,0,0.05879,0
-13,127,1710,2,0,0.117,0
-13,128,3432,5,0,0.1457,0
-13,129,1752,1,1,0.05708,5.708
-13,130,3452,11,2,0.3187,5.794
-13,131,1738,1,1,0.05754,5.754
-13,132,3140,6,0,0.1911,0
-13,133,1960,2,0,0.102,0
-13,134,2814,1,0,0.03554,0
-13,135,2256,0,0,0,0
-13,136,4468,1,0,0.02238,0
-13,137,5662,1,0,0.01766,0
-13,138,2014,8,0,0.3972,0
-13,139,2852,1,0,0.03506,0
-13,140,1576,1,0,0.06345,0
-13,141,3110,8,0,0.2572,0
-13,142,3188,5,0,0.1568,0
-13,143,3562,4,0,0.1123,0
-13,144,2484,8,0,0.3221,0
-13,145,2134,0,0,0,0
-13,146,2658,3,0,0.1129,0
-13,151,264,0,0,0,0
-13,152,1122,0,0,0,0
-13,153,1122,0,0,0,0
-13,154,552,0,0,0,0
-13,155,6,0,0,0,0
-13,156,4,0,0,0,0
-13,167,2731,7,0,0.2563,0
-13,168,2622,0,0,0,0
-13,169,18,0,0,0,0
-13,170,18,0,0,0,0
-12,-174,8,0,0,0,0
-12,-173,6,0,0,0,0
-12,-172,4,0,0,0,0
-12,-171,4,0,0,0,0
-12,-144,238,0,0,0,0
-12,-143,374,0,0,0,0
-12,-142,202,0,0,0,0
-12,-141,374,0,0,0,0
-12,-140,730,0,0,0,0
-12,-139,772,0,0,0,0
-12,-138,228,0,0,0,0
-12,-137,242,0,0,0,0
-12,-136,128,0,0,0,0
-12,-99,4,0,0,0,0
-12,-98,8,0,0,0,0
-12,-97,10,0,0,0,0
-12,-81,520,0,0,0,0
-12,-80,1052,0,0,0,0
-12,-79,2706,2,0,0.07391,0
-12,-78,6168,223,2,3.615,3.243
-12,-77,4284,175,64,4.085,149.4
-12,-76,5602,131,0,2.338,0
-12,-75,5224,66,0,1.263,0
-12,-74,4604,5,0,0.1086,0
-12,-73,6148,4,0,0.06506,0
-12,-72,4422,0,0,0,0
-12,-71,6332,6,0,0.09476,0
-12,-70,2978,2,0,0.06716,0
-12,-69,3302,4,0,0.1211,0
-12,-68,1522,0,0,0,0
-12,-67,2274,1,0,0.04398,0
-12,-66,836,0,0,0,0
-12,-65,2398,3,0,0.1251,0
-12,-64,1858,0,0,0,0
-12,-63,3379,21,0,0.6215,0
-12,-62,1686,1,0,0.05931,0
-12,-61,3452,0,0,0,0
-12,-60,1768,2,0,0.1131,0
-12,-59,3394,0,0,0,0
-12,-58,1626,4,0,0.246,0
-12,-57,3340,123,0,3.683,0
-12,-56,1742,4,0,0.2296,0
-12,-55,2260,0,0,0,0
-12,-54,1160,0,0,0,0
-12,-53,1670,0,0,0,0
-12,-52,2434,0,0,0,0
-12,-51,1924,0,0,0,0
-12,-50,3388,0,0,0,0
-12,-49,1732,0,0,0,0
-12,-48,3122,2,0,0.06406,0
-12,-47,1972,1,0,0.05071,0
-12,-46,2530,3,0,0.1186,0
-12,-45,2546,0,0,0,0
-12,-44,2230,2,0,0.08969,0
-12,-43,2850,11,0,0.386,0
-12,-42,1704,0,0,0,0
-12,-41,3282,1,0,0.03047,0
-12,-40,1811,1,0,0.05522,0
-12,-39,2808,9,0,0.3205,0
-12,-38,2362,6,0,0.254,0
-12,-37,2320,0,0,0,0
-12,-36,2854,2,0,0.07008,0
-12,-35,1822,9,0,0.494,0
-12,-34,1368,5,1,0.3655,7.31
-12,9,4,0,0,0,0
-12,10,270,1,0,0.3704,0
-12,11,502,1,0,0.1992,0
-12,12,408,0,0,0,0
-12,13,342,0,0,0,0
-12,14,846,0,0,0,0
-12,15,444,0,0,0,0
-12,16,892,0,0,0,0
-12,17,438,0,0,0,0
-12,18,876,0,0,0,0
-12,19,438,0,0,0,0
-12,20,756,0,0,0,0
-12,21,318,0,0,0,0
-12,22,702,0,0,0,0
-12,23,568,0,0,0,0
-12,24,3662,1,0,0.02731,0
-12,25,2392,1,0,0.04181,0
-12,26,2856,44,0,1.541,0
-12,27,2943,0,0,0,0
-12,28,2562,0,0,0,0
-12,29,3454,3,0,0.08686,0
-12,30,2092,0,0,0,0
-12,31,3138,0,0,0,0
-12,32,2404,0,0,0,0
-12,33,3324,0,0,0,0
-12,34,3030,1,0,0.033,0
-12,35,5510,0,0,0,0
-12,36,6643,0,0,0,0
-12,37,4447,1,1,0.02249,2.249
-12,38,6889,1,0,0.01452,0
-12,39,3796,2,0,0.05269,0
-12,40,5640,6,0,0.1064,0
-12,41,1336,0,0,0,0
-12,42,1010,0,0,0,0
-12,43,746,2,1,0.2681,13.4
-12,44,2544,0,0,0,0
-12,45,2078,2,0,0.09625,0
-12,46,1746,0,0,0,0
-12,48,780,1,0,0.1282,0
-12,49,538,1,0,0.1859,0
-12,50,8,0,0,0,0
-12,51,16,0,0,0,0
-12,52,18,0,0,0,0
-12,53,12,0,0,0,0
-12,58,16,0,0,0,0
-12,59,12,0,0,0,0
-12,60,16,0,0,0,0
-12,61,4,0,0,0,0
-12,62,6,0,0,0,0
-12,63,18,0,0,0,0
-12,64,12,0,0,0,0
-12,65,20,0,0,0,0
-12,66,10,0,0,0,0
-12,67,12,0,0,0,0
-12,68,6,0,0,0,0
-12,73,12,0,0,0,0
-12,74,18,0,0,0,0
-12,75,10,0,0,0,0
-12,76,10,0,0,0,0
-12,77,16,0,0,0,0
-12,78,14,0,0,0,0
-12,79,8,0,0,0,0
-12,80,4,0,0,0,0
-12,85,10,0,0,0,0
-12,86,18,0,0,0,0
-12,87,20,0,0,0,0
-12,88,16,0,0,0,0
-12,93,10,0,0,0,0
-12,94,10,0,0,0,0
-12,95,10,0,0,0,0
-12,96,20,0,0,0,0
-12,100,2,0,0,0,0
-12,101,4,0,0,0,0
-12,102,14,0,0,0,0
-12,103,4,0,0,0,0
-12,104,20,0,0,0,0
-12,105,10,0,0,0,0
-12,106,10,0,0,0,0
-12,107,12,0,0,0,0
-12,118,560,3,0,0.5357,0
-12,119,1066,1,0,0.09381,0
-12,120,2866,3,0,0.1047,0
-12,121,3166,5,0,0.1579,0
-12,122,4866,2,0,0.0411,0
-12,123,2728,2,0,0.07331,0
-12,124,3150,0,0,0,0
-12,125,1958,0,0,0,0
-12,126,3076,3,0,0.09753,0
-12,127,2280,2,0,0.08772,0
-12,128,2300,4,0,0.1739,0
-12,129,2856,0,0,0,0
-12,130,2012,2,0,0.0994,0
-12,131,3470,5,0,0.1441,0
-12,132,1738,1,0,0.05754,0
-12,133,2820,0,0,0,0
-12,134,2254,1,0,0.04437,0
-12,135,2810,1,0,0.03559,0
-12,136,5574,5,0,0.0897,0
-12,137,3696,1,0,0.02706,0
-12,138,3182,6,0,0.1886,0
-12,139,1566,2,0,0.1277,0
-12,140,2812,5,0,0.1778,0
-12,141,2240,2,0,0.08929,0
-12,142,4932,14,0,0.2839,0
-12,143,4840,7,0,0.1446,0
-12,144,1728,9,0,0.5208,0
-12,145,3056,3,0,0.09817,0
-12,146,1592,2,0,0.1256,0
-12,147,2118,2,0,0.09443,0
-12,148,1346,4,0,0.2972,0
-12,149,2984,6,1,0.2011,3.351
-12,150,1938,0,0,0,0
-12,151,1398,3,0,0.2146,0
-12,152,1686,0,0,0,0
-12,153,1692,0,0,0,0
-12,154,1702,1,0,0.05875,0
-12,155,10,0,0,0,0
-12,156,10,0,0,0,0
-12,160,220,0,0,0,0
-12,161,118,0,0,0,0
-12,162,102,0,0,0,0
-12,166,1362,5,1,0.3671,7.342
-12,167,1934,3,0,0.1551,0
-12,168,1656,5,0,0.3019,0
-12,169,18,0,0,0,0
-12,170,12,0,0,0,0
-11,-145,34,0,0,0,0
-11,-144,374,0,0,0,0
-11,-143,444,0,0,0,0
-11,-142,880,0,0,0,0
-11,-141,230,0,0,0,0
-11,-140,2820,0,0,0,0
-11,-139,2256,0,0,0,0
-11,-138,18,0,0,0,0
-11,-137,32,0,0,0,0
-11,-100,58,0,0,0,0
-11,-99,98,0,0,0,0
-11,-98,140,0,0,0,0
-11,-97,58,0,0,0,0
-11,-94,50,0,0,0,0
-11,-93,124,0,0,0,0
-11,-92,72,0,0,0,0
-11,-91,24,0,0,0,0
-11,-81,1640,0,0,0,0
-11,-80,1646,0,0,0,0
-11,-79,5132,10,0,0.1949,0
-11,-78,3568,52,0,1.457,0
-11,-77,6446,12,0,0.1862,0
-11,-76,4456,4,0,0.08977,0
-11,-75,6538,9,0,0.1377,0
-11,-74,4528,6,0,0.1325,0
-11,-73,5990,1,0,0.01669,0
-11,-72,5200,0,0,0,0
-11,-71,5956,0,0,0,0
-11,-70,2398,5,0,0.2085,0
-11,-69,4058,3,0,0.07393,0
-11,-68,2274,12,0,0.5277,0
-11,-67,3122,1,0,0.03203,0
-11,-66,1192,2,0,0.1678,0
-11,-65,2826,4,0,0.1415,0
-11,-64,2030,56,0,2.759,0
-11,-63,2766,12,0,0.4338,0
-11,-62,2286,2,0,0.08749,0
-11,-61,2440,0,0,0,0
-11,-60,2792,1,0,0.03582,0
-11,-59,2054,0,0,0,0
-11,-58,3112,0,0,0,0
-11,-57,1710,0,0,0,0
-11,-56,3154,0,0,0,0
-11,-55,2070,1,0,0.04831,0
-11,-54,1430,5,0,0.3497,0
-11,-53,1216,0,0,0,0
-11,-52,2126,1,0,0.04704,0
-11,-51,2856,0,0,0,0
-11,-50,1786,0,0,0,0
-11,-49,3166,7,0,0.2211,0
-11,-48,1992,0,0,0,0
-11,-47,2602,0,0,0,0
-11,-46,2486,1,0,0.04023,0
-11,-45,2258,0,0,0,0
-11,-44,2850,1,0,0.03509,0
-11,-43,1988,0,0,0,0
-11,-42,3160,6,0,0.1899,0
-11,-41,1704,1,0,0.05869,0
-11,-40,3390,21,0,0.6195,0
-11,-39,1686,6,0,0.3559,0
-11,-38,3644,4,0,0.1098,0
-11,-37,1740,0,0,0,0
-11,-36,3438,7,0,0.2036,0
-11,-35,1692,2,0,0.1182,0
-11,-34,1692,5,0,0.2955,0
-11,9,908,1,0,0.1101,0
-11,10,2196,3,1,0.1366,4.554
-11,11,1534,2,0,0.1304,0
-11,12,364,0,0,0,0
-11,13,358,0,0,0,0
-11,14,740,1,0,0.1351,0
-11,15,436,0,0,0,0
-11,16,830,0,0,0,0
-11,17,438,0,0,0,0
-11,18,876,0,0,0,0
-11,19,438,0,0,0,0
-11,20,756,0,0,0,0
-11,21,320,0,0,0,0
-11,22,1392,0,0,0,0
-11,23,2012,0,0,0,0
-11,24,2596,0,0,0,0
-11,25,3130,7,0,0.2236,0
-11,26,2804,0,0,0,0
-11,27,2548,0,0,0,0
-11,28,3470,3,0,0.08646,0
-11,29,2164,0,0,0,0
-11,30,3730,1,0,0.02681,0
-11,31,1890,0,0,0,0
-11,32,3982,1,0,0.02511,0
-11,33,2540,0,0,0,0
-11,34,4906,1,0,0.02038,0
-11,35,4412,0,0,0,0
-11,36,5182,0,0,0,0
-11,37,4635,0,0,0,0
-11,38,3190,0,0,0,0
-11,39,4074,3,0,0.07364,0
-11,40,3126,0,0,0,0
-11,41,334,0,0,0,0
-11,42,538,0,0,0,0
-11,43,118,0,0,0,0
-11,44,1490,3,0,0.2013,0
-11,45,1422,3,1,0.211,7.032
-11,46,718,0,0,0,0
-11,50,10,0,0,0,0
-11,51,12,0,0,0,0
-11,52,18,0,0,0,0
-11,53,14,0,0,0,0
-11,63,22,0,0,0,0
-11,64,10,0,0,0,0
-11,65,10,0,0,0,0
-11,66,10,0,0,0,0
-11,72,8,0,0,0,0
-11,73,14,0,0,0,0
-11,74,12,0,0,0,0
-11,75,14,0,0,0,0
-11,76,6,0,0,0,0
-11,77,2,0,0,0,0
-11,85,12,0,0,0,0
-11,86,10,0,0,0,0
-11,87,18,0,0,0,0
-11,88,12,0,0,0,0
-11,93,10,0,0,0,0
-11,94,10,0,0,0,0
-11,95,22,0,0,0,0
-11,96,14,0,0,0,0
-11,104,18,0,0,0,0
-11,105,12,0,0,0,0
-11,106,8,0,0,0,0
-11,107,4,0,0,0,0
-11,112,354,0,0,0,0
-11,113,742,2,0,0.2695,0
-11,114,746,0,0,0,0
-11,116,550,0,0,0,0
-11,117,1650,4,0,0.2424,0
-11,118,2196,1,0,0.04554,0
-11,119,3814,6,1,0.1573,2.622
-11,120,4742,3,0,0.06326,0
-11,121,4914,7,0,0.1425,0
-11,122,4592,3,0,0.06533,0
-11,123,5584,2,0,0.03582,0
-11,124,3686,0,0,0,0
-11,125,3924,3,0,0.07645,0
-11,126,2260,4,0,0.177,0
-11,127,2540,6,1,0.2362,3.937
-11,128,2558,3,0,0.1173,0
-11,129,2006,0,0,0,0
-11,130,2878,9,0,0.3127,0
-11,131,2016,2,0,0.09921,0
-11,132,2916,6,1,0.2058,3.429
-11,133,2256,5,0,0.2216,0
-11,134,2274,0,0,0,0
-11,135,4456,3,0,0.06732,0
-11,136,3896,4,0,0.1027,0
-11,137,4514,1,0,0.02215,0
-11,138,1744,0,0,0,0
-11,139,4126,6,0,0.1454,0
-11,140,2356,1,0,0.04244,0
-11,141,4290,2,0,0.04662,0
-11,142,4002,4,0,0.09995,0
-11,143,4736,8,0,0.1689,0
-11,144,1470,5,0,0.3401,0
-11,145,3170,6,0,0.1893,0
-11,146,3920,6,0,0.1531,0
-11,147,3872,5,3,0.1291,7.748
-11,148,4448,5,1,0.1124,2.248
-11,149,5778,1,0,0.01731,0
-11,150,4252,0,0,0,0
-11,151,4228,4,0,0.09461,0
-11,152,1958,0,0,0,0
-11,153,3116,1,0,0.03209,0
-11,154,12,0,0,0,0
-11,155,22,0,0,0,0
-11,156,10,0,0,0,0
-11,158,204,0,0,0,0
-11,159,204,0,0,0,0
-11,160,354,0,0,0,0
-11,161,440,0,0,0,0
-11,162,268,1,0,0.3731,0
-11,166,12,0,0,0,0
-11,167,290,0,0,0,0
-11,168,830,2,0,0.241,0
-11,169,12,0,0,0,0
-11,170,12,0,0,0,0
-10,-145,148,0,0,0,0
-10,-144,182,0,0,0,0
-10,-143,1920,1,0,0.05208,0
-10,-142,1716,0,0,0,0
-10,-141,2836,0,0,0,0
-10,-140,2212,0,0,0,0
-10,-139,1930,0,0,0,0
-10,-138,16,0,0,0,0
-10,-137,12,0,0,0,0
-10,-100,50,0,0,0,0
-10,-99,130,0,0,0,0
-10,-98,130,0,0,0,0
-10,-97,70,0,0,0,0
-10,-96,20,0,0,0,0
-10,-95,12,0,0,0,0
-10,-94,60,0,0,0,0
-10,-93,112,0,0,0,0
-10,-92,168,0,0,0,0
-10,-91,50,0,0,0,0
-10,-81,2680,0,0,0,0
-10,-80,2944,0,0,0,0
-10,-79,6882,62,0,0.9009,0
-10,-78,3558,47,0,1.321,0
-10,-77,7202,118,0,1.638,0
-10,-76,3630,1,0,0.02755,0
-10,-75,6840,9,0,0.1316,0
-10,-74,3722,1,0,0.02687,0
-10,-73,7201,3,0,0.04166,0
-10,-72,4086,0,0,0,0
-10,-71,5036,3,0,0.05957,0
-10,-70,3134,0,0,0,0
-10,-69,2888,26,0,0.9003,0
-10,-68,2922,8,0,0.2738,0
-10,-67,2070,3,0,0.1449,0
-10,-66,3260,4,0,0.1227,0
-10,-65,1810,2,0,0.1105,0
-10,-64,2808,8,0,0.2849,0
-10,-63,2216,1,0,0.04513,0
-10,-62,2580,1,0,0.03876,0
-10,-61,2466,0,0,0,0
-10,-60,2154,1,0,0.04643,0
-10,-59,3158,4,0,0.1267,0
-10,-58,1974,3,0,0.152,0
-10,-57,2934,0,0,0,0
-10,-56,2078,3,0,0.1444,0
-10,-55,2960,6,0,0.2027,0
-10,-54,1474,0,0,0,0
-10,-53,1176,0,0,0,0
-10,-52,2328,0,0,0,0
-10,-51,1744,0,0,0,0
-10,-50,3470,1,0,0.02882,0
-10,-49,1734,0,0,0,0
-10,-48,3432,3,0,0.08741,0
-10,-47,1698,3,0,0.1767,0
-10,-46,3390,10,0,0.295,0
-10,-45,1692,3,0,0.1773,0
-10,-44,3414,1,0,0.02929,0
-10,-43,1722,0,0,0,0
-10,-42,3426,13,0,0.3795,0
-10,-41,1704,65,0,3.815,0
-10,-40,3378,0,0,0,0
-10,-39,1674,3,0,0.1792,0
-10,-38,3418,13,0,0.3803,0
-10,-37,1740,4,0,0.2299,0
-10,-36,2900,6,0,0.2069,0
-10,-35,2250,4,0,0.1778,0
-10,-34,1708,7,0,0.4098,0
-10,10,2264,1,0,0.04417,0
-10,11,2244,2,0,0.08913,0
-10,12,464,0,0,0,0
-10,13,562,0,0,0,0
-10,14,552,0,0,0,0
-10,15,704,0,0,0,0
-10,16,438,0,0,0,0
-10,17,768,0,0,0,0
-10,18,546,0,0,0,0
-10,19,730,0,0,0,0
-10,20,472,0,0,0,0
-10,21,424,0,0,0,0
-10,22,2178,0,0,0,0
-10,23,1968,0,0,0,0
-10,24,3886,3,0,0.0772,0
-10,25,1980,2,0,0.101,0
-10,26,3694,0,0,0,0
-10,27,1698,0,0,0,0
-10,28,3868,1,0,0.02585,0
-10,29,2016,2,0,0.09921,0
-10,30,5000,2,0,0.04,0
-10,31,2744,0,0,0,0
-10,32,5710,0,0,0,0
-10,33,2891,1,0,0.03459,0
-10,34,4974,0,0,0,0
-10,35,2370,0,0,0,0
-10,36,4294,1,0,0.02329,0
-10,37,2156,0,0,0,0
-10,38,3886,0,0,0,0
-10,39,2620,0,0,0,0
-10,40,2410,2,0,0.08299,0
-10,50,2,0,0,0,0
-10,51,20,0,0,0,0
-10,52,10,0,0,0,0
-10,53,12,0,0,0,0
-10,54,12,0,0,0,0
-10,63,12,0,0,0,0
-10,64,20,0,0,0,0
-10,65,12,0,0,0,0
-10,66,12,0,0,0,0
-10,72,10,0,0,0,0
-10,73,12,0,0,0,0
-10,74,10,0,0,0,0
-10,75,24,0,0,0,0
-10,85,4,0,0,0,0
-10,86,8,0,0,0,0
-10,87,4,0,0,0,0
-10,88,2,0,0,0,0
-10,95,6,0,0,0,0
-10,96,6,0,0,0,0
-10,104,2,0,0,0,0
-10,108,220,0,0,0,0
-10,110,742,3,0,0.4043,0
-10,111,1532,2,0,0.1305,0
-10,112,2020,6,0,0.297,0
-10,113,5764,3,0,0.05205,0
-10,114,3890,2,1,0.05141,2.571
-10,115,2980,1,0,0.03356,0
-10,116,2454,4,0,0.163,0
-10,117,3918,4,0,0.1021,0
-10,118,2520,7,2,0.2778,7.937
-10,119,5072,5,0,0.09858,0
-10,120,4610,3,0,0.06508,0
-10,121,4850,1,0,0.02062,0
-10,122,5514,6,0,0.1088,0
-10,123,3970,2,0,0.05038,0
-10,124,5680,8,0,0.1408,0
-10,125,4300,10,0,0.2326,0
-10,126,5438,7,0,0.1287,0
-10,127,2972,5,0,0.1682,0
-10,128,1988,0,0,0,0
-10,129,3154,6,0,0.1902,0
-10,130,1718,4,0,0.2328,0
-10,131,3446,9,1,0.2612,2.902
-10,132,1742,6,0,0.3444,0
-10,133,3430,5,0,0.1458,0
-10,134,1712,3,0,0.1752,0
-10,135,3660,2,0,0.05464,0
-10,136,2244,8,0,0.3565,0
-10,137,4500,7,2,0.1556,4.444
-10,138,1734,9,0,0.519,0
-10,139,4986,12,1,0.2407,2.006
-10,140,3246,0,0,0,0
-10,141,6400,4,0,0.0625,0
-10,142,3186,9,0,0.2825,0
-10,143,4946,15,1,0.3033,2.022
-10,144,1488,8,0,0.5376,0
-10,145,4292,8,0,0.1864,0
-10,146,3970,16,0,0.403,0
-10,147,5198,20,0,0.3848,0
-10,148,4846,0,0,0,0
-10,149,4218,2,0,0.04742,0
-10,150,5910,6,0,0.1015,0
-10,151,3970,0,0,0,0
-10,152,2836,1,0,0.03526,0
-10,153,1710,1,0,0.05848,0
-10,154,26,0,0,0,0
-10,155,30,0,0,0,0
-10,156,364,0,0,0,0
-10,157,30,0,0,0,0
-10,158,456,0,0,0,0
-10,159,472,0,0,0,0
-10,160,362,0,0,0,0
-10,161,700,0,0,0,0
-10,167,2,0,0,0,0
-10,168,8,0,0,0,0
-10,169,4,0,0,0,0
-10,170,6,0,0,0,0
-9,-143,1690,0,0,0,0
-9,-142,1714,0,0,0,0
-9,-141,3341,0,0,0,0
-9,-140,1632,0,0,0,0
-9,-139,1676,0,0,0,0
-9,-138,12,0,0,0,0
-9,-137,12,0,0,0,0
-9,-99,146,0,0,0,0
-9,-98,118,0,0,0,0
-9,-97,78,0,0,0,0
-9,-96,60,0,0,0,0
-9,-95,30,0,0,0,0
-9,-94,34,0,0,0,0
-9,-93,50,0,0,0,0
-9,-92,72,0,0,0,0
-9,-81,3964,0,0,0,0
-9,-80,5232,15,0,0.2867,0
-9,-79,5330,13,0,0.2439,0
-9,-78,4892,9,0,0.184,0
-9,-77,5344,23,0,0.4304,0
-9,-76,5126,5,0,0.09754,0
-9,-75,3986,9,0,0.2258,0
-9,-74,3928,2,0,0.05092,0
-9,-73,2888,5,0,0.1731,0
-9,-72,5654,2,0,0.03537,0
-9,-71,4766,2,0,0.04196,0
-9,-70,4376,2,0,0.0457,0
-9,-69,4878,6,0,0.123,0
-9,-68,3868,3,0,0.07756,0
-9,-67,4004,5,0,0.1249,0
-9,-66,1862,0,0,0,0
-9,-65,2826,1,0,0.03539,0
-9,-64,2218,4,0,0.1803,0
-9,-63,2778,2,0,0.07199,0
-9,-62,2269,0,0,0,0
-9,-61,2260,0,0,0,0
-9,-60,2808,1,0,0.03561,0
-9,-59,1980,0,0,0,0
-9,-58,3154,0,0,0,0
-9,-57,1758,0,0,0,0
-9,-56,3533,1,0,0.0283,0
-9,-55,1775,2,0,0.1127,0
-9,-54,2658,0,0,0,0
-9,-53,882,0,0,0,0
-9,-52,2622,0,0,0,0
-9,-51,1740,0,0,0,0
-9,-50,3474,1,0,0.02879,0
-9,-49,1732,0,0,0,0
-9,-48,3428,3,0,0.08751,0
-9,-47,1698,0,0,0,0
-9,-46,3390,11,0,0.3245,0
-9,-45,1692,4,0,0.2364,0
-9,-44,2840,1,0,0.03521,0
-9,-43,2296,47,0,2.047,0
-9,-42,2782,8,0,0.2876,0
-9,-41,2348,12,0,0.5111,0
-9,-40,2212,4,0,0.1808,0
-9,-39,2864,3,0,0.1047,0
-9,-38,1686,5,0,0.2966,0
-9,-37,3464,29,0,0.8372,0
-9,-36,1756,26,0,1.481,0
-9,-35,2614,14,0,0.5356,0
-9,-34,2534,13,1,0.513,3.946
-9,8,442,0,0,0,0
-9,9,884,0,0,0,0
-9,10,1878,0,0,0,0
-9,11,2152,3,0,0.1394,0
-9,12,1436,23,0,1.602,0
-9,13,578,30,0,5.19,0
-9,14,564,0,0,0,0
-9,15,420,0,0,0,0
-9,16,2048,1,0,0.04883,0
-9,17,1654,0,0,0,0
-9,18,3070,2,0,0.06515,0
-9,19,1728,0,0,0,0
-9,20,2966,0,0,0,0
-9,21,1912,0,0,0,0
-9,22,3714,5,0,0.1346,0
-9,23,2136,0,0,0,0
-9,24,3483,1,0,0.02871,0
-9,25,1830,0,0,0,0
-9,26,3408,1,0,0.02934,0
-9,27,1718,0,0,0,0
-9,28,3144,1,0,0.03181,0
-9,29,2770,3,0,0.1083,0
-9,30,4960,0,0,0,0
-9,31,5018,0,0,0,0
-9,32,5226,0,0,0,0
-9,33,3261,1,0,0.03067,0
-9,34,4212,0,0,0,0
-9,35,2510,0,0,0,0
-9,36,4178,2,0,0.04787,0
-9,37,2266,0,0,0,0
-9,38,3873,1,0,0.02582,0
-9,39,2200,1,0,0.04545,0
-9,40,2322,5,1,0.2153,4.307
-9,51,18,0,0,0,0
-9,52,16,0,0,0,0
-9,53,21,0,0,0,0
-9,54,40,0,0,0,0
-9,55,95,0,0,0,0
-9,56,62,0,0,0,0
-9,57,66,0,0,0,0
-9,63,12,0,0,0,0
-9,64,14,0,0,0,0
-9,65,12,0,0,0,0
-9,66,4,0,0,0,0
-9,73,2,0,0,0,0
-9,74,10,0,0,0,0
-9,75,8,0,0,0,0
-9,105,14,0,0,0,0
-9,106,592,1,0,0.1689,0
-9,107,3140,0,0,0,0
-9,108,2454,2,0,0.0815,0
-9,109,1956,0,0,0,0
-9,110,4146,128,0,3.087,0
-9,111,2798,116,0,4.146,0
-9,112,4462,301,0,6.746,0
-9,113,3578,20,0,0.559,0
-9,114,6404,316,3,4.934,4.685
-9,115,3340,98,1,2.934,2.994
-9,116,5544,19,0,0.3427,0
-9,117,3084,2,0,0.06485,0
-9,118,4742,12,0,0.2531,0
-9,119,4254,4,0,0.09403,0
-9,120,4614,4,0,0.08669,0
-9,121,5430,7,0,0.1289,0
-9,122,4003,3,0,0.07494,0
-9,123,6252,3,0,0.04798,0
-9,124,3960,10,0,0.2525,0
-9,125,6630,9,0,0.1357,0
-9,126,3438,4,0,0.1163,0
-9,127,5312,13,1,0.2447,1.883
-9,128,2892,4,0,0.1383,0
-9,129,3408,4,0,0.1174,0
-9,130,1710,1,0,0.05848,0
-9,131,5759,5,0,0.08682,0
-9,132,4023,5,0,0.1243,0
-9,133,3434,5,0,0.1456,0
-9,134,1706,5,0,0.2931,0
-9,135,3410,2,0,0.05865,0
-9,136,1702,0,0,0,0
-9,137,4572,7,1,0.1531,2.187
-9,138,4598,7,0,0.1522,0
-9,139,4208,1,0,0.02376,0
-9,140,4312,6,0,0.1391,0
-9,141,4914,2,0,0.0407,0
-9,142,4274,5,0,0.117,0
-9,143,4596,4,0,0.08703,0
-9,144,4404,5,0,0.1135,0
-9,145,4832,8,1,0.1656,2.07
-9,146,4500,3,1,0.06667,2.222
-9,147,5676,8,0,0.1409,0
-9,148,3864,4,0,0.1035,0
-9,149,6134,5,0,0.08151,0
-9,150,3416,5,1,0.1464,2.927
-9,151,6762,3,0,0.04437,0
-9,152,1708,0,0,0,0
-9,153,1706,2,0,0.1172,0
-9,154,30,0,0,0,0
-9,155,386,0,0,0,0
-9,156,402,0,0,0,0
-9,157,600,0,0,0,0
-9,158,474,1,0,0.211,0
-9,159,446,0,0,0,0
-9,160,586,1,0,0.1706,0
-9,161,350,0,0,0,0
-8,-143,286,0,0,0,0
-8,-142,1016,0,0,0,0
-8,-141,2186,0,0,0,0
-8,-140,2042,0,0,0,0
-8,-139,1126,0,0,0,0
-8,-138,12,0,0,0,0
-8,-137,12,0,0,0,0
-8,-99,122,0,0,0,0
-8,-98,126,0,0,0,0
-8,-97,96,0,0,0,0
-8,-96,50,0,0,0,0
-8,-95,36,0,0,0,0
-8,-94,48,0,0,0,0
-8,-93,66,0,0,0,0
-8,-92,66,0,0,0,0
-8,-82,2700,0,0,0,0
-8,-81,4714,8,1,0.1697,2.121
-8,-80,6012,21,0,0.3493,0
-8,-79,4402,74,0,1.681,0
-8,-78,5900,6,0,0.1017,0
-8,-77,4338,5,0,0.1153,0
-8,-76,5752,3,0,0.05216,0
-8,-75,3476,6,0,0.1726,0
-8,-74,2430,0,0,0,0
-8,-73,4110,9,0,0.219,0
-8,-72,4320,1,0,0.02315,0
-8,-71,7652,0,0,0,0
-8,-70,4998,0,0,0,0
-8,-69,6902,1,0,0.01449,0
-8,-68,6102,6,0,0.09833,0
-8,-67,5874,56,0,0.9534,0
-8,-66,6402,1,0,0.01562,0
-8,-65,4892,1,0,0.02044,0
-8,-64,4529,0,0,0,0
-8,-63,2198,2,0,0.09099,0
-8,-62,3312,1,0,0.03019,0
-8,-61,1624,0,0,0,0
-8,-60,3282,0,0,0,0
-8,-59,1656,0,0,0,0
-8,-58,3414,0,0,0,0
-8,-57,1758,0,0,0,0
-8,-56,3534,1,0,0.0283,0
-8,-55,1776,0,0,0,0
-8,-54,2657,0,0,0,0
-8,-53,906,0,0,0,0
-8,-52,2410,0,0,0,0
-8,-51,2048,1,0,0.04883,0
-8,-50,2616,0,0,0,0
-8,-49,2570,3,0,0.1167,0
-8,-48,2066,2,0,0.09681,0
-8,-47,3054,3,0,0.09823,0
-8,-46,1698,0,0,0,0
-8,-45,3110,9,0,0.2894,0
-8,-44,1966,1,0,0.05086,0
-8,-43,3097,1,0,0.03229,0
-8,-42,2068,0,0,0,0
-8,-41,2514,58,0,2.307,0
-8,-40,2598,0,0,0,0
-8,-39,2248,15,0,0.6673,0
-8,-38,2828,13,0,0.4597,0
-8,-37,1740,5,0,0.2874,0
-8,-36,3182,31,0,0.9742,0
-8,-35,2014,3,0,0.149,0
-8,-34,2582,2,0,0.07746,0
-8,-33,849,0,0,0,0
-8,8,1368,0,0,0,0
-8,9,1376,0,0,0,0
-8,10,2956,1,0,0.03383,0
-8,11,1902,2,0,0.1052,0
-8,12,1908,4,0,0.2096,0
-8,13,732,0,0,0,0
-8,14,1180,0,0,0,0
-8,15,1514,0,0,0,0
-8,16,3056,1,0,0.03272,0
-8,17,2380,0,0,0,0
-8,18,3624,0,0,0,0
-8,19,2648,0,0,0,0
-8,20,3254,0,0,0,0
-8,21,2681,2,0,0.0746,0
-8,22,2944,2,0,0.06793,0
-8,23,2820,1,0,0.03546,0
-8,24,2080,3,0,0.1442,0
-8,25,3204,2,0,0.06242,0
-8,26,1812,2,0,0.1104,0
-8,27,3374,1,0,0.02964,0
-8,28,1738,0,0,0,0
-8,29,3928,3,0,0.07637,0
-8,30,4792,2,0,0.04174,0
-8,31,3754,0,0,0,0
-8,32,2386,0,0,0,0
-8,33,4430,2,0,0.04515,0
-8,34,2352,0,0,0,0
-8,35,3256,9,0,0.2764,0
-8,36,2868,0,0,0,0
-8,37,3016,1,0,0.03316,0
-8,38,3084,0,0,0,0
-8,39,2744,2,0,0.07289,0
-8,40,1622,0,0,0,0
-8,41,244,0,0,0,0
-8,51,29,0,0,0,0
-8,52,46,0,0,0,0
-8,53,132,0,0,0,0
-8,54,60,0,0,0,0
-8,55,110,0,0,0,0
-8,56,92,0,0,0,0
-8,57,91,1,0,1.099,0
-8,58,118,0,0,0,0
-8,59,91,0,0,0,0
-8,104,1264,1,0,0.07911,0
-8,105,1650,1,0,0.06061,0
-8,106,2872,5,0,0.1741,0
-8,107,4580,22,0,0.4803,0
-8,108,3994,92,0,2.303,0
-8,109,3698,254,0,6.869,0
-8,110,4170,775,0,18.59,0
-8,111,3694,610,1,16.51,2.707
-8,112,3542,680,0,19.2,0
-8,113,3834,71,0,1.852,0
-8,114,4740,22,1,0.4641,2.11
-8,115,4928,7,0,0.142,0
-8,116,3252,4,0,0.123,0
-8,117,3452,4,0,0.1159,0
-8,118,2954,5,0,0.1693,0
-8,119,4412,5,1,0.1133,2.267
-8,120,4610,2,0,0.04338,0
-8,121,5130,9,1,0.1754,1.949
-8,122,4268,4,0,0.09372,0
-8,123,4574,2,0,0.04373,0
-8,124,4874,12,2,0.2462,4.103
-8,125,5172,10,2,0.1933,3.867
-8,126,3602,11,0,0.3054,0
-8,127,4106,4,0,0.09742,0
-8,128,2830,5,0,0.1767,0
-8,129,3012,5,0,0.166,0
-8,130,2694,0,0,0,0
-8,131,5182,1,0,0.0193,0
-8,132,4922,5,0,0.1016,0
-8,133,3982,13,1,0.3265,2.511
-8,134,3936,5,0,0.127,0
-8,135,1700,8,0,0.4706,0
-8,136,3112,0,0,0,0
-8,137,2562,1,0,0.03903,0
-8,138,4896,0,0,0,0
-8,139,4584,1,0,0.02182,0
-8,140,4922,1,0,0.02032,0
-8,141,3930,2,0,0.05089,0
-8,142,4514,5,1,0.1108,2.215
-8,143,5134,1,0,0.01948,0
-8,144,4652,13,1,0.2794,2.15
-8,145,4400,3,0,0.06818,0
-8,146,4424,8,4,0.1808,9.042
-8,147,5356,3,0,0.05601,0
-8,148,4460,7,1,0.157,2.242
-8,149,4800,1,0,0.02083,0
-8,150,5006,1,0,0.01998,0
-8,151,5094,0,0,0,0
-8,152,3376,5,1,0.1481,2.962
-8,153,2272,4,4,0.1761,17.61
-8,154,580,0,0,0,0
-8,155,380,0,0,0,0
-8,156,378,0,0,0,0
-8,157,720,0,0,0,0
-8,158,354,0,0,0,0
-8,159,552,0,0,0,0
-8,160,318,0,0,0,0
-8,161,330,0,0,0,0
-7,-140,266,0,0,0,0
-7,-137,2,0,0,0,0
-7,-99,92,0,0,0,0
-7,-98,136,0,0,0,0
-7,-97,114,2,0,1.754,0
-7,-96,54,0,0,0,0
-7,-95,30,0,0,0,0
-7,-94,46,0,0,0,0
-7,-93,64,0,0,0,0
-7,-92,42,0,0,0,0
-7,-82,3244,0,0,0,0
-7,-81,5050,94,1,1.861,1.98
-7,-80,4820,48,0,0.9959,0
-7,-79,6470,18,0,0.2782,0
-7,-78,4598,11,0,0.2392,0
-7,-77,5462,26,0,0.476,0
-7,-76,4545,2,0,0.044,0
-7,-75,2724,1,0,0.03671,0
-7,-74,3832,3,0,0.07829,0
-7,-73,2534,0,0,0,0
-7,-72,7324,2,0,0.02731,0
-7,-71,4522,0,0,0,0
-7,-70,6214,0,0,0,0
-7,-69,4058,0,0,0,0
-7,-68,7070,5,0,0.07072,0
-7,-67,4492,3,0,0.06679,0
-7,-66,7888,2,0,0.02535,0
-7,-65,6084,1,0,0.01644,0
-7,-64,5876,3,0,0.05106,0
-7,-63,3074,0,0,0,0
-7,-62,3262,0,0,0,0
-7,-61,1668,0,0,0,0
-7,-60,3032,0,0,0,0
-7,-59,1994,0,0,0,0
-7,-58,2556,0,0,0,0
-7,-57,2650,0,0,0,0
-7,-56,2341,0,0,0,0
-7,-55,2949,4,0,0.1356,0
-7,-54,1764,2,0,0.1134,0
-7,-53,2651,1,0,0.03772,0
-7,-52,1408,7,0,0.4972,0
-7,-51,2934,5,0,0.1704,0
-7,-50,2268,2,0,0.08818,0
-7,-49,2534,3,0,0.1184,0
-7,-48,2662,2,0,0.07513,0
-7,-47,2252,0,0,0,0
-7,-46,2842,1,0,0.03519,0
-7,-45,1692,0,0,0,0
-7,-44,3108,1,0,0.03218,0
-7,-43,1998,3,0,0.1502,0
-7,-42,2840,5,0,0.1761,0
-7,-41,2308,17,0,0.7366,0
-7,-40,2272,10,0,0.4401,0
-7,-39,2822,21,0,0.7442,0
-7,-38,1958,19,0,0.9704,0
-7,-37,3154,10,0,0.3171,0
-7,-36,1740,7,0,0.4023,0
-7,-35,3462,25,0,0.7221,0
-7,-34,1724,2,0,0.116,0
-7,-33,1724,12,1,0.6961,5.8
-7,8,1768,0,0,0,0
-7,9,1562,0,0,0,0
-7,10,3074,2,0,0.06506,0
-7,11,2154,1,0,0.04643,0
-7,12,2954,2,0,0.0677,0
-7,13,2720,1,0,0.03676,0
-7,14,2710,0,0,0,0
-7,15,3646,0,0,0,0
-7,16,2418,0,0,0,0
-7,17,3848,3,0,0.07796,0
-7,18,2052,0,0,0,0
-7,19,3758,0,0,0,0
-7,20,2271,0,0,0,0
-7,21,3108,1,0,0.03218,0
-7,22,2340,14,0,0.5983,0
-7,23,2534,0,0,0,0
-7,24,2920,0,0,0,0
-7,25,2124,2,0,0.09416,0
-7,26,3186,2,0,0.06277,0
-7,27,1758,0,0,0,0
-7,28,3072,0,0,0,0
-7,29,2870,0,0,0,0
-7,30,6232,3,0,0.04814,0
-7,31,3030,3,0,0.09901,0
-7,32,3536,0,0,0,0
-7,33,2269,0,0,0,0
-7,34,3524,0,0,0,0
-7,35,2733,62,0,2.269,0
-7,36,2894,51,0,1.762,0
-7,37,3223,2,0,0.06205,0
-7,38,2690,29,0,1.078,0
-7,39,3410,313,0,9.179,0
-7,40,346,0,0,0,0
-7,41,346,0,0,0,0
-7,51,38,0,0,0,0
-7,52,124,0,0,0,0
-7,53,74,0,0,0,0
-7,54,312,1,0,0.3205,0
-7,55,162,0,0,0,0
-7,56,280,0,0,0,0
-7,57,188,0,0,0,0
-7,58,308,2,0,0.6494,0
-7,59,232,2,0,0.8621,0
-7,101,564,0,0,0,0
-7,102,545,0,0,0,0
-7,103,894,0,0,0,0
-7,104,3040,2,0,0.06579,0
-7,105,2714,9,0,0.3316,0
-7,106,4240,473,1,11.16,2.358
-7,107,3924,629,2,16.03,5.097
-7,108,3271,268,0,8.193,0
-7,109,4342,189,0,4.353,0
-7,110,3148,211,0,6.703,0
-7,111,4666,480,0,10.29,0
-7,112,2456,77,7,3.135,28.5
-7,113,5224,20,2,0.3828,3.828
-7,114,2424,4,0,0.165,0
-7,115,5582,6,0,0.1075,0
-7,116,1786,6,0,0.3359,0
-7,117,3228,2,0,0.06196,0
-7,118,3080,4,0,0.1299,0
-7,119,5412,11,2,0.2033,3.695
-7,120,3260,5,0,0.1534,0
-7,121,3802,3,0,0.07891,0
-7,122,3856,1,0,0.02593,0
-7,123,2618,8,1,0.3056,3.82
-7,124,4366,7,0,0.1603,0
-7,125,4036,6,0,0.1487,0
-7,126,4588,4,0,0.08718,0
-7,127,1706,2,0,0.1172,0
-7,128,3328,12,2,0.3606,6.01
-7,129,1730,8,0,0.4624,0
-7,130,4590,5,2,0.1089,4.357
-7,131,4020,4,0,0.0995,0
-7,132,6026,7,2,0.1162,3.319
-7,133,4326,6,1,0.1387,2.312
-7,134,5108,8,0,0.1566,0
-7,135,4474,4,0,0.08941,0
-7,136,3130,3,0,0.09585,0
-7,137,3630,4,0,0.1102,0
-7,138,2844,3,0,0.1055,0
-7,139,5436,4,0,0.07358,0
-7,140,4150,2,0,0.04819,0
-7,141,4318,5,1,0.1158,2.316
-7,142,4338,2,0,0.0461,0
-7,143,4628,0,0,0,0
-7,144,5518,6,0,0.1087,0
-7,145,3730,59,1,1.582,2.681
-7,146,5494,21,2,0.3822,3.64
-7,147,3672,5,0,0.1362,0
-7,148,6444,3,0,0.04655,0
-7,149,3346,1,0,0.02989,0
-7,150,6470,0,0,0,0
-7,151,3650,0,0,0,0
-7,152,4732,3,0,0.0634,0
-7,153,2338,8,5,0.3422,21.39
-7,154,2580,7,0,0.2713,0
-7,155,1216,0,0,0,0
-7,156,384,0,0,0,0
-7,157,466,0,0,0,0
-7,158,210,0,0,0,0
-7,159,310,0,0,0,0
-6,-99,62,0,0,0,0
-6,-98,128,0,0,0,0
-6,-97,146,0,0,0,0
-6,-96,62,0,0,0,0
-6,-95,36,0,0,0,0
-6,-94,72,0,0,0,0
-6,-93,46,0,0,0,0
-6,-92,38,0,0,0,0
-6,-82,3390,9,2,0.2655,5.9
-6,-81,3358,156,0,4.646,0
-6,-80,7176,126,0,1.756,0
-6,-79,3906,34,0,0.8705,0
-6,-78,7378,32,0,0.4337,0
-6,-77,3472,8,0,0.2304,0
-6,-76,5664,4,0,0.07062,0
-6,-75,2196,2,0,0.09107,0
-6,-74,4272,5,0,0.117,0
-6,-73,2586,0,0,0,0
-6,-72,5570,5,0,0.08977,0
-6,-71,5776,2,0,0.03463,0
-6,-70,8900,6,0,0.06742,0
-6,-69,3746,2,0,0.05339,0
-6,-68,5352,4,0,0.07474,0
-6,-67,5504,10,1,0.1817,1.817
-6,-66,7020,3,0,0.04274,0
-6,-65,4786,1,0,0.02089,0
-6,-64,5334,1,0,0.01875,0
-6,-63,3514,1,0,0.02846,0
-6,-62,1676,3,0,0.179,0
-6,-61,3334,0,0,0,0
-6,-60,1692,0,0,0,0
-6,-59,2860,0,0,0,0
-6,-58,2262,0,0,0,0
-6,-57,2646,0,0,0,0
-6,-56,2628,0,0,0,0
-6,-55,2224,0,0,0,0
-6,-54,3095,1,0,0.03231,0
-6,-53,1314,0,0,0,0
-6,-52,2432,0,0,0,0
-6,-51,1938,1,0,0.0516,0
-6,-50,2593,7,0,0.27,0
-6,-49,2604,10,0,0.384,0
-6,-48,2314,4,0,0.1729,0
-6,-47,2850,4,0,0.1404,0
-6,-46,1760,0,0,0,0
-6,-45,3328,4,0,0.1202,0
-6,-44,1692,2,0,0.1182,0
-6,-43,3414,6,0,0.1757,0
-6,-42,1722,3,0,0.1742,0
-6,-41,3426,21,0,0.613,0
-6,-40,1704,10,0,0.5869,0
-6,-39,3390,86,0,2.537,0
-6,-38,1686,35,0,2.076,0
-6,-37,3426,7,0,0.2043,0
-6,-36,1740,9,0,0.5172,0
-6,-35,3468,3,0,0.08651,0
-6,-34,1728,4,0,0.2315,0
-6,-33,1728,13,1,0.7523,5.787
-6,6,510,0,0,0,0
-6,7,2642,1,0,0.03785,0
-6,8,1874,3,0,0.1601,0
-6,9,3110,0,0,0,0
-6,10,1692,2,0,0.1182,0
-6,11,3610,17,2,0.4709,5.54
-6,12,2428,41,1,1.689,4.119
-6,13,3410,35,0,1.026,0
-6,14,2904,3,0,0.1033,0
-6,15,3072,2,0,0.0651,0
-6,16,3115,2,0,0.06421,0
-6,17,2334,2,0,0.08569,0
-6,18,3245,2,0,0.06163,0
-6,19,1901,0,0,0,0
-6,20,3218,0,0,0,0
-6,21,2044,2,0,0.09785,0
-6,22,2562,4,0,0.1561,0
-6,23,2658,2,0,0.07524,0
-6,24,2348,1,0,0.04259,0
-6,25,2974,4,1,0.1345,3.362
-6,26,1796,0,0,0,0
-6,27,3432,1,0,0.02914,0
-6,28,1702,1,0,0.05875,0
-6,29,5439,1,0,0.01839,0
-6,30,3686,2,0,0.05426,0
-6,31,5671,1,1,0.01763,1.763
-6,32,2018,0,0,0,0
-6,33,3816,1,0,0.02621,0
-6,34,2356,0,0,0,0
-6,35,3558,2,0,0.05621,0
-6,36,2648,4,0,0.1511,0
-6,37,3224,5,1,0.1551,3.102
-6,38,2888,0,0,0,0
-6,39,2892,17,2,0.5878,6.916
-6,40,1748,3,1,0.1716,5.721
-6,41,870,1,0,0.1149,0
-6,42,10,0,0,0,0
-6,52,210,0,0,0,0
-6,53,296,0,0,0,0
-6,54,172,0,0,0,0
-6,55,327,0,0,0,0
-6,56,144,0,0,0,0
-6,57,240,0,0,0,0
-6,58,207,0,0,0,0
-6,59,244,2,0,0.8197,0
-6,60,99,0,0,0,0
-6,101,2717,4,0,0.1472,0
-6,102,2922,1,0,0.03422,0
-6,103,5098,7,0,0.1373,0
-6,104,2178,10,0,0.4591,0
-6,105,4696,274,0,5.835,0
-6,106,2520,11,1,0.4365,3.968
-6,107,4688,17,0,0.3626,0
-6,108,2890,17,0,0.5882,0
-6,109,3944,1,0,0.02535,0
-6,110,1892,6,0,0.3171,0
-6,111,2720,8,0,0.2941,0
-6,112,3200,8,0,0.25,0
-6,113,3442,20,3,0.5811,8.716
-6,114,2610,6,1,0.2299,3.831
-6,115,2250,3,0,0.1333,0
-6,116,2520,8,0,0.3175,0
-6,117,1512,2,0,0.1323,0
-6,118,6026,18,0,0.2987,0
-6,119,4624,64,0,1.384,0
-6,120,5504,21,0,0.3815,0
-6,121,5638,6,0,0.1064,0
-6,122,3236,7,0,0.2163,0
-6,123,2896,2,0,0.06906,0
-6,124,4250,4,0,0.09412,0
-6,125,5318,11,0,0.2068,0
-6,126,2852,2,0,0.07013,0
-6,127,3132,8,0,0.2554,0
-6,128,1686,2,1,0.1186,5.931
-6,129,2826,2,0,0.07077,0
-6,130,3996,2,1,0.05005,2.503
-6,131,4308,2,0,0.04643,0
-6,132,6030,3,0,0.04975,0
-6,133,3734,6,0,0.1607,0
-6,134,6556,12,2,0.183,3.051
-6,135,3414,4,0,0.1172,0
-6,136,6774,2,0,0.02952,0
-6,137,3366,2,0,0.05942,0
-6,138,6816,8,0,0.1174,0
-6,139,3450,2,0,0.05797,0
-6,140,6222,7,0,0.1125,0
-6,141,2772,1,0,0.03608,0
-6,142,5646,45,0,0.797,0
-6,143,4306,8,1,0.1858,2.322
-6,144,5672,4,2,0.07052,3.526
-6,145,3694,4,1,0.1083,2.707
-6,146,4954,5,0,0.1009,0
-6,147,5058,11,0,0.2175,0
-6,148,4440,2,0,0.04505,0
-6,149,5314,2,0,0.03764,0
-6,150,4202,0,0,0,0
-6,151,5310,1,0,0.01883,0
-6,152,3920,4,0,0.102,0
-6,153,2582,8,1,0.3098,3.873
-6,154,2566,8,0,0.3118,0
-6,155,456,0,0,0,0
-6,156,614,0,0,0,0
-5,-99,18,0,0,0,0
-5,-98,136,0,0,0,0
-5,-97,132,0,0,0,0
-5,-96,82,0,0,0,0
-5,-95,92,0,0,0,0
-5,-94,46,0,0,0,0
-5,-93,56,0,0,0,0
-5,-92,24,0,0,0,0
-5,-91,4,0,0,0,0
-5,-90,12,0,0,0,0
-5,-89,6,0,0,0,0
-5,-88,38,1,0,2.632,0
-5,-87,32,0,0,0,0
-5,-86,48,0,0,0,0
-5,-82,3354,1,0,0.02982,0
-5,-81,3952,121,0,3.062,0
-5,-80,6656,39,0,0.5859,0
-5,-79,3902,4,0,0.1025,0
-5,-78,7370,19,0,0.2578,0
-5,-77,3468,3,0,0.08651,0
-5,-76,5325,2,0,0.03756,0
-5,-75,2534,1,0,0.03946,0
-5,-74,3656,0,0,0,0
-5,-73,3152,7,0,0.2221,0
-5,-72,4400,0,0,0,0
-5,-71,7312,6,0,0.08206,0
-5,-70,5788,67,0,1.158,0
-5,-69,7104,2,0,0.02815,0
-5,-68,6516,3,0,0.04604,0
-5,-67,6818,0,0,0,0
-5,-66,7190,0,0,0,0
-5,-65,4626,0,0,0,0
-5,-64,6540,13,0,0.1988,0
-5,-63,1946,0,0,0,0
-5,-62,2966,2,0,0.06743,0
-5,-61,1858,1,0,0.05382,0
-5,-60,3030,1,0,0.033,0
-5,-59,1904,0,0,0,0
-5,-58,2850,0,0,0,0
-5,-57,2376,25,0,1.052,0
-5,-56,2370,0,0,0,0
-5,-55,2934,3,0,0.1022,0
-5,-54,2064,1,0,0.04845,0
-5,-53,2794,0,0,0,0
-5,-52,1314,0,0,0,0
-5,-51,3055,0,0,0,0
-5,-50,1740,1,0,0.05747,0
-5,-49,3474,1,0,0.02879,0
-5,-48,1734,1,0,0.05767,0
-5,-47,3432,2,0,0.05828,0
-5,-46,1698,1,0,0.05889,0
-5,-45,3930,4,0,0.1018,0
-5,-44,2216,0,0,0,0
-5,-43,3402,6,0,0.1764,0
-5,-42,1722,0,0,0,0
-5,-41,3426,4,0,0.1168,0
-5,-40,1704,0,0,0,0
-5,-39,2972,11,0,0.3701,0
-5,-38,2232,1,0,0.0448,0
-5,-37,2564,3,0,0.117,0
-5,-36,2602,1,0,0.03843,0
-5,-35,2064,7,0,0.3391,0
-5,-34,2984,6,0,0.2011,0
-5,-33,1578,1,0,0.06337,0
-5,7,2468,1,0,0.04052,0
-5,8,2570,6,0,0.2335,0
-5,9,2000,0,0,0,0
-5,10,3114,0,0,0,0
-5,11,1750,5,1,0.2857,5.714
-5,12,3188,3,0,0.0941,0
-5,13,2204,0,0,0,0
-5,14,3036,41,0,1.35,0
-5,15,2688,32,0,1.19,0
-5,16,2884,0,0,0,0
-5,17,2992,1,0,0.03342,0
-5,18,1932,0,0,0,0
-5,19,3432,0,0,0,0
-5,20,1812,0,0,0,0
-5,21,3449,0,0,0,0
-5,22,1762,2,0,0.1135,0
-5,23,3458,2,0,0.05784,0
-5,24,1816,0,0,0,0
-5,25,3506,2,0,0.05705,0
-5,26,1790,2,0,0.1117,0
-5,27,4026,3,0,0.07452,0
-5,28,2006,2,0,0.0997,0
-5,29,5694,2,0,0.03512,0
-5,30,3690,0,0,0,0
-5,31,5701,7,0,0.1228,0
-5,32,2062,3,0,0.1455,0
-5,33,4008,0,0,0,0
-5,34,2204,0,0,0,0
-5,35,4014,2,0,0.04983,0
-5,36,2200,0,0,0,0
-5,37,3768,9,0,0.2389,0
-5,38,2352,2,0,0.08503,0
-5,39,3756,97,0,2.583,0
-5,40,2232,4,0,0.1792,0
-5,41,2282,5,0,0.2191,0
-5,42,202,4,0,1.98,0
-5,43,138,3,2,2.174,144.9
-5,52,162,0,0,0,0
-5,53,168,0,0,0,0
-5,54,321,0,0,0,0
-5,55,165,0,0,0,0
-5,56,309,0,0,0,0
-5,57,144,0,0,0,0
-5,58,303,0,0,0,0
-5,59,163,0,0,0,0
-5,60,161,0,0,0,0
-5,72,2,0,0,0,0
-5,99,274,0,0,0,0
-5,101,3116,1,0,0.03209,0
-5,102,2918,10,0,0.3427,0
-5,103,5010,15,0,0.2994,0
-5,104,2260,7,0,0.3097,0
-5,105,4430,85,0,1.919,0
-5,106,2788,5,0,0.1793,0
-5,107,4078,8,0,0.1962,0
-5,108,3518,6,0,0.1706,0
-5,109,2764,2,0,0.07236,0
-5,110,2820,1,0,0.03546,0
-5,111,1410,1,0,0.07092,0
-5,112,1542,4,0,0.2594,0
-5,113,984,4,0,0.4065,0
-5,114,2896,0,0,0,0
-5,115,2342,7,0,0.2989,0
-5,116,2016,1,0,0.0496,0
-5,117,2948,13,1,0.441,3.392
-5,118,4486,7,1,0.156,2.229
-5,119,5432,68,0,1.252,0
-5,120,5277,14,1,0.2653,1.895
-5,121,4815,9,0,0.1869,0
-5,122,2964,9,0,0.3036,0
-5,123,2962,9,0,0.3038,0
-5,124,3214,0,0,0,0
-5,125,4306,5,0,0.1161,0
-5,126,4130,0,0,0,0
-5,127,2242,6,0,0.2676,0
-5,128,3390,6,0,0.177,0
-5,129,1686,2,0,0.1186,0
-5,130,5136,3,0,0.05841,0
-5,131,4610,5,1,0.1085,2.169
-5,132,5728,4,0,0.06983,0
-5,133,4560,3,0,0.06579,0
-5,134,5730,7,0,0.1222,0
-5,135,3712,2,0,0.05388,0
-5,136,6466,2,0,0.03093,0
-5,137,3618,0,0,0,0
-5,138,6540,2,1,0.03058,1.529
-5,139,3450,2,0,0.05797,0
-5,140,5798,2,0,0.03449,0
-5,141,2432,3,0,0.1234,0
-5,142,4594,4,1,0.08707,2.177
-5,143,3440,1,0,0.02907,0
-5,144,5098,6,2,0.1177,3.923
-5,145,3682,9,5,0.2444,13.58
-5,146,3456,14,1,0.4051,2.894
-5,147,588,0,0,0,0
-5,148,1422,0,0,0,0
-5,149,3840,2,0,0.05208,0
-5,150,4434,2,0,0.04511,0
-5,151,4718,2,0,0.04239,0
-5,152,5058,13,1,0.257,1.977
-5,153,2566,11,0,0.4287,0
-5,154,1715,1,0,0.05831,0
-5,155,314,0,0,0,0
-5,156,330,0,0,0,0
-4,-111,6,0,0,0,0
-4,-110,8,0,0,0,0
-4,-109,2,0,0,0,0
-4,-98,152,0,0,0,0
-4,-97,102,0,0,0,0
-4,-96,128,0,0,0,0
-4,-95,90,0,0,0,0
-4,-94,50,0,0,0,0
-4,-93,84,0,0,0,0
-4,-92,12,0,0,0,0
-4,-91,6,0,0,0,0
-4,-90,12,0,0,0,0
-4,-89,6,0,0,0,0
-4,-88,54,0,0,0,0
-4,-87,48,0,0,0,0
-4,-86,48,0,0,0,0
-4,-82,3202,1,0,0.03123,0
-4,-81,5342,163,0,3.051,0
-4,-80,4118,157,0,3.813,0
-4,-79,6760,55,0,0.8136,0
-4,-78,4147,1,0,0.02411,0
-4,-77,6342,3,0,0.0473,0
-4,-76,2682,0,0,0,0
-4,-75,3838,5,0,0.1303,0
-4,-74,2752,1,0,0.03634,0
-4,-73,3106,2,0,0.06439,0
-4,-72,3374,3,0,0.08892,0
-4,-71,4644,5,0,0.1077,0
-4,-70,6008,1,0,0.01664,0
-4,-69,5412,0,0,0,0
-4,-68,5860,1,0,0.01706,0
-4,-67,5436,1,0,0.0184,0
-4,-66,5962,0,0,0,0
-4,-65,6062,6,0,0.09898,0
-4,-64,4792,0,0,0,0
-4,-63,2704,4,0,0.1479,0
-4,-62,1894,0,0,0,0
-4,-61,3000,15,0,0.5,0
-4,-60,1746,0,0,0,0
-4,-59,3352,0,0,0,0
-4,-58,1874,0,0,0,0
-4,-57,3634,0,0,0,0
-4,-56,1860,0,0,0,0
-4,-55,3453,7,0,0.2027,0
-4,-54,1727,0,0,0,0
-4,-53,3152,3,0,0.09518,0
-4,-52,1594,0,0,0,0
-4,-51,3916,12,0,0.3064,0
-4,-50,1992,13,0,0.6526,0
-4,-49,3474,2,0,0.05757,0
-4,-48,1734,2,0,0.1153,0
-4,-47,3140,2,0,0.06369,0
-4,-46,1990,4,0,0.201,0
-4,-45,4450,2,0,0.04494,0
-4,-44,5526,23,0,0.4162,0
-4,-43,1986,2,0,0.1007,0
-4,-42,3148,11,0,0.3494,0
-4,-41,1922,3,0,0.1561,0
-4,-40,3208,13,0,0.4052,0
-4,-39,1704,23,0,1.35,0
-4,-38,2954,2,0,0.0677,0
-4,-37,2104,1,0,0.04753,0
-4,-36,2602,0,0,0,0
-4,-35,2618,1,0,0.0382,0
-4,-34,1638,1,0,0.06105,0
-4,-33,2576,13,1,0.5047,3.882
-4,6,1108,0,0,0,0
-4,7,2556,1,0,0.03912,0
-4,8,2910,0,0,0,0
-4,9,2876,3,0,0.1043,0
-4,10,2080,0,0,0,0
-4,11,3128,0,0,0,0
-4,12,1872,0,0,0,0
-4,13,3468,0,0,0,0
-4,14,1904,0,0,0,0
-4,15,3538,0,0,0,0
-4,16,1898,0,0,0,0
-4,17,3610,0,0,0,0
-4,18,1814,2,0,0.1103,0
-4,19,3484,0,0,0,0
-4,20,1770,0,0,0,0
-4,21,3490,1,0,0.02865,0
-4,22,1742,2,0,0.1148,0
-4,23,3458,4,0,0.1157,0
-4,24,1816,0,0,0,0
-4,25,2916,0,0,0,0
-4,26,2400,6,0,0.25,0
-4,27,2732,2,0,0.07321,0
-4,28,2990,5,0,0.1672,0
-4,29,4058,28,0,0.69,0
-4,30,6806,8,0,0.1175,0
-4,31,3952,4,1,0.1012,2.53
-4,32,3220,5,0,0.1553,0
-4,33,2906,3,1,0.1032,3.441
-4,34,2668,0,0,0,0
-4,35,3590,5,0,0.1393,0
-4,36,2200,9,0,0.4091,0
-4,37,3996,56,4,1.401,10.01
-4,38,2040,72,3,3.529,14.71
-4,39,4074,109,1,2.676,2.455
-4,40,2026,25,0,1.234,0
-4,41,2446,12,0,0.4906,0
-4,42,290,4,0,1.379,0
-4,43,192,2,0,1.042,0
-4,52,162,0,0,0,0
-4,53,162,0,0,0,0
-4,54,327,0,0,0,0
-4,55,165,0,0,0,0
-4,56,304,0,0,0,0
-4,57,139,0,0,0,0
-4,58,220,0,0,0,0
-4,59,72,0,0,0,0
-4,60,27,0,0,0,0
-4,71,12,0,0,0,0
-4,72,10,0,0,0,0
-4,99,2430,0,0,0,0
-4,100,5264,1,0,0.019,0
-4,101,3162,10,0,0.3163,0
-4,102,5198,75,0,1.443,0
-4,103,3410,6,0,0.176,0
-4,104,3602,11,0,0.3054,0
-4,105,3146,62,0,1.971,0
-4,106,3540,5,0,0.1412,0
-4,107,3258,10,0,0.3069,0
-4,108,3348,7,0,0.2091,0
-4,109,3082,10,2,0.3245,6.489
-4,110,1636,1,0,0.06112,0
-4,111,2594,13,2,0.5012,7.71
-4,112,840,3,0,0.3571,0
-4,113,1426,7,0,0.4909,0
-4,114,2000,52,1,2.6,5
-4,115,2626,28,0,1.066,0
-4,116,2378,2,0,0.0841,0
-4,117,3044,7,2,0.23,6.57
-4,118,4536,7,0,0.1543,0
-4,119,5230,43,1,0.8222,1.912
-4,120,5595,34,0,0.6077,0
-4,121,3842,9,0,0.2343,0
-4,122,3860,6,1,0.1554,2.591
-4,123,2076,0,0,0,0
-4,124,3474,5,0,0.1439,0
-4,125,2072,9,0,0.4344,0
-4,126,5300,7,1,0.1321,1.887
-4,127,2892,11,0,0.3804,0
-4,128,3400,8,0,0.2353,0
-4,129,1692,1,0,0.0591,0
-4,130,6588,11,1,0.167,1.518
-4,131,3748,0,0,0,0
-4,132,5994,0,0,0,0
-4,133,4302,1,0,0.02325,0
-4,134,5168,0,0,0,0
-4,135,5116,1,0,0.01955,0
-4,136,4194,2,0,0.04769,0
-4,137,5836,5,0,0.08568,0
-4,138,3984,0,0,0,0
-4,139,5474,6,0,0.1096,0
-4,140,3310,3,0,0.09063,0
-4,141,4052,4,0,0.09872,0
-4,142,2026,3,0,0.1481,0
-4,143,2880,4,0,0.1389,0
-4,144,2260,13,0,0.5752,0
-4,145,1964,4,0,0.2037,0
-4,146,3018,18,0,0.5964,0
-4,149,1620,4,0,0.2469,0
-4,150,4380,1,0,0.02283,0
-4,151,3888,1,0,0.02572,0
-4,152,5904,14,4,0.2371,6.775
-4,153,2542,8,0,0.3147,0
-4,154,1716,4,0,0.2331,0
-3,-111,4,0,0,0,0
-3,-110,10,0,0,0,0
-3,-98,100,0,0,0,0
-3,-97,144,0,0,0,0
-3,-96,132,0,0,0,0
-3,-95,92,0,0,0,0
-3,-94,72,0,0,0,0
-3,-93,720,0,0,0,0
-3,-92,730,0,0,0,0
-3,-91,764,0,0,0,0
-3,-90,372,1,0,0.2688,0
-3,-89,10,0,0,0,0
-3,-88,22,0,0,0,0
-3,-87,80,0,0,0,0
-3,-86,48,0,0,0,0
-3,-83,444,0,0,0,0
-3,-82,3156,0,0,0,0
-3,-81,4532,163,0,3.597,0
-3,-80,5834,716,0,12.27,0
-3,-79,5347,168,0,3.142,0
-3,-78,6160,3,0,0.0487,0
-3,-77,4216,0,0,0,0
-3,-76,3918,0,0,0,0
-3,-75,2406,3,0,0.1247,0
-3,-74,3471,4,0,0.1152,0
-3,-73,3013,4,0,0.1328,0
-3,-72,3350,2,0,0.0597,0
-3,-71,3304,6,0,0.1816,0
-3,-70,3080,0,0,0,0
-3,-69,3908,2,0,0.05118,0
-3,-68,2650,0,0,0,0
-3,-67,3452,2,0,0.05794,0
-3,-66,2460,0,0,0,0
-3,-65,5522,3,0,0.05433,0
-3,-64,3470,0,0,0,0
-3,-63,3344,0,0,0,0
-3,-62,1706,0,0,0,0
-3,-61,3296,1,0,0.03034,0
-3,-60,1996,0,0,0,0
-3,-59,3704,2,1,0.054,2.7
-3,-58,2362,0,0,0,0
-3,-57,3780,0,0,0,0
-3,-56,2100,0,0,0,0
-3,-55,3424,68,0,1.986,0
-3,-54,1742,2,0,0.1148,0
-3,-53,2648,0,0,0,0
-3,-52,2692,0,0,0,0
-3,-51,2826,0,0,0,0
-3,-50,3054,3,0,0.09823,0
-3,-49,2048,6,2,0.293,9.766
-3,-48,3160,5,0,0.1582,0
-3,-47,1734,2,0,0.1153,0
-3,-46,3402,2,0,0.05879,0
-3,-45,4968,40,0,0.8052,0
-3,-44,4168,4,0,0.09597,0
-3,-43,2546,4,0,0.1571,0
-3,-42,2296,1,0,0.04355,0
-3,-41,2888,3,0,0.1039,0
-3,-40,1720,1,0,0.05814,0
-3,-39,3408,8,0,0.2347,0
-3,-38,1682,4,0,0.2378,0
-3,-37,2900,3,0,0.1034,0
-3,-36,2298,0,0,0,0
-3,-35,2368,0,0,0,0
-3,-34,2516,1,0,0.03975,0
-3,-33,1638,1,0,0.06105,0
-3,-32,1170,8,1,0.6838,8.547
-3,6,1698,2,0,0.1178,0
-3,7,3694,0,0,0,0
-3,8,3200,0,0,0,0
-3,9,3474,4,0,0.1151,0
-3,10,1814,0,0,0,0
-3,11,3410,2,0,0.05865,0
-3,12,1872,1,0,0.05342,0
-3,13,3468,2,0,0.05767,0
-3,14,1944,1,0,0.05144,0
-3,15,3500,0,0,0,0
-3,16,1982,4,0,0.2018,0
-3,17,2974,7,0,0.2354,0
-3,18,2416,0,0,0,0
-3,19,2572,1,0,0.03888,0
-3,20,2672,0,0,0,0
-3,21,2106,0,0,0,0
-3,22,3148,4,0,0.1271,0
-3,23,1742,4,0,0.2296,0
-3,24,3512,2,0,0.05695,0
-3,25,1816,0,0,0,0
-3,26,3224,4,0,0.1241,0
-3,27,2086,3,0,0.1438,0
-3,28,3108,37,0,1.19,0
-3,29,5826,20,3,0.3433,5.149
-3,30,4936,5,0,0.1013,0
-3,31,5445,9,0,0.1653,0
-3,32,3192,7,0,0.2193,0
-3,33,2631,26,1,0.9882,3.801
-3,34,3541,6,0,0.1694,0
-3,35,2308,9,1,0.3899,4.333
-3,36,3910,19,3,0.4859,7.673
-3,37,2168,12,0,0.5535,0
-3,38,3384,30,3,0.8865,8.865
-3,39,2642,36,5,1.363,18.93
-3,40,3304,27,2,0.8172,6.053
-3,41,1812,70,12,3.863,66.23
-3,42,1077,9,0,0.8357,0
-3,43,128,1,0,0.7812,0
-3,52,161,0,0,0,0
-3,53,189,0,0,0,0
-3,54,266,0,0,0,0
-3,55,208,0,0,0,0
-3,56,223,0,0,0,0
-3,57,206,0,0,0,0
-3,58,137,0,0,0,0
-3,71,4,0,0,0,0
-3,72,8,0,0,0,0
-3,98,358,0,0,0,0
-3,99,3644,7,0,0.1921,0
-3,100,3820,2,0,0.05236,0
-3,101,5016,10,0,0.1994,0
-3,102,3400,15,0,0.4412,0
-3,103,4890,45,2,0.9202,4.09
-3,104,3220,24,0,0.7453,0
-3,105,3496,11,1,0.3146,2.86
-3,106,3778,5,0,0.1323,0
-3,107,2000,2,0,0.1,0
-3,108,3932,6,1,0.1526,2.543
-3,109,2006,1,0,0.04985,0
-3,110,2416,46,0,1.904,0
-3,111,1452,13,0,0.8953,0
-3,112,2384,11,1,0.4614,4.195
-3,113,1074,8,0,0.7449,0
-3,114,2938,4,0,0.1361,0
-3,115,1746,8,0,0.4582,0
-3,116,3258,3,0,0.09208,0
-3,117,2784,9,1,0.3233,3.592
-3,118,4800,9,0,0.1875,0
-3,119,5200,6,0,0.1154,0
-3,120,5612,11,2,0.196,3.564
-3,121,3940,2,0,0.05076,0
-3,122,3756,13,1,0.3461,2.662
-3,123,2108,4,1,0.1898,4.744
-3,124,3478,0,0,0,0
-3,125,2792,9,0,0.3223,0
-3,126,4158,5,0,0.1203,0
-3,127,3002,5,0,0.1666,0
-3,128,2540,3,0,0.1181,0
-3,129,4016,7,0,0.1743,0
-3,130,4280,3,0,0.07009,0
-3,131,5478,3,0,0.05476,0
-3,132,4266,1,0,0.02344,0
-3,133,5464,2,0,0.0366,0
-3,134,4885,1,0,0.02047,0
-3,135,4552,0,0,0,0
-3,136,5554,1,0,0.01801,0
-3,137,4192,2,0,0.04771,0
-3,138,5406,1,0,0.0185,0
-3,139,4558,3,0,0.06582,0
-3,140,3900,4,0,0.1026,0
-3,141,2216,1,0,0.04513,0
-3,142,998,5,0,0.501,0
-3,143,274,0,0,0,0
-3,145,1470,2,0,0.1361,0
-3,146,2088,16,3,0.7663,14.37
-3,147,1644,1,0,0.06083,0
-3,149,1620,0,0,0,0
-3,150,3322,1,0,0.0301,0
-3,151,4670,2,1,0.04283,2.141
-3,152,3346,3,0,0.08966,0
-3,153,1956,4,0,0.2045,0
-3,154,1708,3,0,0.1756,0
-2,-98,78,0,0,0,0
-2,-97,130,0,0,0,0
-2,-96,164,0,0,0,0
-2,-95,126,0,0,0,0
-2,-94,72,0,0,0,0
-2,-93,3602,1,0,0.02776,0
-2,-92,2838,4,0,0.1409,0
-2,-91,5136,3,0,0.05841,0
-2,-90,2642,2,0,0.0757,0
-2,-89,796,0,0,0,0
-2,-88,8,0,0,0,0
-2,-87,64,0,0,0,0
-2,-86,80,0,0,0,0
-2,-83,1652,0,0,0,0
-2,-82,1826,1,0,0.05476,0
-2,-81,5830,380,1,6.518,1.715
-2,-80,5370,370,0,6.89,0
-2,-79,5546,287,0,5.175,0
-2,-78,4998,28,0,0.5602,0
-2,-77,5294,0,0,0,0
-2,-76,2266,0,0,0,0
-2,-75,4004,4,0,0.0999,0
-2,-74,2436,0,0,0,0
-2,-73,3399,0,0,0,0
-2,-72,1738,2,0,0.1151,0
-2,-71,2902,0,0,0,0
-2,-70,2254,1,0,0.04437,0
-2,-69,3846,0,0,0,0
-2,-68,1700,2,0,0.1176,0
-2,-67,3290,0,0,0,0
-2,-66,1638,0,0,0,0
-2,-65,3318,1,0,0.03014,0
-2,-64,1898,0,0,0,0
-2,-63,3650,2,0,0.05479,0
-2,-62,2064,2,0,0.0969,0
-2,-61,3319,0,0,0,0
-2,-60,2794,1,0,0.03579,0
-2,-59,3142,1,0,0.03183,0
-2,-58,3468,0,0,0,0
-2,-57,2706,0,0,0,0
-2,-56,3624,1,0,0.02759,0
-2,-55,1764,0,0,0,0
-2,-54,3200,6,0,0.1875,0
-2,-53,2008,1,0,0.0498,0
-2,-52,2810,3,0,0.1068,0
-2,-51,2824,0,0,0,0
-2,-50,2710,4,0,0.1476,0
-2,-49,2890,10,0,0.346,0
-2,-48,1742,1,0,0.05741,0
-2,-47,3458,3,0,0.08676,0
-2,-46,3336,1,0,0.02998,0
-2,-45,4488,48,0,1.07,0
-2,-44,3634,0,0,0,0
-2,-43,2042,2,0,0.09794,0
-2,-42,784,0,0,0,0
-2,-41,720,0,0,0,0
-2,-40,1838,0,0,0,0
-2,-39,1704,1,0,0.05869,0
-2,-38,3230,1,0,0.03096,0
-2,-37,1552,0,0,0,0
-2,-36,2280,2,0,0.08772,0
-2,-35,1002,1,0,0.0998,0
-2,-34,1334,1,0,0.07496,0
-2,-33,598,2,0,0.3344,0
-2,-32,396,1,0,0.2525,0
-2,6,1716,1,0,0.05828,0
-2,7,5100,1,0,0.01961,0
-2,8,1796,0,0,0,0
-2,9,3274,0,0,0,0
-2,10,2056,0,0,0,0
-2,11,2618,2,0,0.07639,0
-2,12,2668,0,0,0,0
-2,13,2114,3,0,0.1419,0
-2,14,3298,0,0,0,0
-2,15,1782,0,0,0,0
-2,16,3720,16,0,0.4301,0
-2,17,1868,5,0,0.2677,0
-2,18,3138,0,0,0,0
-2,19,1954,0,0,0,0
-2,20,2852,0,0,0,0
-2,21,2818,1,0,0.03549,0
-2,22,2464,0,0,0,0
-2,23,2880,0,0,0,0
-2,24,1848,2,0,0.1082,0
-2,25,3492,3,0,0.08591,0
-2,26,1830,5,0,0.2732,0
-2,27,2975,3,0,0.1008,0
-2,28,3722,46,1,1.236,2.687
-2,29,5380,23,0,0.4275,0
-2,30,5630,50,4,0.8881,7.105
-2,31,4962,12,0,0.2418,0
-2,32,3870,11,1,0.2842,2.584
-2,33,3468,9,0,0.2595,0
-2,34,2396,14,0,0.5843,0
-2,35,3508,15,0,0.4276,0
-2,36,2696,196,9,7.27,33.38
-2,37,3176,177,2,5.573,6.297
-2,38,2948,59,9,2.001,30.53
-2,39,2936,86,10,2.929,34.06
-2,40,3226,37,5,1.147,15.5
-2,41,2624,118,22,4.497,83.84
-2,42,3420,26,1,0.7602,2.924
-2,44,436,6,0,1.376,0
-2,45,1120,2,0,0.1786,0
-2,46,892,5,0,0.5605,0
-2,53,179,0,0,0,0
-2,54,88,1,0,1.136,0
-2,55,157,0,0,0,0
-2,56,53,0,0,0,0
-2,57,64,0,0,0,0
-2,58,32,0,0,0,0
-2,73,170,0,0,0,0
-2,97,304,1,0,0.3289,0
-2,98,2304,1,0,0.0434,0
-2,99,2598,11,1,0.4234,3.849
-2,100,4744,4,0,0.08432,0
-2,101,3758,16,0,0.4258,0
-2,102,4838,28,0,0.5788,0
-2,103,3732,45,2,1.206,5.359
-2,104,4054,38,0,0.9373,0
-2,105,3542,24,6,0.6776,16.94
-2,106,3634,2,0,0.05504,0
-2,107,1338,0,0,0,0
-2,108,3032,6,0,0.1979,0
-2,109,1510,1,0,0.06623,0
-2,110,3000,7,0,0.2333,0
-2,111,1482,3,0,0.2024,0
-2,112,3030,0,0,0,0
-2,113,1548,2,0,0.1292,0
-2,114,3294,7,0,0.2125,0
-2,115,1746,4,0,0.2291,0
-2,116,3258,23,1,0.706,3.069
-2,117,2540,12,2,0.4724,7.874
-2,118,4904,10,1,0.2039,2.039
-2,119,4814,26,1,0.5401,2.077
-2,120,5402,4,0,0.07405,0
-2,121,4111,132,3,3.211,7.297
-2,122,2410,41,0,1.701,0
-2,123,3878,9,1,0.2321,2.579
-2,124,2364,6,0,0.2538,0
-2,125,4596,12,1,0.2611,2.176
-2,126,2748,6,0,0.2183,0
-2,127,4102,7,0,0.1706,0
-2,128,1988,3,0,0.1509,0
-2,129,4302,3,0,0.06974,0
-2,130,4284,8,2,0.1867,4.669
-2,131,5710,6,0,0.1051,0
-2,132,4586,2,0,0.04361,0
-2,133,5160,6,0,0.1163,0
-2,134,4894,6,0,0.1226,0
-2,135,5324,6,2,0.1127,3.757
-2,136,4444,37,0,0.8326,0
-2,137,5038,4,0,0.0794,0
-2,138,4794,7,0,0.146,0
-2,139,3684,1,0,0.02714,0
-2,140,1742,5,0,0.287,0
-2,141,796,0,0,0,0
-2,145,1196,1,0,0.08361,0
-2,146,1320,1,0,0.07576,0
-2,147,968,2,0,0.2066,0
-2,149,518,0,0,0,0
-2,150,512,0,0,0,0
-2,151,1414,0,0,0,0
-1,-98,60,0,0,0,0
-1,-97,128,0,0,0,0
-1,-96,186,0,0,0,0
-1,-95,158,0,0,0,0
-1,-94,66,0,0,0,0
-1,-93,3396,4,0,0.1178,0
-1,-92,5886,9,0,0.1529,0
-1,-91,2604,0,0,0,0
-1,-90,4888,0,0,0,0
-1,-89,326,0,0,0,0
-1,-88,10,0,0,0,0
-1,-87,50,0,0,0,0
-1,-86,64,0,0,0,0
-1,-85,32,0,0,0,0
-1,-83,1222,0,0,0,0
-1,-82,1490,0,0,0,0
-1,-81,5804,183,0,3.153,0
-1,-80,3984,140,0,3.514,0
-1,-79,7735,325,0,4.202,0
-1,-78,3765,2,0,0.05312,0
-1,-77,5848,8,1,0.1368,1.71
-1,-76,2080,0,0,0,0
-1,-75,4222,3,0,0.07106,0
-1,-74,1890,2,0,0.1058,0
-1,-73,1908,1,0,0.05241,0
-1,-72,466,0,0,0,0
-1,-71,2218,1,0,0.04509,0
-1,-70,2112,2,0,0.0947,0
-1,-69,3174,1,0,0.03151,0
-1,-68,2238,0,0,0,0
-1,-67,2272,1,0,0.04401,0
-1,-66,2730,0,0,0,0
-1,-65,1966,0,0,0,0
-1,-64,3566,1,0,0.02804,0
-1,-63,2114,0,0,0,0
-1,-62,3550,2,0,0.05634,0
-1,-61,2556,0,0,0,0
-1,-60,3554,0,0,0,0
-1,-59,2800,0,0,0,0
-1,-58,2934,0,0,0,0
-1,-57,3610,0,0,0,0
-1,-56,2312,0,0,0,0
-1,-55,3234,0,0,0,0
-1,-54,1788,2,0,0.1119,0
-1,-53,3182,3,0,0.09428,0
-1,-52,2316,0,0,0,0
-1,-51,3008,0,0,0,0
-1,-50,2820,0,0,0,0
-1,-49,2036,1,0,0.04912,0
-1,-48,3178,1,0,0.03147,0
-1,-47,1738,0,0,0,0
-1,-46,4244,10,0,0.2356,0
-1,-45,2794,2,0,0.07158,0
-1,-44,3520,4,0,0.1136,0
-1,-43,180,0,0,0,0
-1,-42,360,0,0,0,0
-1,-41,180,0,0,0,0
-1,-40,1618,3,0,0.1854,0
-1,-39,1374,0,0,0,0
-1,-38,1578,1,0,0.06337,0
-1,-36,6,0,0,0,0
-1,-34,168,0,0,0,0
-1,-33,136,0,0,0,0
-1,-32,104,1,0,0.9615,0
-1,-5,32,0,0,0,0
-1,-3,56,0,0,0,0
-1,-2,32,0,0,0,0
-1,5,274,0,0,0,0
-1,6,4518,7,0,0.1549,0
-1,7,2550,4,0,0.1569,0
-1,8,5706,3,0,0.05258,0
-1,9,2316,0,0,0,0
-1,10,3212,0,0,0,0
-1,11,2080,0,0,0,0
-1,12,2924,1,0,0.0342,0
-1,13,2512,0,0,0,0
-1,14,2362,0,0,0,0
-1,15,3024,3,0,0.09921,0
-1,16,2172,2,0,0.09208,0
-1,17,3388,2,0,0.05903,0
-1,18,1744,0,0,0,0
-1,19,2996,2,0,0.06676,0
-1,20,2299,0,0,0,0
-1,21,2856,3,1,0.105,3.501
-1,22,2766,1,0,0.03615,0
-1,23,2076,3,0,0.1445,0
-1,24,3225,9,0,0.2791,0
-1,25,1776,0,0,0,0
-1,26,3546,12,0,0.3384,0
-1,27,1770,1,0,0.0565,0
-1,28,5588,16,1,0.2863,1.79
-1,29,3810,19,2,0.4987,5.249
-1,30,7542,53,3,0.7027,3.978
-1,31,3696,72,0,1.948,0
-1,32,5740,37,2,0.6446,3.484
-1,33,2034,5,0,0.2458,0
-1,34,4076,72,0,1.766,0
-1,35,2074,101,0,4.87,0
-1,36,3524,118,3,3.348,8.513
-1,37,2604,183,17,7.028,65.28
-1,38,3110,74,9,2.379,28.94
-1,39,3010,71,7,2.359,23.26
-1,40,3274,69,9,2.108,27.49
-1,41,5658,104,11,1.838,19.44
-1,42,3464,79,0,2.281,0
-1,43,2490,22,1,0.8835,4.016
-1,44,1526,29,0,1.9,0
-1,45,2508,9,0,0.3589,0
-1,46,1596,14,0,0.8772,0
-1,53,44,0,0,0,0
-1,54,50,2,1,4,200
-1,55,12,0,0,0,0
-1,56,18,0,0,0,0
-1,57,4,0,0,0,0
-1,58,4,0,0,0,0
-1,71,923,0,0,0,0
-1,72,924,3,0,0.3247,0
-1,73,876,1,0,0.1142,0
-1,96,1748,0,0,0,0
-1,97,1682,0,0,0,0
-1,98,3786,3,0,0.07924,0
-1,99,2351,5,0,0.2127,0
-1,100,5336,178,0,3.336,0
-1,101,2976,36,0,1.21,0
-1,102,5982,124,0,2.073,0
-1,103,3014,20,0,0.6636,0
-1,104,5410,23,2,0.4251,3.697
-1,105,2388,9,0,0.3769,0
-1,106,3726,1,0,0.02684,0
-1,107,1338,4,0,0.299,0
-1,108,2906,31,0,1.067,0
-1,109,1542,13,0,0.8431,0
-1,110,2530,13,1,0.5138,3.953
-1,111,1984,3,1,0.1512,5.04
-1,112,2254,4,0,0.1775,0
-1,113,2331,6,0,0.2574,0
-1,114,1855,4,0,0.2156,0
-1,115,3196,22,1,0.6884,3.129
-1,116,1746,0,0,0,0
-1,117,3024,4,1,0.1323,3.307
-1,118,1944,1,1,0.05144,5.144
-1,119,4560,51,2,1.118,4.386
-1,120,4980,39,0,0.7831,0
-1,121,2952,5,0,0.1694,0
-1,122,3072,3,2,0.09766,6.51
-1,123,2662,4,0,0.1503,0
-1,124,3602,10,2,0.2776,5.552
-1,125,1868,7,0,0.3747,0
-1,126,3622,9,0,0.2485,0
-1,127,2050,3,0,0.1463,0
-1,128,2846,1,0,0.03514,0
-1,129,4006,5,1,0.1248,2.496
-1,130,4288,8,0,0.1866,0
-1,131,6020,10,0,0.1661,0
-1,132,3714,4,0,0.1077,0
-1,133,5686,5,0,0.08794,0
-1,134,3132,54,0,1.724,0
-1,135,5044,7,0,0.1388,0
-1,136,1916,1,0,0.05219,0
-1,137,1902,2,0,0.1052,0
-1,138,286,0,0,0,0
-1,139,842,0,0,0,0
0,-97,174,0,0,0,0
0,-96,164,0,0,0,0
0,-95,130,1,0,0.7692,0
0,-94,138,0,0,0,0
0,-93,3688,1,0,0.02711,0
0,-92,3625,4,0,0.1103,0
0,-91,4156,5,0,0.1203,0
0,-90,3064,0,0,0,0
0,-89,1436,4,0,0.2786,0
0,-88,6,0,0,0,0
0,-87,54,1,0,1.852,0
0,-86,48,0,0,0,0
0,-85,48,0,0,0,0
0,-83,12,0,0,0,0
0,-82,18,0,0,0,0
0,-81,3936,12,0,0.3049,0
0,-80,4590,97,0,2.113,0
0,-79,7290,271,0,3.717,0
0,-78,3733,62,0,1.661,0
0,-77,5430,27,0,0.4972,0
0,-76,2442,2,0,0.0819,0
0,-75,2464,1,0,0.04058,0
0,-74,708,0,0,0,0
0,-73,880,0,0,0,0
0,-72,824,1,0,0.1214,0
0,-71,918,2,0,0.2179,0
0,-70,3690,2,0,0.0542,0
0,-69,2302,2,0,0.08688,0
0,-68,3170,2,0,0.06309,0
0,-67,2744,2,0,0.07289,0
0,-66,2430,0,0,0,0
0,-65,3184,0,0,0,0
0,-64,2376,2,0,0.08418,0
0,-63,3542,0,0,0,0
0,-62,2346,0,0,0,0
0,-61,3826,3,0,0.07841,0
0,-60,2498,0,0,0,0
0,-59,3362,0,0,0,0
0,-58,3050,0,0,0,0
0,-57,3030,0,0,0,0
0,-56,2824,0,0,0,0
0,-55,2264,0,0,0,0
0,-54,3294,0,0,0,0
0,-53,1900,2,0,0.1053,0
0,-52,3868,3,0,0.07756,0
0,-51,2360,5,0,0.2119,0
0,-50,3414,0,0,0,0
0,-49,1740,1,0,0.05747,0
0,-48,3474,1,0,0.02879,0
0,-47,1734,0,0,0,0
0,-46,3432,8,0,0.2331,0
0,-45,1698,0,0,0,0
0,-44,1878,4,1,0.213,5.325
0,-43,180,0,0,0,0
0,-42,330,0,0,0,0
0,-41,210,0,0,0,0
0,-40,1288,4,0,0.3106,0
0,-39,888,1,0,0.1126,0
0,-38,656,2,0,0.3049,0
0,-11,264,0,0,0,0
0,-10,264,0,0,0,0
0,-9,554,0,0,0,0
0,-8,274,0,0,0,0
0,-7,1158,10,4,0.8636,34.54
0,-6,1158,1,0,0.08636,0
0,-5,1028,1,0,0.09728,0
0,-4,268,0,0,0,0
0,-3,520,0,0,0,0
0,-2,190,0,0,0,0
0,-1,364,0,0,0,0
0,0,104,0,0,0,0
0,1,144,0,0,0,0
0,2,48,0,0,0,0
0,3,32,0,0,0,0
0,4,2250,2,0,0.08889,0
0,5,3990,2,0,0.05013,0
0,6,3970,0,0,0,0
0,7,5970,8,0,0.134,0
0,8,3959,1,0,0.02526,0
0,9,5164,12,0,0.2324,0
0,10,1784,0,0,0,0
0,11,3484,0,0,0,0
0,12,1962,3,1,0.1529,5.097
0,13,2920,2,0,0.06849,0
0,14,2446,2,0,0.08177,0
0,15,2394,1,0,0.04177,0
0,16,3028,0,0,0,0
0,17,1934,4,0,0.2068,0
0,18,3395,5,0,0.1473,0
0,19,1718,1,0,0.05821,0
0,20,3570,3,0,0.08403,0
0,21,2106,0,0,0,0
0,22,3523,3,0,0.08515,0
0,23,1824,2,0,0.1096,0
0,24,3458,5,0,0.1446,0
0,25,1816,2,0,0.1101,0
0,26,3506,7,0,0.1997,0
0,27,1770,2,0,0.113,0
0,28,5560,11,0,0.1978,0
0,29,4078,9,0,0.2207,0
0,30,7258,59,1,0.8129,1.378
0,31,3796,46,1,1.212,2.634
0,32,5650,482,3,8.531,5.31
0,33,2156,17,0,0.7885,0
0,34,3786,72,2,1.902,5.283
0,35,2240,36,0,1.607,0
0,36,3770,27,5,0.7162,13.26
0,37,2350,58,5,2.468,21.28
0,38,3762,102,14,2.711,37.21
0,39,2343,21,2,0.8963,8.536
0,40,3773,67,13,1.776,34.46
0,41,4405,47,11,1.067,24.97
0,42,4740,41,1,0.865,2.11
0,43,2224,29,2,1.304,8.993
0,44,2828,50,3,1.768,10.61
0,45,1599,11,1,0.6879,6.254
0,46,3320,79,7,2.38,21.08
0,72,1764,0,0,0,0
0,73,882,1,0,0.1134,0
0,96,3168,2,0,0.06313,0
0,97,4628,9,2,0.1945,4.322
0,98,4122,23,0,0.558,0
0,99,3280,178,4,5.427,12.2
0,100,4428,44,5,0.9937,11.29
0,101,3088,163,2,5.278,6.477
0,102,5668,55,4,0.9704,7.057
0,103,3260,60,6,1.84,18.4
0,104,5093,52,6,1.021,11.78
0,105,2722,0,0,0,0
0,106,2834,4,0,0.1411,0
0,107,2516,13,1,0.5167,3.975
0,108,1494,8,0,0.5355,0
0,109,3084,31,0,1.005,0
0,110,1542,9,0,0.5837,0
0,111,2748,10,0,0.3639,0
0,112,1734,0,0,0,0
0,113,2570,23,4,0.8949,15.56
0,114,2312,7,0,0.3028,0
0,115,2322,4,1,0.1723,4.307
0,116,2916,45,0,1.543,0
0,117,1524,10,0,0.6562,0
0,118,3232,5,0,0.1547,0
0,119,2560,3,0,0.1172,0
0,120,3946,7,1,0.1774,2.534
0,121,2724,26,0,0.9545,0
0,122,2836,6,0,0.2116,0
0,123,3260,50,1,1.534,3.067
0,124,2374,9,0,0.3791,0
0,125,3176,2,0,0.06297,0
0,126,1734,2,0,0.1153,0
0,127,3444,132,0,3.833,0
0,128,1710,1,0,0.05848,0
0,129,4270,7,0,0.1639,0
0,130,4594,12,0,0.2612,0
0,131,2792,1,0,0.03582,0
0,132,1840,0,0,0,0
0,133,402,2,0,0.4975,0
1,-97,182,0,0,0,0
1,-96,166,1,0,0.6024,0
1,-95,158,0,0,0,0
1,-94,210,0,0,0,0
1,-93,1120,3,0,0.2679,0
1,-92,930,0,0,0,0
1,-91,1426,3,1,0.2104,7.013
1,-90,700,0,0,0,0
1,-89,134,0,0,0,0
1,-88,6,0,0,0,0
1,-87,54,0,0,0,0
1,-86,48,0,0,0,0
1,-85,48,0,0,0,0
1,-83,2,0,0,0,0
1,-82,10,0,0,0,0
1,-81,1896,7,0,0.3692,0
1,-80,5098,92,0,1.805,0
1,-79,2246,4,0,0.1781,0
1,-78,6888,106,0,1.539,0
1,-77,2602,58,0,2.229,0
1,-76,3694,21,0,0.5685,0
1,-75,2542,3,0,0.118,0
1,-74,1706,2,0,0.1172,0
1,-73,2972,4,0,0.1346,0
1,-72,1128,0,0,0,0
1,-71,1608,1,0,0.06219,0
1,-70,1386,0,0,0,0
1,-69,1468,1,0,0.06812,0
1,-68,2046,2,0,0.09775,0
1,-67,3768,1,0,0.02654,0
1,-66,2234,2,0,0.08953,0
1,-65,3080,0,0,0,0
1,-64,2888,0,0,0,0
1,-63,2496,0,0,0,0
1,-62,3774,0,0,0,0
1,-61,2442,8,0,0.3276,0
1,-60,3900,1,0,0.02564,0
1,-59,2612,0,0,0,0
1,-58,3890,0,0,0,0
1,-57,2592,1,0,0.03858,0
1,-56,3726,0,0,0,0
1,-55,2490,1,0,0.04016,0
1,-54,3860,4,0,0.1036,0
1,-53,2100,0,0,0,0
1,-52,4130,0,0,0,0
1,-51,2188,0,0,0,0
1,-50,3424,2,0,0.05841,0
1,-49,1740,0,0,0,0
1,-48,3196,3,1,0.09387,3.129
1,-47,2012,5,0,0.2485,0
1,-46,2582,1,0,0.03873,0
1,-45,2548,2,0,0.07849,0
1,-44,1730,2,0,0.1156,0
1,-43,330,0,0,0,0
1,-42,180,0,0,0,0
1,-41,360,0,0,0,0
1,-40,180,0,0,0,0
1,-13,1104,0,0,0,0
1,-11,2550,0,0,0,0
1,-10,2522,0,0,0,0
1,-9,2024,0,0,0,0
1,-8,3138,1,0,0.03187,0
1,-7,1654,8,4,0.4837,24.18
1,-6,3200,17,8,0.5312,25
1,-5,1260,0,0,0,0
1,-4,1808,1,0,0.05531,0
1,-3,338,0,0,0,0
1,-2,518,0,0,0,0
1,-1,471,0,0,0,0
1,0,440,0,0,0,0
1,1,520,0,0,0,0
1,2,1662,0,0,0,0
1,3,3616,1,0,0.02765,0
1,4,1710,0,0,0,0
1,5,4548,0,0,0,0
1,6,3992,0,0,0,0
1,7,5959,4,0,0.06713,0
1,8,4332,1,0,0.02308,0
1,9,5478,9,0,0.1643,0
1,10,4886,14,0,0.2865,0
1,11,3266,0,0,0,0
1,12,3456,2,0,0.05787,0
1,13,2696,0,0,0,0
1,14,3962,3,0,0.07572,0
1,15,2152,0,0,0,0
1,16,3515,0,0,0,0
1,17,1814,0,0,0,0
1,18,3420,3,0,0.08772,0
1,19,1680,1,0,0.05952,0
1,20,3654,3,0,0.0821,0
1,21,1968,0,0,0,0
1,22,3234,1,0,0.03092,0
1,23,2062,0,0,0,0
1,24,2910,3,0,0.1031,0
1,25,2372,1,0,0.04216,0
1,26,2638,4,0,0.1516,0
1,27,3120,9,0,0.2885,0
1,28,3977,9,1,0.2263,2.514
1,29,6774,13,2,0.1919,2.952
1,30,3430,8,0,0.2332,0
1,31,7208,12,1,0.1665,1.387
1,32,3996,23,0,0.5756,0
1,33,3112,15,0,0.482,0
1,34,2808,20,0,0.7123,0
1,35,2358,65,3,2.757,12.72
1,36,3408,10,2,0.2934,5.869
1,37,2012,5,3,0.2485,14.91
1,38,4071,49,9,1.204,22.11
1,39,2046,22,7,1.075,34.21
1,40,4080,56,9,1.373,22.06
1,41,3582,126,15,3.518,41.88
1,42,4884,54,3,1.106,6.143
1,43,2786,60,6,2.154,21.54
1,44,2556,44,3,1.721,11.74
1,45,3356,165,9,4.917,26.82
1,46,1912,47,5,2.458,26.15
1,47,2418,71,3,2.936,12.41
1,48,738,29,2,3.93,27.1
1,49,990,49,1,4.949,10.1
1,72,1062,0,0,0,0
1,73,1610,2,0,0.1242,0
1,94,2,0,0,0,0
1,95,22,0,0,0,0
1,96,3746,10,0,0.267,0
1,97,4890,3,0,0.06135,0
1,98,4726,14,0,0.2962,0
1,99,3784,54,2,1.427,5.285
1,100,2294,61,11,2.659,47.95
1,101,5830,246,1,4.22,1.715
1,102,3018,156,15,5.169,49.7
1,103,5630,136,11,2.416,19.54
1,104,3570,80,3,2.241,8.403
1,105,3700,22,1,0.5946,2.703
1,106,1772,3,0,0.1693,0
1,107,2038,3,0,0.1472,0
1,108,2630,12,0,0.4563,0
1,109,1850,11,0,0.5946,0
1,110,2930,13,0,0.4437,0
1,111,1494,7,1,0.4685,6.693
1,112,2748,7,1,0.2547,3.639
1,113,1872,4,0,0.2137,0
1,114,2456,7,0,0.285,0
1,115,2550,5,0,0.1961,0
1,116,2328,0,0,0,0
1,117,2676,14,0,0.5232,0
1,118,1520,3,0,0.1974,0
1,119,3550,11,0,0.3099,0
1,120,2460,4,0,0.1626,0
1,121,3904,16,0,0.4098,0
1,122,2320,8,2,0.3448,8.621
1,123,3764,17,0,0.4516,0
1,124,2172,13,0,0.5985,0
1,125,3474,14,0,0.403,0
1,126,1734,9,0,0.519,0
1,127,3444,12,0,0.3484,0
1,128,1710,1,0,0.05848,0
1,129,2822,4,0,0.1417,0
1,130,1112,5,0,0.4496,0
1,131,556,0,0,0,0
2,-97,122,0,0,0,0
2,-96,188,0,0,0,0
2,-95,158,0,0,0,0
2,-94,104,0,0,0,0
2,-93,48,0,0,0,0
2,-92,42,0,0,0,0
2,-91,44,0,0,0,0
2,-90,62,0,0,0,0
2,-88,4,0,0,0,0
2,-87,2,0,0,0,0
2,-86,32,0,0,0,0
2,-80,474,0,0,0,0
2,-79,1602,3,0,0.1873,0
2,-78,3792,19,3,0.5011,7.911
2,-77,4090,115,0,2.812,0
2,-76,2272,155,1,6.822,4.401
2,-75,3680,16,3,0.4348,8.152
2,-74,2840,7,0,0.2465,0
2,-73,3304,42,0,1.271,0
2,-72,2146,1,0,0.0466,0
2,-71,1100,0,0,0,0
2,-70,1000,0,0,0,0
2,-69,350,0,0,0,0
2,-68,1420,2,0,0.1408,0
2,-67,970,0,0,0,0
2,-66,2352,0,0,0,0
2,-65,2198,0,0,0,0
2,-64,3746,0,0,0,0
2,-63,2404,1,0,0.0416,0
2,-62,3762,4,0,0.1063,0
2,-61,2406,10,0,0.4156,0
2,-60,3670,1,0,0.02725,0
2,-59,2402,0,0,0,0
2,-58,3592,0,0,0,0
2,-57,2588,0,0,0,0
2,-56,3761,0,0,0,0
2,-55,4558,0,0,0,0
2,-54,5296,3,0,0.05665,0
2,-53,5680,2,0,0.03521,0
2,-52,3382,5,0,0.1478,0
2,-51,3940,0,0,0,0
2,-50,1972,0,0,0,0
2,-49,3194,2,0,0.06262,0
2,-48,1708,1,0,0.05855,0
2,-47,3072,5,1,0.1628,3.255
2,-46,1850,2,0,0.1081,0
2,-45,2560,3,0,0.1172,0
2,-44,1904,3,0,0.1576,0
2,-43,210,0,0,0,0
2,-42,330,0,0,0,0
2,-41,180,0,0,0,0
2,-40,360,0,0,0,0
2,-14,1424,0,0,0,0
2,-13,1970,0,0,0,0
2,-12,2532,0,0,0,0
2,-11,2600,0,0,0,0
2,-10,2274,1,0,0.04398,0
2,-9,2894,1,0,0.03455,0
2,-8,1728,0,0,0,0
2,-7,3384,13,8,0.3842,23.64
2,-6,1692,4,0,0.2364,0
2,-5,2954,0,0,0,0
2,-4,2350,0,0,0,0
2,-3,478,0,0,0,0
2,-2,536,0,0,0,0
2,-1,380,0,0,0,0
2,0,640,0,0,0,0
2,1,1948,0,0,0,0
2,2,5160,0,0,0,0
2,3,2832,4,0,0.1412,0
2,4,5070,3,2,0.05917,3.945
2,5,3408,2,0,0.05869,0
2,6,5952,3,0,0.0504,0
2,7,4248,2,0,0.04708,0
2,8,5392,7,0,0.1298,0
2,9,4940,0,0,0,0
2,10,4734,3,1,0.06337,2.112
2,11,4520,0,0,0,0
2,12,3840,0,0,0,0
2,13,4465,0,0,0,0
2,14,4500,0,0,0,0
2,15,5140,1,0,0.01946,0
2,16,4494,2,0,0.0445,0
2,17,3314,0,0,0,0
2,18,2672,0,0,0,0
2,19,2538,6,0,0.2364,0
2,20,2010,2,0,0.0995,0
2,21,3246,1,0,0.03081,0
2,22,1760,3,0,0.1705,0
2,23,3428,3,0,0.08751,0
2,24,1742,1,0,0.05741,0
2,25,2940,5,0,0.1701,0
2,26,2388,2,0,0.08375,0
2,27,2740,6,1,0.219,3.65
2,28,5862,20,0,0.3412,0
2,29,3909,14,1,0.3581,2.558
2,30,5834,40,0,0.6856,0
2,31,4630,59,0,1.274,0
2,32,6276,13,0,0.2071,0
2,33,2886,11,3,0.3812,10.4
2,34,2323,8,0,0.3444,0
2,35,3292,21,3,0.6379,9.113
2,36,2138,8,0,0.3742,0
2,37,3780,27,7,0.7143,18.52
2,38,2198,87,15,3.958,68.24
2,39,3824,101,10,2.641,26.15
2,40,2630,35,2,1.331,7.605
2,41,5346,250,25,4.676,46.76
2,42,3084,61,2,1.978,6.485
2,43,3918,50,3,1.276,7.657
2,44,2222,35,1,1.575,4.5
2,45,3674,110,16,2.994,43.55
2,46,2450,52,3,2.122,12.24
2,47,3552,115,10,3.238,28.15
2,48,1874,57,3,3.042,16.01
2,49,1644,73,7,4.44,42.58
2,72,894,0,0,0,0
2,73,1068,0,0,0,0
2,74,730,1,0,0.137,0
2,95,3316,5,0,0.1508,0
2,96,3602,12,0,0.3331,0
2,97,5676,14,0,0.2467,0
2,98,5294,50,0,0.9445,0
2,99,2924,18,1,0.6156,3.42
2,100,3866,44,3,1.138,7.76
2,101,3228,29,1,0.8984,3.098
2,102,5394,86,13,1.594,24.1
2,103,3570,15,0,0.4202,0
2,104,5280,72,13,1.364,24.62
2,105,3312,10,2,0.3019,6.039
2,106,1156,5,0,0.4325,0
2,107,1866,16,2,0.8574,10.72
2,108,2120,38,1,1.792,4.717
2,109,2750,17,2,0.6182,7.273
2,110,1976,11,1,0.5567,5.061
2,111,2910,11,3,0.378,10.31
2,112,1502,3,0,0.1997,0
2,113,3136,5,0,0.1594,0
2,114,1632,5,1,0.3064,6.127
2,115,3172,3,0,0.09458,0
2,116,1746,2,0,0.1145,0
2,117,3258,22,0,0.6753,0
2,118,1512,4,0,0.2646,0
2,119,3192,23,1,0.7206,3.133
2,120,1680,37,4,2.202,23.81
2,121,3360,17,0,0.506,0
2,122,1680,6,1,0.3571,5.952
2,123,3420,18,2,0.5263,5.848
2,124,1756,16,0,0.9112,0
2,125,3154,19,2,0.6024,6.341
2,126,2064,7,0,0.3391,0
2,127,2874,8,1,0.2784,3.479
2,128,2254,2,0,0.08873,0
2,129,1138,1,0,0.08787,0
2,135,292,1,0,0.3425,0
2,136,282,2,2,0.7092,70.92
2,137,432,0,0,0,0
3,-97,110,0,0,0,0
3,-96,178,0,0,0,0
3,-95,204,0,0,0,0
3,-94,90,0,0,0,0
3,-80,544,5,0,0.9191,0
3,-79,782,1,0,0.1279,0
3,-78,2880,30,2,1.042,6.944
3,-77,2876,287,2,9.979,6.954
3,-76,3742,129,0,3.447,0
3,-75,2254,46,1,2.041,4.437
3,-74,4050,31,0,0.7654,0
3,-73,2544,3,0,0.1179,0
3,-72,2896,12,2,0.4144,6.906
3,-71,1242,1,0,0.08052,0
3,-70,1154,0,0,0,0
3,-69,590,0,0,0,0
3,-68,472,0,0,0,0
3,-67,420,0,0,0,0
3,-66,2184,1,0,0.04579,0
3,-65,1976,0,0,0,0
3,-64,3842,2,0,0.05206,0
3,-63,2116,0,0,0,0
3,-62,3664,2,0,0.05459,0
3,-61,2418,0,0,0,0
3,-60,2534,4,0,0.1579,0
3,-59,1942,0,0,0,0
3,-58,1794,0,0,0,0
3,-57,3634,0,0,0,0
3,-56,2324,2,0,0.08606,0
3,-55,5764,0,0,0,0
3,-54,3926,0,0,0,0
3,-53,7024,3,0,0.04271,0
3,-52,4386,1,0,0.0228,0
3,-51,4198,0,0,0,0
3,-50,2998,0,0,0,0
3,-49,1846,0,0,0,0
3,-48,2642,2,0,0.0757,0
3,-47,1472,1,0,0.06793,0
3,-46,2670,7,0,0.2622,0
3,-45,1678,2,0,0.1192,0
3,-44,2150,5,0,0.2326,0
3,-43,886,1,0,0.1129,0
3,-42,240,0,0,0,0
3,-41,300,0,0,0,0
3,-40,180,0,0,0,0
3,-39,180,2,0,1.111,0
3,-16,274,0,0,0,0
3,-14,1698,0,0,0,0
3,-13,1698,0,0,0,0
3,-12,3426,1,0,0.02919,0
3,-11,1728,0,0,0,0
3,-10,3444,0,0,0,0
3,-9,1716,0,0,0,0
3,-8,3472,1,0,0.0288,0
3,-7,1732,2,0,0.1155,0
3,-6,3426,2,0,0.05838,0
3,-5,2454,0,0,0,0
3,-4,2132,0,0,0,0
3,-3,534,0,0,0,0
3,-2,420,0,0,0,0
3,-1,618,0,0,0,0
3,0,348,0,0,0,0
3,1,4056,0,0,0,0
3,2,3786,0,0,0,0
3,3,4532,1,0,0.02207,0
3,4,5680,3,0,0.05282,0
3,5,3970,1,0,0.02519,0
3,6,6292,1,0,0.01589,0
3,7,3670,1,0,0.02725,0
3,8,6246,584,1,9.35,1.601
3,9,3802,18,0,0.4734,0
3,10,5276,0,0,0,0
3,11,1898,230,0,12.12,0
3,12,2808,0,0,0,0
3,13,2916,0,0,0,0
3,14,2552,1,0,0.03918,0
3,15,6760,5,0,0.07396,0
3,16,3588,27,13,0.7525,36.23
3,17,5940,1,0,0.01684,0
3,18,2208,2,0,0.09058,0
3,19,3044,4,0,0.1314,0
3,20,2650,2,0,0.07547,0
3,21,2256,0,0,0,0
3,22,3334,0,0,0,0
3,23,2014,3,0,0.149,0
3,24,3128,2,0,0.06394,0
3,25,1836,2,0,0.1089,0
3,26,3198,4,0,0.1251,0
3,27,2070,6,0,0.2899,0
3,28,2778,1,0,0.036,0
3,29,4342,12,1,0.2764,2.303
3,30,4094,18,0,0.4397,0
3,31,5966,16,0,0.2682,0
3,32,4560,15,0,0.3289,0
3,33,4250,8,0,0.1882,0
3,34,3130,1,0,0.03195,0
3,35,2182,18,5,0.8249,22.91
3,36,3910,16,1,0.4092,2.558
3,37,4058,52,3,1.281,7.393
3,38,4614,249,23,5.397,49.85
3,39,6629,163,12,2.459,18.1
3,40,4650,39,3,0.8387,6.452
3,41,6555,69,11,1.053,16.78
3,42,2250,49,2,2.178,8.889
3,43,3956,54,4,1.365,10.11
3,44,2268,20,0,0.8818,0
3,45,3538,90,15,2.544,42.4
3,46,2610,171,16,6.552,61.3
3,47,2964,113,11,3.812,37.11
3,48,2965,78,12,2.631,40.47
3,49,1866,88,10,4.716,53.59
3,71,104,0,0,0,0
3,72,1058,0,0,0,0
3,73,954,0,0,0,0
3,74,954,1,0,0.1048,0
3,78,8,0,0,0,0
3,79,10,0,0,0,0
3,80,12,0,0,0,0
3,95,3363,12,1,0.3568,2.974
3,96,4514,16,1,0.3545,2.215
3,97,5468,21,1,0.3841,1.829
3,98,5040,493,1,9.782,1.984
3,99,4662,219,1,4.698,2.145
3,100,2406,24,2,0.9975,8.313
3,101,4878,202,15,4.141,30.75
3,102,3662,33,4,0.9011,10.92
3,103,5148,51,3,0.9907,5.828
3,104,3956,42,4,1.062,10.11
3,105,3880,43,1,1.108,2.577
3,106,774,7,1,0.9044,12.92
3,107,2492,23,0,0.923,0
3,108,1590,28,3,1.761,18.87
3,109,2704,25,2,0.9246,7.396
3,110,1114,15,1,1.346,8.977
3,111,2116,20,2,0.9452,9.452
3,112,1554,14,0,0.9009,0
3,113,3224,25,3,0.7754,9.305
3,114,1648,9,0,0.5461,0
3,115,3354,8,0,0.2385,0
3,116,1746,4,0,0.2291,0
3,117,2998,11,1,0.3669,3.336
3,118,1856,3,0,0.1616,0
3,119,2422,10,0,0.4129,0
3,120,2534,13,0,0.513,0
3,121,2240,10,1,0.4464,4.464
3,122,2800,7,0,0.25,0
3,123,1680,18,3,1.071,17.86
3,124,3500,39,3,1.114,8.571
3,125,1752,13,2,0.742,11.42
3,126,3182,13,1,0.4085,3.143
3,127,2052,5,0,0.2437,0
3,128,282,2,0,0.7092,0
3,129,2,0,0,0,0
3,133,108,0,0,0,0
3,134,360,0,0,0,0
3,135,384,0,0,0,0
3,136,330,3,0,0.9091,0
3,137,312,1,0,0.3205,0
3,138,180,0,0,0,0
4,-97,102,0,0,0,0
4,-96,182,1,0,0.5495,0
4,-95,176,0,0,0,0
4,-94,104,0,0,0,0
4,-93,6,0,0,0,0
4,-80,306,0,0,0,0
4,-79,306,0,0,0,0
4,-78,2706,15,0,0.5543,0
4,-77,2394,50,0,2.089,0
4,-76,4478,202,0,4.511,0
4,-75,2091,201,0,9.613,0
4,-74,4356,125,0,2.87,0
4,-73,2266,24,0,1.059,0
4,-72,3568,12,0,0.3363,0
4,-71,1248,0,0,0,0
4,-70,1400,7,0,0.5,0
4,-69,582,8,0,1.375,0
4,-68,372,0,0,0,0
4,-67,622,0,0,0,0
4,-66,580,0,0,0,0
4,-65,716,0,0,0,0
4,-64,426,0,0,0,0
4,-63,3854,2,0,0.05189,0
4,-62,1776,9,0,0.5068,0
4,-61,3254,0,0,0,0
4,-60,2740,3,0,0.1095,0
4,-59,1774,0,0,0,0
4,-58,1946,1,0,0.05139,0
4,-57,2356,2,0,0.08489,0
4,-56,3840,0,0,0,0
4,-55,3796,0,0,0,0
4,-54,6942,2,0,0.02881,0
4,-53,4320,4,0,0.09259,0
4,-52,5872,2,0,0.03406,0
4,-51,3378,1,0,0.0296,0
4,-50,2312,0,0,0,0
4,-49,2584,4,0,0.1548,0
4,-48,1436,0,0,0,0
4,-47,2884,2,1,0.06935,3.467
4,-46,1464,5,0,0.3415,0
4,-45,2892,2,0,0.06916,0
4,-44,1630,2,0,0.1227,0
4,-43,1420,2,0,0.1408,0
4,-42,176,0,0,0,0
4,-41,354,0,0,0,0
4,-40,180,0,0,0,0
4,-39,180,0,0,0,0
4,-16,1734,0,0,0,0
4,-15,2436,0,0,0,0
4,-14,2390,0,0,0,0
4,-13,1716,0,0,0,0
4,-12,3448,0,0,0,0
4,-11,1768,0,0,0,0
4,-10,3580,3,0,0.0838,0
4,-9,1812,0,0,0,0
4,-8,3548,0,0,0,0
4,-7,1758,0,0,0,0
4,-6,3904,0,0,0,0
4,-5,2168,1,0,0.04613,0
4,-4,3688,1,0,0.02711,0
4,-3,1524,63,0,4.134,0
4,-2,1885,1,0,0.05305,0
4,-1,658,0,0,0,0
4,0,2324,0,0,0,0
4,1,2156,0,0,0,0
4,2,4352,0,0,0,0
4,3,4546,1,0,0.022,0
4,4,4596,0,0,0,0
4,5,5820,0,0,0,0
4,6,3539,75,0,2.119,0
4,7,6800,380,0,5.588,0
4,8,3426,0,0,0,0
4,9,6404,8,0,0.1249,0
4,10,4094,16,0,0.3908,0
4,11,2758,1,0,0.03626,0
4,12,2746,0,0,0,0
4,13,2388,0,0,0,0
4,14,3902,0,0,0,0
4,15,3630,9,0,0.2479,0
4,16,6286,28,0,0.4454,0
4,17,2090,2,0,0.09569,0
4,18,3806,6,0,0.1576,0
4,19,2324,0,0,0,0
4,20,3088,1,0,0.03238,0
4,21,3102,0,0,0,0
4,22,2774,1,0,0.03605,0
4,23,3118,6,0,0.1924,0
4,24,2248,0,0,0,0
4,25,3494,2,0,0.05724,0
4,26,1872,1,0,0.05342,0
4,27,3684,6,0,0.1629,0
4,28,1715,0,0,0,0
4,29,3680,13,0,0.3533,0
4,30,2248,3,1,0.1335,4.448
4,31,5092,19,0,0.3731,0
4,32,2852,4,0,0.1403,0
4,33,6106,16,2,0.262,3.275
4,34,2998,7,0,0.2335,0
4,35,6904,57,4,0.8256,5.794
4,36,3714,26,2,0.7001,5.385
4,37,5394,72,6,1.335,11.12
4,38,3280,34,2,1.037,6.098
4,39,3982,97,10,2.436,25.11
4,40,5307,121,11,2.28,20.73
4,41,4036,37,0,0.9167,0
4,42,3732,30,4,0.8039,10.72
4,43,2014,27,3,1.341,14.9
4,44,4012,33,1,0.8225,2.493
4,45,2018,32,3,1.586,14.87
4,46,3426,76,2,2.218,5.838
4,47,2746,67,0,2.44,0
4,48,2980,61,5,2.047,16.78
4,49,3106,137,16,4.411,51.51
4,70,208,0,0,0,0
4,71,156,0,0,0,0
4,72,926,0,0,0,0
4,73,1138,2,0,0.1757,0
4,74,954,3,0,0.3145,0
4,78,2,0,0,0,0
4,79,26,0,0,0,0
4,80,16,0,0,0,0
4,81,2,0,0,0,0
4,93,832,3,0,0.3606,0
4,94,832,1,0,0.1202,0
4,95,4326,27,5,0.6241,11.56
4,96,3234,8,0,0.2474,0
4,97,6870,81,0,1.179,0
4,98,3673,56,4,1.525,10.89
4,99,6196,34,5,0.5487,8.07
4,100,2410,33,4,1.369,16.6
4,101,5688,32,4,0.5626,7.032
4,102,3236,51,1,1.576,3.09
4,103,6368,79,3,1.241,4.711
4,104,3116,32,1,1.027,3.209
4,105,3728,49,8,1.314,21.46
4,106,592,5,2,0.8446,33.78
4,107,1996,17,2,0.8517,10.02
4,108,1568,16,3,1.02,19.13
4,109,1044,14,0,1.341,0
4,111,812,3,0,0.3695,0
4,112,2512,8,0,0.3185,0
4,113,2066,17,0,0.8228,0
4,114,2658,10,1,0.3762,3.762
4,115,1714,3,0,0.175,0
4,116,3492,14,0,0.4009,0
4,117,1746,5,0,0.2864,0
4,118,3086,19,1,0.6157,3.24
4,119,1954,15,1,0.7677,5.118
4,120,2796,14,0,0.5007,0
4,121,2244,10,2,0.4456,8.913
4,122,2240,21,0,0.9375,0
4,123,2800,16,4,0.5714,14.29
4,124,2036,14,0,0.6876,0
4,125,3224,22,2,0.6824,6.203
4,126,1746,13,3,0.7446,17.18
4,127,2938,9,1,0.3063,3.404
4,128,322,1,0,0.3106,0
4,129,14,0,0,0,0
4,130,10,0,0,0,0
4,132,230,0,0,0,0
4,133,176,0,0,0,0
4,134,454,2,0,0.4405,0
4,135,280,0,0,0,0
4,136,512,2,0,0.3906,0
4,137,246,0,0,0,0
4,138,246,0,0,0,0
4,157,18,0,0,0,0
4,158,4,0,0,0,0
5,-98,30,0,0,0,0
5,-97,30,0,0,0,0
5,-96,196,0,0,0,0
5,-95,200,0,0,0,0
5,-94,78,0,0,0,0
5,-93,60,0,0,0,0
5,-80,306,0,0,0,0
5,-79,306,0,0,0,0
5,-78,2700,6,0,0.2222,0
5,-77,2396,4,0,0.1669,0
5,-76,4082,72,0,1.764,0
5,-75,2506,87,0,3.472,0
5,-74,3064,55,0,1.795,0
5,-73,3590,80,1,2.228,2.786
5,-72,2520,10,0,0.3968,0
5,-71,2366,9,0,0.3804,0
5,-70,1650,0,0,0,0
5,-69,780,1,0,0.1282,0
5,-68,1162,4,0,0.3442,0
5,-67,310,2,0,0.6452,0
5,-66,680,1,0,0.1471,0
5,-65,348,0,0,0,0
5,-64,584,0,0,0,0
5,-63,1436,0,0,0,0
5,-62,2412,1,0,0.04146,0
5,-61,1724,2,0,0.116,0
5,-60,2394,0,0,0,0
5,-59,1670,77,0,4.611,0
5,-58,1722,0,0,0,0
5,-57,2948,2,0,0.06784,0
5,-56,2356,0,0,0,0
5,-55,6598,7,0,0.1061,0
5,-54,4470,1,0,0.02237,0
5,-53,6138,5,0,0.08146,0
5,-52,5118,0,0,0,0
5,-51,3478,3,0,0.08626,0
5,-50,1784,0,0,0,0
5,-49,3080,2,0,0.06494,0
5,-48,1428,0,0,0,0
5,-47,2068,0,0,0,0
5,-46,832,1,0,0.1202,0
5,-45,1010,1,0,0.09901,0
5,-44,184,0,0,0,0
5,-43,294,0,0,0,0
5,-42,120,0,0,0,0
5,-41,190,0,0,0,0
5,-40,98,0,0,0,0
5,-39,38,0,0,0,0
5,-16,2040,0,0,0,0
5,-15,3180,0,0,0,0
5,-14,1698,0,0,0,0
5,-13,3396,0,0,0,0
5,-12,1788,0,0,0,0
5,-11,3220,0,0,0,0
5,-10,2144,0,0,0,0
5,-9,2638,1,0,0.03791,0
5,-8,2696,2,0,0.07418,0
5,-7,2047,0,0,0,0
5,-6,3492,2,0,0.05727,0
5,-5,2162,4,0,0.185,0
5,-4,4252,33,0,0.7761,0
5,-3,2142,1,0,0.04669,0
5,-2,4186,16,0,0.3822,0
5,-1,2184,122,0,5.586,0
5,0,4128,235,0,5.693,0
5,1,2168,0,0,0,0
5,2,3774,0,0,0,0
5,3,4656,0,0,0,0
5,4,6002,0,0,0,0
5,5,4334,4,0,0.09229,0
5,6,6010,153,0,2.546,0
5,7,3722,63,0,1.693,0
5,8,6306,1,0,0.01586,0
5,9,3758,0,0,0,0
5,10,5532,25,0,0.4519,0
5,11,2684,0,0,0,0
5,12,1998,0,0,0,0
5,13,4282,0,0,0,0
5,14,2554,3,0,0.1175,0
5,15,5735,0,0,0,0
5,16,3518,0,0,0,0
5,17,2918,5,0,0.1714,0
5,18,1748,0,0,0,0
5,19,3350,1,0,0.02985,0
5,20,1770,0,0,0,0
5,21,2174,0,0,0,0
5,22,414,0,0,0,0
5,23,904,0,0,0,0
5,24,334,1,0,0.2994,0
5,25,1906,13,0,0.6821,0
5,26,1290,3,0,0.2326,0
5,27,2680,6,0,0.2239,0
5,28,1726,2,0,0.1159,0
5,29,3380,13,0,0.3846,0
5,30,1758,4,0,0.2275,0
5,31,3292,7,0,0.2126,0
5,32,2376,7,0,0.2946,0
5,33,2544,10,0,0.3931,0
5,34,3012,13,2,0.4316,6.64
5,35,3604,26,4,0.7214,11.1
5,36,4650,46,4,0.9892,8.602
5,37,3612,163,6,4.513,16.61
5,38,3329,27,3,0.8111,9.012
5,39,2232,38,3,1.703,13.44
5,40,3460,216,15,6.243,43.35
5,41,3206,29,0,0.9046,0
5,42,2804,17,0,0.6063,0
5,43,3148,33,1,1.048,3.177
5,44,2386,16,0,0.6706,0
5,45,3608,24,1,0.6652,2.772
5,46,2184,14,3,0.641,13.74
5,47,3586,54,2,1.506,5.577
5,48,2606,85,8,3.262,30.7
5,49,2856,188,14,6.583,49.02
5,50,940,54,4,5.745,42.55
5,70,52,0,0,0,0
5,71,706,0,0,0,0
5,72,550,2,0,0.3636,0
5,73,1956,1,0,0.05112,0
5,74,984,0,0,0,0
5,79,1002,0,0,0,0
5,80,3100,2,0,0.06452,0
5,81,870,1,0,0.1149,0
5,82,1194,1,0,0.08375,0
5,83,2,0,0,0,0
5,93,1686,4,0,0.2372,0
5,94,1686,3,0,0.1779,0
5,95,4880,13,0,0.2664,0
5,96,4928,19,1,0.3856,2.029
5,97,4850,51,0,1.052,0
5,98,4898,39,7,0.7962,14.29
5,99,4542,31,1,0.6825,2.202
5,100,2963,69,4,2.329,13.5
5,101,5026,27,3,0.5372,5.969
5,102,3616,33,1,0.9126,2.765
5,103,6058,43,1,0.7098,1.651
5,104,3690,56,1,1.518,2.71
5,105,2708,21,0,0.7755,0
5,112,1068,8,0,0.7491,0
5,113,248,1,0,0.4032,0
5,114,2244,33,4,1.471,17.83
5,115,2690,22,0,0.8178,0
5,116,2032,9,1,0.4429,4.921
5,117,3206,9,0,0.2807,0
5,118,1680,8,0,0.4762,0
5,119,3060,19,1,0.6209,3.268
5,120,1980,12,0,0.6061,0
5,121,2528,18,1,0.712,3.956
5,122,2778,17,0,0.612,0
5,123,2064,19,0,0.9205,0
5,124,4284,40,2,0.9337,4.669
5,125,2258,38,8,1.683,35.43
5,126,2870,27,5,0.9408,17.42
5,127,622,2,0,0.3215,0
5,128,408,0,0,0,0
5,129,148,1,0,0.6757,0
5,130,428,2,0,0.4673,0
5,131,210,4,0,1.905,0
5,132,418,0,0,0,0
5,133,192,1,0,0.5208,0
5,134,640,1,0,0.1562,0
5,135,288,1,1,0.3472,34.72
5,136,522,0,0,0,0
5,137,234,0,0,0,0
5,138,234,0,0,0,0
5,150,10,0,0,0,0
5,151,10,0,0,0,0
5,152,4,0,0,0,0
5,156,4,0,0,0,0
5,157,44,0,0,0,0
5,158,28,0,0,0,0
5,159,8,0,0,0,0
5,167,4,0,0,0,0
5,168,6,0,0,0,0
5,169,6,0,0,0,0
6,-111,24,0,0,0,0
6,-110,40,1,0,2.5,0
6,-109,24,0,0,0,0
6,-108,40,0,0,0,0
6,-107,30,0,0,0,0
6,-106,20,0,0,0,0
6,-105,10,0,0,0,0
6,-98,36,0,0,0,0
6,-97,42,0,0,0,0
6,-96,184,1,0,0.5435,0
6,-95,174,0,0,0,0
6,-94,104,0,0,0,0
6,-93,50,0,0,0,0
6,-83,824,2,0,0.2427,0
6,-82,556,4,1,0.7194,17.99
6,-81,1346,0,0,0,0
6,-80,1160,1,0,0.08621,0
6,-79,868,5,0,0.576,0
6,-78,1664,0,0,0,0
6,-77,5824,54,0,0.9272,0
6,-76,2610,107,0,4.1,0
6,-75,3714,13,0,0.35,0
6,-74,2958,38,0,1.285,0
6,-73,3032,22,0,0.7256,0
6,-72,3688,158,0,4.284,0
6,-71,1336,0,0,0,0
6,-70,2654,1,0,0.03768,0
6,-69,1056,2,0,0.1894,0
6,-68,1942,1,0,0.05149,0
6,-67,662,0,0,0,0
6,-66,1106,1,0,0.09042,0
6,-65,596,0,0,0,0
6,-64,690,1,0,0.1449,0
6,-63,1526,3,0,0.1966,0
6,-62,2014,2,0,0.0993,0
6,-61,2680,5,1,0.1866,3.731
6,-60,1566,1,0,0.06386,0
6,-59,2262,410,0,18.13,0
6,-58,1798,102,0,5.673,0
6,-57,3078,3,0,0.09747,0
6,-56,2692,0,0,0,0
6,-55,5878,2,0,0.03403,0
6,-54,4565,2,0,0.04381,0
6,-53,6400,3,0,0.04688,0
6,-52,3462,2,0,0.05777,0
6,-51,2254,2,0,0.08873,0
6,-50,798,0,0,0,0
6,-49,970,0,0,0,0
6,-48,192,0,0,0,0
6,-47,256,0,0,0,0
6,-46,106,0,0,0,0
6,-45,102,0,0,0,0
6,-44,34,0,0,0,0
6,-19,566,0,0,0,0
6,-18,548,0,0,0,0
6,-17,578,0,0,0,0
6,-16,2902,0,0,0,0
6,-15,1740,0,0,0,0
6,-14,3456,0,0,0,0
6,-13,1758,0,0,0,0
6,-12,3002,9,0,0.2998,0
6,-11,2384,12,0,0.5034,0
6,-10,2372,0,0,0,0
6,-9,2980,0,0,0,0
6,-8,2044,0,0,0,0
6,-7,3242,0,0,0,0
6,-6,1820,0,0,0,0
6,-5,3652,1,0,0.02738,0
6,-4,2144,0,0,0,0
6,-3,3540,28,0,0.791,0
6,-2,2836,14,0,0.4937,0
6,-1,3184,5,0,0.157,0
6,0,3164,4,0,0.1264,0
6,1,2394,61,0,2.548,0
6,2,3528,84,0,2.381,0
6,3,3480,636,0,18.28,0
6,4,6451,94,0,1.457,0
6,5,3358,112,0,3.335,0
6,6,5632,130,0,2.308,0
6,7,2310,18,0,0.7792,0
6,8,3700,3,0,0.08108,0
6,9,1804,0,0,0,0
6,10,3468,10,0,0.2884,0
6,11,2824,0,0,0,0
6,12,4704,0,0,0,0
6,13,4270,2,0,0.04684,0
6,14,4970,0,0,0,0
6,15,4594,0,0,0,0
6,16,3124,1,0,0.03201,0
6,17,2876,0,0,0,0
6,18,1532,0,0,0,0
6,19,3084,0,0,0,0
6,20,1512,0,0,0,0
6,21,1854,0,0,0,0
6,22,390,0,0,0,0
6,23,868,0,0,0,0
6,24,326,0,0,0,0
6,25,434,1,0,0.2304,0
6,26,652,0,0,0,0
6,27,934,6,0,0.6424,0
6,28,2900,8,0,0.2759,0
6,29,1752,7,1,0.3995,5.708
6,30,3432,8,0,0.2331,0
6,31,1656,2,0,0.1208,0
6,32,3880,19,0,0.4897,0
6,33,2108,9,0,0.4269,0
6,34,2550,11,1,0.4314,3.922
6,35,2496,15,2,0.601,8.013
6,36,2022,39,4,1.929,19.78
6,37,3150,280,7,8.889,22.22
6,38,1674,18,3,1.075,17.92
6,39,3904,50,0,1.281,0
6,40,2308,45,3,1.95,13
6,41,3786,12,0,0.317,0
6,42,2582,27,3,1.046,11.62
6,43,2980,13,2,0.4362,6.711
6,44,3104,11,2,0.3544,6.443
6,45,2388,16,3,0.67,12.56
6,46,3660,71,6,1.94,16.39
6,47,2466,13,2,0.5272,8.11
6,48,3726,149,14,3.999,37.57
6,49,2399,170,10,7.086,41.68
6,50,1986,124,6,6.244,30.21
6,51,342,4,0,1.17,0
6,71,1576,3,0,0.1904,0
6,72,1978,12,0,0.6067,0
6,73,992,0,0,0,0
6,74,1978,1,0,0.05056,0
6,79,1500,4,0,0.2667,0
6,80,3614,0,0,0,0
6,81,4594,6,1,0.1306,2.177
6,82,3038,3,0,0.09875,0
6,83,1304,9,3,0.6902,23.01
6,92,298,0,0,0,0
6,93,2822,5,0,0.1772,0
6,94,1388,1,0,0.07205,0
6,95,2582,6,0,0.2324,0
6,96,3226,4,0,0.124,0
6,97,4904,36,6,0.7341,12.23
6,98,4422,21,1,0.4749,2.261
6,99,3698,12,0,0.3245,0
6,100,4391,19,0,0.4327,0
6,101,2482,32,0,1.289,0
6,102,6520,59,3,0.9049,4.601
6,103,2962,33,2,1.114,6.752
6,104,3088,33,0,1.069,0
6,105,574,5,0,0.8711,0
6,114,1652,8,0,0.4843,0
6,115,2466,16,0,0.6488,0
6,116,2296,22,0,0.9582,0
6,117,2030,8,0,0.3941,0
6,118,3142,13,0,0.4137,0
6,119,1680,77,6,4.583,35.71
6,120,3602,46,3,1.277,8.329
6,121,2378,18,0,0.7569,0
6,122,4346,55,2,1.266,4.602
6,123,2392,33,1,1.38,4.181
6,124,4428,217,7,4.901,15.81
6,125,2496,128,6,5.128,24.04
6,126,2634,17,0,0.6454,0
6,127,388,0,0,0,0
6,128,268,7,0,2.612,0
6,129,280,0,0,0,0
6,130,460,1,1,0.2174,21.74
6,131,360,5,0,1.389,0
6,132,862,4,0,0.464,0
6,133,1578,10,2,0.6337,12.67
6,134,1270,2,0,0.1575,0
6,135,480,4,0,0.8333,0
6,136,288,2,2,0.6944,69.44
6,137,468,2,0,0.4274,0
6,138,156,2,0,1.282,0
6,150,24,0,0,0,0
6,151,46,0,0,0,0
6,152,50,0,0,0,0
6,153,20,0,0,0,0
6,156,24,0,0,0,0
6,157,48,0,0,0,0
6,158,48,0,0,0,0
6,159,24,0,0,0,0
6,167,10,0,0,0,0
6,168,14,0,0,0,0
6,169,12,0,0,0,0
7,-113,92,0,0,0,0
7,-112,32,0,0,0,0
7,-111,260,0,0,0,0
7,-110,162,0,0,0,0
7,-109,148,0,0,0,0
7,-108,176,0,0,0,0
7,-107,100,0,0,0,0
7,-106,180,0,0,0,0
7,-98,30,0,0,0,0
7,-97,36,0,0,0,0
7,-96,170,0,0,0,0
7,-95,200,2,0,1,0
7,-94,104,2,0,1.923,0
7,-93,60,0,0,0,0
7,-85,1262,0,0,0,0
7,-84,1706,7,0,0.4103,0
7,-83,3072,6,0,0.1953,0
7,-82,1468,0,0,0,0
7,-81,2220,2,0,0.09009,0
7,-80,6156,9,0,0.1462,0
7,-79,2118,3,1,0.1416,4.721
7,-78,3668,17,0,0.4635,0
7,-77,4600,17,0,0.3696,0
7,-76,6282,1,0,0.01592,0
7,-75,5264,19,0,0.3609,0
7,-74,5328,59,0,1.107,0
7,-73,4503,151,5,3.353,11.1
7,-72,2790,24,0,0.8602,0
7,-71,2836,14,0,0.4937,0
7,-70,1518,0,0,0,0
7,-69,2314,23,0,0.9939,0
7,-68,1212,1,0,0.08251,0
7,-67,2398,2,0,0.0834,0
7,-66,1478,1,0,0.06766,0
7,-65,2256,1,0,0.04433,0
7,-64,1521,0,0,0,0
7,-63,3317,21,0,0.6331,0
7,-62,2718,1,0,0.03679,0
7,-61,3696,0,0,0,0
7,-60,2144,0,0,0,0
7,-59,2290,11,0,0.4803,0
7,-58,828,1,0,0.1208,0
7,-57,1968,2,0,0.1016,0
7,-56,1764,0,0,0,0
7,-55,2782,2,0,0.07189,0
7,-54,3136,1,0,0.03189,0
7,-53,2850,3,0,0.1053,0
7,-52,1497,0,0,0,0
7,-51,30,0,0,0,0
7,-50,238,0,0,0,0
7,-49,102,0,0,0,0
7,-48,38,0,0,0,0
7,-19,1710,0,0,0,0
7,-18,1710,0,0,0,0
7,-17,3428,0,0,0,0
7,-16,1740,0,0,0,0
7,-15,3500,0,0,0,0
7,-14,1756,2,0,0.1139,0
7,-13,2978,0,0,0,0
7,-12,2380,2,0,0.08403,0
7,-11,2688,3,0,0.1116,0
7,-10,2662,0,0,0,0
7,-9,2086,0,0,0,0
7,-8,3242,1,0,0.03085,0
7,-7,1778,0,0,0,0
7,-6,3276,0,0,0,0
7,-5,2076,0,0,0,0
7,-4,3506,0,0,0,0
7,-3,2886,7,0,0.2426,0
7,-2,2608,14,0,0.5368,0
7,-1,3760,0,0,0,0
7,0,2314,0,0,0,0
7,1,3950,0,0,0,0
7,2,1746,2,0,0.1145,0
7,3,3756,149,0,3.967,0
7,4,1768,0,0,0,0
7,5,2658,4,0,0.1505,0
7,6,2556,1,0,0.03912,0
7,7,2040,0,0,0,0
7,8,3120,0,0,0,0
7,9,1824,0,0,0,0
7,10,3468,0,0,0,0
7,11,3024,2,0,0.06614,0
7,12,4704,1,0,0.02126,0
7,13,4470,2,0,0.04474,0
7,14,5024,0,0,0,0
7,15,4352,1,0,0.02298,0
7,16,3372,0,0,0,0
7,17,2354,2,1,0.08496,4.248
7,18,2248,3,0,0.1335,0
7,19,2064,0,0,0,0
7,20,2516,0,0,0,0
7,21,1534,0,0,0,0
7,22,2978,0,0,0,0
7,23,1442,0,0,0,0
7,24,502,0,0,0,0
7,25,380,0,0,0,0
7,26,630,2,0,0.3175,0
7,27,546,0,0,0,0
7,28,2542,7,0,0.2754,0
7,29,2651,3,0,0.1132,0
7,30,1908,4,0,0.2096,0
7,31,3112,9,0,0.2892,0
7,32,1986,7,2,0.3525,10.07
7,33,3718,15,3,0.4034,8.069
7,34,1978,8,1,0.4044,5.056
7,35,2658,18,0,0.6772,0
7,36,2438,17,0,0.6973,0
7,37,2272,12,2,0.5282,8.803
7,38,2834,126,6,4.446,21.17
7,39,2268,94,1,4.145,4.409
7,40,4606,61,5,1.324,10.86
7,41,2690,8,0,0.2974,0
7,42,4292,30,4,0.699,9.32
7,43,2288,12,4,0.5245,17.48
7,44,3678,19,4,0.5166,10.88
7,45,2384,91,3,3.817,12.58
7,46,3658,106,5,2.898,13.67
7,47,2466,18,3,0.7299,12.17
7,48,3726,76,7,2.04,18.79
7,49,2440,273,21,11.19,86.07
7,50,2032,185,4,9.104,19.69
7,51,378,2,0,0.5291,0
7,71,1030,2,0,0.1942,0
7,72,1426,0,0,0,0
7,73,748,0,0,0,0
7,74,430,1,0,0.2326,0
7,75,400,0,0,0,0
7,76,424,1,0,0.2358,0
7,77,1390,0,0,0,0
7,78,966,4,0,0.4141,0
7,79,3034,5,0,0.1648,0
7,80,3446,1,0,0.02902,0
7,81,5204,5,0,0.09608,0
7,82,3230,0,0,0,0
7,83,1276,4,1,0.3135,7.837
7,92,1740,1,0,0.05747,0
7,93,1740,2,0,0.1149,0
7,94,1740,5,1,0.2874,5.747
7,95,4,0,0,0,0
7,96,3866,9,0,0.2328,0
7,97,3816,30,2,0.7862,5.241
7,98,4410,14,1,0.3175,2.268
7,99,4992,44,0,0.8814,0
7,100,2746,22,5,0.8012,18.21
7,101,4428,51,0,1.152,0
7,102,1966,19,0,0.9664,0
7,103,2990,64,1,2.14,3.344
7,104,2452,61,3,2.488,12.23
7,105,696,14,2,2.011,28.74
7,106,296,2,0,0.6757,0
7,107,4,0,0,0,0
7,108,4,0,0,0,0
7,114,266,0,0,0,0
7,115,4,0,0,0,0
7,116,1748,13,0,0.7437,0
7,117,1746,12,1,0.6873,5.727
7,118,3424,26,1,0.7593,2.921
7,119,1676,34,1,2.029,5.967
7,120,3606,21,1,0.5824,2.773
7,121,2286,14,1,0.6124,4.374
7,122,4254,29,4,0.6817,9.403
7,123,2643,50,7,1.892,26.49
7,124,3927,81,3,2.063,7.639
7,125,3086,215,0,6.967,0
7,126,2394,28,4,1.17,16.71
7,127,390,7,2,1.795,51.28
7,128,88,0,0,0,0
7,129,462,2,0,0.4329,0
7,130,258,3,0,1.163,0
7,131,516,6,1,1.163,19.38
7,132,258,5,0,1.938,0
7,133,2022,11,3,0.544,14.84
7,134,1520,6,0,0.3947,0
7,135,384,4,0,1.042,0
7,136,480,5,0,1.042,0
7,138,4,0,0,0,0
7,149,10,0,0,0,0
7,150,40,0,0,0,0
7,151,60,0,0,0,0
7,152,44,0,0,0,0
7,153,24,0,0,0,0
7,156,14,0,0,0,0
7,157,42,0,0,0,0
7,158,48,0,0,0,0
7,159,24,0,0,0,0
7,168,22,0,0,0,0
7,169,14,0,0,0,0
8,-114,48,0,0,0,0
8,-113,96,0,0,0,0
8,-112,206,0,0,0,0
8,-111,608,0,0,0,0
8,-110,390,0,0,0,0
8,-109,464,0,0,0,0
8,-108,232,0,0,0,0
8,-107,240,0,0,0,0
8,-106,134,0,0,0,0
8,-98,36,0,0,0,0
8,-97,72,0,0,0,0
8,-96,126,0,0,0,0
8,-95,168,0,0,0,0
8,-94,152,0,0,0,0
8,-93,50,0,0,0,0
8,-89,212,0,0,0,0
8,-88,2,0,0,0,0
8,-87,1656,0,0,0,0
8,-86,2660,2,0,0.07519,0
8,-85,4090,3,0,0.07335,0
8,-84,4320,38,1,0.8796,2.315
8,-83,3182,56,0,1.76,0
8,-82,2611,0,0,0,0
8,-81,3858,3,0,0.07776,0
8,-80,4208,18,3,0.4278,7.129
8,-79,4470,12,0,0.2685,0
8,-78,2750,4,0,0.1455,0
8,-77,5056,24,0,0.4747,0
8,-76,4782,58,0,1.213,0
8,-75,6330,14,0,0.2212,0
8,-74,5072,77,0,1.518,0
8,-73,5712,67,0,1.173,0
8,-72,4710,90,0,1.911,0
8,-71,3816,56,0,1.468,0
8,-70,1744,67,0,3.842,0
8,-69,2506,25,0,0.9976,0
8,-68,1484,0,0,0,0
8,-67,2430,5,0,0.2058,0
8,-66,1410,0,0,0,0
8,-65,2898,21,0,0.7246,0
8,-64,1570,2,0,0.1274,0
8,-63,3568,10,0,0.2803,0
8,-62,3624,9,0,0.2483,0
8,-61,5032,0,0,0,0
8,-60,2810,1,0,0.03559,0
8,-59,2374,0,0,0,0
8,-58,126,0,0,0,0
8,-57,208,1,0,0.4808,0
8,-56,2552,0,0,0,0
8,-55,1380,0,0,0,0
8,-54,3740,4,1,0.107,2.674
8,-53,2984,3,0,0.1005,0
8,-52,1362,0,0,0,0
8,-19,1710,0,0,0,0
8,-18,1710,0,0,0,0
8,-17,3450,0,0,0,0
8,-16,1740,0,0,0,0
8,-15,3518,1,0,0.02843,0
8,-14,1798,91,0,5.061,0
8,-13,3496,3,0,0.08581,0
8,-12,1858,0,0,0,0
8,-11,3522,0,0,0,0
8,-10,1842,0,0,0,0
8,-9,3490,0,0,0,0
8,-8,1818,0,0,0,0
8,-7,3210,5,0,0.1558,0
8,-6,2078,0,0,0,0
8,-5,3052,0,0,0,0
8,-4,3003,0,0,0,0
8,-3,2555,0,0,0,0
8,-2,3550,0,0,0,0
8,-1,2184,0,0,0,0
8,0,4100,0,0,0,0
8,1,2148,17,0,0.7914,0
8,2,3146,0,0,0,0
8,3,2091,0,0,0,0
8,4,2324,6,0,0.2582,0
8,5,2950,0,0,0,0
8,6,1980,33,0,1.667,0
8,7,3114,16,0,0.5138,0
8,8,1764,0,0,0,0
8,9,3508,0,0,0,0
8,10,1784,0,0,0,0
8,11,3540,1,0,0.02825,0
8,12,4170,3,0,0.07194,0
8,13,3986,0,0,0,0
8,14,5386,2,0,0.03713,0
8,15,3498,0,0,0,0
8,16,4110,5,0,0.1217,0
8,17,1348,6,0,0.4451,0
8,18,2750,0,0,0,0
8,19,2090,0,0,0,0
8,20,2358,0,0,0,0
8,21,2350,0,0,0,0
8,22,1856,4,0,0.2155,0
8,23,2998,0,0,0,0
8,24,354,0,0,0,0
8,25,542,0,0,0,0
8,26,420,0,0,0,0
8,27,500,0,0,0,0
8,28,1936,5,1,0.2583,5.165
8,29,2256,13,3,0.5762,13.3
8,30,2787,9,0,0.3229,0
8,31,1656,4,0,0.2415,0
8,32,3450,14,2,0.4058,5.797
8,33,1942,1,0,0.05149,0
8,34,3480,13,0,0.3736,0
8,35,1476,7,1,0.4743,6.775
8,36,3214,131,6,4.076,18.67
8,37,1716,11,0,0.641,0
8,38,3398,168,10,4.944,29.43
8,39,2578,78,4,3.026,15.52
8,40,4610,72,6,1.562,13.02
8,41,2420,3,0,0.124,0
8,42,4428,28,0,0.6323,0
8,43,2076,11,1,0.5299,4.817
8,44,3828,29,2,0.7576,5.225
8,45,2244,25,1,1.114,4.456
8,46,3454,52,2,1.506,5.79
8,47,2660,92,4,3.459,15.04
8,48,2634,124,6,4.708,22.78
8,49,3540,150,10,4.237,28.25
8,50,2166,100,4,4.617,18.47
8,51,772,8,0,1.036,0
8,52,512,7,0,1.367,0
8,53,112,5,0,4.464,0
8,71,240,2,0,0.8333,0
8,72,160,0,0,0,0
8,73,210,0,0,0,0
8,74,50,0,0,0,0
8,75,1646,4,0,0.243,0
8,76,1712,1,0,0.05841,0
8,77,3370,22,0,0.6528,0
8,78,1658,1,0,0.06031,0
8,79,3082,3,0,0.09734,0
8,80,3708,2,0,0.05394,0
8,81,5430,4,0,0.07366,0
8,82,4,0,0,0,0
8,92,1740,8,0,0.4598,0
8,93,1740,3,0,0.1724,0
8,94,1740,7,1,0.4023,5.747
8,96,3102,12,1,0.3868,3.224
8,97,4334,37,0,0.8537,0
8,98,5052,21,0,0.4157,0
8,99,3948,32,0,0.8105,0
8,100,5116,42,3,0.821,5.864
8,101,2892,23,0,0.7953,0
8,102,3830,35,1,0.9138,2.611
8,103,2606,46,0,1.765,0
8,104,4172,31,0,0.743,0
8,105,4930,46,2,0.9331,4.057
8,106,3718,45,4,1.21,10.76
8,107,162,2,0,1.235,0
8,108,162,0,0,0,0
8,110,4,0,0,0,0
8,111,4,0,0,0,0
8,112,6,0,0,0,0
8,116,1744,16,0,0.9174,0
8,117,1748,17,2,0.9725,11.44
8,118,3100,32,1,1.032,3.226
8,119,1982,29,2,1.463,10.09
8,120,2316,16,0,0.6908,0
8,121,3574,44,2,1.231,5.596
8,122,2690,22,2,0.8178,7.435
8,123,4358,78,5,1.79,11.47
8,124,2309,77,6,3.335,25.99
8,125,4703,63,3,1.34,6.379
8,126,2392,33,4,1.38,16.72
8,127,388,6,2,1.546,51.55
8,128,20,0,0,0,0
8,129,354,2,0,0.565,0
8,130,430,8,1,1.86,23.26
8,131,258,2,0,0.7752,0
8,132,516,5,0,0.969,0
8,133,1020,3,1,0.2941,9.804
8,134,1322,4,0,0.3026,0
8,135,358,3,0,0.838,0
8,136,408,5,2,1.225,49.02
8,137,196,0,0,0,0
8,138,36,0,0,0,0
8,139,34,0,0,0,0
8,149,14,0,0,0,0
8,150,20,0,0,0,0
8,151,52,0,0,0,0
8,152,38,0,0,0,0
8,153,20,0,0,0,0
8,157,4,0,0,0,0
8,158,34,0,0,0,0
8,159,8,0,0,0,0
8,168,8,0,0,0,0
8,169,10,0,0,0,0
9,-168,8,0,0,0,0
9,-167,2,0,0,0,0
9,-114,72,0,0,0,0
9,-113,72,0,0,0,0
9,-112,408,0,0,0,0
9,-111,336,0,0,0,0
9,-110,624,0,0,0,0
9,-109,288,0,0,0,0
9,-108,392,0,0,0,0
9,-107,150,0,0,0,0
9,-106,126,0,0,0,0
9,-99,6,0,0,0,0
9,-98,42,0,0,0,0
9,-97,50,0,0,0,0
9,-96,90,0,0,0,0
9,-95,164,0,0,0,0
9,-94,142,0,0,0,0
9,-93,506,0,0,0,0
9,-92,218,0,0,0,0
9,-91,866,0,0,0,0
9,-90,1510,1,1,0.06623,6.623
9,-89,1380,0,0,0,0
9,-88,1676,0,0,0,0
9,-87,4058,0,0,0,0
9,-86,3572,2,0,0.05599,0
9,-85,5920,235,0,3.97,0
9,-84,3228,91,0,2.819,0
9,-83,4374,19,0,0.4344,0
9,-82,1820,2,1,0.1099,5.495
9,-81,4686,12,0,0.2561,0
9,-80,3378,20,0,0.5921,0
9,-79,5474,14,0,0.2558,0
9,-78,2178,1,0,0.04591,0
9,-77,6100,8,0,0.1311,0
9,-76,3914,81,0,2.069,0
9,-75,7682,32,0,0.4166,0
9,-74,3782,7,0,0.1851,0
9,-73,7700,21,0,0.2727,0
9,-72,3930,55,0,1.399,0
9,-71,5292,134,0,2.532,0
9,-70,1694,35,0,2.066,0
9,-69,2210,51,0,2.308,0
9,-68,1916,27,0,1.409,0
9,-67,1996,7,0,0.3507,0
9,-66,3282,5,0,0.1523,0
9,-65,1732,2,0,0.1155,0
9,-64,4542,24,0,0.5284,0
9,-63,1910,2,0,0.1047,0
9,-62,7220,12,0,0.1662,0
9,-61,5122,8,0,0.1562,0
9,-60,4418,1,0,0.02263,0
9,-59,3642,0,0,0,0
9,-58,666,0,0,0,0
9,-57,206,0,0,0,0
9,-56,836,0,0,0,0
9,-55,480,0,0,0,0
9,-54,354,0,0,0,0
9,-53,256,0,0,0,0
9,-52,418,0,0,0,0
9,-28,1,0,0,0,0
9,-27,1,0,0,0,0
9,-22,2,0,0,0,0
9,-19,1712,0,0,0,0
9,-18,2852,0,0,0,0
9,-17,2310,0,0,0,0
9,-16,2618,0,0,0,0
9,-15,2620,2,0,0.07634,0
9,-14,2052,78,0,3.801,0
9,-13,3252,0,0,0,0
9,-12,1788,1,0,0.05593,0
9,-11,3570,0,0,0,0
9,-10,1782,0,0,0,0
9,-9,3552,0,0,0,0
9,-8,1770,0,0,0,0
9,-7,3558,2,0,0.05621,0
9,-6,1788,4,0,0.2237,0
9,-5,3924,13,1,0.3313,2.548
9,-4,2136,0,0,0,0
9,-3,4248,25,0,0.5885,0
9,-2,2116,0,0,0,0
9,-1,4158,18,0,0.4329,0
9,0,2042,13,0,0.6366,0
9,1,3234,85,1,2.628,3.092
9,2,2298,5,0,0.2176,0
9,3,2626,0,0,0,0
9,4,2636,0,0,0,0
9,5,2060,0,0,0,0
9,6,3094,12,3,0.3878,9.696
9,7,1698,43,0,2.532,0
9,8,3224,0,0,0,0
9,9,2053,0,0,0,0
9,10,2960,0,0,0,0
9,11,2332,0,0,0,0
9,12,4172,18,0,0.4314,0
9,13,4774,1,0,0.02095,0
9,14,3894,5,0,0.1284,0
9,15,5722,0,0,0,0
9,16,1308,2,0,0.1529,0
9,17,2616,2,0,0.07645,0
9,18,1524,0,0,0,0
9,19,2826,1,0,0.03539,0
9,20,1820,2,0,0.1099,0
9,21,2352,0,0,0,0
9,22,2360,2,0,0.08475,0
9,23,1864,6,0,0.3219,0
9,24,1622,0,0,0,0
9,25,234,0,0,0,0
9,26,610,0,0,0,0
9,27,336,0,0,0,0
9,28,1775,8,0,0.4507,0
9,29,1438,6,0,0.4172,0
9,30,1746,7,1,0.4009,5.727
9,31,764,2,0,0.2618,0
9,32,2548,5,0,0.1962,0
9,33,2004,9,1,0.4491,4.99
9,34,3636,10,1,0.275,2.75
9,35,1662,28,1,1.685,6.017
9,36,3378,119,8,3.523,23.68
9,37,1716,37,4,2.156,23.31
9,38,3138,72,3,2.294,9.56
9,39,3112,41,2,1.317,6.427
9,40,3676,34,1,0.9249,2.72
9,41,5410,93,6,1.719,11.09
9,42,3446,76,1,2.205,2.902
9,43,5114,406,3,7.939,5.866
9,44,2334,184,32,7.883,137.1
9,45,3764,95,4,2.524,10.63
9,46,2098,16,3,0.7626,14.3
9,47,3344,196,6,5.861,17.94
9,48,2920,174,13,5.959,44.52
9,49,2862,40,4,1.398,13.98
9,50,3258,146,10,4.481,30.69
9,51,2082,140,7,6.724,33.62
9,52,4080,87,2,2.132,4.902
9,53,16,1,0,6.25,0
9,73,624,0,0,0,0
9,74,762,0,0,0,0
9,75,2092,3,0,0.1434,0
9,76,2250,8,0,0.3556,0
9,77,2252,7,0,0.3108,0
9,78,2770,12,0,0.4332,0
9,79,1662,1,0,0.06017,0
9,80,6860,2,0,0.02915,0
9,81,3156,0,0,0,0
9,92,1740,5,0,0.2874,0
9,93,2318,5,0,0.2157,0
9,94,1162,1,0,0.08606,0
9,96,2516,9,0,0.3577,0
9,97,2790,4,0,0.1434,0
9,98,6586,23,0,0.3492,0
9,99,3266,39,1,1.194,3.062
9,100,6518,18,3,0.2762,4.603
9,101,3184,15,0,0.4711,0
9,102,5666,66,1,1.165,1.765
9,103,2474,30,1,1.213,4.042
9,104,6344,38,4,0.599,6.305
9,105,3632,39,1,1.074,2.753
9,106,4660,55,2,1.18,4.292
9,107,1098,25,0,2.277,0
9,108,636,7,0,1.101,0
9,110,8,0,0,0,0
9,111,16,0,0,0,0
9,112,12,0,0,0,0
9,117,3492,65,8,1.861,22.91
9,118,1746,69,0,3.952,0
9,119,3054,43,2,1.408,6.549
9,120,1984,23,3,1.159,15.12
9,121,3310,74,0,2.236,0
9,122,3548,104,3,2.931,8.455
9,123,3534,101,3,2.858,8.489
9,124,6028,76,9,1.261,14.93
9,125,2366,56,3,2.367,12.68
9,126,4344,29,1,0.6676,2.302
9,127,432,0,0,0,0
9,128,14,0,0,0,0
9,129,270,3,0,1.111,0
9,130,340,6,1,1.765,29.41
9,131,432,7,0,1.62,0
9,132,258,2,0,0.7752,0
9,133,468,1,0,0.2137,0
9,134,210,0,0,0,0
9,135,488,3,0,0.6148,0
9,136,278,2,0,0.7194,0
9,137,326,0,0,0,0
9,138,48,0,0,0,0
9,139,48,0,0,0,0
9,148,10,0,0,0,0
9,149,14,0,0,0,0
9,150,10,0,0,0,0
9,151,22,0,0,0,0
9,152,12,0,0,0,0
9,153,2,0,0,0,0
10,-169,12,0,0,0,0
10,-168,10,0,0,0,0
10,-167,10,0,0,0,0
10,-166,22,0,0,0,0
10,-165,4,0,0,0,0
10,-164,4,0,0,0,0
10,-157,4,0,0,0,0
10,-156,12,0,0,0,0
10,-155,8,0,0,0,0
10,-154,10,0,0,0,0
10,-114,72,0,0,0,0
10,-113,72,0,0,0,0
10,-112,408,0,0,0,0
10,-111,336,0,0,0,0
10,-110,618,1,0,0.1618,0
10,-109,282,0,0,0,0
10,-108,408,0,0,0,0
10,-107,126,0,0,0,0
10,-106,126,0,0,0,0
10,-99,12,0,0,0,0
10,-98,12,0,0,0,0
10,-97,32,0,0,0,0
10,-96,66,0,0,0,0
10,-95,96,0,0,0,0
10,-94,42,0,0,0,0
10,-93,2296,0,0,0,0
10,-92,1800,1,0,0.05556,0
10,-91,2018,1,0,0.04955,0
10,-90,1994,0,0,0,0
10,-89,1670,0,0,0,0
10,-88,2778,0,0,0,0
10,-87,3516,0,0,0,0
10,-86,4934,57,0,1.155,0
10,-85,4610,161,1,3.492,2.169
10,-84,4440,95,0,2.14,0
10,-83,1922,30,0,1.561,0
10,-81,2176,3,0,0.1379,0
10,-80,1962,8,0,0.4077,0
10,-79,3332,2,0,0.06002,0
10,-78,1718,1,1,0.05821,5.821
10,-77,5360,26,0,0.4851,0
10,-76,4202,124,0,2.951,0
10,-75,7076,122,0,1.724,0
10,-74,4488,1,0,0.02228,0
10,-73,6400,34,0,0.5312,0
10,-72,5250,167,0,3.181,0
10,-71,4222,29,0,0.6869,0
10,-70,2098,36,0,1.716,0
10,-69,3258,74,0,2.271,0
10,-68,4900,182,0,3.714,0
10,-67,5462,153,0,2.801,0
10,-66,4264,16,0,0.3752,0
10,-65,6842,144,0,2.105,0
10,-64,3514,23,0,0.6545,0
10,-63,5918,11,0,0.1859,0
10,-62,4994,78,0,1.562,0
10,-61,6522,7,0,0.1073,0
10,-60,4628,1,0,0.02161,0
10,-59,4510,2,0,0.04435,0
10,-58,3058,2,0,0.0654,0
10,-57,1356,1,0,0.07375,0
10,-56,2216,0,0,0,0
10,-55,886,0,0,0,0
10,-31,12,0,0,0,0
10,-30,11,0,0,0,0
10,-29,17,0,0,0,0
10,-28,15,0,0,0,0
10,-27,8,0,0,0,0
10,-26,3,0,0,0,0
10,-23,14,0,0,0,0
10,-22,21,0,0,0,0
10,-21,30,0,0,0,0
10,-20,17,0,0,0,0
10,-19,2860,0,0,0,0
10,-18,2292,1,0,0.04363,0
10,-17,2320,0,0,0,0
10,-16,2900,3,0,0.1034,0
10,-15,2032,0,0,0,0
10,-14,3182,1,0,0.03143,0
10,-13,1860,0,0,0,0
10,-12,3244,1,0,0.03083,0
10,-11,2132,0,0,0,0
10,-10,2634,1,0,0.03797,0
10,-9,2700,0,0,0,0
10,-8,2060,0,0,0,0
10,-7,3266,1,0,0.03062,0
10,-6,1788,0,0,0,0
10,-5,3856,1,0,0.02593,0
10,-4,2226,0,0,0,0
10,-3,4222,0,0,0,0
10,-2,2080,2,0,0.09615,0
10,-1,4092,4,0,0.09775,0
10,0,2100,7,2,0.3333,9.524
10,1,3726,17,0,0.4563,0
10,2,1806,0,0,0,0
10,3,3444,0,0,0,0
10,4,1798,0,0,0,0
10,5,3416,3,0,0.08782,0
10,6,1718,0,0,0,0
10,7,3414,0,0,0,0
10,8,1768,2,0,0.1131,0
10,9,2948,7,1,0.2374,3.392
10,10,2332,0,0,0,0
10,11,2122,0,0,0,0
10,12,4406,0,0,0,0
10,13,3810,0,0,0,0
10,14,5324,0,0,0,0
10,15,3694,7,0,0.1895,0
10,16,2294,5,1,0.218,4.359
10,17,1308,0,0,0,0
10,18,2832,3,0,0.1059,0
10,19,1506,0,0,0,0
10,20,3036,4,0,0.1318,0
10,21,1512,0,0,0,0
10,22,3084,6,0,0.1946,0
10,23,1584,0,0,0,0
10,24,1805,1,0,0.0554,0
10,25,234,2,0,0.8547,0
10,26,570,0,0,0,0
10,27,336,0,0,0,0
10,28,660,7,0,1.061,0
10,29,332,0,0,0,0
10,30,646,3,0,0.4644,0
10,31,382,0,0,0,0
10,32,1940,5,0,0.2577,0
10,33,2422,10,1,0.4129,4.129
10,34,2548,13,1,0.5102,3.925
10,35,2720,16,1,0.5882,3.676
10,36,1910,21,2,1.099,10.47
10,37,3154,161,14,5.105,44.39
10,38,2220,122,3,5.495,13.51
10,39,3660,196,12,5.355,32.79
10,40,4414,75,5,1.699,11.33
10,41,5350,28,2,0.5234,3.738
10,42,6452,112,5,1.736,7.75
10,43,4452,85,6,1.909,13.48
10,44,5584,223,11,3.994,19.7
10,45,2704,32,1,1.183,3.698
10,46,4094,91,5,2.223,12.21
10,47,2352,71,7,3.019,29.76
10,48,3638,286,15,7.861,41.23
10,49,3608,117,2,3.243,5.543
10,50,2586,73,3,2.823,11.6
10,51,3602,229,9,6.358,24.99
10,52,2404,59,2,2.454,8.319
10,53,1438,77,3,5.355,20.86
10,74,3006,3,0,0.0998,0
10,75,1500,2,1,0.1333,6.667
10,76,2830,13,0,0.4594,0
10,77,2264,46,0,2.032,0
10,78,2484,44,1,1.771,4.026
10,79,2518,13,0,0.5163,0
10,80,1076,0,0,0,0
10,81,1084,0,0,0,0
10,92,2318,7,0,0.302,0
10,93,2902,15,1,0.5169,3.446
10,96,1470,1,0,0.06803,0
10,97,1470,1,0,0.06803,0
10,98,4694,15,0,0.3196,0
10,99,3866,15,0,0.388,0
10,100,5758,35,2,0.6078,3.473
10,101,3332,28,1,0.8403,3.001
10,102,6668,51,3,0.7648,4.499
10,103,3894,45,1,1.156,2.568
10,104,6648,89,2,1.339,3.008
10,105,4522,78,3,1.725,6.634
10,106,5738,85,3,1.481,5.228
10,107,3236,59,3,1.823,9.271
10,108,3690,54,6,1.463,16.26
10,109,1114,6,1,0.5386,8.977
10,110,826,5,1,0.6053,12.11
10,111,22,0,0,0,0
10,112,14,0,0,0,0
10,115,6,0,0,0,0
10,116,6,0,0,0,0
10,117,2038,44,4,2.159,19.63
10,118,3220,107,5,3.323,15.53
10,119,1684,14,0,0.8314,0
10,120,2920,42,2,1.438,6.849
10,121,3096,26,2,0.8398,6.46
10,122,3216,107,7,3.327,21.77
10,123,5285,256,6,4.844,11.35
10,124,3428,66,1,1.925,2.917
10,125,4306,59,5,1.37,11.61
10,126,2504,25,3,0.9984,11.98
10,127,2020,22,1,1.089,4.95
10,128,10,0,0,0,0
10,129,240,3,0,1.25,0
10,130,230,4,0,1.739,0
10,131,474,4,0,0.8439,0
10,132,258,5,0,1.938,0
10,133,448,7,2,1.562,44.64
10,134,190,0,0,0,0
10,135,448,5,2,1.116,44.64
10,136,258,3,0,1.163,0
10,137,288,2,0,0.6944,0
10,138,42,0,0,0,0
10,139,42,0,0,0,0
10,140,4,0,0,0,0
10,141,4,0,0,0,0
10,142,2,0,0,0,0
10,148,12,0,0,0,0
10,149,10,0,0,0,0
10,150,14,0,0,0,0
10,151,20,0,0,0,0
11,-169,10,0,0,0,0
11,-168,12,0,0,0,0
11,-167,30,0,0,0,0
11,-166,36,0,0,0,0
11,-165,10,0,0,0,0
11,-164,12,0,0,0,0
11,-161,8,0,0,0,0
11,-160,12,0,0,0,0
11,-159,6,0,0,0,0
11,-158,10,0,0,0,0
11,-157,12,0,0,0,0
11,-156,18,0,0,0,0
11,-155,18,0,0,0,0
11,-154,10,0,0,0,0
11,-152,10,0,0,0,0
11,-151,16,0,0,0,0
11,-150,12,0,0,0,0
11,-149,18,0,0,0,0
11,-148,14,0,0,0,0
11,-135,2,0,0,0,0
11,-134,10,0,0,0,0
11,-133,10,0,0,0,0
11,-132,10,0,0,0,0
11,-131,8,0,0,0,0
11,-124,6,0,0,0,0
11,-123,4,0,0,0,0
11,-122,4,0,0,0,0
11,-121,2,0,0,0,0
11,-114,72,0,0,0,0
11,-113,142,0,0,0,0
11,-112,338,0,0,0,0
11,-111,536,0,0,0,0
11,-110,418,0,0,0,0
11,-109,376,0,0,0,0
11,-108,314,0,0,0,0
11,-107,126,0,0,0,0
11,-106,126,0,0,0,0
11,-100,206,0,0,0,0
11,-99,204,1,0,0.4902,0
11,-96,8,0,0,0,0
11,-95,8,0,0,0,0
11,-94,1408,0,0,0,0
11,-93,1400,0,0,0,0
11,-92,2128,0,0,0,0
11,-91,2080,0,0,0,0
11,-90,1976,14,1,0.7085,5.061
11,-89,4328,15,0,0.3466,0
11,-88,3210,2,0,0.06231,0
11,-87,6424,155,0,2.413,0
11,-86,3398,2,0,0.05886,0
11,-85,5522,4,0,0.07244,0
11,-84,3894,5,0,0.1284,0
11,-83,1476,0,0,0,0
11,-81,1626,5,1,0.3075,6.15
11,-80,3162,16,2,0.506,6.325
11,-79,1692,3,0,0.1773,0
11,-78,3178,2,0,0.06293,0
11,-77,2088,4,0,0.1916,0
11,-76,6470,8,0,0.1236,0
11,-75,3998,52,0,1.301,0
11,-74,4950,30,0,0.6061,0
11,-73,4446,53,0,1.192,0
11,-72,3328,13,0,0.3906,0
11,-71,3110,25,0,0.8039,0
11,-70,1676,2,0,0.1193,0
11,-69,4992,27,2,0.5409,4.006
11,-68,3852,5,0,0.1298,0
11,-67,6196,4,0,0.06456,0
11,-66,3954,10,1,0.2529,2.529
11,-65,6428,32,0,0.4978,0
11,-64,4148,0,0,0,0
11,-63,5804,0,0,0,0
11,-62,5238,3,0,0.05727,0
11,-61,5862,1,0,0.01706,0
11,-60,5338,1,0,0.01873,0
11,-59,4680,2,0,0.04274,0
11,-58,2964,1,0,0.03374,0
11,-57,2284,0,0,0,0
11,-56,1808,0,0,0,0
11,-55,1356,0,0,0,0
11,-31,15,0,0,0,0
11,-30,18,0,0,0,0
11,-29,40,0,0,0,0
11,-28,20,0,0,0,0
11,-27,6,0,0,0,0
11,-26,5,0,0,0,0
11,-23,17,0,0,0,0
11,-22,18,0,0,0,0
11,-21,29,0,0,0,0
11,-20,1168,0,0,0,0
11,-19,2292,0,0,0,0
11,-18,2334,1,0,0.04284,0
11,-17,2622,0,0,0,0
11,-16,1994,0,0,0,0
11,-15,3102,0,0,0,0
11,-14,1758,0,0,0,0
11,-13,3032,1,0,0.03298,0
11,-12,2364,2,0,0.0846,0
11,-11,2414,0,0,0,0
11,-10,2932,5,0,0.1705,0
11,-9,2066,2,0,0.09681,0
11,-8,3230,1,1,0.03096,3.096
11,-7,1788,0,0,0,0
11,-6,3556,4,0,0.1125,0
11,-5,1796,1,0,0.05568,0
11,-4,3006,6,0,0.1996,0
11,-3,2224,2,0,0.08993,0
11,-2,2414,16,0,0.6628,0
11,-1,2934,4,0,0.1363,0
11,0,2248,8,1,0.3559,4.448
11,1,3484,7,0,0.2009,0
11,2,1746,2,0,0.1145,0
11,3,3472,3,0,0.08641,0
11,4,1758,0,0,0,0
11,5,3416,0,0,0,0
11,6,1698,0,0,0,0
11,7,3390,0,0,0,0
11,8,1752,0,0,0,0
11,9,3436,1,0,0.0291,0
11,10,1704,0,0,0,0
11,11,3426,1,0,0.02919,0
11,12,2922,0,0,0,0
11,13,4650,10,0,0.2151,0
11,14,4404,32,0,0.7266,0
11,15,3204,21,10,0.6554,31.21
11,16,2784,1,0,0.03592,0
11,17,1308,1,0,0.07645,0
11,18,2862,3,0,0.1048,0
11,19,1564,0,0,0,0
11,20,3066,7,0,0.2283,0
11,21,1512,2,0,0.1323,0
11,22,3078,3,0,0.09747,0
11,23,1566,0,0,0,0
11,24,1788,8,0,0.4474,0
11,25,246,0,0,0,0
11,26,354,1,0,0.2825,0
11,27,552,0,0,0,0
11,28,444,1,0,0.2252,0
11,29,568,1,0,0.1761,0
11,30,336,1,0,0.2976,0
11,31,670,0,0,0,0
11,32,386,1,0,0.2591,0
11,33,3618,12,0,0.3317,0
11,34,2428,47,0,1.936,0
11,35,2432,40,4,1.645,16.45
11,36,2502,79,7,3.157,27.98
11,37,2010,59,2,2.935,9.95
11,38,3202,40,3,1.249,9.369
11,39,1742,51,6,2.928,34.44
11,40,5158,105,14,2.036,27.14
11,41,4242,45,3,1.061,7.072
11,42,6862,286,43,4.168,62.66
11,43,4748,333,49,7.013,103.2
11,44,5556,128,14,2.304,25.2
11,45,4462,69,2,1.546,4.482
11,46,3524,134,9,3.802,25.54
11,47,2880,38,8,1.319,27.78
11,48,4104,137,7,3.338,17.06
11,49,5343,296,17,5.54,31.82
11,50,4190,69,8,1.647,19.09
11,51,3873,92,3,2.375,7.746
11,52,2892,120,3,4.149,10.37
11,53,2374,128,4,5.392,16.85
11,54,114,6,0,5.263,0
11,74,1502,1,0,0.06658,0
11,75,2998,7,0,0.2335,0
11,76,1698,1,0,0.05889,0
11,77,2882,38,0,1.319,0
11,78,2176,6,0,0.2757,0
11,79,2252,10,0,0.444,0
11,80,1108,40,0,3.61,0
11,81,18,0,0,0,0
11,91,430,1,0,0.2326,0
11,92,3050,24,2,0.7869,6.557
11,93,1740,4,0,0.2299,0
11,96,1138,14,0,1.23,0
11,97,1778,4,0,0.225,0
11,98,4384,38,0,0.8668,0
11,99,5146,24,1,0.4664,1.943
11,100,3680,43,1,1.168,2.717
11,101,6586,51,3,0.7744,4.555
11,102,3794,59,1,1.555,2.636
11,103,6702,136,8,2.029,11.94
11,104,4278,45,2,1.052,4.675
11,105,6108,35,0,0.573,0
11,106,5050,61,0,1.208,0
11,107,3310,35,3,1.057,9.063
11,108,4460,67,3,1.502,6.726
11,109,1698,26,0,1.531,0
11,110,1698,13,2,0.7656,11.78
11,111,22,0,0,0,0
11,112,28,0,0,0,0
11,113,8,0,0,0,0
11,114,10,0,0,0,0
11,115,12,0,0,0,0
11,116,12,0,0,0,0
11,117,1788,20,0,1.119,0
11,118,1763,27,2,1.531,11.34
11,119,3436,56,6,1.63,17.46
11,120,2132,20,1,0.9381,4.69
11,121,4106,50,1,1.218,2.435
11,122,3283,43,4,1.31,12.18
11,123,5211,114,6,2.188,11.51
11,124,3277,56,4,1.709,12.21
11,125,4578,70,4,1.529,8.737
11,126,2358,15,0,0.6361,0
11,127,2098,21,1,1.001,4.766
11,128,30,0,0,0,0
11,129,220,4,1,1.818,45.45
11,130,218,2,0,0.9174,0
11,131,388,3,0,0.7732,0
11,132,344,4,1,1.163,29.07
11,133,378,4,0,1.058,0
11,134,252,2,0,0.7937,0
11,135,256,3,1,1.172,39.06
11,136,360,5,0,1.389,0
11,137,216,2,0,0.9259,0
11,138,34,0,0,0,0
11,139,20,0,0,0,0
11,140,16,0,0,0,0
11,141,22,0,0,0,0
11,142,10,0,0,0,0
11,143,10,0,0,0,0
11,147,4,0,0,0,0
11,149,2,0,0,0,0
11,150,10,0,0,0,0
11,151,8,0,0,0,0
11,171,14,0,0,0,0
11,172,6,0,0,0,0
11,173,2,0,0,0,0
11,174,2,0,0,0,0
12,-169,10,0,0,0,0
12,-168,10,0,0,0,0
12,-167,32,0,0,0,0
12,-166,30,0,0,0,0
12,-165,14,0,0,0,0
12,-164,10,0,0,0,0
12,-161,12,0,0,0,0
12,-160,12,0,0,0,0
12,-159,20,0,0,0,0
12,-158,30,0,0,0,0
12,-157,30,0,0,0,0
12,-156,24,0,0,0,0
12,-155,16,0,0,0,0
12,-154,16,0,0,0,0
12,-153,8,0,0,0,0
12,-152,16,0,0,0,0
12,-151,16,0,0,0,0
12,-150,36,0,0,0,0
12,-149,14,0,0,0,0
12,-148,16,0,0,0,0
12,-147,8,0,0,0,0
12,-140,6,0,0,0,0
12,-139,10,0,0,0,0
12,-138,12,0,0,0,0
12,-137,18,0,0,0,0
12,-136,12,0,0,0,0
12,-135,10,0,0,0,0
12,-134,12,0,0,0,0
12,-133,10,0,0,0,0
12,-132,32,0,0,0,0
12,-131,32,0,0,0,0
12,-130,14,0,0,0,0
12,-129,18,0,0,0,0
12,-124,10,0,0,0,0
12,-123,12,0,0,0,0
12,-122,10,0,0,0,0
12,-121,20,0,0,0,0
12,-118,4,0,0,0,0
12,-117,2,0,0,0,0
12,-114,154,0,0,0,0
12,-113,76,0,0,0,0
12,-112,314,0,0,0,0
12,-111,552,0,0,0,0
12,-110,370,0,0,0,0
12,-109,532,0,0,0,0
12,-108,126,0,0,0,0
12,-107,256,0,0,0,0
12,-104,2,0,0,0,0
12,-100,1366,0,0,0,0
12,-99,1368,4,0,0.2924,0
12,-98,2712,4,0,0.1475,0
12,-97,1168,0,0,0,0
12,-96,952,0,0,0,0
12,-95,48,0,0,0,0
12,-94,1668,0,0,0,0
12,-93,1596,4,0,0.2506,0
12,-92,3182,1,0,0.03143,0
12,-91,1676,1,0,0.05967,0
12,-90,3862,7,0,0.1813,0
12,-89,2958,0,0,0,0
12,-88,5992,54,0,0.9012,0
12,-87,3578,240,0,6.708,0
12,-86,5968,15,0,0.2513,0
12,-85,3788,9,0,0.2376,0
12,-84,4434,3,0,0.06766,0
12,-83,1764,1,0,0.05669,0
12,-82,266,1,0,0.3759,0
12,-81,2926,7,0,0.2392,0
12,-80,1596,0,0,0,0
12,-79,3112,5,2,0.1607,6.427
12,-78,1980,3,0,0.1515,0
12,-77,2538,1,0,0.0394,0
12,-76,2508,2,0,0.07974,0
12,-75,1920,11,0,0.5729,0
12,-74,3418,4,1,0.117,2.926
12,-73,2410,5,0,0.2075,0
12,-72,4164,3,0,0.07205,0
12,-71,1186,12,0,1.012,0
12,-70,2324,13,1,0.5594,4.303
12,-69,2932,12,2,0.4093,6.821
12,-68,5132,3,0,0.05846,0
12,-67,3894,7,0,0.1798,0
12,-66,4882,28,5,0.5735,10.24
12,-65,4170,13,0,0.3118,0
12,-64,4520,5,0,0.1106,0
12,-63,5128,6,0,0.117,0
12,-62,5468,6,0,0.1097,0
12,-61,5862,3,0,0.05118,0
12,-60,5398,18,0,0.3335,0
12,-59,4735,3,0,0.06336,0
12,-58,3008,2,0,0.06649,0
12,-57,2736,0,0,0,0
12,-56,1356,0,0,0,0
12,-55,1356,1,0,0.07375,0
12,-31,18,0,0,0,0
12,-30,27,0,0,0,0
12,-29,31,0,0,0,0
12,-28,27,0,0,0,0
12,-27,5,0,0,0,0
12,-26,7,0,0,0,0
12,-23,18,0,0,0,0
12,-22,17,0,0,0,0
12,-21,33,0,0,0,0
12,-20,1735,0,0,0,0
12,-19,1724,0,0,0,0
12,-18,3426,0,0,0,0
12,-17,1740,1,0,0.05747,0
12,-16,3318,0,0,0,0
12,-15,1578,0,0,0,0
12,-14,2810,0,0,0,0
12,-13,2344,0,0,0,0
12,-12,2660,0,0,0,0
12,-11,2612,1,0,0.03828,0
12,-10,2054,1,0,0.04869,0
12,-9,3096,34,0,1.098,0
12,-8,1690,1,0,0.05917,0
12,-7,3152,4,0,0.1269,0
12,-6,1996,0,0,0,0
12,-5,2890,0,0,0,0
12,-4,2332,5,0,0.2144,0
12,-3,1872,18,0,0.9615,0
12,-2,2360,76,5,3.22,21.19
12,-1,2000,9,0,0.45,0
12,0,3166,16,1,0.5054,3.159
12,1,1686,1,0,0.05931,0
12,2,3362,1,0,0.02974,0
12,3,1636,2,0,0.1222,0
12,4,2442,0,0,0,0
12,5,2484,0,0,0,0
12,6,1902,0,0,0,0
12,7,3066,0,0,0,0
12,8,1692,68,0,4.019,0
12,9,3396,11,0,0.3239,0
12,10,1704,0,0,0,0
12,11,3426,0,0,0,0
12,12,3038,0,0,0,0
12,13,4798,0,0,0,0
12,14,4574,64,18,1.399,39.35
12,15,3200,39,2,1.219,6.25
12,16,2545,0,0,0,0
12,17,1542,2,0,0.1297,0
12,18,2344,1,0,0.04266,0
12,19,2082,0,0,0,0
12,20,2058,0,0,0,0
12,21,2520,0,0,0,0
12,22,1538,0,0,0,0
12,23,3106,13,0,0.4185,0
12,24,1494,2,0,0.1339,0
12,25,396,0,0,0,0
12,26,312,0,0,0,0
12,27,552,1,0,0.1812,0
12,28,474,2,0,0.4219,0
12,29,352,1,0,0.2841,0
12,30,656,1,0,0.1524,0
12,31,348,3,0,0.8621,0
12,32,704,2,0,0.2841,0
12,33,1742,6,0,0.3444,0
12,34,2720,36,3,1.324,11.03
12,35,1836,20,4,1.089,21.79
12,36,2522,125,9,4.956,35.69
12,37,2686,70,3,2.606,11.17
12,38,2040,113,3,5.539,14.71
12,39,3128,148,8,4.731,25.58
12,40,3546,172,8,4.851,22.56
12,41,6462,109,7,1.687,10.83
12,42,4950,87,6,1.758,12.12
12,43,5896,198,12,3.358,20.35
12,44,4874,82,9,1.682,18.47
12,45,3120,45,2,1.442,6.41
12,46,1524,12,3,0.7874,19.69
12,47,1116,17,2,1.523,17.92
12,48,2708,128,5,4.727,18.46
12,49,3602,191,13,5.303,36.09
12,50,5521,343,14,6.213,25.36
12,51,4605,171,6,3.713,13.03
12,52,5582,82,7,1.469,12.54
12,53,3786,64,6,1.69,15.85
12,54,2039,47,2,2.305,9.809
12,72,6,0,0,0,0
12,73,6,0,0,0,0
12,74,1690,4,0,0.2367,0
12,75,1516,4,0,0.2639,0
12,76,3206,17,0,0.5303,0
12,77,1698,105,18,6.184,106
12,78,3364,18,0,0.5351,0
12,79,1678,3,0,0.1788,0
12,80,1680,15,0,0.8929,0
12,81,16,0,0,0,0
12,91,1738,4,0,0.2301,0
12,92,1740,7,1,0.4023,5.747
12,93,1740,5,0,0.2874,0
12,97,3496,26,0,0.7437,0
12,98,4316,32,3,0.7414,6.951
12,99,4800,20,1,0.4167,2.083
12,100,5390,55,2,1.02,3.711
12,101,4398,27,2,0.6139,4.548
12,102,6966,82,4,1.177,5.742
12,103,4108,91,8,2.215,19.47
12,104,5988,84,2,1.403,3.34
12,105,5128,51,1,0.9945,1.95
12,106,5210,63,1,1.209,1.919
12,107,4566,39,2,0.8541,4.38
12,108,2918,44,9,1.508,30.84
12,109,3796,39,1,1.027,2.634
12,110,126,0,0,0,0
12,111,42,0,0,0,0
12,112,46,0,0,0,0
12,113,30,0,0,0,0
12,114,18,0,0,0,0
12,115,10,0,0,0,0
12,116,14,0,0,0,0
12,117,1752,25,2,1.427,11.42
12,118,1768,43,6,2.432,33.94
12,119,3656,71,1,1.942,2.735
12,120,2270,29,3,1.278,13.22
12,121,4170,73,6,1.751,14.39
12,122,3435,39,1,1.135,2.911
12,123,5077,123,6,2.423,11.82
12,124,3459,59,7,1.706,20.24
12,125,2982,38,1,1.274,3.353
12,126,1014,7,0,0.6903,0
12,127,36,1,0,2.778,0
12,128,30,0,0,0,0
12,129,78,0,0,0,0
12,130,384,7,1,1.823,26.04
12,131,216,4,0,1.852,0
12,132,420,7,0,1.667,0
12,133,230,5,1,2.174,43.48
12,134,304,7,0,2.303,0
12,135,246,1,0,0.4065,0
12,136,254,6,4,2.362,157.5
12,137,86,3,0,3.488,0
12,138,30,0,0,0,0
12,139,16,0,0,0,0
12,140,30,0,0,0,0
12,141,24,0,0,0,0
12,142,12,0,0,0,0
12,143,10,0,0,0,0
12,144,190,0,0,0,0
12,145,190,0,0,0,0
12,146,272,4,1,1.471,36.76
12,147,10,0,0,0,0
12,148,10,0,0,0,0
12,149,16,0,0,0,0
12,150,6,0,0,0,0
12,151,4,0,0,0,0
12,167,2,0,0,0,0
12,170,10,0,0,0,0
12,171,10,0,0,0,0
12,172,10,0,0,0,0
12,173,20,0,0,0,0
13,-169,6,0,0,0,0
13,-168,16,0,0,0,0
13,-167,24,0,0,0,0
13,-166,22,0,0,0,0
13,-165,26,0,0,0,0
13,-164,16,0,0,0,0
13,-163,10,0,0,0,0
13,-162,12,0,0,0,0
13,-161,10,0,0,0,0
13,-160,10,0,0,0,0
13,-159,26,0,0,0,0
13,-158,26,0,0,0,0
13,-157,16,0,0,0,0
13,-156,32,0,0,0,0
13,-155,22,0,0,0,0
13,-154,14,0,0,0,0
13,-153,20,0,0,0,0
13,-152,10,0,0,0,0
13,-151,10,0,0,0,0
13,-150,42,0,0,0,0
13,-149,12,0,0,0,0
13,-148,10,0,0,0,0
13,-147,10,0,0,0,0
13,-143,4,0,0,0,0
13,-142,4,0,0,0,0
13,-141,6,0,0,0,0
13,-140,16,0,0,0,0
13,-139,14,0,0,0,0
13,-138,22,0,0,0,0
13,-137,30,0,0,0,0
13,-136,14,0,0,0,0
13,-135,12,0,0,0,0
13,-134,10,0,0,0,0
13,-133,22,0,0,0,0
13,-132,32,0,0,0,0
13,-131,32,0,0,0,0
13,-130,44,0,0,0,0
13,-129,24,0,0,0,0
13,-128,6,0,0,0,0
13,-127,10,0,0,0,0
13,-124,12,0,0,0,0
13,-123,10,0,0,0,0
13,-122,18,0,0,0,0
13,-121,14,0,0,0,0
13,-118,10,0,0,0,0
13,-117,14,0,0,0,0
13,-116,12,0,0,0,0
13,-115,24,0,0,0,0
13,-114,40,0,0,0,0
13,-113,76,0,0,0,0
13,-112,186,0,0,0,0
13,-111,180,0,0,0,0
13,-110,228,0,0,0,0
13,-109,180,0,0,0,0
13,-108,222,0,0,0,0
13,-107,158,0,0,0,0
13,-106,440,0,0,0,0
13,-105,10,0,0,0,0
13,-104,12,0,0,0,0
13,-102,512,0,0,0,0
13,-101,750,0,0,0,0
13,-100,1416,0,0,0,0
13,-99,2416,1,0,0.04139,0
13,-98,1752,0,0,0,0
13,-97,1912,0,0,0,0
13,-96,1000,2,0,0.2,0
13,-95,120,0,0,0,0
13,-94,2030,1,0,0.04926,0
13,-93,1876,1,0,0.0533,0
13,-92,6286,2,0,0.03182,0
13,-91,3302,8,0,0.2423,0
13,-90,6206,14,1,0.2256,1.611
13,-89,3380,46,0,1.361,0
13,-88,6006,162,0,2.697,0
13,-87,4158,25,0,0.6013,0
13,-86,5200,6,0,0.1154,0
13,-85,4576,8,0,0.1748,0
13,-84,3154,2,0,0.06341,0
13,-83,3026,5,0,0.1652,0
13,-82,1610,0,0,0,0
13,-81,1596,2,0,0.1253,0
13,-80,3280,1,0,0.03049,0
13,-79,1720,0,0,0,0
13,-78,2764,0,0,0,0
13,-77,2344,1,0,0.04266,0
13,-76,2508,0,0,0,0
13,-75,2490,16,2,0.6426,8.032
13,-74,1932,3,0,0.1553,0
13,-73,3182,5,0,0.1571,0
13,-72,1800,2,0,0.1111,0
13,-71,260,3,0,1.154,0
13,-70,1276,6,0,0.4702,0
13,-69,3754,4,0,0.1066,0
13,-68,4764,10,0,0.2099,0
13,-67,3092,6,0,0.194,0
13,-66,5454,30,2,0.5501,3.667
13,-65,3122,8,0,0.2562,0
13,-64,6158,18,1,0.2923,1.624
13,-63,3414,2,0,0.05858,0
13,-62,6890,13,0,0.1887,0
13,-61,4438,4,0,0.09013,0
13,-60,5582,13,2,0.2329,3.583
13,-59,4534,0,0,0,0
13,-58,3212,4,0,0.1245,0
13,-57,2506,0,0,0,0
13,-56,1356,0,0,0,0
13,-55,1356,0,0,0,0
13,-31,21,0,0,0,0
13,-30,27,0,0,0,0
13,-29,28,0,0,0,0
13,-28,36,0,0,0,0
13,-27,23,0,0,0,0
13,-26,15,0,0,0,0
13,-25,6,0,0,0,0
13,-24,9,0,0,0,0
13,-23,15,0,0,0,0
13,-22,37,0,0,0,0
13,-21,53,0,0,0,0
13,-20,1721,10,0,0.5811,0
13,-19,1718,0,0,0,0
13,-18,3482,20,0,0.5744,0
13,-17,1754,173,0,9.863,0
13,-16,3318,10,0,0.3014,0
13,-15,1578,2,0,0.1267,0
13,-14,3306,2,0,0.0605,0
13,-13,1728,0,0,0,0
13,-12,3430,2,0,0.05831,0
13,-11,1710,0,0,0,0
13,-10,3412,0,0,0,0
13,-9,1697,0,0,0,0
13,-8,3400,0,0,0,0
13,-7,1738,0,0,0,0
13,-6,2872,1,0,0.03482,0
13,-5,2312,0,0,0,0
13,-4,2202,1,0,0.04541,0
13,-3,2340,11,0,0.4701,0
13,-2,1644,3,0,0.1825,0
13,-1,3166,1,0,0.03159,0
13,0,1722,4,0,0.2323,0
13,1,3086,55,2,1.782,6.481
13,2,1972,44,8,2.231,40.57
13,3,2186,1,0,0.04575,0
13,4,2692,0,0,0,0
13,5,1920,0,0,0,0
13,6,2994,3,0,0.1002,0
13,7,1692,0,0,0,0
13,8,3384,0,0,0,0
13,9,1696,0,0,0,0
13,10,2832,0,0,0,0
13,11,2290,2,0,0.08734,0
13,12,3068,0,0,0,0
13,13,5116,0,0,0,0
13,14,3638,13,0,0.3573,0
13,15,4252,5,0,0.1176,0
13,16,1470,3,0,0.2041,0
13,17,2616,0,0,0,0
13,18,1308,0,0,0,0
13,19,2590,3,0,0.1158,0
13,20,2074,4,0,0.1929,0
13,21,2222,1,0,0.045,0
13,22,2314,10,0,0.4322,0
13,23,1646,6,0,0.3645,0
13,24,3052,9,0,0.2949,0
13,25,248,1,0,0.4032,0
13,26,418,2,0,0.4785,0
13,27,434,1,0,0.2304,0
13,28,480,2,0,0.4167,0
13,29,564,1,0,0.1773,0
13,30,436,2,0,0.4587,0
13,31,594,2,0,0.3367,0
13,32,366,2,0,0.5464,0
13,33,692,4,0,0.578,0
13,34,324,8,1,2.469,30.86
13,35,2070,16,3,0.7729,14.49
13,36,1746,56,4,3.207,22.91
13,37,3462,133,1,3.842,2.889
13,38,1726,58,2,3.36,11.59
13,39,3406,61,5,1.791,14.68
13,40,4040,108,14,2.673,34.65
13,41,6880,133,21,1.933,30.52
13,42,4218,65,7,1.541,16.6
13,43,7292,163,17,2.235,23.31
13,44,3296,54,3,1.638,9.102
13,45,4388,112,11,2.552,25.07
13,46,652,7,3,1.074,46.01
13,47,450,11,0,2.444,0
13,48,1710,36,3,2.105,17.54
13,49,1704,82,9,4.812,52.82
13,50,3420,168,15,4.912,43.86
13,51,1854,48,2,2.589,10.79
13,52,5856,185,10,3.159,17.08
13,53,2580,105,14,4.07,54.26
13,54,2046,55,6,2.688,29.33
13,72,1214,0,0,0,0
13,73,1214,0,0,0,0
13,74,2736,1,0,0.03655,0
13,75,1572,0,0,0,0
13,76,3270,3,0,0.09174,0
13,77,1698,4,0,0.2356,0
13,78,3366,21,0,0.6239,0
13,79,1674,6,2,0.3584,11.95
13,80,1682,12,0,0.7134,0
13,91,1728,8,0,0.463,0
13,92,1728,11,0,0.6366,0
13,93,1732,7,0,0.4042,0
13,95,6,0,0,0,0
13,96,620,8,0,1.29,0
13,97,3248,11,0,0.3387,0
13,98,4624,24,0,0.519,0
13,99,5330,33,0,0.6191,0
13,100,4340,119,5,2.742,11.52
13,101,6158,83,3,1.348,4.872
13,102,4680,51,4,1.09,8.547
13,103,6360,96,7,1.509,11.01
13,104,4666,70,9,1.5,19.29
13,105,6088,139,6,2.283,9.855
13,106,4824,99,2,2.052,4.146
13,107,4728,62,2,1.311,4.23
13,108,4118,62,3,1.506,7.285
13,109,3020,45,0,1.49,0
13,110,4,0,0,0,0
13,111,38,0,0,0,0
13,112,50,0,0,0,0
13,113,36,0,0,0,0
13,114,22,0,0,0,0
13,115,20,1,0,5,0
13,116,22,0,0,0,0
13,117,1736,29,4,1.671,23.04
13,118,1744,31,9,1.778,51.61
13,119,3236,76,10,2.349,30.9
13,120,2650,38,1,1.434,3.774
13,121,3254,80,6,2.459,18.44
13,122,4316,95,1,2.201,2.317
13,123,3347,113,4,3.376,11.95
13,124,5135,85,7,1.655,13.63
13,125,2264,37,2,1.634,8.834
13,126,322,2,0,0.6211,0
13,127,46,0,0,0,0
13,128,22,0,0,0,0
13,129,20,0,0,0,0
13,130,222,1,0,0.4505,0
13,131,136,1,0,0.7353,0
13,132,140,1,0,0.7143,0
13,133,304,2,0,0.6579,0
13,134,78,1,0,1.282,0
13,135,82,0,0,0,0
13,136,64,0,0,0,0
13,137,20,0,0,0,0
13,138,20,0,0,0,0
13,139,34,0,0,0,0
13,140,32,0,0,0,0
13,141,10,0,0,0,0
13,142,30,0,0,0,0
13,143,12,0,0,0,0
13,144,316,2,1,0.6329,31.65
13,145,324,2,0,0.6173,0
13,146,304,2,0,0.6579,0
13,147,12,0,0,0,0
13,148,16,0,0,0,0
13,149,18,0,0,0,0
13,150,10,0,0,0,0
13,151,10,0,0,0,0
13,162,2,0,0,0,0
13,164,4,0,0,0,0
13,165,14,0,0,0,0
13,166,10,0,0,0,0
13,167,16,0,0,0,0
13,168,6,0,0,0,0
13,170,10,0,0,0,0
13,171,12,0,0,0,0
13,172,12,0,0,0,0
13,173,22,0,0,0,0
14,-167,8,0,0,0,0
14,-166,14,0,0,0,0
14,-165,14,0,0,0,0
14,-164,30,0,0,0,0
14,-163,14,0,0,0,0
14,-162,12,0,0,0,0
14,-161,20,0,0,0,0
14,-160,20,0,0,0,0
14,-159,16,0,0,0,0
14,-158,32,0,0,0,0
14,-157,10,0,0,0,0
14,-156,24,0,0,0,0
14,-155,26,0,0,0,0
14,-154,14,0,0,0,0
14,-153,34,0,0,0,0
14,-152,20,0,0,0,0
14,-151,22,0,0,0,0
14,-150,26,0,0,0,0
14,-149,18,0,0,0,0
14,-148,14,0,0,0,0
14,-147,10,0,0,0,0
14,-144,16,0,0,0,0
14,-143,24,0,0,0,0
14,-142,16,0,0,0,0
14,-141,22,0,0,0,0
14,-140,12,0,0,0,0
14,-139,12,0,0,0,0
14,-138,32,0,0,0,0
14,-137,10,0,0,0,0
14,-136,22,0,0,0,0
14,-135,12,0,0,0,0
14,-134,14,0,0,0,0
14,-133,16,0,0,0,0
14,-132,28,0,0,0,0
14,-131,38,0,0,0,0
14,-130,36,0,0,0,0
14,-129,44,0,0,0,0
14,-128,18,0,0,0,0
14,-127,26,0,0,0,0
14,-126,16,0,0,0,0
14,-125,8,0,0,0,0
14,-124,22,0,0,0,0
14,-123,18,0,0,0,0
14,-122,22,0,0,0,0
14,-121,12,0,0,0,0
14,-120,6,0,0,0,0
14,-118,12,0,0,0,0
14,-117,14,0,0,0,0
14,-116,34,0,0,0,0
14,-115,20,0,0,0,0
14,-114,22,0,0,0,0
14,-113,14,0,0,0,0
14,-112,22,0,0,0,0
14,-111,44,0,0,0,0
14,-110,54,0,0,0,0
14,-109,66,0,0,0,0
14,-108,20,0,0,0,0
14,-107,958,0,0,0,0
14,-106,1880,0,0,0,0
14,-105,1402,0,0,0,0
14,-104,20,0,0,0,0
14,-103,92,0,0,0,0
14,-102,3128,1,0,0.03197,0
14,-101,1598,0,0,0,0
14,-100,2740,0,0,0,0
14,-99,2118,0,0,0,0
14,-98,2378,0,0,0,0
14,-97,2422,0,0,0,0
14,-96,138,0,0,0,0
14,-95,152,0,0,0,0
14,-94,3300,1,0,0.0303,0
14,-93,6518,102,0,1.565,0
14,-92,4002,189,0,4.723,0
14,-91,5886,504,0,8.563,0
14,-90,4052,162,0,3.998,0
14,-89,4484,187,0,4.17,0
14,-88,5176,213,0,4.115,0
14,-87,4162,32,0,0.7689,0
14,-86,5754,43,0,0.7473,0
14,-85,3512,0,0,0,0
14,-84,4506,1,0,0.02219,0
14,-83,1540,8,0,0.5195,0
14,-82,3140,0,0,0,0
14,-81,1598,1,0,0.06258,0
14,-80,3318,6,0,0.1808,0
14,-79,1738,2,0,0.1151,0
14,-78,3416,2,0,0.05855,0
14,-77,1718,1,0,0.05821,0
14,-76,3358,3,0,0.08934,0
14,-75,1650,1,0,0.06061,0
14,-74,3390,8,0,0.236,0
14,-73,1740,0,0,0,0
14,-72,1814,3,0,0.1654,0
14,-71,104,0,0,0,0
14,-70,2145,6,0,0.2797,0
14,-69,3220,5,0,0.1553,0
14,-68,3782,5,0,0.1322,0
14,-67,4422,18,3,0.4071,6.784
14,-66,3264,23,2,0.7047,6.127
14,-65,5504,5,0,0.09084,0
14,-64,3402,1,0,0.02939,0
14,-63,6244,2,0,0.03203,0
14,-62,4220,6,0,0.1422,0
14,-61,6032,19,1,0.315,1.658
14,-60,4922,6,0,0.1219,0
14,-59,3838,0,0,0,0
14,-58,4502,0,0,0,0
14,-57,1356,0,0,0,0
14,-56,2486,0,0,0,0
14,-55,226,0,0,0,0
14,-43,4,0,0,0,0
14,-42,12,0,0,0,0
14,-41,8,0,0,0,0
14,-40,8,0,0,0,0
14,-32,18,0,0,0,0
14,-31,15,0,0,0,0
14,-30,15,0,0,0,0
14,-29,48,0,0,0,0
14,-28,21,0,0,0,0
14,-27,30,0,0,0,0
14,-26,669,0,0,0,0
14,-25,361,0,0,0,0
14,-24,21,0,0,0,0
14,-23,30,0,0,0,0
14,-22,51,0,0,0,0
14,-21,66,0,0,0,0
14,-20,1758,0,0,0,0
14,-19,2826,1,0,0.03539,0
14,-18,2338,2,0,0.08554,0
14,-17,2610,12,0,0.4598,0
14,-16,2482,37,0,1.491,0
14,-15,1578,0,0,0,0
14,-14,3306,0,0,0,0
14,-13,1728,0,0,0,0
14,-12,3433,0,0,0,0
14,-11,1703,0,0,0,0
14,-10,3399,0,0,0,0
14,-9,1698,0,0,0,0
14,-8,3414,0,0,0,0
14,-7,1718,0,0,0,0
14,-6,3442,0,0,0,0
14,-5,1722,0,0,0,0
14,-4,3130,0,0,0,0
14,-3,1404,0,0,0,0
14,-2,2898,0,0,0,0
14,-1,1494,0,0,0,0
14,0,2980,2,0,0.06711,0
14,1,1962,0,0,0,0
14,2,2734,3,0,0.1097,0
14,3,2204,0,0,0,0
14,4,2172,0,0,0,0
14,5,2730,6,0,0.2198,0
14,6,1638,0,0,0,0
14,7,3094,0,0,0,0
14,8,1982,0,0,0,0
14,9,2820,0,0,0,0
14,10,2256,0,0,0,0
14,11,2296,2,0,0.08711,0
14,12,2870,0,0,0,0
14,13,4228,4,0,0.09461,0
14,14,5238,0,0,0,0
14,15,1880,1,0,0.05319,0
14,16,2138,0,0,0,0
14,17,1308,0,0,0,0
14,18,2222,2,0,0.09001,0
14,19,1572,14,0,0.8906,0
14,20,2602,1,0,0.03843,0
14,21,1632,9,0,0.5515,0
14,22,1818,2,0,0.11,0
14,23,1374,5,0,0.3639,0
14,24,986,4,2,0.4057,20.28
14,25,574,1,0,0.1742,0
14,26,246,0,0,0,0
14,27,600,3,0,0.5,0
14,28,354,0,0,0,0
14,29,698,0,0,0,0
14,30,348,0,0,0,0
14,31,708,0,0,0,0
14,32,360,0,0,0,0
14,33,686,8,2,1.166,29.15
14,34,324,6,1,1.852,30.86
14,35,2070,15,0,0.7246,0
14,36,1746,7,2,0.4009,11.45
14,37,3462,160,8,4.622,23.11
14,38,1716,102,9,5.944,52.45
14,39,3560,78,1,2.191,2.809
14,40,5284,126,4,2.385,7.57
14,41,4314,95,11,2.202,25.5
14,42,5178,88,7,1.699,13.52
14,43,4080,54,9,1.324,22.06
14,44,5500,110,4,2,7.273
14,45,3844,135,21,3.512,54.63
14,46,500,10,0,2,0
14,47,570,0,0,0,0
14,48,1766,56,9,3.171,50.96
14,49,2926,152,44,5.195,150.4
14,50,1752,49,5,2.797,28.54
14,51,3206,68,8,2.121,24.95
14,52,2032,135,2,6.644,9.843
14,53,2610,56,4,2.146,15.33
14,54,858,43,3,5.012,34.97
14,72,1294,0,0,0,0
14,73,1294,2,0,0.1546,0
14,74,2838,8,1,0.2819,3.524
14,75,1564,2,0,0.1279,0
14,76,2928,5,0,0.1708,0
14,77,2016,6,0,0.2976,0
14,78,2254,16,1,0.7098,4.437
14,79,2796,2,0,0.07153,0
14,80,1674,3,0,0.1792,0
14,81,2,0,0,0,0
14,91,278,0,0,0,0
14,92,584,5,0,0.8562,0
14,93,2326,6,1,0.258,4.299
14,94,1164,4,0,0.3436,0
14,95,3208,30,0,0.9352,0
14,96,2162,9,0,0.4163,0
14,97,4820,35,3,0.7261,6.224
14,98,3242,62,0,1.912,0
14,99,6696,47,4,0.7019,5.974
14,100,3459,33,2,0.954,5.782
14,101,7375,81,4,1.098,5.424
14,102,3912,59,3,1.508,7.669
14,103,7680,83,8,1.081,10.42
14,104,3768,36,1,0.9554,2.654
14,105,7426,95,7,1.279,9.426
14,106,3684,80,1,2.172,2.714
14,107,6414,124,6,1.933,9.355
14,108,3160,34,0,1.076,0
14,109,2982,36,2,1.207,6.707
14,110,18,0,0,0,0
14,111,40,0,0,0,0
14,112,60,0,0,0,0
14,113,62,0,0,0,0
14,114,18,1,0,5.556,0
14,115,22,0,0,0,0
14,116,18,0,0,0,0
14,117,58,0,0,0,0
14,118,3512,141,24,4.015,68.34
14,119,2008,65,2,3.237,9.96
14,120,3638,423,7,11.63,19.24
14,121,3118,250,7,8.018,22.45
14,122,3128,74,11,2.366,35.17
14,123,3879,74,5,1.908,12.89
14,124,1976,57,3,2.885,15.18
14,125,2306,27,3,1.171,13.01
14,126,130,0,0,0,0
14,127,36,0,0,0,0
14,128,36,0,0,0,0
14,129,26,0,0,0,0
14,130,14,0,0,0,0
14,131,4,0,0,0,0
14,133,30,0,0,0,0
14,134,32,0,0,0,0
14,135,60,0,0,0,0
14,136,40,0,0,0,0
14,137,30,0,0,0,0
14,138,24,0,0,0,0
14,139,32,0,0,0,0
14,140,24,0,0,0,0
14,141,14,0,0,0,0
14,142,28,0,0,0,0
14,143,20,0,0,0,0
14,144,316,1,0,0.3165,0
14,145,322,3,0,0.9317,0
14,146,310,2,0,0.6452,0
14,147,22,0,0,0,0
14,148,10,0,0,0,0
14,149,10,0,0,0,0
14,150,20,0,0,0,0
14,151,2,0,0,0,0
14,162,10,0,0,0,0
14,163,20,0,0,0,0
14,164,6,0,0,0,0
14,165,26,0,0,0,0
14,166,12,0,0,0,0
14,167,10,0,0,0,0
14,168,10,0,0,0,0
14,170,12,0,0,0,0
14,171,10,0,0,0,0
14,172,20,0,0,0,0
14,173,12,0,0,0,0
15,-166,2,0,0,0,0
15,-164,22,0,0,0,0
15,-163,10,0,0,0,0
15,-162,12,0,0,0,0
15,-161,26,0,0,0,0
15,-160,16,0,0,0,0
15,-159,10,0,0,0,0
15,-158,32,0,0,0,0
15,-157,20,0,0,0,0
15,-156,12,0,0,0,0
15,-155,20,0,0,0,0
15,-154,20,0,0,0,0
15,-153,22,0,0,0,0
15,-152,28,0,0,0,0
15,-151,16,0,0,0,0
15,-150,16,0,0,0,0
15,-149,14,0,0,0,0
15,-148,8,0,0,0,0
15,-147,6,0,0,0,0
15,-146,14,0,0,0,0
15,-145,12,0,0,0,0
15,-144,34,0,0,0,0
15,-143,24,0,0,0,0
15,-142,18,0,0,0,0
15,-141,24,0,0,0,0
15,-140,10,0,0,0,0
15,-139,10,0,0,0,0
15,-138,30,0,0,0,0
15,-137,14,0,0,0,0
15,-136,12,0,0,0,0
15,-135,14,0,0,0,0
15,-134,6,0,0,0,0
15,-133,2,0,0,0,0
15,-132,10,0,0,0,0
15,-131,60,0,0,0,0
15,-130,50,0,0,0,0
15,-129,66,0,0,0,0
15,-128,70,0,0,0,0
15,-127,42,1,0,2.381,0
15,-126,38,0,0,0,0
15,-125,10,0,0,0,0
15,-124,14,0,0,0,0
15,-123,34,0,0,0,0
15,-122,24,0,0,0,0
15,-121,24,0,0,0,0
15,-120,12,0,0,0,0
15,-118,10,0,0,0,0
15,-117,38,0,0,0,0
15,-116,64,0,0,0,0
15,-115,56,0,0,0,0
15,-114,46,0,0,0,0
15,-113,28,0,0,0,0
15,-112,36,0,0,0,0
15,-111,40,0,0,0,0
15,-110,22,0,0,0,0
15,-109,22,0,0,0,0
15,-108,22,0,0,0,0
15,-107,1415,0,0,0,0
15,-106,1418,0,0,0,0
15,-105,1438,0,0,0,0
15,-104,42,0,0,0,0
15,-103,1750,1,0,0.05714,0
15,-102,1718,0,0,0,0
15,-101,3116,8,0,0.2567,0
15,-100,2230,1,0,0.04484,0
15,-99,3328,14,0,0.4207,0
15,-98,3674,15,0,0.4083,0
15,-97,4604,25,0,0.543,0
15,-96,4108,10,2,0.2434,4.869
15,-95,3144,3,0,0.09542,0
15,-94,6368,116,0,1.822,0
15,-93,5262,91,0,1.729,0
15,-92,5384,150,0,2.786,0
15,-91,4992,91,0,1.823,0
15,-90,4780,47,0,0.9833,0
15,-89,4736,278,0,5.87,0
15,-88,4694,188,0,4.005,0
15,-87,4914,58,0,1.18,0
15,-86,5080,24,0,0.4724,0
15,-85,4614,7,1,0.1517,2.167
15,-84,3444,5,0,0.1452,0
15,-83,1282,0,0,0,0
15,-82,2622,5,0,0.1907,0
15,-81,1660,8,0,0.4819,0
15,-80,3282,8,0,0.2438,0
15,-79,1746,1,0,0.05727,0
15,-78,3422,2,1,0.05845,2.922
15,-77,1724,1,0,0.058,0
15,-76,3352,0,0,0,0
15,-75,1650,1,0,0.06061,0
15,-74,3392,1,0,0.02948,0
15,-73,1742,1,0,0.05741,0
15,-72,1764,1,0,0.05669,0
15,-71,64,0,0,0,0
15,-70,1722,12,0,0.6969,0
15,-69,3365,6,0,0.1783,0
15,-68,4162,4,0,0.09611,0
15,-67,3692,7,0,0.1896,0
15,-66,4942,5,0,0.1012,0
15,-65,3640,2,0,0.05495,0
15,-64,5582,5,0,0.08957,0
15,-63,4220,6,1,0.1422,2.37
15,-62,5936,5,0,0.08423,0
15,-61,3514,0,0,0,0
15,-60,2840,2,0,0.07042,0
15,-59,3984,1,0,0.0251,0
15,-58,3432,0,0,0,0
15,-57,3168,0,0,0,0
15,-56,1584,1,0,0.06313,0
15,-52,2,0,0,0,0
15,-50,2,0,0,0,0
15,-46,10,0,0,0,0
15,-45,18,0,0,0,0
15,-44,6,0,0,0,0
15,-43,16,0,0,0,0
15,-42,16,0,0,0,0
15,-41,16,2,0,12.5,0
15,-40,12,0,0,0,0
15,-32,15,0,0,0,0
15,-31,18,0,0,0,0
15,-30,18,0,0,0,0
15,-29,41,0,0,0,0
15,-28,22,0,0,0,0
15,-27,22,0,0,0,0
15,-26,393,0,0,0,0
15,-25,719,4,0,0.5563,0
15,-24,33,0,0,0,0
15,-23,39,0,0,0,0
15,-22,55,0,0,0,0
15,-21,62,0,0,0,0
15,-20,2860,0,0,0,0
15,-19,2281,0,0,0,0
15,-18,2350,3,0,0.1277,0
15,-17,2910,0,0,0,0
15,-16,1676,0,0,0,0
15,-15,2771,0,0,0,0
15,-14,1728,0,0,0,0
15,-13,3160,0,0,0,0
15,-12,2008,0,0,0,0
15,-11,2556,0,0,0,0
15,-10,2562,0,0,0,0
15,-9,1988,0,0,0,0
15,-8,3136,2,0,0.06378,0
15,-7,1726,0,0,0,0
15,-6,3446,0,0,0,0
15,-5,1722,0,0,0,0
15,-4,3126,4,1,0.128,3.199
15,-3,1404,0,0,0,0
15,-2,2898,0,0,0,0
15,-1,1494,0,0,0,0
15,0,3180,1,0,0.03145,0
15,1,1686,0,0,0,0
15,2,3162,1,0,0.03163,0
15,3,1536,0,0,0,0
15,4,3204,1,0,0.03121,0
15,5,1638,0,0,0,0
15,6,3328,0,0,0,0
15,7,1694,1,0,0.05903,0
15,8,2838,0,0,0,0
15,9,2238,0,0,0,0
15,10,2266,0,0,0,0
15,11,2870,0,0,0,0
15,12,1998,1,0,0.05005,0
15,13,3698,3,0,0.08112,0
15,14,2152,0,0,0,0
15,15,498,0,0,0,0
15,16,296,0,0,0,0
15,17,436,0,0,0,0
15,18,156,0,0,0,0
15,19,702,2,0,0.2849,0
15,20,344,0,0,0,0
15,21,668,1,0,0.1497,0
15,22,324,0,0,0,0
15,23,676,0,0,0,0
15,24,350,2,0,0.5714,0
15,25,600,1,0,0.1667,0
15,26,256,0,0,0,0
15,27,606,0,0,0,0
15,28,354,0,0,0,0
15,29,704,0,0,0,0
15,30,350,2,0,0.5714,0
15,31,700,3,0,0.4286,0
15,32,372,7,0,1.882,0
15,33,588,7,0,1.19,0
15,34,446,14,1,3.139,22.42
15,35,916,15,0,1.638,0
15,36,3008,45,1,1.496,3.324
15,37,2080,155,16,7.452,76.92
15,38,3154,290,27,9.195,85.61
15,39,3242,119,7,3.671,21.59
15,40,4764,97,8,2.036,16.79
15,41,4045,164,10,4.054,24.72
15,42,3292,58,4,1.762,12.15
15,43,3884,117,7,3.012,18.02
15,44,4328,97,7,2.241,16.17
15,45,4610,102,5,2.213,10.85
15,46,500,11,1,2.2,20
15,47,658,20,5,3.04,75.99
15,48,3016,123,10,4.078,33.16
15,49,1590,90,18,5.66,113.2
15,50,2938,145,10,4.935,34.04
15,51,2318,72,12,3.106,51.77
15,52,2760,115,8,4.167,28.99
15,53,2442,191,21,7.821,86
15,72,458,0,0,0,0
15,73,2250,3,0,0.1333,0
15,74,1344,9,0,0.6696,0
15,75,3008,3,0,0.09973,0
15,76,1516,26,2,1.715,13.19
15,77,2830,10,3,0.3534,10.6
15,78,2276,10,1,0.4394,4.394
15,79,2504,6,0,0.2396,0
15,80,2536,6,0,0.2366,0
15,81,840,2,0,0.2381,0
15,82,1940,2,0,0.1031,0
15,91,86,0,0,0,0
15,92,100,0,0,0,0
15,93,2846,3,0,0.1054,0
15,94,4234,22,0,0.5196,0
15,95,4834,23,0,0.4758,0
15,96,4468,23,0,0.5148,0
15,97,5704,24,0,0.4208,0
15,98,3607,11,0,0.305,0
15,99,6165,63,3,1.022,4.866
15,100,3461,34,0,0.9824,0
15,101,7374,77,1,1.044,1.356
15,102,3912,54,2,1.38,5.112
15,103,7384,170,10,2.302,13.54
15,104,4042,49,0,1.212,0
15,105,6750,99,9,1.467,13.33
15,106,4294,101,1,2.352,2.329
15,107,5766,112,7,1.942,12.14
15,108,4452,65,3,1.46,6.739
15,109,3356,83,4,2.473,11.92
15,110,32,2,0,6.25,0
15,111,40,0,0,0,0
15,112,72,0,0,0,0
15,113,76,0,0,0,0
15,114,12,0,0,0,0
15,115,10,0,0,0,0
15,116,20,0,0,0,0
15,117,36,0,0,0,0
15,118,2130,103,7,4.836,32.86
15,119,3774,92,7,2.438,18.55
15,120,2914,248,4,8.511,13.73
15,121,3180,174,4,5.472,12.58
15,122,2256,36,0,1.596,0
15,123,934,17,4,1.82,42.83
15,124,64,3,0,4.688,0
15,125,22,0,0,0,0
15,126,42,1,0,2.381,0
15,127,32,1,0,3.125,0
15,128,52,0,0,0,0
15,129,60,1,0,1.667,0
15,130,50,0,0,0,0
15,131,30,0,0,0,0
15,132,14,0,0,0,0
15,133,54,0,0,0,0
15,134,72,0,0,0,0
15,135,44,0,0,0,0
15,136,42,0,0,0,0
15,137,22,0,0,0,0
15,138,14,0,0,0,0
15,139,26,0,0,0,0
15,140,8,0,0,0,0
15,142,14,2,1,14.29,714.3
15,143,12,0,0,0,0
15,144,120,0,0,0,0
15,145,500,1,0,0.2,0
15,146,214,4,0,1.869,0
15,147,22,0,0,0,0
15,148,12,0,0,0,0
15,149,14,0,0,0,0
15,150,20,0,0,0,0
15,161,2,0,0,0,0
15,162,14,0,0,0,0
15,163,16,0,0,0,0
15,164,12,0,0,0,0
15,165,28,0,0,0,0
15,166,14,0,0,0,0
15,167,12,0,0,0,0
15,168,12,0,0,0,0
15,170,4,0,0,0,0
15,171,8,0,0,0,0
15,172,14,0,0,0,0
15,173,10,0,0,0,0
16,-164,12,0,0,0,0
16,-163,20,0,0,0,0
16,-162,20,0,0,0,0
16,-161,20,0,0,0,0
16,-160,44,0,0,0,0
16,-159,64,0,0,0,0
16,-158,238,0,0,0,0
16,-157,92,0,0,0,0
16,-156,2,0,0,0,0
16,-155,60,0,0,0,0
16,-154,128,0,0,0,0
16,-153,234,0,0,0,0
16,-152,206,2,0,0.9709,0
16,-151,12,0,0,0,0
16,-150,10,0,0,0,0
16,-149,10,0,0,0,0
16,-148,20,0,0,0,0
16,-147,10,0,0,0,0
16,-146,20,0,0,0,0
16,-145,12,0,0,0,0
16,-144,18,0,0,0,0
16,-143,28,0,0,0,0
16,-142,18,0,0,0,0
16,-141,16,0,0,0,0
16,-140,14,0,0,0,0
16,-139,18,0,0,0,0
16,-138,10,0,0,0,0
16,-137,6,0,0,0,0
16,-131,46,0,0,0,0
16,-130,32,0,0,0,0
16,-129,74,0,0,0,0
16,-128,92,0,0,0,0
16,-127,42,0,0,0,0
16,-126,60,0,0,0,0
16,-125,20,0,0,0,0
16,-124,30,0,0,0,0
16,-123,20,0,0,0,0
16,-122,32,0,0,0,0
16,-121,16,0,0,0,0
16,-120,16,0,0,0,0
16,-119,12,0,0,0,0
16,-118,20,0,0,0,0
16,-117,36,0,0,0,0
16,-116,48,0,0,0,0
16,-115,70,0,0,0,0
16,-114,60,0,0,0,0
16,-113,68,0,0,0,0
16,-112,28,0,0,0,0
16,-111,44,0,0,0,0
16,-110,34,0,0,0,0
16,-109,32,0,0,0,0
16,-108,36,0,0,0,0
16,-107,1452,0,0,0,0
16,-106,1462,0,0,0,0
16,-105,1454,1,0,0.06878,0
16,-104,72,0,0,0,0
16,-103,1744,2,0,0.1147,0
16,-102,2108,1,0,0.04744,0
16,-101,4530,4,0,0.0883,0
16,-100,4026,14,0,0.3477,0
16,-99,5570,45,0,0.8079,0
16,-98,4742,92,1,1.94,2.109
16,-97,5753,171,1,2.972,1.738
16,-96,5606,142,2,2.533,3.568
16,-95,5924,29,0,0.4895,0
16,-94,5976,136,0,2.276,0
16,-93,5010,144,0,2.874,0
16,-92,6394,69,0,1.079,0
16,-91,4400,26,0,0.5909,0
16,-90,5716,42,0,0.7348,0
16,-89,3426,48,0,1.401,0
16,-88,6132,14,0,0.2283,0
16,-87,3388,13,0,0.3837,0
16,-86,5374,10,0,0.1861,0
16,-85,3248,1,0,0.03079,0
16,-84,532,3,0,0.5639,0
16,-82,1642,0,0,0,0
16,-81,3168,3,0,0.0947,0
16,-80,1736,0,0,0,0
16,-79,3184,1,0,0.03141,0
16,-78,1994,2,0,0.1003,0
16,-77,2786,2,1,0.07179,3.589
16,-76,2750,7,0,0.2545,0
16,-75,2038,0,0,0,0
16,-74,3138,3,1,0.0956,3.187
16,-73,1758,2,0,0.1138,0
16,-72,2188,5,0,0.2285,0
16,-71,10,0,0,0,0
16,-70,2326,15,1,0.6449,4.299
16,-69,2724,11,0,0.4038,0
16,-68,5002,13,0,0.2599,0
16,-67,2950,6,0,0.2034,0
16,-66,5172,9,1,0.174,1.933
16,-65,3954,5,0,0.1265,0
16,-64,5864,7,0,0.1194,0
16,-63,4706,7,0,0.1487,0
16,-62,5418,7,0,0.1292,0
16,-61,3596,8,0,0.2225,0
16,-60,3360,2,0,0.05952,0
16,-59,2926,1,0,0.03418,0
16,-58,3878,0,0,0,0
16,-57,2950,0,0,0,0
16,-56,1356,0,0,0,0
16,-55,8,0,0,0,0
16,-54,22,0,0,0,0
16,-53,10,0,0,0,0
16,-52,10,0,0,0,0
16,-51,6,0,0,0,0
16,-50,16,0,0,0,0
16,-49,10,0,0,0,0
16,-48,12,0,0,0,0
16,-47,4,0,0,0,0
16,-46,14,0,0,0,0
16,-45,18,0,0,0,0
16,-44,12,0,0,0,0
16,-43,22,0,0,0,0
16,-42,12,0,0,0,0
16,-41,20,0,0,0,0
16,-40,12,2,0,16.67,0
16,-32,15,0,0,0,0
16,-31,15,0,0,0,0
16,-30,30,0,0,0,0
16,-29,18,0,0,0,0
16,-28,33,0,0,0,0
16,-27,21,0,0,0,0
16,-26,394,12,0,3.046,0
16,-25,402,2,0,0.4975,0
16,-24,378,0,0,0,0
16,-23,36,0,0,0,0
16,-22,77,0,0,0,0
16,-21,1494,1,0,0.06693,0
16,-20,2017,0,0,0,0
16,-19,2365,0,0,0,0
16,-18,2894,0,0,0,0
16,-17,1979,0,0,0,0
16,-16,2616,0,0,0,0
16,-15,1422,0,0,0,0
16,-14,3112,0,0,0,0
16,-13,2072,1,0,0.04826,0
16,-12,2500,0,0,0,0
16,-11,2664,1,0,0.03754,0
16,-10,2008,0,0,0,0
16,-9,3086,0,0,0,0
16,-8,1728,0,0,0,0
16,-7,3184,2,0,0.06281,0
16,-6,2000,0,0,0,0
16,-5,2736,0,0,0,0
16,-4,2120,2,1,0.09434,4.717
16,-3,1872,2,0,0.1068,0
16,-2,2430,0,0,0,0
16,-1,1494,1,0,0.06693,0
16,0,3180,2,0,0.06289,0
16,1,1686,0,0,0,0
16,2,3132,3,0,0.09579,0
16,3,1446,0,0,0,0
16,4,3084,4,0,0.1297,0
16,5,1638,0,0,0,0
16,6,3330,6,0,0.1802,0
16,7,1692,4,0,0.2364,0
16,8,3372,24,4,0.7117,11.86
16,9,1692,0,0,0,0
16,10,3414,0,0,0,0
16,11,1722,4,0,0.2323,0
16,12,3442,2,0,0.05811,0
16,13,2052,4,0,0.1949,0
16,14,3448,3,0,0.08701,0
16,15,2516,1,0,0.03975,0
16,16,1642,0,0,0,0
16,17,444,0,0,0,0
16,18,156,0,0,0,0
16,19,500,0,0,0,0
16,20,346,0,0,0,0
16,21,670,0,0,0,0
16,22,324,0,0,0,0
16,23,666,2,2,0.3003,30.03
16,24,342,0,0,0,0
16,25,584,0,0,0,0
16,26,246,0,0,0,0
16,27,426,0,0,0,0
16,28,522,0,0,0,0
16,29,464,2,0,0.431,0
16,30,620,0,0,0,0
16,31,366,1,0,0.2732,0
16,32,648,2,0,0.3086,0
16,33,444,8,2,1.802,45.05
16,34,554,8,1,1.444,18.05
16,35,442,10,1,2.262,22.62
16,36,2641,18,2,0.6816,7.573
16,37,2722,143,8,5.253,29.39
16,38,1716,170,15,9.907,87.41
16,39,3684,97,4,2.633,10.86
16,40,2208,64,15,2.899,67.93
16,41,3924,161,31,4.103,79
16,42,2678,152,13,5.676,48.54
16,43,4623,179,9,3.872,19.47
16,44,4184,87,9,2.079,21.51
16,45,4157,103,8,2.478,19.24
16,46,1736,77,9,4.435,51.84
16,47,2040,33,1,1.618,4.902
16,48,1712,32,3,1.869,17.52
16,49,3446,105,10,3.047,29.02
16,50,1792,44,8,2.455,44.64
16,51,2914,53,3,1.819,10.3
16,52,2310,44,6,1.905,25.97
16,53,2312,131,23,5.666,99.48
16,54,1112,52,6,4.676,53.96
16,55,834,24,6,2.878,71.94
16,56,548,0,0,0,0
16,71,86,0,0,0,0
16,72,126,0,0,0,0
16,73,1964,7,1,0.3564,5.092
16,74,2068,17,5,0.8221,24.18
16,75,1640,4,0,0.2439,0
16,76,2604,16,0,0.6144,0
16,77,1954,2,0,0.1024,0
16,78,2842,15,1,0.5278,3.519
16,79,2246,3,0,0.1336,0
16,80,2254,35,2,1.553,8.873
16,81,2803,62,3,2.212,10.7
16,82,1690,21,4,1.243,23.67
16,83,1680,9,1,0.5357,5.952
16,84,6,0,0,0,0
16,85,6,0,0,0,0
16,87,4,0,0,0,0
16,88,10,0,0,0,0
16,89,8,0,0,0,0
16,90,8,0,0,0,0
16,91,132,2,0,1.515,0
16,92,168,0,0,0,0
16,93,4944,33,1,0.6675,2.023
16,94,3503,28,2,0.7993,5.709
16,95,6178,147,4,2.379,6.475
16,96,4216,32,1,0.759,2.372
16,97,5116,268,1,5.238,1.955
16,98,4118,79,17,1.918,41.28
16,99,4240,53,3,1.25,7.075
16,100,5824,40,3,0.6868,5.151
16,101,4304,55,3,1.278,6.97
16,102,6710,127,10,1.893,14.9
16,103,4586,43,1,0.9376,2.181
16,104,6360,62,7,0.9748,11.01
16,105,4554,65,4,1.427,8.783
16,106,5372,73,3,1.359,5.585
16,107,5762,113,7,1.961,12.15
16,108,3280,77,3,2.348,9.146
16,109,2036,32,0,1.572,0
16,110,26,1,0,3.846,0
16,111,40,3,0,7.5,0
16,112,48,0,0,0,0
16,113,52,0,0,0,0
16,114,22,0,0,0,0
16,115,16,0,0,0,0
16,116,38,0,0,0,0
16,117,34,0,0,0,0
16,118,2048,42,2,2.051,9.766
16,119,2404,75,2,3.12,8.319
16,120,4250,188,4,4.424,9.412
16,121,2552,62,0,2.429,0
16,122,2228,56,3,2.513,13.46
16,123,266,6,0,2.256,0
16,124,66,4,2,6.061,303
16,125,38,1,0,2.632,0
16,126,28,0,0,0,0
16,127,44,0,0,0,0
16,128,46,0,0,0,0
16,129,64,1,0,1.562,0
16,130,34,1,0,2.941,0
16,131,34,0,0,0,0
16,132,22,0,0,0,0
16,133,42,0,0,0,0
16,134,48,0,0,0,0
16,135,38,0,0,0,0
16,136,40,0,0,0,0
16,137,10,0,0,0,0
16,138,22,4,0,18.18,0
16,139,10,0,0,0,0
16,142,8,2,0,25,0
16,143,12,0,0,0,0
16,144,18,0,0,0,0
16,145,32,0,0,0,0
16,146,24,0,0,0,0
16,147,18,0,0,0,0
16,148,8,0,0,0,0
16,149,20,0,0,0,0
16,150,18,0,0,0,0
16,151,14,0,0,0,0
16,152,4,0,0,0,0
16,161,12,0,0,0,0
16,162,12,0,0,0,0
16,163,10,0,0,0,0
16,164,20,0,0,0,0
16,165,12,0,0,0,0
16,166,20,0,0,0,0
16,167,14,0,0,0,0
16,168,8,0,0,0,0
17,-164,8,0,0,0,0
17,-163,10,0,0,0,0
17,-162,20,0,0,0,0
17,-161,110,0,0,0,0
17,-160,88,0,0,0,0
17,-159,502,0,0,0,0
17,-158,502,2,0,0.3984,0
17,-157,704,0,0,0,0
17,-156,572,3,0,0.5245,0
17,-155,452,0,0,0,0
17,-154,286,0,0,0,0
17,-153,302,0,0,0,0
17,-152,218,1,0,0.4587,0
17,-151,16,0,0,0,0
17,-150,10,0,0,0,0
17,-149,14,0,0,0,0
17,-148,14,0,0,0,0
17,-147,12,0,0,0,0
17,-146,10,0,0,0,0
17,-145,22,0,0,0,0
17,-144,12,0,0,0,0
17,-143,34,1,0,2.941,0
17,-142,20,0,0,0,0
17,-141,12,0,0,0,0
17,-140,10,1,0,10,0
17,-134,2,0,0,0,0
17,-133,2,0,0,0,0
17,-132,6,0,0,0,0
17,-131,24,0,0,0,0
17,-130,24,0,0,0,0
17,-129,66,0,0,0,0
17,-128,74,0,0,0,0
17,-127,50,0,0,0,0
17,-126,50,1,0,2,0
17,-125,28,0,0,0,0
17,-124,22,0,0,0,0
17,-123,34,0,0,0,0
17,-122,22,0,0,0,0
17,-121,34,0,0,0,0
17,-120,24,0,0,0,0
17,-119,22,0,0,0,0
17,-118,16,0,0,0,0
17,-117,34,0,0,0,0
17,-116,46,0,0,0,0
17,-115,82,0,0,0,0
17,-114,114,0,0,0,0
17,-113,72,0,0,0,0
17,-112,72,0,0,0,0
17,-111,48,0,0,0,0
17,-110,72,0,0,0,0
17,-109,56,0,0,0,0
17,-108,50,0,0,0,0
17,-107,1748,1,0,0.05721,0
17,-106,3054,0,0,0,0
17,-105,2438,0,0,0,0
17,-104,3530,1,0,0.02833,0
17,-103,3678,6,0,0.1631,0
17,-102,5010,12,0,0.2395,0
17,-101,5650,34,0,0.6018,0
17,-100,5104,55,0,1.078,0
17,-99,5366,104,0,1.938,0
17,-98,5110,88,0,1.722,0
17,-97,5904,262,0,4.438,0
17,-96,5858,52,2,0.8877,3.414
17,-95,6050,80,0,1.322,0
17,-94,6038,170,0,2.816,0
17,-93,5908,206,0,3.487,0
17,-92,5512,151,0,2.739,0
17,-91,5352,23,0,0.4297,0
17,-90,4548,4,0,0.08795,0
17,-89,5092,41,0,0.8052,0
17,-88,3880,9,0,0.232,0
17,-87,2798,3,0,0.1072,0
17,-86,756,2,0,0.2646,0
17,-85,444,0,0,0,0
17,-83,328,0,0,0,0
17,-82,3010,0,0,0,0
17,-81,1934,1,0,0.05171,0
17,-80,2878,3,0,0.1042,0
17,-79,2296,1,0,0.04355,0
17,-78,3694,18,0,0.4873,0
17,-77,3988,17,0,0.4263,0
17,-76,5158,13,0,0.252,0
17,-75,3252,7,1,0.2153,3.075
17,-74,2350,1,0,0.04255,0
17,-73,4844,7,0,0.1445,0
17,-72,3406,5,0,0.1468,0
17,-71,5236,12,2,0.2292,3.82
17,-70,2992,22,4,0.7353,13.37
17,-69,4930,18,0,0.3651,0
17,-68,3308,6,0,0.1814,0
17,-67,4300,21,0,0.4884,0
17,-66,4190,9,0,0.2148,0
17,-65,4768,4,0,0.08389,0
17,-64,5358,2,0,0.03733,0
17,-63,5470,4,0,0.07313,0
17,-62,5648,0,0,0,0
17,-61,3662,5,0,0.1365,0
17,-60,3210,1,0,0.03115,0
17,-59,2846,0,0,0,0
17,-58,4104,0,0,0,0
17,-57,2732,1,0,0.0366,0
17,-56,1372,1,0,0.07289,0
17,-55,26,0,0,0,0
17,-54,24,0,0,0,0
17,-53,20,0,0,0,0
17,-52,10,0,0,0,0
17,-51,12,0,0,0,0
17,-50,12,0,0,0,0
17,-49,10,0,0,0,0
17,-48,22,0,0,0,0
17,-47,10,0,0,0,0
17,-46,12,0,0,0,0
17,-45,16,0,0,0,0
17,-44,24,0,0,0,0
17,-43,12,0,0,0,0
17,-42,20,0,0,0,0
17,-41,10,2,0,20,0
17,-40,12,2,0,16.67,0
17,-39,10,0,0,0,0
17,-32,18,0,0,0,0
17,-31,30,0,0,0,0
17,-30,24,0,0,0,0
17,-29,15,0,0,0,0
17,-28,24,0,0,0,0
17,-27,31,0,0,0,0
17,-26,288,0,0,0,0
17,-25,280,0,0,0,0
17,-24,285,0,0,0,0
17,-23,45,0,0,0,0
17,-22,80,0,0,0,0
17,-21,1766,0,0,0,0
17,-20,1770,0,0,0,0
17,-19,3480,1,0,0.02874,0
17,-18,1756,1,0,0.05695,0
17,-17,3172,0,0,0,0
17,-16,1422,0,0,0,0
17,-15,2854,0,0,0,0
17,-14,2024,0,0,0,0
17,-13,2858,0,0,0,0
17,-12,2314,2,0,0.08643,0
17,-11,2288,0,0,0,0
17,-10,2830,0,0,0,0
17,-9,1976,0,0,0,0
17,-8,2896,2,0,0.06906,0
17,-7,2010,0,0,0,0
17,-6,2890,0,0,0,0
17,-5,2312,0,0,0,0
17,-4,1872,0,0,0,0
17,-3,2340,0,0,0,0
17,-2,1734,0,0,0,0
17,-1,2748,0,0,0,0
17,0,1686,0,0,0,0
17,1,3086,0,0,0,0
17,2,1732,2,0,0.1155,0
17,3,1930,0,0,0,0
17,4,2600,3,0,0.1154,0
17,5,1902,0,0,0,0
17,6,3066,1,0,0.03262,0
17,7,1692,3,0,0.1773,0
17,8,3296,17,5,0.5158,15.17
17,9,1608,0,0,0,0
17,10,3360,1,0,0.02976,0
17,11,1722,0,0,0,0
17,12,3438,0,0,0,0
17,13,2050,6,0,0.2927,0
17,14,3712,0,0,0,0
17,15,2284,0,0,0,0
17,16,1950,5,0,0.2564,0
17,17,452,0,0,0,0
17,18,184,0,0,0,0
17,19,408,1,0,0.2451,0
17,20,570,0,0,0,0
17,21,460,1,0,0.2174,0
17,22,542,1,0,0.1845,0
17,23,358,0,0,0,0
17,24,698,0,0,0,0
17,25,360,1,0,0.2778,0
17,26,442,0,0,0,0
17,27,344,1,0,0.2907,0
17,28,582,2,0,0.3436,0
17,29,480,0,0,0,0
17,30,386,2,0,0.5181,0
17,31,712,2,0,0.2809,0
17,32,360,4,0,1.111,0
17,33,652,6,0,0.9202,0
17,34,428,8,1,1.869,23.36
17,35,540,2,0,0.3704,0
17,36,1902,15,1,0.7886,5.258
17,37,2404,102,7,4.243,29.12
17,38,2930,271,32,9.249,109.2
17,39,1734,128,7,7.382,40.37
17,40,3414,118,11,3.456,32.22
17,41,2040,49,11,2.402,53.92
17,42,3786,464,150,12.26,396.2
17,43,3744,218,13,5.823,34.72
17,44,4474,310,42,6.929,93.88
17,45,3068,75,11,2.445,35.85
17,46,904,19,1,2.102,11.06
17,47,2040,90,9,4.412,44.12
17,48,1724,47,4,2.726,23.2
17,49,3480,82,9,2.356,25.86
17,50,1782,108,5,6.061,28.06
17,51,3494,184,11,5.266,31.48
17,52,1736,37,3,2.131,17.28
17,53,3468,102,9,2.941,25.95
17,54,1734,40,1,2.307,5.767
17,55,3450,180,11,5.217,31.88
17,56,1716,31,3,1.807,17.48
17,57,1696,8,0,0.4717,0
17,71,1452,4,0,0.2755,0
17,72,2024,1,0,0.04941,0
17,73,2454,18,1,0.7335,4.075
17,74,1576,11,0,0.698,0
17,75,2612,24,0,0.9188,0
17,76,1500,2,0,0.1333,0
17,77,3198,8,1,0.2502,3.127
17,78,1710,29,0,1.696,0
17,79,3378,10,0,0.296,0
17,80,1698,35,1,2.061,5.889
17,81,3362,11,3,0.3272,8.923
17,82,1692,14,2,0.8274,11.82
17,83,2868,21,1,0.7322,3.487
17,84,1212,6,2,0.495,16.5
17,85,1484,3,0,0.2022,0
17,87,10,0,0,0,0
17,88,18,0,0,0,0
17,89,14,0,0,0,0
17,90,12,0,0,0,0
17,91,590,6,0,1.017,0
17,92,3294,56,0,1.7,0
17,93,3830,23,0,0.6005,0
17,94,5516,40,1,0.7252,1.813
17,95,3821,37,0,0.9683,0
17,96,5750,39,2,0.6783,3.478
17,97,3806,62,1,1.629,2.627
17,98,4930,17,1,0.3448,2.028
17,99,4546,34,0,0.7479,0
17,100,4774,35,0,0.7331,0
17,101,5621,101,2,1.797,3.558
17,102,5043,46,5,0.9122,9.915
17,103,6192,100,0,1.615,0
17,104,4722,100,4,2.118,8.471
17,105,5364,66,0,1.23,0
17,106,5234,81,4,1.548,7.642
17,107,4648,104,3,2.238,6.454
17,108,4080,82,6,2.01,14.71
17,109,254,7,1,2.756,39.37
17,110,44,1,0,2.273,0
17,111,64,2,0,3.125,0
17,112,46,0,0,0,0
17,113,60,0,0,0,0
17,114,44,0,0,0,0
17,115,50,0,0,0,0
17,116,62,0,0,0,0
17,117,72,0,0,0,0
17,118,2070,53,4,2.56,19.32
17,119,2412,74,6,3.068,24.88
17,120,4256,81,3,1.903,7.049
17,121,2480,116,6,4.677,24.19
17,122,2156,46,3,2.134,13.91
17,123,336,12,1,3.571,29.76
17,124,72,2,0,2.778,0
17,125,60,1,0,1.667,0
17,126,54,0,0,0,0
17,127,58,2,0,3.448,0
17,128,54,0,0,0,0
17,129,54,0,0,0,0
17,130,62,0,0,0,0
17,131,50,1,0,2,0
17,132,32,0,0,0,0
17,133,34,0,0,0,0
17,134,34,0,0,0,0
17,135,50,0,0,0,0
17,136,14,0,0,0,0
17,137,12,2,0,16.67,0
17,138,8,2,0,25,0
17,139,10,0,0,0,0
17,140,2,0,0,0,0
17,143,12,0,0,0,0
17,144,4,0,0,0,0
17,145,26,0,0,0,0
17,146,48,0,0,0,0
17,147,22,1,0,4.545,0
17,148,20,0,0,0,0
17,149,12,0,0,0,0
17,150,18,0,0,0,0
17,151,14,0,0,0,0
17,152,10,0,0,0,0
17,160,4,0,0,0,0
17,161,10,0,0,0,0
17,162,10,0,0,0,0
17,163,14,0,0,0,0
17,164,20,0,0,0,0
17,165,4,0,0,0,0
17,166,2,0,0,0,0
17,167,2,0,0,0,0
18,-170,6,0,0,0,0
18,-169,10,0,0,0,0
18,-168,2,0,0,0,0
18,-166,8,0,0,0,0
18,-165,8,0,0,0,0
18,-164,18,0,0,0,0
18,-163,12,0,0,0,0
18,-162,22,0,0,0,0
18,-161,700,0,0,0,0
18,-160,610,1,0,0.1639,0
18,-159,894,1,0,0.1119,0
18,-158,676,5,0,0.7396,0
18,-157,4408,12,1,0.2722,2.269
18,-156,5700,19,0,0.3333,0
18,-155,2554,1,0,0.03915,0
18,-154,1780,0,0,0,0
18,-153,548,1,0,0.1825,0
18,-152,134,0,0,0,0
18,-151,22,0,0,0,0
18,-150,12,0,0,0,0
18,-149,12,0,0,0,0
18,-148,10,0,0,0,0
18,-147,22,0,0,0,0
18,-145,18,0,0,0,0
18,-144,10,0,0,0,0
18,-143,28,0,0,0,0
18,-142,34,0,0,0,0
18,-141,16,0,0,0,0
18,-140,22,0,0,0,0
18,-135,12,0,0,0,0
18,-134,18,0,0,0,0
18,-133,18,0,0,0,0
18,-132,12,0,0,0,0
18,-131,26,0,0,0,0
18,-130,34,0,0,0,0
18,-129,56,0,0,0,0
18,-128,46,0,0,0,0
18,-127,44,0,0,0,0
18,-126,28,0,0,0,0
18,-125,18,0,0,0,0
18,-124,10,0,0,0,0
18,-123,32,0,0,0,0
18,-122,38,0,0,0,0
18,-121,32,0,0,0,0
18,-120,36,0,0,0,0
18,-119,14,0,0,0,0
18,-118,32,0,0,0,0
18,-117,32,0,0,0,0
18,-116,54,0,0,0,0
18,-115,88,0,0,0,0
18,-114,92,0,0,0,0
18,-113,76,0,0,0,0
18,-112,192,0,0,0,0
18,-111,60,0,0,0,0
18,-110,764,0,0,0,0
18,-109,736,1,0,0.1359,0
18,-108,926,6,0,0.6479,0
18,-107,2874,0,0,0,0
18,-106,3720,2,0,0.05376,0
18,-105,3814,1,0,0.02622,0
18,-104,6074,22,0,0.3622,0
18,-103,3418,26,2,0.7607,5.851
18,-102,7040,37,1,0.5256,1.42
18,-101,3959,29,1,0.7325,2.526
18,-100,6528,111,1,1.7,1.532
18,-99,4076,101,0,2.478,0
18,-98,5529,178,1,3.219,1.809
18,-97,5652,184,0,3.255,0
18,-96,5302,53,1,0.9996,1.886
18,-95,6716,34,2,0.5063,2.978
18,-94,4536,49,0,1.08,0
18,-93,7060,58,0,0.8215,0
18,-92,4202,12,0,0.2856,0
18,-91,6654,24,0,0.3607,0
18,-90,3448,1,0,0.029,0
18,-89,6008,31,0,0.516,0
18,-88,3270,5,0,0.1529,0
18,-87,1692,1,0,0.0591,0
18,-83,1692,0,0,0,0
18,-82,1700,0,0,0,0
18,-81,3418,1,0,0.02926,0
18,-80,1720,4,0,0.2326,0
18,-79,4541,106,0,2.334,0
18,-78,4518,20,0,0.4427,0
18,-77,5318,11,0,0.2068,0
18,-76,4416,19,2,0.4303,4.529
18,-75,5666,18,2,0.3177,3.53
18,-74,5278,8,0,0.1516,0
18,-73,4938,8,2,0.162,4.05
18,-72,4234,26,0,0.6141,0
18,-71,4952,89,0,1.797,0
18,-70,4216,177,2,4.198,4.744
18,-69,4780,72,0,1.506,0
18,-68,2720,7,0,0.2574,0
18,-67,5128,389,0,7.586,0
18,-66,3230,155,0,4.799,0
18,-65,6390,3,0,0.04695,0
18,-64,3810,31,0,0.8136,0
18,-63,6402,8,0,0.125,0
18,-62,2294,0,0,0,0
18,-61,2252,1,0,0.0444,0
18,-60,2534,0,0,0,0
18,-59,2044,0,0,0,0
18,-58,3169,0,0,0,0
18,-57,1570,0,0,0,0
18,-56,1368,0,0,0,0
18,-55,32,0,0,0,0
18,-54,24,0,0,0,0
18,-53,18,0,0,0,0
18,-52,14,0,0,0,0
18,-51,12,0,0,0,0
18,-50,10,0,0,0,0
18,-49,18,0,0,0,0
18,-48,16,0,0,0,0
18,-47,10,0,0,0,0
18,-46,10,0,0,0,0
18,-45,22,0,0,0,0
18,-44,34,0,0,0,0
18,-43,12,0,0,0,0
18,-42,42,2,0,4.762,0
18,-41,12,0,0,0,0
18,-40,12,0,0,0,0
18,-39,8,0,0,0,0
18,-31,9,0,0,0,0
18,-30,9,0,0,0,0
18,-29,12,0,0,0,0
18,-28,15,0,0,0,0
18,-27,27,0,0,0,0
18,-26,29,0,0,0,0
18,-25,27,0,0,0,0
18,-24,26,0,0,0,0
18,-23,30,0,0,0,0
18,-22,55,0,0,0,0
18,-21,1452,0,0,0,0
18,-20,1725,0,0,0,0
18,-19,3458,0,0,0,0
18,-18,1758,0,0,0,0
18,-17,3176,19,0,0.5982,0
18,-16,1424,1,0,0.07022,0
18,-15,3150,0,0,0,0
18,-14,1728,0,0,0,0
18,-13,3450,1,0,0.02899,0
18,-12,1722,0,0,0,0
18,-11,3260,0,0,0,0
18,-10,1578,1,0,0.06337,0
18,-9,3618,1,0,0.02764,0
18,-8,1728,0,0,0,0
18,-7,3182,1,0,0.03143,0
18,-6,2014,2,0,0.0993,0
18,-5,2352,0,0,0,0
18,-4,2190,0,0,0,0
18,-3,1852,0,0,0,0
18,-2,2414,0,0,0,0
18,-1,1466,0,0,0,0
18,0,3086,1,0,0.0324,0
18,1,1972,2,0,0.1014,0
18,2,1946,1,0,0.05139,0
18,3,2392,1,0,0.04181,0
18,4,1996,0,0,0,0
18,5,2918,0,0,0,0
18,6,1692,2,0,0.1182,0
18,7,3110,1,0,0.03215,0
18,8,1872,0,0,0,0
18,9,2386,1,0,0.04191,0
18,10,2533,1,0,0.03948,0
18,11,2296,1,0,0.04355,0
18,12,2864,0,0,0,0
18,13,1860,1,0,0.05376,0
18,14,3906,0,0,0,0
18,15,2086,8,0,0.3835,0
18,16,2150,6,1,0.2791,4.651
18,17,288,0,0,0,0
18,18,460,2,0,0.4348,0
18,19,180,0,0,0,0
18,20,892,0,0,0,0
18,21,776,2,0,0.2577,0
18,22,1090,1,0,0.09174,0
18,23,768,0,0,0,0
18,24,752,3,0,0.3989,0
18,25,650,2,0,0.3077,0
18,26,278,0,0,0,0
18,27,480,2,2,0.4167,41.67
18,28,450,1,0,0.2222,0
18,29,480,0,0,0,0
18,30,594,0,0,0,0
18,31,376,0,0,0,0
18,32,720,0,0,0,0
18,33,380,3,0,0.7895,0
18,34,702,12,1,1.709,14.25
18,35,330,2,0,0.6061,0
18,36,2126,29,1,1.364,4.704
18,37,1824,43,3,2.357,16.45
18,38,3540,382,9,10.79,25.42
18,39,2084,218,7,10.46,33.59
18,40,3294,152,11,4.614,33.39
18,41,1732,22,3,1.27,17.32
18,42,2396,352,32,14.69,133.6
18,43,2492,204,56,8.186,224.7
18,44,2899,51,6,1.759,20.7
18,45,988,18,1,1.822,10.12
18,46,476,8,2,1.681,42.02
18,47,1918,99,7,5.162,36.5
18,48,1724,43,3,2.494,17.4
18,49,3484,73,6,2.095,17.22
18,50,1808,64,1,3.54,5.531
18,51,3512,166,12,4.727,34.17
18,52,1736,27,2,1.555,11.52
18,53,3468,149,23,4.296,66.32
18,54,1734,76,7,4.383,40.37
18,55,3450,102,9,2.957,26.09
18,56,1716,23,1,1.34,5.828
18,57,2849,25,3,0.8775,10.53
18,58,1115,7,0,0.6278,0
18,59,820,6,1,0.7317,12.2
18,71,1686,7,1,0.4152,5.931
18,72,1686,6,0,0.3559,0
18,73,3030,84,8,2.772,26.4
18,74,1344,42,0,3.125,0
18,75,2844,7,0,0.2461,0
18,76,1500,3,0,0.2,0
18,77,3198,4,0,0.1251,0
18,78,1700,5,0,0.2941,0
18,79,3372,12,0,0.3559,0
18,80,1682,2,1,0.1189,5.945
18,81,3370,6,1,0.178,2.967
18,82,1680,2,0,0.119,0
18,83,3322,8,0,0.2408,0
18,84,1748,13,0,0.7437,0
18,85,1698,12,1,0.7067,5.889
18,86,1318,3,0,0.2276,0
18,87,1330,12,1,0.9023,7.519
18,88,1310,31,5,2.366,38.17
18,89,714,14,0,1.961,0
18,90,262,1,0,0.3817,0
18,92,4597,36,0,0.7831,0
18,93,4058,26,4,0.6407,9.857
18,94,5658,59,1,1.043,1.767
18,95,3806,24,0,0.6306,0
18,96,5260,108,0,2.053,0
18,97,4452,31,1,0.6963,2.246
18,98,4696,76,1,1.618,2.129
18,99,4386,36,0,0.8208,0
18,100,5562,56,1,1.007,1.798
18,101,4548,58,1,1.275,2.199
18,102,6066,116,9,1.912,14.84
18,103,4984,50,2,1.003,4.013
18,104,5996,78,7,1.301,11.67
18,105,4576,63,1,1.377,2.185
18,106,4710,110,6,2.335,12.74
18,107,4262,97,8,2.276,18.77
18,108,2428,81,7,3.336,28.83
18,109,3172,84,6,2.648,18.92
18,110,1976,82,8,4.15,40.49
18,111,360,9,0,2.5,0
18,112,60,2,0,3.333,0
18,113,54,0,0,0,0
18,114,56,0,0,0,0
18,115,34,2,0,5.882,0
18,116,56,0,0,0,0
18,117,82,1,0,1.22,0
18,118,2078,55,3,2.647,14.44
18,119,2445,75,9,3.067,36.81
18,120,3979,106,3,2.664,7.54
18,121,3044,82,5,2.694,16.43
18,122,2153,42,7,1.951,32.51
18,123,302,9,0,2.98,0
18,124,84,2,0,2.381,0
18,125,60,0,0,0,0
18,126,90,0,0,0,0
18,127,60,0,0,0,0
18,128,68,2,0,2.941,0
18,129,46,0,0,0,0
18,130,56,1,0,1.786,0
18,131,50,1,0,2,0
18,132,26,2,0,7.692,0
18,133,36,1,0,2.778,0
18,134,14,0,0,0,0
18,135,26,1,0,3.846,0
18,136,10,0,0,0,0
18,141,14,0,0,0,0
18,142,8,0,0,0,0
18,143,8,0,0,0,0
18,144,36,0,0,0,0
18,145,42,0,0,0,0
18,146,40,0,0,0,0
18,147,30,0,0,0,0
18,148,28,0,0,0,0
18,149,14,0,0,0,0
18,150,16,0,0,0,0
18,151,12,0,0,0,0
18,152,12,0,0,0,0
18,153,6,0,0,0,0
18,154,8,0,0,0,0
18,157,8,0,0,0,0
18,158,10,0,0,0,0
18,159,20,0,0,0,0
18,160,10,0,0,0,0
18,163,6,0,0,0,0
18,164,6,0,0,0,0
19,-171,4,0,0,0,0
19,-170,16,0,0,0,0
19,-169,16,0,0,0,0
19,-168,20,0,0,0,0
19,-167,14,0,0,0,0
19,-166,10,0,0,0,0
19,-165,14,0,0,0,0
19,-164,10,0,0,0,0
19,-163,14,0,0,0,0
19,-162,22,0,0,0,0
19,-161,584,0,0,0,0
19,-160,784,0,0,0,0
19,-159,1732,4,0,0.2309,0
19,-158,1866,0,0,0,0
19,-157,5848,15,1,0.2565,1.71
19,-156,4010,14,2,0.3491,4.988
19,-155,6548,7,0,0.1069,0
19,-154,2548,1,0,0.03925,0
19,-153,2312,4,0,0.173,0
19,-152,12,0,0,0,0
19,-151,12,0,0,0,0
19,-150,4,0,0,0,0
19,-149,4,0,0,0,0
19,-148,8,0,0,0,0
19,-147,20,0,0,0,0
19,-143,20,0,0,0,0
19,-142,34,1,1,2.941,294.1
19,-141,30,0,0,0,0
19,-140,20,0,0,0,0
19,-135,10,0,0,0,0
19,-134,12,0,0,0,0
19,-133,16,0,0,0,0
19,-132,12,0,0,0,0
19,-131,14,0,0,0,0
19,-130,30,0,0,0,0
19,-129,30,0,0,0,0
19,-128,44,0,0,0,0
19,-127,16,0,0,0,0
19,-126,18,0,0,0,0
19,-125,4,0,0,0,0
19,-124,22,0,0,0,0
19,-123,22,0,0,0,0
19,-122,30,0,0,0,0
19,-121,28,0,0,0,0
19,-120,30,0,0,0,0
19,-119,12,0,0,0,0
19,-118,30,0,0,0,0
19,-117,22,0,0,0,0
19,-116,16,0,0,0,0
19,-115,60,0,0,0,0
19,-114,58,0,0,0,0
19,-113,288,0,0,0,0
19,-112,1460,0,0,0,0
19,-111,1186,1,0,0.08432,0
19,-110,2562,2,0,0.07806,0
19,-109,1454,0,0,0,0
19,-108,2968,4,0,0.1348,0
19,-107,2672,2,0,0.07485,0
19,-106,4682,5,1,0.1068,2.136
19,-105,4172,43,0,1.031,0
19,-104,5022,61,2,1.215,3.982
19,-103,4936,49,1,0.9927,2.026
19,-102,5254,46,1,0.8755,1.903
19,-101,5442,184,1,3.381,1.838
19,-100,5332,659,1,12.36,1.875
19,-99,4664,388,0,8.319,0
19,-98,5020,338,0,6.733,0
19,-97,5936,79,0,1.331,0
19,-96,5902,96,0,1.627,0
19,-95,1976,1,0,0.05061,0
19,-94,2934,0,0,0,0
19,-93,4216,4,0,0.09488,0
19,-92,3818,12,0,0.3143,0
19,-91,4316,19,0,0.4402,0
19,-90,5218,9,0,0.1725,0
19,-89,4772,0,0,0,0
19,-88,4160,4,0,0.09615,0
19,-87,2218,2,0,0.09017,0
19,-86,4,0,0,0,0
19,-85,2,0,0,0,0
19,-83,1698,2,0,0.1178,0
19,-82,1698,1,0,0.05889,0
19,-81,3976,13,1,0.327,2.515
19,-80,2286,1,0,0.04374,0
19,-79,5872,3,0,0.05109,0
19,-78,3396,2,1,0.05889,2.945
19,-77,6700,1,0,0.01493,0
19,-76,3226,8,0,0.248,0
19,-75,6904,16,1,0.2317,1.448
19,-74,3676,3,1,0.08161,2.72
19,-73,6396,12,0,0.1876,0
19,-72,3318,27,0,0.8137,0
19,-71,5614,316,0,5.629,0
19,-70,3735,21,0,0.5622,0
19,-69,4808,16,2,0.3328,4.16
19,-68,3464,2,0,0.05774,0
19,-67,3876,9,0,0.2322,0
19,-66,4875,6,0,0.1231,0
19,-65,4336,1,0,0.02306,0
19,-64,5414,2,0,0.03694,0
19,-63,4148,4,0,0.09643,0
19,-62,50,0,0,0,0
19,-61,20,0,0,0,0
19,-60,1612,0,0,0,0
19,-59,2522,0,0,0,0
19,-58,1366,0,0,0,0
19,-57,2492,0,0,0,0
19,-56,240,0,0,0,0
19,-55,16,0,0,0,0
19,-54,26,0,0,0,0
19,-53,20,0,0,0,0
19,-52,12,0,0,0,0
19,-51,18,0,0,0,0
19,-50,16,0,0,0,0
19,-49,16,0,0,0,0
19,-48,10,0,0,0,0
19,-46,2,0,0,0,0
19,-45,18,0,0,0,0
19,-44,18,0,0,0,0
19,-43,16,0,0,0,0
19,-42,22,0,0,0,0
19,-41,2,0,0,0,0
19,-28,18,0,0,0,0
19,-27,15,0,0,0,0
19,-26,30,0,0,0,0
19,-25,20,0,0,0,0
19,-24,487,0,0,0,0
19,-23,991,2,0,0.2018,0
19,-22,2814,5,0,0.1777,0
19,-21,4347,4,0,0.09202,0
19,-20,2584,1,0,0.0387,0
19,-19,2828,1,0,0.03536,0
19,-18,1759,0,0,0,0
19,-17,2556,0,0,0,0
19,-16,1778,0,0,0,0
19,-15,3372,0,0,0,0
19,-14,2130,0,0,0,0
19,-13,3660,2,1,0.05464,2.732
19,-12,1730,0,0,0,0
19,-11,3188,0,0,0,0
19,-10,1458,0,0,0,0
19,-9,3188,0,0,0,0
19,-8,1728,0,0,0,0
19,-7,3462,3,1,0.08666,2.889
19,-6,1734,0,0,0,0
19,-5,3138,0,0,0,0
19,-4,1404,0,0,0,0
19,-3,2814,1,0,0.03554,0
19,-2,1410,0,0,0,0
19,-1,3096,1,0,0.0323,0
19,0,1686,0,0,0,0
19,1,2632,0,0,0,0
19,2,1946,0,0,0,0
19,3,2010,0,0,0,0
19,4,2712,2,0,0.07375,0
19,5,2144,0,0,0,0
19,6,2838,0,0,0,0
19,7,1966,1,0,0.05086,0
19,8,2660,1,0,0.03759,0
19,9,2132,0,0,0,0
19,10,2296,0,0,0,0
19,11,2870,0,0,0,0
19,12,1990,0,0,0,0
19,13,3158,0,0,0,0
19,14,2158,0,0,0,0
19,15,3588,15,1,0.4181,2.787
19,16,632,5,0,0.7911,0
19,17,648,1,0,0.1543,0
19,18,522,7,0,1.341,0
19,19,736,5,1,0.6793,13.59
19,20,984,34,5,3.455,50.81
19,21,892,6,0,0.6726,0
19,22,1148,23,3,2.003,26.13
19,23,778,4,0,0.5141,0
19,24,1266,19,1,1.501,7.899
19,25,666,1,0,0.1502,0
19,26,958,20,4,2.088,41.75
19,27,294,3,0,1.02,0
19,28,648,1,0,0.1543,0
19,29,354,0,0,0,0
19,30,720,2,0,0.2778,0
19,31,366,1,0,0.2732,0
19,32,738,6,0,0.813,0
19,33,372,0,0,0,0
19,34,708,7,0,0.9887,0
19,35,336,2,0,0.5952,0
19,36,2142,33,2,1.541,9.337
19,37,1816,76,7,4.185,38.55
19,38,3760,721,151,19.18,401.6
19,39,2200,176,16,8,72.73
19,40,2062,47,3,2.279,14.55
19,41,704,14,1,1.989,14.2
19,42,360,12,0,3.333,0
19,43,2720,47,5,1.728,18.38
19,44,2176,39,2,1.792,9.191
19,45,468,1,0,0.2137,0
19,46,576,10,0,1.736,0
19,47,1970,94,1,4.772,5.076
19,48,2844,122,8,4.29,28.13
19,49,2080,46,4,2.212,19.23
19,50,2978,144,14,4.835,47.01
19,51,2342,174,12,7.43,51.24
19,52,2342,40,2,1.708,8.54
19,53,2884,89,7,3.086,24.27
19,54,2014,104,20,5.164,99.3
19,55,3168,109,6,3.441,18.94
19,56,1716,24,1,1.399,5.828
19,57,3426,25,6,0.7297,17.51
19,58,1710,11,6,0.6433,35.09
19,59,1710,13,0,0.7602,0
19,65,10,0,0,0,0
19,66,10,0,0,0,0
19,67,20,0,0,0,0
19,68,8,0,0,0,0
19,69,10,0,0,0,0
19,70,268,1,0,0.3731,0
19,71,2211,21,1,0.9498,4.523
19,72,1686,26,0,1.542,0
19,73,3030,52,0,1.716,0
19,74,1344,6,0,0.4464,0
19,75,2844,12,0,0.4219,0
19,76,1500,16,0,1.067,0
19,77,2922,1,0,0.03422,0
19,78,1974,11,0,0.5572,0
19,79,2536,18,0,0.7098,0
19,80,2504,4,0,0.1597,0
19,81,1966,5,2,0.2543,10.17
19,82,3060,5,0,0.1634,0
19,83,1674,10,0,0.5974,0
19,84,3301,15,0,0.4544,0
19,85,1786,6,0,0.3359,0
19,86,2984,12,0,0.4021,0
19,87,4264,28,1,0.6567,2.345
19,88,4332,65,7,1.5,16.16
19,89,4688,36,0,0.7679,0
19,90,3924,66,1,1.682,2.548
19,91,3908,50,3,1.279,7.677
19,92,4770,45,4,0.9434,8.386
19,93,4137,23,2,0.556,4.834
19,94,5665,90,4,1.589,7.061
19,95,3272,41,6,1.253,18.34
19,96,5818,565,70,9.711,120.3
19,97,2940,34,5,1.156,17.01
19,98,6108,125,6,2.046,9.823
19,99,3186,36,1,1.13,3.139
19,100,6796,111,1,1.633,1.471
19,101,3650,51,1,1.397,2.74
19,102,7492,181,16,2.416,21.36
19,103,3690,56,1,1.518,2.71
19,104,7142,189,8,2.646,11.2
19,105,3478,36,5,1.035,14.38
19,106,5110,135,2,2.642,3.914
19,107,1656,27,1,1.63,6.039
19,108,3114,94,13,3.019,41.75
19,109,2244,97,4,4.323,17.83
19,110,2716,169,43,6.222,158.3
19,111,2798,96,6,3.431,21.44
19,112,1692,54,4,3.191,23.64
19,113,74,4,0,5.405,0
19,114,64,0,0,0,0
19,115,40,0,0,0,0
19,116,60,0,0,0,0
19,117,74,0,0,0,0
19,118,116,1,0,0.8621,0
19,119,3225,91,0,2.822,0
19,120,1758,37,2,2.105,11.38
19,121,3334,90,7,2.699,21
19,122,2282,49,4,2.147,17.53
19,123,64,2,0,3.125,0
19,124,54,0,0,0,0
19,125,114,2,0,1.754,0
19,126,82,2,0,2.439,0
19,127,84,1,0,1.19,0
19,128,50,0,0,0,0
19,129,28,1,0,3.571,0
19,130,20,0,0,0,0
19,131,24,0,0,0,0
19,132,20,0,0,0,0
19,133,16,0,0,0,0
19,134,2,0,0,0,0
19,136,10,0,0,0,0
19,137,12,0,0,0,0
19,138,16,0,0,0,0
19,139,14,0,0,0,0
19,140,14,0,0,0,0
19,141,22,0,0,0,0
19,142,32,0,0,0,0
19,143,12,0,0,0,0
19,144,38,0,0,0,0
19,145,26,0,0,0,0
19,146,30,0,0,0,0
19,147,70,0,0,0,0
19,148,12,0,0,0,0
19,149,12,0,0,0,0
19,150,12,0,0,0,0
19,151,14,0,0,0,0
19,152,12,0,0,0,0
19,153,12,0,0,0,0
19,154,12,0,0,0,0
19,155,10,0,0,0,0
19,156,10,0,0,0,0
19,157,12,0,0,0,0
19,158,10,0,0,0,0
19,159,14,0,0,0,0
19,160,14,0,0,0,0
19,161,8,0,0,0,0
20,-171,10,0,0,0,0
20,-170,10,0,0,0,0
20,-169,22,0,0,0,0
20,-168,30,0,0,0,0
20,-167,14,0,0,0,0
20,-166,14,0,0,0,0
20,-165,28,0,0,0,0
20,-164,12,0,0,0,0
20,-163,14,0,0,0,0
20,-162,22,0,0,0,0
20,-161,2036,7,0,0.3438,0
20,-160,1922,10,1,0.5203,5.203
20,-159,5492,34,10,0.6191,18.21
20,-158,5354,20,2,0.3736,3.736
20,-157,6654,18,1,0.2705,1.503
20,-156,4976,8,0,0.1608,0
20,-155,6294,28,2,0.4449,3.178
20,-154,3282,6,0,0.1828,0
20,-153,2506,3,0,0.1197,0
20,-146,6,0,0,0,0
20,-145,6,0,0,0,0
20,-144,6,0,0,0,0
20,-143,20,0,0,0,0
20,-142,18,0,0,0,0
20,-141,30,0,0,0,0
20,-140,16,0,0,0,0
20,-139,2,0,0,0,0
20,-135,6,0,0,0,0
20,-134,16,0,0,0,0
20,-133,12,0,0,0,0
20,-132,24,0,0,0,0
20,-131,24,0,0,0,0
20,-130,12,0,0,0,0
20,-129,16,0,0,0,0
20,-128,6,0,0,0,0
20,-126,10,0,0,0,0
20,-125,16,0,0,0,0
20,-124,12,0,0,0,0
20,-123,24,0,0,0,0
20,-122,18,0,0,0,0
20,-121,20,0,0,0,0
20,-120,44,0,0,0,0
20,-119,16,0,0,0,0
20,-118,24,0,0,0,0
20,-117,24,0,0,0,0
20,-116,10,0,0,0,0
20,-115,36,0,0,0,0
20,-114,1418,0,0,0,0
20,-113,1486,0,0,0,0
20,-112,2840,4,1,0.1408,3.521
20,-111,1420,0,0,0,0
20,-110,2788,3,0,0.1076,0
20,-109,1464,2,0,0.1366,0
20,-108,4496,4,0,0.08897,0
20,-107,3782,2,0,0.05288,0
20,-106,5838,73,0,1.25,0
20,-105,4010,44,0,1.097,0
20,-104,4918,181,0,3.68,0
20,-103,5124,273,0,5.328,0
20,-102,4820,474,0,9.834,0
20,-101,5604,543,1,9.69,1.784
20,-100,5984,243,0,4.061,0
20,-99,4854,227,0,4.677,0
20,-98,4972,75,0,1.508,0
20,-97,4340,83,0,1.912,0
20,-96,3492,6,1,0.1718,2.864
20,-95,2916,0,0,0,0
20,-94,2050,0,0,0,0
20,-93,2648,0,0,0,0
20,-92,2572,1,0,0.03888,0
20,-91,3854,25,0,0.6487,0
20,-90,4834,85,0,1.758,0
20,-89,5124,10,0,0.1952,0
20,-88,5572,117,0,2.1,0
20,-87,1790,17,0,0.9497,0
20,-86,34,0,0,0,0
20,-85,1058,0,0,0,0
20,-84,1046,0,0,0,0
20,-83,3240,24,0,0.7407,0
20,-82,2188,9,0,0.4113,0
20,-81,5036,28,0,0.556,0
20,-80,2874,6,1,0.2088,3.479
20,-79,6266,4,1,0.06384,1.596
20,-78,3394,1,0,0.02946,0
20,-77,6836,16,0,0.2341,0
20,-76,3468,2,0,0.05767,0
20,-75,7192,11,0,0.1529,0
20,-74,3854,4,0,0.1038,0
20,-73,6386,5,0,0.0783,0
20,-72,3472,5,0,0.144,0
20,-71,4976,18,0,0.3617,0
20,-70,2912,12,0,0.4121,0
20,-69,3000,16,1,0.5333,3.333
20,-68,3280,5,0,0.1524,0
20,-67,4224,3,0,0.07102,0
20,-66,4336,4,0,0.09225,0
20,-65,5142,1,0,0.01945,0
20,-64,4112,1,0,0.02432,0
20,-63,4376,4,0,0.09141,0
20,-62,40,0,0,0,0
20,-61,486,0,0,0,0
20,-60,2292,0,0,0,0
20,-59,1388,2,0,0.1441,0
20,-58,2490,0,0,0,0
20,-57,1582,0,0,0,0
20,-56,22,0,0,0,0
20,-55,10,0,0,0,0
20,-54,20,0,0,0,0
20,-53,10,0,0,0,0
20,-49,4,0,0,0,0
20,-48,6,0,0,0,0
20,-45,12,0,0,0,0
20,-44,16,0,0,0,0
20,-43,18,0,0,0,0
20,-42,12,0,0,0,0
20,-28,837,0,0,0,0
20,-27,946,0,0,0,0
20,-26,2207,0,0,0,0
20,-25,3973,0,0,0,0
20,-24,4663,7,0,0.1501,0
20,-23,7421,7,0,0.09433,0
20,-22,6673,4,0,0.05994,0
20,-21,5401,1,0,0.01852,0
20,-20,7074,6,0,0.08482,0
20,-19,5476,0,0,0,0
20,-18,4232,0,0,0,0
20,-17,4368,0,0,0,0
20,-16,2100,0,0,0,0
20,-15,3092,0,0,0,0
20,-14,3180,0,0,0,0
20,-13,2894,1,0,0.03455,0
20,-12,2684,0,0,0,0
20,-11,2994,1,0,0.0334,0
20,-10,1708,2,0,0.1171,0
20,-9,2936,0,0,0,0
20,-8,1728,0,0,0,0
20,-7,3462,0,0,0,0
20,-6,1734,0,0,0,0
20,-5,3138,0,0,0,0
20,-4,1404,0,0,0,0
20,-3,2994,0,0,0,0
20,-2,1594,0,0,0,0
20,-1,3280,0,0,0,0
20,0,1686,0,0,0,0
20,1,3132,0,0,0,0
20,2,1446,0,0,0,0
20,3,3084,0,0,0,0
20,4,1638,0,0,0,0
20,5,3360,2,0,0.05952,0
20,6,1692,1,0,0.0591,0
20,7,3034,6,1,0.1978,3.296
20,8,1850,1,0,0.05405,0
20,9,2468,0,0,0,0
20,10,2572,0,0,0,0
20,11,2294,0,0,0,0
20,12,2860,1,0,0.03497,0
20,13,1716,0,0,0,0
20,14,3388,10,1,0.2952,2.952
20,15,2410,8,1,0.332,4.149
20,16,866,3,0,0.3464,0
20,17,532,5,0,0.9398,0
20,18,868,1,0,0.1152,0
20,19,746,9,0,1.206,0
20,20,1036,11,0,1.062,0
20,21,790,7,0,0.8861,0
20,22,1052,7,0,0.6654,0
20,23,564,2,1,0.3546,17.73
20,24,1180,1,0,0.08475,0
20,25,698,2,0,0.2865,0
20,26,1344,12,2,0.8929,14.88
20,27,494,1,0,0.2024,0
20,28,1044,5,0,0.4789,0
20,29,452,0,0,0,0
20,30,922,6,2,0.6508,21.69
20,31,468,2,0,0.4274,0
20,32,730,3,1,0.411,13.7
20,33,368,3,1,0.8152,27.17
20,34,600,8,0,1.333,0
20,35,440,4,0,0.9091,0
20,36,956,14,0,1.464,0
20,37,3198,168,5,5.253,15.63
20,38,2548,638,87,25.04,341.4
20,39,3570,975,282,27.31,789.9
20,40,2024,137,21,6.769,103.8
20,41,360,3,0,0.8333,0
20,42,1768,53,7,2.998,39.59
20,43,1856,22,0,1.185,0
20,44,1858,44,3,2.368,16.15
20,45,464,0,0,0,0
20,46,910,60,3,6.593,32.97
20,47,2816,86,4,3.054,14.2
20,48,1984,29,1,1.462,5.04
20,49,2982,89,8,2.985,26.83
20,50,2110,178,13,8.436,61.61
20,51,2916,139,13,4.767,44.58
20,52,2360,123,18,5.212,76.27
20,53,2308,89,4,3.856,17.33
20,54,2914,181,14,6.211,48.04
20,55,1716,49,3,2.855,17.48
20,56,3102,58,4,1.87,12.89
20,57,2040,16,1,0.7843,4.902
20,58,2578,9,2,0.3491,7.758
20,59,2238,15,3,0.6702,13.4
20,60,1384,5,2,0.3613,14.45
20,61,538,0,0,0,0
20,65,12,1,0,8.333,0
20,66,12,0,0,0,0
20,67,886,27,0,3.047,0
20,68,874,6,1,0.6865,11.44
20,69,3030,50,1,1.65,3.3
20,70,1608,15,0,0.9328,0
20,71,2732,39,4,1.428,14.64
20,72,2246,45,0,2.004,0
20,73,2310,56,2,2.424,8.658
20,74,2112,14,0,0.6629,0
20,75,1588,7,0,0.4408,0
20,76,2786,6,0,0.2154,0
20,77,1500,3,0,0.2,0
20,78,2830,14,0,0.4947,0
20,79,2264,17,3,0.7509,13.25
20,80,2488,6,0,0.2412,0
20,81,2508,21,2,0.8373,7.974
20,82,1962,0,0,0,0
20,83,2772,6,0,0.2165,0
20,84,1980,3,0,0.1515,0
20,85,2820,6,2,0.2128,7.092
20,86,4966,94,1,1.893,2.014
20,87,4654,85,4,1.826,8.595
20,88,4866,49,3,1.007,6.165
20,89,4438,31,4,0.6985,9.013
20,90,4938,65,0,1.316,0
20,91,4494,53,1,1.179,2.225
20,92,5226,136,10,2.602,19.14
20,93,4478,42,1,0.9379,2.233
20,94,5204,84,5,1.614,9.608
20,95,3710,80,1,2.156,2.695
20,96,5284,202,12,3.823,22.71
20,97,3226,53,0,1.643,0
20,98,5876,49,4,0.8339,6.807
20,99,3184,59,2,1.853,6.281
20,100,6442,86,9,1.335,13.97
20,101,3246,81,1,2.495,3.081
20,102,6724,140,3,2.082,4.462
20,103,3310,17,0,0.5136,0
20,104,6680,173,12,2.59,17.96
20,105,3284,85,1,2.588,3.045
20,106,4898,213,28,4.349,57.17
20,107,1630,64,0,3.926,0
20,108,3454,277,16,8.02,46.32
20,109,1838,177,15,9.63,81.61
20,110,3528,398,121,11.28,343
20,111,1702,68,5,3.995,29.38
20,112,2252,131,9,5.817,39.96
20,113,548,28,0,5.109,0
20,114,844,28,2,3.318,23.7
20,115,568,41,1,7.218,17.61
20,116,72,2,0,2.778,0
20,117,76,0,0,0,0
20,118,64,1,0,1.562,0
20,119,1522,130,8,8.541,52.56
20,120,2491,110,6,4.416,24.09
20,121,753,32,3,4.25,39.84
20,122,328,8,0,2.439,0
20,123,94,7,0,7.447,0
20,124,36,0,0,0,0
20,125,104,3,0,2.885,0
20,126,74,4,0,5.405,0
20,127,78,3,0,3.846,0
20,128,52,3,0,5.769,0
20,129,24,0,0,0,0
20,130,20,0,0,0,0
20,131,20,0,0,0,0
20,132,12,0,0,0,0
20,133,12,0,0,0,0
20,136,10,0,0,0,0
20,137,12,0,0,0,0
20,138,18,0,0,0,0
20,139,22,0,0,0,0
20,140,16,0,0,0,0
20,141,26,0,0,0,0
20,142,24,0,0,0,0
20,143,22,0,0,0,0
20,144,38,0,0,0,0
20,145,32,0,0,0,0
20,146,44,0,0,0,0
20,147,36,0,0,0,0
20,150,4,0,0,0,0
20,151,14,0,0,0,0
20,152,12,0,0,0,0
20,153,12,0,0,0,0
20,154,12,0,0,0,0
20,155,22,0,0,0,0
20,158,22,0,0,0,0
20,159,10,0,0,0,0
20,160,10,0,0,0,0
20,161,10,0,0,0,0
21,-177,2,0,0,0,0
21,-176,6,0,0,0,0
21,-175,4,0,0,0,0
21,-174,2,0,0,0,0
21,-173,2,0,0,0,0
21,-171,12,0,0,0,0
21,-170,12,2,0,16.67,0
21,-169,22,2,0,9.091,0
21,-168,32,0,0,0,0
21,-167,20,0,0,0,0
21,-166,32,0,0,0,0
21,-165,22,0,0,0,0
21,-164,26,0,0,0,0
21,-163,24,0,0,0,0
21,-162,698,0,0,0,0
21,-161,5420,36,9,0.6642,16.61
21,-160,4042,32,9,0.7917,22.27
21,-159,7526,68,14,0.9035,18.6
21,-158,4494,33,6,0.7343,13.35
21,-157,6934,19,2,0.274,2.884
21,-156,4840,13,4,0.2686,8.264
21,-155,3425,17,0,0.4964,0
21,-154,3120,7,1,0.2244,3.205
21,-153,184,0,0,0,0
21,-146,12,0,0,0,0
21,-145,16,0,0,0,0
21,-144,16,0,0,0,0
21,-143,20,0,0,0,0
21,-142,14,0,0,0,0
21,-141,10,0,0,0,0
21,-140,10,0,0,0,0
21,-139,10,0,0,0,0
21,-134,20,0,0,0,0
21,-133,8,0,0,0,0
21,-132,18,0,0,0,0
21,-131,14,0,0,0,0
21,-130,14,0,0,0,0
21,-129,24,0,0,0,0
21,-126,22,0,0,0,0
21,-125,30,0,0,0,0
21,-124,34,0,0,0,0
21,-123,36,0,0,0,0
21,-122,26,0,0,0,0
21,-121,26,0,0,0,0
21,-120,22,0,0,0,0
21,-119,10,0,0,0,0
21,-118,20,0,0,0,0
21,-117,10,0,0,0,0
21,-116,1380,0,0,0,0
21,-115,1434,1,0,0.06974,0
21,-114,2354,4,0,0.1699,0
21,-113,1926,0,0,0,0
21,-112,1940,1,0,0.05155,0
21,-111,2312,1,0,0.04325,0
21,-110,1442,0,0,0,0
21,-109,2610,2,0,0.07663,0
21,-108,3522,2,0,0.05679,0
21,-107,4266,3,0,0.07032,0
21,-106,6008,10,1,0.1664,1.664
21,-105,3856,18,0,0.4668,0
21,-104,5726,142,0,2.48,0
21,-103,3420,103,0,3.012,0
21,-102,6820,139,0,2.038,0
21,-101,4228,73,1,1.727,2.365
21,-100,6468,170,1,2.628,1.546
21,-99,5016,74,0,1.475,0
21,-98,5648,30,0,0.5312,0
21,-97,3518,3,0,0.08528,0
21,-96,3646,6,0,0.1646,0
21,-95,1710,0,0,0,0
21,-94,3032,1,0,0.03298,0
21,-93,1970,0,0,0,0
21,-92,2766,0,0,0,0
21,-91,4150,12,0,0.2892,0
21,-90,4122,20,0,0.4852,0
21,-89,6360,11,0,0.173,0
21,-88,3174,7,0,0.2205,0
21,-87,2614,27,1,1.033,3.826
21,-86,1420,7,1,0.493,7.042
21,-85,3038,10,4,0.3292,13.17
21,-84,1624,3,0,0.1847,0
21,-83,4882,3,0,0.06145,0
21,-82,4622,2,0,0.04327,0
21,-81,4478,7,1,0.1563,2.233
21,-80,4495,0,0,0,0
21,-79,4426,3,0,0.06778,0
21,-78,4830,3,0,0.06211,0
21,-77,4896,6,1,0.1225,2.042
21,-76,4942,3,0,0.0607,0
21,-75,5468,4,0,0.07315,0
21,-74,5688,7,0,0.1231,0
21,-73,6032,11,0,0.1824,0
21,-72,3590,11,0,0.3064,0
21,-71,5134,12,2,0.2337,3.896
21,-70,1704,13,1,0.7629,5.869
21,-69,2756,17,2,0.6168,7.257
21,-68,2408,0,0,0,0
21,-67,5038,5,0,0.09925,0
21,-66,3626,2,0,0.05516,0
21,-65,5596,2,0,0.03574,0
21,-64,3922,2,0,0.05099,0
21,-63,3404,0,0,0,0
21,-62,1200,0,0,0,0
21,-61,1400,0,0,0,0
21,-60,1378,0,0,0,0
21,-59,2744,0,0,0,0
21,-58,1356,0,0,0,0
21,-57,1356,0,0,0,0
21,-56,4,0,0,0,0
21,-49,2,0,0,0,0
21,-48,6,0,0,0,0
21,-47,6,0,0,0,0
21,-45,2,0,0,0,0
21,-44,12,0,0,0,0
21,-43,8,0,0,0,0
21,-42,10,0,0,0,0
21,-28,100,0,0,0,0
21,-27,4376,0,0,0,0
21,-26,2007,0,0,0,0
21,-25,6274,0,0,0,0
21,-24,4409,1,0,0.02268,0
21,-23,8262,3,0,0.03631,0
21,-22,6809,6,0,0.08812,0
21,-21,7330,2,0,0.02729,0
21,-20,9244,6,0,0.06491,0
21,-19,5720,0,0,0,0
21,-18,5094,0,0,0,0
21,-17,3448,0,0,0,0
21,-16,3332,1,0,0.03001,0
21,-15,4820,1,0,0.02075,0
21,-14,2388,2,0,0.08375,0
21,-13,3156,0,0,0,0
21,-12,2916,0,0,0,0
21,-11,2190,0,0,0,0
21,-10,2433,0,0,0,0
21,-9,1720,0,0,0,0
21,-8,3150,1,0,0.03175,0
21,-7,1936,2,0,0.1033,0
21,-6,2440,0,0,0,0
21,-5,2710,0,0,0,0
21,-4,2220,2,0,0.09009,0
21,-3,2784,0,0,0,0
21,-2,1922,1,0,0.05203,0
21,-1,3410,0,0,0,0
21,0,1686,0,0,0,0
21,1,3228,0,0,0,0
21,2,1446,0,0,0,0
21,3,2460,2,0,0.0813,0
21,4,1224,0,0,0,0
21,5,2692,0,0,0,0
21,6,1676,0,0,0,0
21,7,3274,19,4,0.5803,12.22
21,8,1576,2,0,0.1269,0
21,9,3272,1,0,0.03056,0
21,10,1722,0,0,0,0
21,11,3436,0,0,0,0
21,12,1716,1,0,0.05828,0
21,13,3582,13,0,0.3629,0
21,14,2112,9,1,0.4261,4.735
21,15,2218,23,4,1.037,18.03
21,16,1180,9,0,0.7627,0
21,17,746,8,0,1.072,0
21,18,1122,2,0,0.1783,0
21,19,766,4,0,0.5222,0
21,20,1154,1,0,0.08666,0
21,21,660,2,0,0.303,0
21,22,652,4,0,0.6135,0
21,23,574,2,0,0.3484,0
21,24,716,2,1,0.2793,13.97
21,25,1026,11,2,1.072,19.49
21,26,982,1,0,0.1018,0
21,27,832,6,0,0.7212,0
21,28,964,7,0,0.7261,0
21,29,914,2,0,0.2188,0
21,30,1002,18,0,1.796,0
21,31,928,4,1,0.431,10.78
21,32,1056,33,1,3.125,9.47
21,33,798,11,1,1.378,12.53
21,34,862,28,5,3.248,58
21,35,782,28,4,3.581,51.15
21,36,560,44,5,7.857,89.29
21,37,576,51,2,8.854,34.72
21,38,1947,743,194,38.16,996.4
21,39,1542,659,250,42.74,1621
21,40,1902,375,80,19.72,420.6
21,41,360,29,4,8.056,111.1
21,42,1992,150,3,7.53,15.06
21,43,1632,116,6,7.108,36.76
21,44,1962,116,11,5.912,56.07
21,45,332,5,0,1.506,0
21,46,2022,152,10,7.517,49.46
21,47,1692,85,9,5.024,53.19
21,48,3450,216,19,6.261,55.07
21,49,1820,68,0,3.736,0
21,50,3266,346,20,10.59,61.24
21,51,2072,115,13,5.55,62.74
21,52,2638,214,35,8.112,132.7
21,53,2604,306,76,11.75,291.9
21,54,2296,239,69,10.41,300.5
21,55,2874,140,10,4.871,34.79
21,56,1994,35,3,1.755,15.05
21,57,2850,15,3,0.5263,10.53
21,58,2280,11,4,0.4825,17.54
21,59,2288,8,0,0.3497,0
21,60,2860,8,0,0.2797,0
21,65,8,0,0,0,0
21,66,16,0,0,0,0
21,67,608,8,1,1.316,16.45
21,68,2934,118,2,4.022,6.817
21,69,1792,20,1,1.116,5.58
21,70,3170,101,1,3.186,3.155
21,71,1623,14,1,0.8626,6.161
21,72,2770,129,1,4.657,3.61
21,73,2290,36,0,1.572,0
21,74,1840,84,1,4.565,5.435
21,75,2300,27,1,1.174,4.348
21,76,1500,44,1,2.933,6.667
21,77,2500,12,0,0.48,0
21,78,2198,7,0,0.3185,0
21,79,2540,9,0,0.3543,0
21,80,2518,4,0,0.1589,0
21,81,1948,22,0,1.129,0
21,82,3050,12,0,0.3934,0
21,83,1678,11,1,0.6555,5.959
21,84,3374,18,1,0.5335,2.964
21,85,3388,32,3,0.9445,8.855
21,86,4960,38,1,0.7661,2.016
21,87,4426,99,4,2.237,9.038
21,88,5416,77,2,1.422,3.693
21,89,4186,158,8,3.774,19.11
21,90,5710,148,3,2.592,5.254
21,91,3632,51,2,1.404,5.507
21,92,6295,174,3,2.764,4.766
21,93,3613,33,1,0.9134,2.768
21,94,5667,202,5,3.564,8.823
21,95,3789,275,16,7.258,42.23
21,96,4736,153,29,3.231,61.23
21,97,3976,53,2,1.333,5.03
21,98,4796,50,0,1.043,0
21,99,4286,33,5,0.7699,11.67
21,100,4566,118,5,2.584,10.95
21,101,4412,76,1,1.723,2.267
21,102,4250,135,5,3.176,11.76
21,103,4006,140,1,3.495,2.496
21,104,3478,84,6,2.415,17.25
21,105,4976,147,7,2.954,14.07
21,106,4862,263,18,5.409,37.02
21,107,1636,27,2,1.65,12.22
21,108,3446,230,20,6.674,58.04
21,109,1944,256,20,13.17,102.9
21,110,3618,432,84,11.94,232.2
21,111,1708,147,15,8.607,87.82
21,112,3278,397,72,12.11,219.6
21,113,1626,198,20,12.18,123
21,114,3302,294,30,8.904,90.85
21,115,1714,117,8,6.826,46.67
21,116,1946,156,11,8.016,56.53
21,117,66,5,0,7.576,0
21,118,40,2,0,5,0
21,119,1730,119,9,6.879,52.02
21,120,2832,184,6,6.497,21.19
21,121,2809,136,19,4.842,67.64
21,122,692,17,0,2.457,0
21,123,62,2,0,3.226,0
21,124,40,0,0,0,0
21,125,56,3,0,5.357,0
21,126,80,2,0,2.5,0
21,127,64,0,0,0,0
21,128,82,0,0,0,0
21,129,38,0,0,0,0
21,130,34,0,0,0,0
21,131,14,0,0,0,0
21,132,10,0,0,0,0
21,133,10,0,0,0,0
21,136,14,0,0,0,0
21,137,20,0,0,0,0
21,138,12,0,0,0,0
21,139,22,0,0,0,0
21,140,10,0,0,0,0
21,141,30,0,0,0,0
21,142,22,0,0,0,0
21,143,28,0,0,0,0
21,144,40,0,0,0,0
21,145,38,0,0,0,0
21,146,56,0,0,0,0
21,147,42,0,0,0,0
21,148,14,0,0,0,0
21,149,4,0,0,0,0
21,152,10,0,0,0,0
21,153,10,0,0,0,0
21,154,12,0,0,0,0
21,155,20,0,0,0,0
21,158,18,0,0,0,0
21,159,16,0,0,0,0
21,160,12,0,0,0,0
21,161,8,0,0,0,0
22,-179,22,0,0,0,0
22,-178,12,0,0,0,0
22,-177,10,0,0,0,0
22,-176,10,0,0,0,0
22,-175,12,0,0,0,0
22,-174,20,0,0,0,0
22,-173,26,0,0,0,0
22,-172,22,0,0,0,0
22,-171,18,0,0,0,0
22,-170,32,0,0,0,0
22,-169,36,2,0,5.556,0
22,-168,34,0,0,0,0
22,-167,32,0,0,0,0
22,-166,26,0,0,0,0
22,-165,22,0,0,0,0
22,-164,18,0,0,0,0
22,-162,2057,5,4,0.2431,19.45
22,-161,3910,45,13,1.151,33.25
22,-160,6374,49,8,0.7687,12.55
22,-159,5038,26,6,0.5161,11.91
22,-158,4900,13,0,0.2653,0
22,-157,3322,7,1,0.2107,3.01
22,-156,2378,0,0,0,0
22,-155,886,1,0,0.1129,0
22,-154,1040,0,0,0,0
22,-153,210,0,0,0,0
22,-147,2,0,0,0,0
22,-146,12,0,0,0,0
22,-145,18,0,0,0,0
22,-144,12,0,0,0,0
22,-143,10,0,0,0,0
22,-142,14,0,0,0,0
22,-141,6,0,0,0,0
22,-140,6,0,0,0,0
22,-139,2,0,0,0,0
22,-132,6,0,0,0,0
22,-131,8,0,0,0,0
22,-130,28,0,0,0,0
22,-129,26,0,0,0,0
22,-128,16,0,0,0,0
22,-127,14,0,0,0,0
22,-126,24,0,0,0,0
22,-125,26,0,0,0,0
22,-124,28,0,0,0,0
22,-123,32,0,0,0,0
22,-122,12,0,0,0,0
22,-121,20,0,0,0,0
22,-120,12,0,0,0,0
22,-119,20,0,0,0,0
22,-118,12,0,0,0,0
22,-117,2520,0,0,0,0
22,-116,1202,1,0,0.08319,0
22,-115,2356,4,1,0.1698,4.244
22,-114,1918,6,0,0.3128,0
22,-113,2104,2,0,0.09506,0
22,-112,2550,0,0,0,0
22,-111,1946,4,0,0.2055,0
22,-110,3112,12,0,0.3856,0
22,-109,2184,1,0,0.04579,0
22,-108,4008,5,0,0.1248,0
22,-107,5442,6,2,0.1103,3.675
22,-106,4824,3,0,0.06219,0
22,-105,4650,9,1,0.1935,2.151
22,-104,4626,39,0,0.8431,0
22,-103,4872,275,0,5.644,0
22,-102,5350,67,0,1.252,0
22,-101,5184,76,2,1.466,3.858
22,-100,5562,152,1,2.733,1.798
22,-99,4932,8,1,0.1622,2.028
22,-98,5006,21,0,0.4195,0
22,-97,3060,5,0,0.1634,0
22,-96,3456,8,0,0.2315,0
22,-95,1700,0,0,0,0
22,-94,3288,3,0,0.09124,0
22,-93,1590,0,0,0,0
22,-92,3194,9,0,0.2818,0
22,-91,2764,0,0,0,0
22,-90,4108,2,0,0.04869,0
22,-89,2602,2,0,0.07686,0
22,-88,2034,4,0,0.1967,0
22,-87,1154,6,1,0.5199,8.666
22,-86,2280,15,3,0.6579,13.16
22,-85,1978,5,2,0.2528,10.11
22,-84,3650,5,0,0.137,0
22,-83,4420,39,0,0.8824,0
22,-82,5116,6,0,0.1173,0
22,-81,4394,3,0,0.06827,0
22,-80,4432,3,0,0.06769,0
22,-79,4508,1,0,0.02218,0
22,-78,4756,2,0,0.04205,0
22,-77,4786,4,0,0.08358,0
22,-76,4644,2,0,0.04307,0
22,-75,4954,5,0,0.1009,0
22,-74,5418,4,0,0.07383,0
22,-73,4920,6,1,0.122,2.033
22,-72,3492,10,0,0.2864,0
22,-71,2124,6,0,0.2825,0
22,-70,2108,14,0,0.6641,0
22,-69,2090,7,0,0.3349,0
22,-68,2442,4,0,0.1638,0
22,-67,2614,1,0,0.03826,0
22,-66,3218,1,0,0.03108,0
22,-65,2740,3,0,0.1095,0
22,-64,1720,0,0,0,0
22,-63,1300,1,0,0.07692,0
22,-62,20,0,0,0,0
22,-61,1386,0,0,0,0
22,-60,1382,0,0,0,0
22,-59,2734,0,0,0,0
22,-58,1356,0,0,0,0
22,-57,1356,0,0,0,0
22,-50,12,0,0,0,0
22,-49,10,0,0,0,0
22,-48,20,0,0,0,0
22,-47,14,0,0,0,0
22,-27,3199,0,0,0,0
22,-26,3009,0,0,0,0
22,-25,5284,3,0,0.05678,0
22,-24,5777,2,0,0.03462,0
22,-23,6712,3,0,0.0447,0
22,-22,8276,9,0,0.1087,0
22,-21,8744,1,0,0.01144,0
22,-20,10010,0,0,0,0
22,-19,5896,1,0,0.01696,0
22,-18,6974,0,0,0,0
22,-17,2542,0,0,0,0
22,-16,6308,2,0,0.03171,0
22,-15,2422,0,0,0,0
22,-14,3496,1,0,0.0286,0
22,-13,2638,1,0,0.03791,0
22,-12,2709,0,0,0,0
22,-11,2626,0,0,0,0
22,-10,2378,0,0,0,0
22,-9,2969,0,0,0,0
22,-8,1976,0,0,0,0
22,-7,2330,0,0,0,0
22,-6,2324,0,0,0,0
22,-5,2244,0,0,0,0
22,-4,2720,0,0,0,0
22,-3,2128,0,0,0,0
22,-2,2902,0,0,0,0
22,-1,1390,0,0,0,0
22,0,2716,0,0,0,0
22,1,1172,4,0,0.3413,0
22,2,906,2,0,0.2208,0
22,3,1038,0,0,0,0
22,4,576,0,0,0,0
22,5,844,0,0,0,0
22,6,480,0,0,0,0
22,7,900,7,1,0.7778,11.11
22,8,486,0,0,0,0
22,9,2240,3,0,0.1339,0
22,10,1420,0,0,0,0
22,11,3176,8,2,0.2519,6.297
22,12,1792,3,0,0.1674,0
22,13,3778,11,1,0.2912,2.647
22,14,2360,6,1,0.2542,4.237
22,15,2690,19,2,0.7063,7.435
22,16,968,3,0,0.3099,0
22,17,948,17,2,1.793,21.1
22,18,678,6,0,0.885,0
22,19,780,14,2,1.795,25.64
22,20,360,3,0,0.8333,0
22,21,604,18,3,2.98,49.67
22,22,464,6,0,1.293,0
22,23,582,17,0,2.921,0
22,24,556,23,3,4.137,53.96
22,25,744,34,2,4.57,26.88
22,26,564,10,0,1.773,0
22,27,708,27,1,3.814,14.12
22,28,540,18,3,3.333,55.56
22,29,926,21,1,2.268,10.8
22,30,556,16,1,2.878,17.99
22,31,778,34,4,4.37,51.41
22,32,638,13,2,2.038,31.35
22,33,906,95,24,10.49,264.9
22,34,1016,67,4,6.594,39.37
22,35,958,103,6,10.75,62.63
22,36,742,168,11,22.64,148.2
22,37,190,33,1,17.37,52.63
22,38,1549,327,46,21.11,297
22,39,1958,514,63,26.25,321.8
22,40,1485,256,42,17.24,282.8
22,41,360,12,0,3.333,0
22,42,1992,416,47,20.88,235.9
22,43,1632,322,30,19.73,183.8
22,44,1962,456,57,23.24,290.5
22,45,330,26,3,7.879,90.91
22,46,2016,276,25,13.69,124
22,47,1692,221,13,13.06,76.83
22,48,3446,474,41,13.76,119
22,49,1816,151,26,8.315,143.2
22,50,3554,567,39,15.95,109.7
22,51,1794,234,33,13.04,183.9
22,52,3498,372,30,10.63,85.76
22,53,1992,388,115,19.48,577.3
22,54,3456,687,183,19.88,529.5
22,55,1716,141,8,8.217,46.62
22,56,3504,164,5,4.68,14.27
22,57,1728,23,0,1.331,0
22,58,3724,83,28,2.229,75.19
22,59,2584,80,10,3.096,38.7
22,60,1860,14,3,0.7527,16.13
22,66,18,1,0,5.556,0
22,67,1362,6,0,0.4405,0
22,68,2838,281,26,9.901,91.61
22,69,2918,79,1,2.707,3.427
22,70,1916,191,13,9.969,67.85
22,71,2408,57,3,2.367,12.46
22,72,2476,231,11,9.33,44.43
22,73,1976,56,3,2.834,15.18
22,74,2776,81,7,2.918,25.22
22,75,1380,10,0,0.7246,0
22,76,2880,79,4,2.743,13.89
22,77,1500,12,0,0.8,0
22,78,3200,41,0,1.281,0
22,79,1702,11,1,0.6463,5.875
22,80,3364,18,1,0.5351,2.973
22,81,1662,2,0,0.1203,0
22,82,3364,11,1,0.327,2.973
22,83,1698,16,1,0.9423,5.889
22,84,3390,7,0,0.2065,0
22,85,3390,69,4,2.035,11.8
22,86,4962,37,1,0.7457,2.015
22,87,5010,75,2,1.497,3.992
22,88,4838,96,2,1.984,4.134
22,89,4984,485,13,9.731,26.08
22,90,4864,569,4,11.7,8.224
22,91,5058,539,9,10.66,17.79
22,92,4620,99,1,2.143,2.165
22,93,5155,85,3,1.649,5.82
22,94,4464,132,8,2.957,17.92
22,95,4330,306,5,7.067,11.55
22,96,3696,189,13,5.114,35.17
22,97,4554,175,5,3.843,10.98
22,98,3876,184,1,4.747,2.58
22,99,4778,55,0,1.151,0
22,100,3964,1297,278,32.72,701.3
22,101,4596,351,17,7.637,36.99
22,102,3764,367,25,9.75,66.42
22,103,2106,69,5,3.276,23.74
22,104,1862,132,8,7.089,42.96
22,105,4490,272,12,6.058,26.73
22,106,4440,189,7,4.257,15.77
22,107,3222,70,5,2.173,15.52
22,108,1940,82,4,4.227,20.62
22,109,2230,50,0,2.242,0
22,110,2524,182,31,7.211,122.8
22,111,2030,82,1,4.039,4.926
22,112,2872,170,7,5.919,24.37
22,113,1578,247,23,15.65,145.8
22,114,3270,320,19,9.786,58.1
22,115,1716,152,27,8.858,157.3
22,116,2538,311,59,12.25,232.5
22,117,854,60,4,7.026,46.84
22,118,594,31,0,5.219,0
22,119,1874,135,10,7.204,53.36
22,120,3648,207,9,5.674,24.67
22,121,3658,147,12,4.019,32.8
22,122,1852,33,1,1.782,5.4
22,123,44,0,0,0,0
22,124,46,0,0,0,0
22,125,48,0,0,0,0
22,126,52,0,0,0,0
22,127,62,0,0,0,0
22,128,60,0,0,0,0
22,129,42,0,0,0,0
22,130,42,0,0,0,0
22,131,12,0,0,0,0
22,132,26,0,0,0,0
22,135,10,0,0,0,0
22,136,12,0,0,0,0
22,137,10,0,0,0,0
22,138,10,0,0,0,0
22,139,22,0,0,0,0
22,140,30,0,0,0,0
22,141,20,0,0,0,0
22,142,22,0,0,0,0
22,143,18,0,0,0,0
22,144,34,0,0,0,0
22,145,32,0,0,0,0
22,146,34,0,0,0,0
22,147,42,0,0,0,0
22,148,10,0,0,0,0
22,149,12,0,0,0,0
22,152,6,0,0,0,0
22,153,6,0,0,0,0
22,154,22,0,0,0,0
22,155,12,0,0,0,0
22,158,2,0,0,0,0
22,159,2,0,0,0,0
23,-179,18,0,0,0,0
23,-178,16,0,0,0,0
23,-177,12,0,0,0,0
23,-176,14,0,0,0,0
23,-175,10,0,0,0,0
23,-174,16,2,0,12.5,0
23,-173,20,0,0,0,0
23,-172,32,0,0,0,0
23,-171,26,0,0,0,0
23,-170,28,0,0,0,0
23,-169,24,0,0,0,0
23,-168,22,0,0,0,0
23,-167,22,0,0,0,0
23,-166,26,0,0,0,0
23,-165,56,0,0,0,0
23,-164,310,0,0,0,0
23,-163,260,0,0,0,0
23,-162,260,0,0,0,0
23,-161,440,0,0,0,0
23,-160,3674,29,5,0.7893,13.61
23,-159,2094,7,1,0.3343,4.776
23,-158,2227,2,0,0.08981,0
23,-157,518,0,0,0,0
23,-156,762,1,0,0.1312,0
23,-155,542,0,0,0,0
23,-154,394,0,0,0,0
23,-153,46,0,0,0,0
23,-147,12,0,0,0,0
23,-146,12,0,0,0,0
23,-145,10,0,0,0,0
23,-144,12,0,0,0,0
23,-143,8,0,0,0,0
23,-130,10,0,0,0,0
23,-129,14,0,0,0,0
23,-128,18,0,0,0,0
23,-127,12,0,0,0,0
23,-126,20,0,0,0,0
23,-125,22,0,0,0,0
23,-124,34,0,0,0,0
23,-123,28,0,0,0,0
23,-122,16,0,0,0,0
23,-121,10,0,0,0,0
23,-120,14,0,0,0,0
23,-119,20,0,0,0,0
23,-118,4,0,0,0,0
23,-117,1410,3,1,0.2128,7.092
23,-116,2334,2,0,0.08569,0
23,-115,1910,0,0,0,0
23,-114,1932,1,0,0.05176,0
23,-113,2774,0,0,0,0
23,-112,2161,0,0,0,0
23,-111,3716,3,0,0.08073,0
23,-110,2266,16,0,0.7061,0
23,-109,3884,5,0,0.1287,0
23,-108,3240,7,0,0.216,0
23,-107,5364,60,0,1.119,0
23,-106,3982,6,1,0.1507,2.511
23,-105,5980,12,1,0.2007,1.672
23,-104,3114,27,0,0.8671,0
23,-103,5934,86,1,1.449,1.685
23,-102,3784,19,1,0.5021,2.643
23,-101,5480,29,4,0.5292,7.299
23,-100,4318,24,1,0.5558,2.316
23,-99,4740,10,0,0.211,0
23,-98,4668,8,0,0.1714,0
23,-97,3050,3,0,0.09836,0
23,-96,3308,11,0,0.3325,0
23,-95,1682,0,0,0,0
23,-94,3248,2,2,0.06158,6.158
23,-93,1586,0,0,0,0
23,-92,3200,23,0,0.7188,0
23,-91,1626,0,0,0,0
23,-90,3190,2,0,0.0627,0
23,-89,1572,0,0,0,0
23,-88,1572,0,0,0,0
23,-87,10,0,0,0,0
23,-86,826,6,2,0.7264,24.21
23,-85,16,0,0,0,0
23,-84,3652,3,0,0.08215,0
23,-83,4204,129,0,3.069,0
23,-82,4947,10,0,0.2021,0
23,-81,4314,1,0,0.02318,0
23,-80,5290,3,0,0.05671,0
23,-79,4174,5,0,0.1198,0
23,-78,5610,3,0,0.05348,0
23,-77,4160,0,0,0,0
23,-76,5386,6,1,0.1114,1.857
23,-75,4416,3,1,0.06793,2.264
23,-74,3374,4,0,0.1186,0
23,-73,456,0,0,0,0
23,-72,1134,2,0,0.1764,0
23,-71,2296,11,2,0.4791,8.711
23,-70,1866,15,0,0.8039,0
23,-69,390,0,0,0,0
23,-68,2228,2,0,0.08977,0
23,-67,840,2,0,0.2381,0
23,-66,618,2,0,0.3236,0
23,-65,12,0,0,0,0
23,-64,10,0,0,0,0
23,-63,18,0,0,0,0
23,-62,14,0,0,0,0
23,-61,1116,0,0,0,0
23,-60,1338,1,0,0.07474,0
23,-59,2721,2,0,0.0735,0
23,-58,1356,0,0,0,0
23,-57,1356,0,0,0,0
23,-50,10,0,0,0,0
23,-49,12,0,0,0,0
23,-48,10,0,0,0,0
23,-47,10,0,0,0,0
23,-46,12,0,0,0,0
23,-27,2063,0,0,0,0
23,-26,3705,0,0,0,0
23,-25,4589,0,0,0,0
23,-24,5480,5,0,0.09124,0
23,-23,8104,5,0,0.0617,0
23,-22,6944,8,0,0.1152,0
23,-21,11698,6,0,0.05129,0
23,-20,8600,12,0,0.1395,0
23,-19,8114,4,0,0.0493,0
23,-18,4266,0,0,0,0
23,-17,4014,0,0,0,0
23,-16,4574,0,0,0,0
23,-15,2182,1,0,0.04583,0
23,-14,3912,0,0,0,0
23,-13,2436,0,0,0,0
23,-12,3516,0,0,0,0
23,-11,1940,0,0,0,0
23,-10,3503,0,0,0,0
23,-9,2090,1,0,0.04785,0
23,-8,3158,1,0,0.03167,0
23,-7,1381,0,0,0,0
23,-6,2648,0,0,0,0
23,-5,2300,0,0,0,0
23,-4,2458,0,0,0,0
23,-3,2464,0,0,0,0
23,-2,2090,0,0,0,0
23,-1,330,0,0,0,0
23,0,684,1,0,0.1462,0
23,1,876,0,0,0,0
23,2,954,3,1,0.3145,10.48
23,3,616,0,0,0,0
23,4,1103,0,0,0,0
23,5,684,0,0,0,0
23,6,1426,0,0,0,0
23,7,960,1,0,0.1042,0
23,8,1288,1,0,0.07764,0
23,9,1930,5,1,0.2591,5.181
23,10,1874,0,0,0,0
23,11,1770,3,0,0.1695,0
23,12,914,1,0,0.1094,0
23,13,2770,9,0,0.3249,0
23,14,1782,2,0,0.1122,0
23,15,2380,15,1,0.6303,4.202
23,16,592,1,0,0.1689,0
23,17,690,3,0,0.4348,0
23,18,336,1,0,0.2976,0
23,19,696,10,0,1.437,0
23,20,360,0,0,0,0
23,21,714,5,1,0.7003,14.01
23,22,354,1,0,0.2825,0
23,23,708,6,0,0.8475,0
23,24,354,0,0,0,0
23,25,702,8,1,1.14,14.25
23,26,348,7,0,2.011,0
23,27,690,44,2,6.377,28.99
23,28,342,13,2,3.801,58.48
23,29,590,43,2,7.288,33.9
23,30,472,23,3,4.873,63.56
23,31,1306,77,5,5.896,38.28
23,32,2373,201,26,8.47,109.6
23,33,1742,253,36,14.52,206.7
23,34,838,43,3,5.131,35.8
23,35,978,132,11,13.5,112.5
23,36,834,82,3,9.832,35.97
23,37,410,62,17,15.12,414.6
23,38,2264,538,93,23.76,410.8
23,39,2362,533,85,22.57,359.9
23,40,372,21,1,5.645,26.88
23,41,600,59,10,9.833,166.7
23,42,1744,225,17,12.9,97.48
23,43,2624,360,52,13.72,198.2
23,44,970,219,23,22.58,237.1
23,45,430,78,5,18.14,116.3
23,46,1916,542,116,28.29,605.4
23,47,1730,466,65,26.94,375.7
23,48,3744,879,174,23.48,464.7
23,49,3178,787,61,24.76,191.9
23,50,5014,1399,165,27.9,329.1
23,51,4194,945,174,22.53,414.9
23,52,6160,1554,315,25.23,511.4
23,53,3624,977,274,26.96,756.1
23,54,4178,1266,332,30.3,794.6
23,55,2014,520,88,25.82,436.9
23,56,6456,703,74,10.89,114.6
23,57,3750,347,13,9.253,34.67
23,58,6880,749,68,10.89,98.84
23,59,4514,403,20,8.928,44.31
23,60,2776,62,20,2.233,72.05
23,61,827,2,0,0.2418,0
23,62,546,0,0,0,0
23,63,258,0,0,0,0
23,64,268,37,2,13.81,74.63
23,65,560,33,2,5.893,35.71
23,66,3042,243,19,7.988,62.46
23,67,3854,95,7,2.465,18.16
23,68,4806,283,22,5.888,45.78
23,69,1770,51,2,2.881,11.3
23,70,3360,293,25,8.72,74.4
23,71,1596,52,4,3.258,25.06
23,72,3282,255,18,7.77,54.84
23,73,3020,88,7,2.914,23.18
23,74,3314,89,8,2.686,24.14
23,75,1654,12,1,0.7255,6.046
23,76,2876,21,2,0.7302,6.954
23,77,1500,8,0,0.5333,0
23,78,3210,14,0,0.4361,0
23,79,1710,12,1,0.7018,5.848
23,80,3372,27,0,0.8007,0
23,81,1662,7,0,0.4212,0
23,82,3360,25,1,0.744,2.976
23,83,1698,20,2,1.178,11.78
23,84,3390,19,4,0.5605,11.8
23,85,3390,115,5,3.392,14.75
23,86,4630,62,1,1.339,2.16
23,87,5342,157,7,2.939,13.1
23,88,4018,324,2,8.064,4.978
23,89,5908,883,9,14.95,15.23
23,90,3462,977,1,28.22,2.889
23,91,6463,754,10,11.67,15.47
23,92,3345,86,0,2.571,0
23,93,6190,201,8,3.247,12.92
23,94,3930,122,3,3.104,7.634
23,95,4967,142,5,2.859,10.07
23,96,3234,75,2,2.319,6.184
23,97,4517,325,29,7.195,64.2
23,98,3952,311,4,7.869,10.12
23,99,4582,173,14,3.776,30.55
23,100,4128,420,16,10.17,38.76
23,101,4268,196,7,4.592,16.4
23,102,3550,777,89,21.89,250.7
23,103,2794,914,162,32.71,579.8
23,104,2480,174,15,7.016,60.48
23,105,2950,137,7,4.644,23.73
23,106,3572,103,2,2.884,5.599
23,107,2196,132,3,6.011,13.66
23,108,2572,81,6,3.149,23.33
23,109,2024,97,9,4.792,44.47
23,110,2259,145,1,6.419,4.427
23,111,2772,183,64,6.602,230.9
23,112,1568,106,4,6.76,25.51
23,113,2886,504,42,17.46,145.5
23,114,1854,151,10,8.145,53.94
23,115,2598,90,4,3.464,15.4
23,116,2490,155,24,6.225,96.39
23,117,1986,102,5,5.136,25.18
23,118,2054,92,3,4.479,14.61
23,119,2538,272,9,10.72,35.46
23,120,3752,221,5,5.89,13.33
23,121,3716,191,4,5.14,10.76
23,122,2156,88,1,4.082,4.638
23,123,314,13,3,4.14,95.54
23,124,482,31,3,6.432,62.24
23,125,224,9,0,4.018,0
23,126,168,1,0,0.5952,0
23,127,82,5,1,6.098,122
23,128,42,0,0,0,0
23,129,44,0,0,0,0
23,130,38,0,0,0,0
23,131,24,0,0,0,0
23,132,24,0,0,0,0
23,133,10,0,0,0,0
23,135,18,0,0,0,0
23,136,16,0,0,0,0
23,137,14,0,0,0,0
23,138,30,0,0,0,0
23,139,12,0,0,0,0
23,140,22,0,0,0,0
23,141,16,0,0,0,0
23,142,20,0,0,0,0
23,143,14,0,0,0,0
23,144,30,0,0,0,0
23,145,32,0,0,0,0
23,146,34,0,0,0,0
23,147,36,0,0,0,0
23,148,12,0,0,0,0
23,149,12,0,0,0,0
23,150,4,0,0,0,0
24,-179,10,0,0,0,0
24,-178,18,0,0,0,0
24,-177,14,0,0,0,0
24,-176,22,5,2,22.73,909.1
24,-175,12,0,0,0,0
24,-174,12,0,0,0,0
24,-173,24,0,0,0,0
24,-172,18,0,0,0,0
24,-171,30,0,0,0,0
24,-170,22,0,0,0,0
24,-169,16,0,0,0,0
24,-168,18,0,0,0,0
24,-167,16,0,0,0,0
24,-166,20,0,0,0,0
24,-165,12,0,0,0,0
24,-164,282,0,0,0,0
24,-163,340,0,0,0,0
24,-162,130,0,0,0,0
24,-161,12,0,0,0,0
24,-160,180,0,0,0,0
24,-159,266,0,0,0,0
24,-158,182,0,0,0,0
24,-157,134,0,0,0,0
24,-156,228,0,0,0,0
24,-155,116,0,0,0,0
24,-154,178,0,0,0,0
24,-147,4,0,0,0,0
24,-146,4,0,0,0,0
24,-145,8,0,0,0,0
24,-144,22,0,0,0,0
24,-131,2,0,0,0,0
24,-130,14,0,0,0,0
24,-129,20,0,0,0,0
24,-128,12,0,0,0,0
24,-127,10,0,0,0,0
24,-126,12,0,0,0,0
24,-125,20,0,0,0,0
24,-124,18,0,0,0,0
24,-123,18,0,0,0,0
24,-122,2,0,0,0,0
24,-120,4,0,0,0,0
24,-119,476,0,0,0,0
24,-118,472,0,0,0,0
24,-117,2136,3,0,0.1404,0
24,-116,1416,1,0,0.07062,0
24,-115,3120,0,0,0,0
24,-114,1764,2,0,0.1134,0
24,-113,3748,2,0,0.05336,0
24,-112,2011,0,0,0,0
24,-111,4064,1,0,0.02461,0
24,-110,2050,1,0,0.04878,0
24,-109,4528,6,0,0.1325,0
24,-108,2494,30,0,1.203,0
24,-107,5170,21,3,0.4062,5.803
24,-106,3906,16,0,0.4096,0
24,-105,5176,11,2,0.2125,3.864
24,-104,4312,15,1,0.3479,2.319
24,-103,4880,19,1,0.3893,2.049
24,-102,4428,27,1,0.6098,2.258
24,-101,4930,17,1,0.3448,2.028
24,-100,4696,11,0,0.2342,0
24,-99,4708,7,0,0.1487,0
24,-98,4320,5,0,0.1157,0
24,-97,4560,9,0,0.1974,0
24,-96,1858,6,0,0.3229,0
24,-95,2782,3,0,0.1078,0
24,-94,2140,6,0,0.2804,0
24,-93,2132,2,0,0.09381,0
24,-92,2658,24,0,0.9029,0
24,-91,1652,0,0,0,0
24,-90,3176,19,0,0.5982,0
24,-89,1588,1,0,0.06297,0
24,-88,1572,3,0,0.1908,0
24,-85,6,0,0,0,0
24,-84,1692,1,0,0.0591,0
24,-83,1686,5,0,0.2966,0
24,-82,4146,146,0,3.521,0
24,-81,2208,4,0,0.1812,0
24,-80,5338,6,0,0.1124,0
24,-79,3654,2,1,0.05473,2.737
24,-78,6722,3,2,0.04463,2.975
24,-77,3342,0,0,0,0
24,-76,6718,9,0,0.134,0
24,-75,3106,1,0,0.0322,0
24,-74,2828,4,0,0.1414,0
24,-72,1378,11,3,0.7983,21.77
24,-71,1390,9,1,0.6475,7.194
24,-70,1382,14,3,1.013,21.71
24,-69,12,0,0,0,0
24,-68,10,0,0,0,0
24,-67,20,0,0,0,0
24,-66,24,0,0,0,0
24,-65,14,1,0,7.143,0
24,-64,4,0,0,0,0
24,-63,8,0,0,0,0
24,-62,12,0,0,0,0
24,-61,6,0,0,0,0
24,-60,330,0,0,0,0
24,-59,532,0,0,0,0
24,-58,1082,0,0,0,0
24,-57,452,0,0,0,0
24,-49,22,0,0,0,0
24,-48,12,0,0,0,0
24,-47,10,0,0,0,0
24,-46,10,0,0,0,0
24,-27,2238,0,0,0,0
24,-26,2063,0,0,0,0
24,-25,5964,2,0,0.03353,0
24,-24,4793,7,1,0.146,2.086
24,-23,8216,6,0,0.07303,0
24,-22,8648,5,0,0.05782,0
24,-21,8112,4,0,0.04931,0
24,-20,10636,3,0,0.02821,0
24,-19,9052,5,0,0.05524,0
24,-18,6184,2,0,0.03234,0
24,-17,2630,1,0,0.03802,0
24,-16,3560,0,0,0,0
24,-15,1968,0,0,0,0
24,-14,3659,1,0,0.02733,0
24,-13,2146,0,0,0,0
24,-12,3213,0,0,0,0
24,-11,1532,0,0,0,0
24,-10,3744,2,0,0.05342,0
24,-9,1986,3,0,0.1511,0
24,-8,3624,0,0,0,0
24,-7,1736,0,0,0,0
24,-6,3504,4,0,0.1142,0
24,-5,1760,0,0,0,0
24,-4,2108,1,0,0.04744,0
24,-3,348,1,0,0.2874,0
24,-2,1140,0,0,0,0
24,-1,330,0,0,0,0
24,0,800,0,0,0,0
24,1,692,0,0,0,0
24,2,1186,1,0,0.08432,0
24,3,856,2,0,0.2336,0
24,4,1054,0,0,0,0
24,5,1022,0,0,0,0
24,6,1274,1,0,0.07849,0
24,7,968,1,0,0.1033,0
24,8,1276,0,0,0,0
24,9,1930,0,0,0,0
24,10,2454,0,0,0,0
24,11,330,0,0,0,0
24,12,446,0,0,0,0
24,13,562,0,0,0,0
24,14,386,0,0,0,0
24,15,898,2,0,0.2227,0
24,16,358,0,0,0,0
24,17,686,2,0,0.2915,0
24,18,336,0,0,0,0
24,19,696,0,0,0,0
24,20,360,0,0,0,0
24,21,714,1,0,0.1401,0
24,22,354,0,0,0,0
24,23,708,1,0,0.1412,0
24,24,354,1,0,0.2825,0
24,25,702,8,1,1.14,14.25
24,26,350,14,3,4,85.71
24,27,690,55,7,7.971,101.4
24,28,342,11,2,3.216,58.48
24,29,702,71,6,10.11,85.47
24,30,360,21,0,5.833,0
24,31,2345,113,5,4.819,21.32
24,32,1986,101,5,5.086,25.18
24,33,4139,331,34,7.997,82.15
24,34,2077,143,9,6.885,43.33
24,35,4076,565,55,13.86,134.9
24,36,2328,266,45,11.43,193.3
24,37,2586,603,103,23.32,398.3
24,38,2034,399,82,19.62,403.1
24,39,1667,296,36,17.76,216
24,40,582,66,8,11.34,137.5
24,41,678,165,19,24.34,280.2
24,42,2624,350,27,13.34,102.9
24,43,1952,377,48,19.31,245.9
24,44,442,54,1,12.22,22.62
24,45,548,91,10,16.61,182.5
24,46,1958,682,252,34.83,1287
24,47,3348,984,258,29.39,770.6
24,48,5048,1230,181,24.37,358.6
24,49,4364,1142,99,26.17,226.9
24,50,6096,1985,246,32.56,403.5
24,51,4940,1776,345,35.95,698.4
24,52,6099,2380,567,39.02,929.7
24,53,4704,1854,446,39.41,948.1
24,54,5244,2256,787,43.02,1501
24,55,4882,1759,405,36.03,829.6
24,56,6218,1858,387,29.88,622.4
24,57,4832,841,50,17.4,103.5
24,58,6752,1379,141,20.42,208.8
24,59,4160,463,14,11.13,33.65
24,60,5546,481,30,8.673,54.09
24,61,2108,66,1,3.131,4.744
24,62,4614,247,10,5.353,21.67
24,63,2292,33,0,1.44,0
24,64,5938,486,37,8.185,62.31
24,65,3417,118,3,3.453,8.78
24,66,6290,412,25,6.55,39.75
24,67,3431,160,3,4.663,8.744
24,68,6504,285,16,4.382,24.6
24,69,3100,84,4,2.71,12.9
24,70,4942,250,21,5.059,42.49
24,71,2386,73,6,3.06,25.15
24,72,5207,201,13,3.86,24.97
24,73,3640,79,5,2.17,13.74
24,74,5550,74,4,1.333,7.207
24,75,4252,13,0,0.3057,0
24,76,4208,28,3,0.6654,7.129
24,77,1500,6,1,0.4,6.667
24,78,3168,7,0,0.221,0
24,79,1752,21,0,1.199,0
24,80,2774,5,0,0.1802,0
24,81,3826,53,2,1.385,5.227
24,82,3469,24,1,0.6918,2.883
24,83,4488,33,1,0.7353,2.228
24,84,4288,104,8,2.425,18.66
24,85,4774,181,7,3.791,14.66
24,86,4522,67,4,1.482,8.846
24,87,5096,88,1,1.727,1.962
24,88,4246,344,3,8.102,7.065
24,89,5068,1139,10,22.47,19.73
24,90,4280,477,2,11.14,4.673
24,91,5500,517,7,9.4,12.73
24,92,4176,198,4,4.741,9.579
24,93,5718,200,2,3.498,3.498
24,94,3916,46,0,1.175,0
24,95,5492,221,5,4.024,9.104
24,96,2596,139,2,5.354,7.704
24,97,5444,571,141,10.49,259
24,98,2902,1490,313,51.34,1079
24,99,5934,709,52,11.95,87.63
24,100,3080,317,7,10.29,22.73
24,101,5738,236,6,4.113,10.46
24,102,2682,383,27,14.28,100.7
24,103,4252,573,30,13.48,70.56
24,104,1566,326,9,20.82,57.47
24,105,3008,475,15,15.79,49.87
24,106,1440,55,2,3.819,13.89
24,107,2960,425,17,14.36,57.43
24,108,1552,90,3,5.799,19.33
24,109,2640,378,12,14.32,45.45
24,110,2228,224,1,10.05,4.488
24,111,2168,131,4,6.042,18.45
24,112,2510,81,2,3.227,7.968
24,113,1798,97,6,5.395,33.37
24,114,2806,80,4,2.851,14.26
24,115,1992,79,4,3.966,20.08
24,116,2520,100,3,3.968,11.9
24,117,2502,119,8,4.756,31.97
24,118,2056,128,6,6.226,29.18
24,119,3290,256,10,7.781,30.4
24,120,5344,780,135,14.6,252.6
24,121,4994,374,10,7.489,20.02
24,122,886,39,8,4.402,90.29
24,123,606,37,5,6.106,82.51
24,124,582,46,5,7.904,85.91
24,125,460,23,4,5,86.96
24,126,324,21,2,6.481,61.73
24,127,92,0,0,0,0
24,128,86,3,0,3.488,0
24,129,36,1,0,2.778,0
24,130,44,1,0,2.273,0
24,131,14,1,0,7.143,0
24,132,10,0,0,0,0
24,133,12,0,0,0,0
24,135,20,0,0,0,0
24,136,22,0,0,0,0
24,137,32,0,0,0,0
24,138,30,0,0,0,0
24,139,12,0,0,0,0
24,140,12,0,0,0,0
24,141,10,0,0,0,0
24,142,22,0,0,0,0
24,143,10,0,0,0,0
24,144,18,0,0,0,0
24,145,34,0,0,0,0
24,146,38,0,0,0,0
24,147,14,0,0,0,0
24,148,18,0,0,0,0
24,149,14,0,0,0,0
24,150,12,0,0,0,0
24,151,10,0,0,0,0
24,152,10,0,0,0,0
24,153,8,0,0,0,0
25,-179,10,0,0,0,0
25,-178,10,0,0,0,0
25,-177,18,0,0,0,0
25,-176,16,3,1,18.75,625
25,-175,6,1,0,16.67,0
25,-174,10,2,0,20,0
25,-173,38,3,0,7.895,0
25,-172,10,0,0,0,0
25,-171,20,0,0,0,0
25,-170,26,0,0,0,0
25,-169,22,0,0,0,0
25,-168,12,0,0,0,0
25,-167,10,0,0,0,0
25,-166,4,0,0,0,0
25,-165,6,0,0,0,0
25,-164,106,0,0,0,0
25,-163,228,0,0,0,0
25,-162,54,0,0,0,0
25,-161,10,0,0,0,0
25,-160,10,0,0,0,0
25,-159,22,0,0,0,0
25,-158,20,0,0,0,0
25,-157,12,0,0,0,0
25,-156,10,0,0,0,0
25,-131,6,0,0,0,0
25,-130,8,0,0,0,0
25,-129,10,0,0,0,0
25,-128,12,0,0,0,0
25,-127,12,0,0,0,0
25,-121,16,0,0,0,0
25,-120,34,0,0,0,0
25,-119,1674,4,0,0.2389,0
25,-118,1441,1,0,0.0694,0
25,-117,2856,2,0,0.07003,0
25,-116,1426,1,0,0.07013,0
25,-115,3348,5,1,0.1493,2.987
25,-114,1842,3,0,0.1629,0
25,-113,3828,0,0,0,0
25,-112,2012,2,0,0.0994,0
25,-111,4048,0,0,0,0
25,-110,2060,18,0,0.8738,0
25,-109,4550,42,0,0.9231,0
25,-108,2472,11,0,0.445,0
25,-107,5772,14,2,0.2426,3.465
25,-106,3336,20,1,0.5995,2.998
25,-105,5902,40,3,0.6777,5.083
25,-104,3560,31,0,0.8708,0
25,-103,5036,22,1,0.4369,1.986
25,-102,4646,31,1,0.6672,2.152
25,-101,5016,398,4,7.935,7.974
25,-100,4134,47,0,1.137,0
25,-99,5190,44,2,0.8478,3.854
25,-98,4324,23,0,0.5319,0
25,-97,4606,90,2,1.954,4.342
25,-96,3052,12,0,0.3932,0
25,-95,1942,93,1,4.789,5.149
25,-94,2634,50,0,1.898,0
25,-93,2112,32,0,1.515,0
25,-92,1966,7,0,0.3561,0
25,-91,2836,102,1,3.597,3.526
25,-90,1586,1,0,0.06305,0
25,-89,2646,7,0,0.2646,0
25,-88,402,0,0,0,0
25,-84,1666,2,0,0.12,0
25,-83,1670,2,0,0.1198,0
25,-82,3360,452,22,13.45,65.48
25,-81,1746,7,0,0.4009,0
25,-80,5106,17,1,0.3329,1.958
25,-79,3392,16,1,0.4717,2.948
25,-78,6418,14,0,0.2181,0
25,-77,2754,6,0,0.2179,0
25,-76,4136,4,0,0.09671,0
25,-75,1680,4,0,0.2381,0
25,-74,1712,4,2,0.2336,11.68
25,-72,672,2,0,0.2976,0
25,-71,902,6,1,0.6652,11.09
25,-70,1364,14,3,1.026,21.99
25,-69,10,0,0,0,0
25,-68,12,0,0,0,0
25,-67,18,0,0,0,0
25,-66,22,0,0,0,0
25,-65,16,0,0,0,0
25,-64,24,0,0,0,0
25,-63,10,0,0,0,0
25,-62,10,0,0,0,0
25,-61,10,0,0,0,0
25,-60,18,0,0,0,0
25,-59,6,0,0,0,0
25,-49,16,0,0,0,0
25,-48,12,0,0,0,0
25,-47,12,0,0,0,0
25,-46,8,0,0,0,0
25,-45,4,0,0,0,0
25,-27,2056,0,0,0,0
25,-26,2240,0,0,0,0
25,-25,3802,1,0,0.0263,0
25,-24,7082,1,0,0.01412,0
25,-23,7464,6,0,0.08039,0
25,-22,9874,6,0,0.06077,0
25,-21,8934,9,0,0.1007,0
25,-20,10208,7,0,0.06857,0
25,-19,8366,5,0,0.05977,0
25,-18,6660,0,0,0,0
25,-17,3028,0,0,0,0
25,-16,5080,0,0,0,0
25,-15,2978,1,0,0.03358,0
25,-14,2712,0,0,0,0
25,-13,2296,0,0,0,0
25,-12,2072,0,0,0,0
25,-11,354,0,0,0,0
25,-10,2332,1,0,0.04288,0
25,-9,1982,0,0,0,0
25,-8,3636,0,0,0,0
25,-7,1654,1,0,0.06046,0
25,-6,2604,1,0,0.0384,0
25,-5,1048,0,0,0,0
25,-4,1640,0,0,0,0
25,-3,352,0,0,0,0
25,-2,682,0,0,0,0
25,-1,330,0,0,0,0
25,0,692,2,0,0.289,0
25,1,362,0,0,0,0
25,2,662,0,0,0,0
25,3,358,1,0,0.2793,0
25,4,544,5,0,0.9191,0
25,5,494,0,0,0,0
25,6,536,0,0,0,0
25,7,516,2,0,0.3876,0
25,8,1154,4,0,0.3466,0
25,9,1660,1,0,0.06024,0
25,10,1524,1,0,0.06562,0
25,11,578,0,0,0,0
25,12,354,0,0,0,0
25,13,494,2,0,0.4049,0
25,14,594,0,0,0,0
25,15,468,0,0,0,0
25,16,490,5,1,1.02,20.41
25,17,440,2,0,0.4545,0
25,18,554,3,0,0.5415,0
25,19,478,0,0,0,0
25,20,472,0,0,0,0
25,21,602,1,0,0.1661,0
25,22,370,0,0,0,0
25,23,692,1,0,0.1445,0
25,24,354,1,0,0.2825,0
25,25,702,9,0,1.282,0
25,26,348,5,0,1.437,0
25,27,690,25,2,3.623,28.99
25,28,342,14,2,4.094,58.48
25,29,702,32,1,4.558,14.25
25,30,360,6,0,1.667,0
25,31,2368,84,8,3.547,33.78
25,32,1994,36,2,1.805,10.03
25,33,5684,311,34,5.471,59.82
25,34,3704,93,7,2.511,18.9
25,35,7498,564,64,7.522,85.36
25,36,3754,204,23,5.434,61.27
25,37,4104,741,131,18.06,319.2
25,38,348,30,3,8.621,86.21
25,39,892,166,12,18.61,134.5
25,40,354,32,2,9.04,56.5
25,41,1986,251,16,12.64,80.56
25,42,1632,81,2,4.963,12.25
25,43,1960,328,38,16.73,193.9
25,44,332,22,1,6.627,30.12
25,45,1416,382,76,26.98,536.7
25,46,2286,780,95,34.12,415.6
25,47,2620,795,93,30.34,355
25,48,4988,1506,262,30.19,525.3
25,49,5480,2600,702,47.45,1281
25,50,5742,3444,1124,59.98,1958
25,51,5209,2616,734,50.22,1409
25,52,5722,2563,621,44.79,1085
25,53,4926,1694,176,34.39,357.3
25,54,5922,2247,262,37.94,442.4
25,55,5026,1762,511,35.06,1017
25,56,6412,1917,395,29.9,616
25,57,4880,719,29,14.73,59.43
25,58,6730,1184,125,17.59,185.7
25,59,3950,528,21,13.37,53.16
25,60,7022,760,55,10.82,78.33
25,61,3274,137,8,4.184,24.43
25,62,6870,405,36,5.895,52.4
25,63,3371,54,0,1.602,0
25,64,6817,240,9,3.521,13.2
25,65,3444,21,1,0.6098,2.904
25,66,6876,130,4,1.891,5.817
25,67,3432,36,6,1.049,17.48
25,68,6854,93,6,1.357,8.754
25,69,3396,27,3,0.7951,8.834
25,70,6624,64,1,0.9662,1.51
25,71,3228,23,1,0.7125,3.098
25,72,6242,53,5,0.8491,8.01
25,73,3682,36,1,0.9777,2.716
25,74,5666,32,4,0.5648,7.06
25,75,3710,22,2,0.593,5.391
25,76,3270,8,0,0.2446,0
25,77,2730,1,0,0.03663,0
25,78,2304,8,0,0.3472,0
25,79,3386,16,0,0.4725,0
25,80,3846,30,3,0.78,7.8
25,81,4514,32,1,0.7089,2.215
25,82,4912,81,2,1.649,4.072
25,83,4554,73,3,1.603,6.588
25,84,4504,122,4,2.709,8.881
25,85,5088,101,5,1.985,9.827
25,86,4248,244,8,5.744,18.83
25,87,5330,137,7,2.57,13.13
25,88,4388,179,6,4.079,13.67
25,89,4950,574,11,11.6,22.22
25,90,4282,130,1,3.036,2.335
25,91,5288,341,4,6.449,7.564
25,92,4198,191,1,4.55,2.382
25,93,5880,177,8,3.01,13.61
25,94,3856,67,2,1.738,5.187
25,95,5536,250,7,4.516,12.64
25,96,2650,39,1,1.472,3.774
25,97,5528,264,8,4.776,14.47
25,98,3104,521,30,16.78,96.65
25,99,6102,668,26,10.95,42.61
25,100,3028,1166,239,38.51,789.3
25,101,5706,532,16,9.324,28.04
25,102,2694,694,67,25.76,248.7
25,103,4242,631,33,14.88,77.79
25,104,1548,372,53,24.03,342.4
25,105,2976,806,52,27.08,174.7
25,106,1428,168,2,11.76,14.01
25,107,2898,902,164,31.12,565.9
25,108,1482,167,7,11.27,47.23
25,109,3134,708,49,22.59,156.3
25,110,1632,213,17,13.05,104.2
25,111,3068,331,42,10.79,136.9
25,112,1434,82,4,5.718,27.89
25,113,3138,399,37,12.72,117.9
25,114,1692,124,5,7.329,29.55
25,115,3084,380,37,12.32,120
25,116,1968,145,2,7.368,10.16
25,117,2600,186,12,7.154,46.15
25,118,2604,381,19,14.63,72.96
25,119,2326,532,39,22.87,167.7
25,120,4734,1057,74,22.33,156.3
25,121,4554,1034,96,22.71,210.8
25,122,848,83,0,9.788,0
25,123,510,33,3,6.471,58.82
25,124,484,37,1,7.645,20.66
25,125,748,50,4,6.684,53.48
25,126,536,21,3,3.918,55.97
25,127,546,40,4,7.326,73.26
25,128,300,12,0,4,0
25,129,268,9,2,3.358,74.63
25,130,74,2,2,2.703,270.3
25,131,18,0,0,0,0
25,132,16,0,0,0,0
25,133,12,0,0,0,0
25,134,2,0,0,0,0
25,135,28,1,0,3.571,0
25,136,30,0,0,0,0
25,137,34,0,0,0,0
25,138,24,0,0,0,0
25,139,12,0,0,0,0
25,140,10,0,0,0,0
25,141,22,0,0,0,0
25,142,12,0,0,0,0
25,145,2,0,0,0,0
25,146,16,0,0,0,0
25,147,30,0,0,0,0
25,148,40,0,0,0,0
25,149,42,0,0,0,0
25,150,44,0,0,0,0
25,151,12,0,0,0,0
25,152,20,0,0,0,0
26,-179,2,0,0,0,0
26,-173,2,0,0,0,0
26,-172,6,0,0,0,0
26,-171,2,0,0,0,0
26,-170,8,0,0,0,0
26,-169,2,0,0,0,0
26,-168,2,0,0,0,0
26,-162,14,0,0,0,0
26,-161,20,0,0,0,0
26,-160,12,0,0,0,0
26,-159,8,0,0,0,0
26,-157,2,0,0,0,0
26,-156,4,0,0,0,0
26,-127,2,0,0,0,0
26,-121,1356,1,0,0.07375,0
26,-120,1618,2,0,0.1236,0
26,-119,2904,2,0,0.06887,0
26,-118,1492,3,0,0.2011,0
26,-117,3124,3,0,0.09603,0
26,-116,1602,2,0,0.1248,0
26,-115,3654,2,0,0.05473,0
26,-114,2084,0,0,0,0
26,-113,3342,0,0,0,0
26,-112,2638,1,0,0.03791,0
26,-111,3158,1,0,0.03167,0
26,-110,2954,9,0,0.3047,0
26,-109,2938,78,1,2.655,3.404
26,-108,3242,5,0,0.1542,0
26,-107,4054,21,0,0.518,0
26,-106,4192,12,0,0.2863,0
26,-105,5898,15,0,0.2543,0
26,-104,3304,1,0,0.03027,0
26,-103,5568,15,0,0.2694,0
26,-102,3744,15,3,0.4006,8.013
26,-101,5848,32,2,0.5472,3.42
26,-100,4384,29,2,0.6615,4.562
26,-99,5206,111,0,2.132,0
26,-98,4552,82,3,1.801,6.591
26,-97,4892,6,0,0.1226,0
26,-96,2750,4,1,0.1455,3.636
26,-95,3264,2,0,0.06127,0
26,-94,1596,0,0,0,0
26,-93,2920,5,0,0.1712,0
26,-92,1842,1,0,0.05429,0
26,-91,2332,0,0,0,0
26,-90,2276,0,0,0,0
26,-89,1512,0,0,0,0
26,-84,1950,16,2,0.8205,10.26
26,-83,2762,831,16,30.09,57.93
26,-82,1804,489,22,27.11,122
26,-81,2490,172,17,6.908,68.27
26,-80,3756,155,0,4.127,0
26,-79,4234,64,0,1.512,0
26,-78,4497,8,1,0.1779,2.224
26,-77,1654,8,0,0.4837,0
26,-76,3224,2,0,0.06203,0
26,-75,1596,0,0,0,0
26,-74,1624,6,0,0.3695,0
26,-72,12,0,0,0,0
26,-71,20,0,0,0,0
26,-70,22,0,0,0,0
26,-69,32,0,0,0,0
26,-68,18,0,0,0,0
26,-67,16,0,0,0,0
26,-66,12,0,0,0,0
26,-65,22,0,0,0,0
26,-64,20,0,0,0,0
26,-63,16,0,0,0,0
26,-62,20,0,0,0,0
26,-61,12,0,0,0,0
26,-60,20,0,0,0,0
26,-47,6,0,0,0,0
26,-46,6,0,0,0,0
26,-45,6,0,0,0,0
26,-27,624,0,0,0,0
26,-26,4042,0,0,0,0
26,-25,2488,0,0,0,0
26,-24,8672,3,0,0.03459,0
26,-23,6802,4,0,0.05881,0
26,-22,10844,0,0,0,0
26,-21,10140,6,0,0.05917,0
26,-20,7094,1,0,0.0141,0
26,-19,7596,9,0,0.1185,0
26,-18,6506,2,0,0.03074,0
26,-17,4409,0,0,0,0
26,-16,7506,4,2,0.05329,2.665
26,-15,3520,1,0,0.02841,0
26,-14,6772,1,0,0.01477,0
26,-13,4582,0,0,0,0
26,-12,2412,0,0,0,0
26,-11,346,0,0,0,0
26,-10,2330,0,0,0,0
26,-9,3106,4,1,0.1288,3.22
26,-8,2332,3,0,0.1286,0
26,-7,2340,0,0,0,0
26,-6,1468,0,0,0,0
26,-5,366,0,0,0,0
26,-4,698,1,0,0.1433,0
26,-3,384,0,0,0,0
26,-2,480,0,0,0,0
26,-1,554,0,0,0,0
26,0,452,0,0,0,0
26,1,578,0,0,0,0
26,2,388,0,0,0,0
26,3,530,0,0,0,0
26,4,452,0,0,0,0
26,5,458,0,0,0,0
26,6,404,1,0,0.2475,0
26,7,586,0,0,0,0
26,8,1368,0,0,0,0
26,9,1472,1,0,0.06793,0
26,10,1608,1,0,0.06219,0
26,11,720,1,0,0.1389,0
26,12,738,0,0,0,0
26,13,366,0,0,0,0
26,14,610,0,0,0,0
26,15,464,2,0,0.431,0
26,16,572,3,0,0.5245,0
26,17,360,0,0,0,0
26,18,550,0,0,0,0
26,19,482,0,0,0,0
26,20,486,2,0,0.4115,0
26,21,488,0,0,0,0
26,22,566,0,0,0,0
26,23,390,1,0,0.2564,0
26,24,592,1,0,0.1689,0
26,25,428,0,0,0,0
26,26,498,4,0,0.8032,0
26,27,540,5,0,0.9259,0
26,28,384,4,1,1.042,26.04
26,29,660,5,0,0.7576,0
26,30,360,1,0,0.2778,0
26,31,2414,75,2,3.107,8.285
26,32,2098,15,0,0.715,0
26,33,4676,81,4,1.732,8.554
26,34,4818,83,7,1.723,14.53
26,35,6023,172,9,2.856,14.94
26,36,4714,159,5,3.373,10.61
26,37,5971,410,35,6.867,58.62
26,38,1718,71,5,4.133,29.1
26,39,1796,49,4,2.728,22.27
26,40,354,3,0,0.8475,0
26,41,1986,44,6,2.216,30.21
26,42,1632,20,0,1.225,0
26,43,1962,103,11,5.25,56.07
26,44,330,10,0,3.03,0
26,45,2016,362,42,17.96,208.3
26,46,1686,267,4,15.84,23.72
26,47,3672,642,25,17.48,68.08
26,48,3870,1336,196,34.52,506.5
26,49,5832,3736,1492,64.06,2558
26,50,5858,3834,1594,65.45,2721
26,51,5486,2273,348,41.43,634.3
26,52,6004,2215,242,36.89,403.1
26,53,4708,1327,105,28.19,223
26,54,6590,1587,140,24.08,212.4
26,55,4292,977,110,22.76,256.3
26,56,7048,881,57,12.5,80.87
26,57,4260,332,32,7.793,75.12
26,58,6006,185,9,3.08,14.99
26,59,4866,293,27,6.021,55.49
26,60,5212,173,3,3.319,5.756
26,61,4595,174,5,3.787,10.88
26,62,5202,163,17,3.133,32.68
26,63,4260,111,4,2.606,9.39
26,64,5949,172,18,2.891,30.26
26,65,3726,94,6,2.523,16.1
26,66,6050,83,2,1.372,3.306
26,67,3980,50,5,1.256,12.56
26,68,5842,68,8,1.164,13.69
26,69,4592,60,9,1.307,19.6
26,70,5394,61,8,1.131,14.83
26,71,4276,64,4,1.497,9.355
26,72,5146,65,6,1.263,11.66
26,73,4178,32,0,0.7659,0
26,74,5800,35,2,0.6034,3.448
26,75,3254,113,2,3.473,6.146
26,76,4436,35,0,0.789,0
26,77,2004,8,0,0.3992,0
26,78,3864,52,0,1.346,0
26,79,4100,33,0,0.8049,0
26,80,5324,81,3,1.521,5.635
26,81,4778,44,1,0.9209,2.093
26,82,5038,62,2,1.231,3.97
26,83,5064,36,4,0.7109,7.899
26,84,5112,98,4,1.917,7.825
26,85,5100,167,3,3.275,5.882
26,86,4850,120,6,2.474,12.37
26,87,5362,123,2,2.294,3.73
26,88,4526,258,13,5.7,28.72
26,89,5488,190,5,3.462,9.111
26,90,3864,265,12,6.858,31.06
26,91,5770,161,1,2.79,1.733
26,92,3910,147,7,3.76,17.9
26,93,5868,190,8,3.238,13.63
26,94,3810,197,3,5.171,7.874
26,95,4848,289,3,5.961,6.188
26,96,3596,185,9,5.145,25.03
26,97,4690,240,8,5.117,17.06
26,98,4020,400,20,9.95,49.75
26,99,5539,1513,145,27.32,261.8
26,100,3948,1812,445,45.9,1127
26,101,5184,426,14,8.218,27.01
26,102,3018,216,1,7.157,3.313
26,103,4190,619,17,14.77,40.57
26,104,1548,192,3,12.4,19.38
26,105,2976,822,81,27.62,272.2
26,106,1360,509,90,37.43,661.8
26,107,2830,1637,309,57.84,1092
26,108,1472,607,163,41.24,1107
26,109,3094,567,17,18.33,54.95
26,110,1626,141,4,8.672,24.6
26,111,3060,248,13,8.105,42.48
26,112,1434,12,1,0.8368,6.974
26,113,3126,318,7,10.17,22.39
26,114,1692,45,0,2.66,0
26,115,3368,125,8,3.711,23.75
26,116,1694,42,1,2.479,5.903
26,117,3440,281,34,8.169,98.84
26,118,1764,462,130,26.19,737
26,119,3430,1358,387,39.59,1128
26,120,1690,335,65,19.82,384.6
26,121,2238,217,20,9.696,89.37
26,122,596,122,5,20.47,83.89
26,123,68,10,6,14.71,882.4
26,124,164,15,3,9.146,182.9
26,125,266,9,2,3.383,75.19
26,126,690,32,5,4.638,72.46
26,127,592,21,0,3.547,0
26,128,542,12,4,2.214,73.8
26,129,516,15,1,2.907,19.38
26,130,86,3,0,3.488,0
26,131,38,0,0,0,0
26,132,46,1,0,2.174,0
26,133,46,0,0,0,0
26,134,52,2,0,3.846,0
26,135,38,0,0,0,0
26,136,44,0,0,0,0
26,137,22,0,0,0,0
26,138,20,0,0,0,0
26,140,6,0,0,0,0
26,141,6,0,0,0,0
26,142,10,0,0,0,0
26,146,10,0,0,0,0
26,147,34,0,0,0,0
26,148,34,0,0,0,0
26,149,68,0,0,0,0
26,150,60,0,0,0,0
26,151,32,0,0,0,0
26,152,30,0,0,0,0
27,-162,4,0,0,0,0
27,-161,6,0,0,0,0
27,-123,24,0,0,0,0
27,-122,248,0,0,0,0
27,-121,1880,0,0,0,0
27,-120,1983,9,0,0.4539,0
27,-119,2578,9,0,0.3491,0
27,-118,2846,3,1,0.1054,3.514
27,-117,2852,3,0,0.1052,0
27,-116,2794,3,0,0.1074,0
27,-115,2478,4,1,0.1614,4.036
27,-114,3134,0,0,0,0
27,-113,3026,5,0,0.1652,0
27,-112,2748,3,0,0.1092,0
27,-111,2756,23,0,0.8345,0
27,-110,2638,71,0,2.691,0
27,-109,3492,11,0,0.315,0
27,-108,2650,11,0,0.4151,0
27,-107,4544,10,0,0.2201,0
27,-106,4888,74,0,1.514,0
27,-105,5534,36,0,0.6505,0
27,-104,4966,4,0,0.08055,0
27,-103,5094,13,0,0.2552,0
27,-102,4942,23,2,0.4654,4.047
27,-101,5116,21,0,0.4105,0
27,-100,4638,128,7,2.76,15.09
27,-99,4424,38,1,0.859,2.26
27,-98,2422,26,0,1.073,0
27,-97,3314,6,2,0.1811,6.035
27,-96,1942,1,0,0.05149,0
27,-95,3246,1,0,0.03081,0
27,-94,1590,0,0,0,0
27,-93,3174,29,0,0.9137,0
27,-92,1584,1,0,0.06313,0
27,-91,3095,7,0,0.2262,0
27,-90,1512,0,0,0,0
27,-89,1514,2,0,0.1321,0
27,-85,1100,1,0,0.09091,0
27,-84,2204,5,0,0.2269,0
27,-83,2420,350,1,14.46,4.132
27,-82,2122,141,0,6.645,0
27,-81,2036,5,0,0.2456,0
27,-80,2526,28,0,1.108,0
27,-79,3622,60,1,1.657,2.761
27,-78,2476,0,0,0,0
27,-77,2710,21,0,0.7749,0
27,-76,1816,0,0,0,0
27,-75,2294,1,0,0.04359,0
27,-74,502,0,0,0,0
27,-72,6,0,0,0,0
27,-71,20,0,0,0,0
27,-70,24,0,0,0,0
27,-69,24,0,0,0,0
27,-68,32,0,0,0,0
27,-67,34,0,0,0,0
27,-66,44,0,0,0,0
27,-65,50,0,0,0,0
27,-64,30,0,0,0,0
27,-63,22,0,0,0,0
27,-62,20,0,0,0,0
27,-61,22,0,0,0,0
27,-60,12,0,0,0,0
27,-46,4,0,0,0,0
27,-45,2,0,0,0,0
27,-27,468,0,0,0,0
27,-26,3754,0,0,0,0
27,-25,3892,1,0,0.02569,0
27,-24,7968,2,0,0.0251,0
27,-23,7740,0,0,0,0
27,-22,10064,2,0,0.01987,0
27,-21,12384,2,0,0.01615,0
27,-20,6842,1,0,0.01462,0
27,-19,10688,4,0,0.03743,0
27,-18,5832,1,0,0.01715,0
27,-17,5434,2,0,0.03681,0
27,-16,6240,23,0,0.3686,0
27,-15,6258,0,0,0,0
27,-14,6218,5,0,0.08041,0
27,-13,5404,2,0,0.03701,0
27,-12,5362,2,0,0.0373,0
27,-11,2790,0,0,0,0
27,-10,3816,2,0,0.05241,0
27,-9,3492,2,0,0.05727,0
27,-8,1910,2,0,0.1047,0
27,-7,602,0,0,0,0
27,-6,448,0,0,0,0
27,-5,594,0,0,0,0
27,-4,476,0,0,0,0
27,-3,476,0,0,0,0
27,-2,494,0,0,0,0
27,-1,458,0,0,0,0
27,0,448,0,0,0,0
27,1,582,0,0,0,0
27,2,368,0,0,0,0
27,3,682,0,0,0,0
27,4,330,1,0,0.303,0
27,5,684,0,0,0,0
27,6,390,1,0,0.2564,0
27,7,744,0,0,0,0
27,8,1426,1,0,0.07013,0
27,9,1590,4,0,0.2516,0
27,10,1608,0,0,0,0
27,11,720,1,0,0.1389,0
27,12,738,5,0,0.6775,0
27,13,366,0,0,0,0
27,14,720,8,0,1.111,0
27,15,582,1,0,0.1718,0
27,16,974,2,0,0.2053,0
27,17,774,2,0,0.2584,0
27,18,1019,3,1,0.2944,9.814
27,19,893,1,0,0.112,0
27,20,1094,1,0,0.09141,0
27,21,718,4,0,0.5571,0
27,22,700,2,0,0.2857,0
27,23,370,0,0,0,0
27,24,584,7,0,1.199,0
27,25,410,4,0,0.9756,0
27,26,534,14,0,2.622,0
27,27,386,2,0,0.5181,0
27,28,532,31,1,5.827,18.8
27,29,1816,5,0,0.2753,0
27,30,768,8,0,1.042,0
27,31,2114,33,4,1.561,18.92
27,32,4462,79,2,1.771,4.482
27,33,6116,81,2,1.324,3.27
27,34,5307,181,13,3.411,24.5
27,35,6234,231,18,3.705,28.87
27,36,5049,236,29,4.674,57.44
27,37,6084,263,21,4.323,34.52
27,38,3164,107,3,3.382,9.482
27,39,3177,52,2,1.637,6.295
27,40,1174,8,1,0.6814,8.518
27,41,2243,54,4,2.407,17.83
27,42,1632,4,0,0.2451,0
27,43,1962,43,11,2.192,56.07
27,44,330,0,0,0,0
27,45,2016,84,2,4.167,9.921
27,46,2124,114,3,5.367,14.12
27,47,4386,224,16,5.107,36.48
27,48,4588,775,112,16.89,244.1
27,49,5832,2282,585,39.13,1003
27,50,5778,2069,414,35.81,716.5
27,51,5862,1240,96,21.15,163.8
27,52,5628,1070,49,19.01,87.06
27,53,5572,1106,136,19.85,244.1
27,54,5568,719,62,12.91,111.4
27,55,5706,834,72,14.62,126.2
27,56,5698,563,23,9.881,40.37
27,57,5504,444,51,8.067,92.66
27,58,5110,205,19,4.012,37.18
27,59,4646,253,25,5.446,53.81
27,60,4990,183,15,3.667,30.06
27,61,4608,170,9,3.689,19.53
27,62,4726,105,4,2.222,8.464
27,63,5060,135,11,2.668,21.74
27,64,4554,81,13,1.779,28.55
27,65,4870,143,14,2.936,28.75
27,66,4600,49,1,1.065,2.174
27,67,5346,133,5,2.488,9.353
27,68,4400,44,4,1,9.091
27,69,4986,76,5,1.524,10.03
27,70,4520,52,6,1.15,13.27
27,71,4928,142,12,2.881,24.35
27,72,4586,54,3,1.177,6.542
27,73,4488,67,11,1.493,24.51
27,74,4868,62,11,1.274,22.6
27,75,4700,22,1,0.4681,2.128
27,76,4646,75,1,1.614,2.152
27,77,4500,112,0,2.489,0
27,78,4758,86,3,1.807,6.305
27,79,4876,24,0,0.4922,0
27,80,5052,84,3,1.663,5.938
27,81,5094,42,0,0.8245,0
27,82,5076,58,2,1.143,3.94
27,83,5064,35,1,0.6912,1.975
27,84,5112,91,1,1.78,1.956
27,85,5100,58,1,1.137,1.961
27,86,5142,85,5,1.653,9.724
27,87,5064,44,1,0.8689,1.975
27,88,5094,148,15,2.905,29.45
27,89,4904,174,6,3.548,12.23
27,90,4806,158,6,3.288,12.48
27,91,5107,238,4,4.66,7.832
27,92,5374,65,2,1.21,3.722
27,93,5030,140,4,2.783,7.952
27,94,5008,287,2,5.731,3.994
27,95,4698,60,4,1.277,8.514
27,96,3808,92,0,2.416,0
27,97,4838,282,5,5.829,10.33
27,98,3896,168,3,4.312,7.7
27,99,4334,746,101,17.21,233
27,100,4996,767,74,15.35,148.1
27,101,3240,733,92,22.62,284
27,102,4882,1370,112,28.06,229.4
27,103,4174,1752,299,41.97,716.3
27,104,2550,1003,307,39.33,1204
27,105,1608,734,175,45.65,1088
27,106,2078,861,194,41.43,933.6
27,107,1992,843,116,42.32,582.3
27,108,1862,537,104,28.84,558.5
27,109,2582,1187,170,45.97,658.4
27,110,1620,126,2,7.778,12.35
27,111,2942,279,12,9.483,40.79
27,112,1434,55,0,3.835,0
27,113,3126,500,42,15.99,134.4
27,114,1692,27,0,1.596,0
27,115,3366,216,8,6.417,23.77
27,116,1694,35,3,2.066,17.71
27,117,3446,114,7,3.308,20.31
27,118,1770,159,3,8.983,16.95
27,119,3704,710,110,19.17,297
27,120,1692,353,17,20.86,100.5
27,121,3422,240,21,7.013,61.37
27,122,1762,143,7,8.116,39.73
27,123,1742,248,47,14.24,269.8
27,124,120,11,1,9.167,83.33
27,125,528,39,12,7.386,227.3
27,126,454,28,3,6.167,66.08
27,127,778,61,5,7.841,64.27
27,128,1274,127,14,9.969,109.9
27,129,1510,88,10,5.828,66.23
27,130,1378,61,6,4.427,43.54
27,131,146,6,0,4.11,0
27,132,54,0,0,0,0
27,133,52,0,0,0,0
27,134,50,4,0,8,0
27,135,40,2,0,5,0
27,136,32,0,0,0,0
27,137,22,0,0,0,0
27,138,32,0,0,0,0
27,139,10,0,0,0,0
27,140,14,0,0,0,0
27,141,12,0,0,0,0
27,142,14,0,0,0,0
27,147,44,0,0,0,0
27,148,50,0,0,0,0
27,149,58,0,0,0,0
27,150,62,0,0,0,0
27,151,36,0,0,0,0
27,152,22,0,0,0,0
27,154,2,0,0,0,0
28,-123,190,0,0,0,0
28,-122,2390,2,0,0.08368,0
28,-121,1912,4,0,0.2092,0
28,-120,2394,1,0,0.04177,0
28,-119,2708,8,1,0.2954,3.693
28,-118,2662,14,0,0.5259,0
28,-117,2634,3,0,0.1139,0
28,-116,3590,17,0,0.4735,0
28,-115,2590,6,1,0.2317,3.861
28,-114,3700,6,0,0.1622,0
28,-113,2170,2,0,0.09217,0
28,-112,3904,9,0,0.2305,0
28,-111,2186,10,0,0.4575,0
28,-110,3882,7,0,0.1803,0
28,-109,2212,0,0,0,0
28,-108,3902,18,2,0.4613,5.126
28,-107,3280,196,0,5.976,0
28,-106,6734,79,2,1.173,2.97
28,-105,4038,67,1,1.659,2.476
28,-104,6238,8,0,0.1282,0
28,-103,4034,27,0,0.6693,0
28,-102,5708,19,3,0.3329,5.256
28,-101,4648,87,7,1.872,15.06
28,-100,3430,79,4,2.303,11.66
28,-99,3320,23,1,0.6928,3.012
28,-98,1758,10,0,0.5688,0
28,-97,3432,49,0,1.428,0
28,-96,2076,10,0,0.4817,0
28,-95,3196,2,0,0.06258,0
28,-94,1532,3,0,0.1958,0
28,-93,3116,3,0,0.09628,0
28,-92,1586,35,0,2.207,0
28,-91,3096,6,0,0.1938,0
28,-90,1514,0,0,0,0
28,-89,2890,7,0,0.2422,0
28,-88,1378,2,0,0.1451,0
28,-87,2184,1,0,0.04579,0
28,-86,1092,0,0,0,0
28,-85,2184,2,0,0.09158,0
28,-84,1650,1,0,0.06061,0
28,-83,3176,46,0,1.448,0
28,-82,1704,2,0,0.1174,0
28,-81,3186,5,0,0.1569,0
28,-80,1674,1,0,0.05974,0
28,-79,3318,5,0,0.1507,0
28,-78,1650,1,0,0.06061,0
28,-77,2666,1,0,0.03751,0
28,-76,2032,1,0,0.04921,0
28,-75,1532,0,0,0,0
28,-73,8,0,0,0,0
28,-72,16,0,0,0,0
28,-71,18,0,0,0,0
28,-70,28,0,0,0,0
28,-69,20,0,0,0,0
28,-68,30,0,0,0,0
28,-67,28,0,0,0,0
28,-66,42,0,0,0,0
28,-65,34,0,0,0,0
28,-64,44,0,0,0,0
28,-63,14,0,0,0,0
28,-62,20,0,0,0,0
28,-61,18,0,0,0,0
28,-60,26,0,0,0,0
28,-59,14,0,0,0,0
28,-58,8,0,0,0,0
28,-28,480,0,0,0,0
28,-27,720,0,0,0,0
28,-26,3092,0,0,0,0
28,-25,4726,0,0,0,0
28,-24,8642,2,0,0.02314,0
28,-23,9032,3,1,0.03322,1.107
28,-22,11172,2,0,0.0179,0
28,-21,8518,5,0,0.0587,0
28,-20,9964,7,0,0.07025,0
28,-19,9138,6,0,0.06566,0
28,-18,5824,13,0,0.2232,0
28,-17,7150,62,0,0.8671,0
28,-16,5264,71,1,1.349,1.9
28,-15,7522,9,0,0.1196,0
28,-14,4438,23,2,0.5183,4.507
28,-13,7186,14,4,0.1948,5.566
28,-12,4998,3,0,0.06002,0
28,-11,5230,0,0,0,0
28,-10,2636,2,2,0.07587,7.587
28,-9,3646,1,0,0.02743,0
28,-8,3134,1,0,0.03191,0
28,-7,1408,4,0,0.2841,0
28,-6,450,0,0,0,0
28,-5,602,0,0,0,0
28,-4,360,0,0,0,0
28,-3,720,1,0,0.1389,0
28,-2,360,0,0,0,0
28,-1,696,1,0,0.1437,0
28,0,336,1,0,0.2976,0
28,1,696,2,0,0.2874,0
28,2,360,0,0,0,0
28,3,690,0,0,0,0
28,4,338,0,0,0,0
28,5,684,0,0,0,0
28,6,360,0,0,0,0
28,7,720,0,0,0,0
28,8,958,3,0,0.3132,0
28,9,1874,3,0,0.1601,0
28,10,1454,1,0,0.06878,0
28,11,886,1,0,0.1129,0
28,12,946,4,0,0.4228,0
28,13,928,2,0,0.2155,0
28,14,1142,2,1,0.1751,8.757
28,15,1108,5,0,0.4513,0
28,16,1126,3,0,0.2664,0
28,17,1100,4,0,0.3636,0
28,18,1715,2,0,0.1166,0
28,19,1264,2,0,0.1582,0
28,20,1254,6,1,0.4785,7.974
28,21,772,3,0,0.3886,0
28,22,1256,8,0,0.6369,0
28,23,610,2,0,0.3279,0
28,24,846,6,0,0.7092,0
28,25,747,1,0,0.1339,0
28,26,1232,12,2,0.974,16.23
28,27,990,2,0,0.202,0
28,28,3146,24,4,0.7629,12.71
28,29,2662,11,1,0.4132,3.757
28,30,4273,38,3,0.8893,7.021
28,31,2694,6,0,0.2227,0
28,32,5374,62,3,1.154,5.582
28,33,4852,34,3,0.7007,6.183
28,34,6833,163,7,2.385,10.24
28,35,5059,129,8,2.55,15.81
28,36,6872,376,41,5.471,59.66
28,37,4650,195,10,4.194,21.51
28,38,4984,136,4,2.729,8.026
28,39,2638,40,2,1.516,7.582
28,40,2822,13,2,0.4607,7.087
28,41,2156,41,5,1.902,23.19
28,42,2428,21,1,0.8649,4.119
28,43,970,24,4,2.474,41.24
28,44,438,15,4,3.425,91.32
28,45,1916,56,0,2.923,0
28,46,3570,182,26,5.098,72.83
28,47,5544,492,163,8.874,294
28,48,5742,1017,305,17.71,531.2
28,49,5820,1316,167,22.61,286.9
28,50,5698,1324,181,23.24,317.7
28,51,5942,689,52,11.6,87.51
28,52,5154,546,62,10.59,120.3
28,53,5442,320,37,5.88,67.99
28,54,4374,270,13,6.173,29.72
28,55,5730,328,39,5.724,68.06
28,56,3808,77,2,2.022,5.252
28,57,6270,218,17,3.477,27.11
28,58,3764,97,3,2.577,7.97
28,59,6214,243,13,3.911,20.92
28,60,3964,128,10,3.229,25.23
28,61,5302,266,31,5.017,58.47
28,62,4090,40,1,0.978,2.445
28,63,5626,143,10,2.542,17.77
28,64,4070,20,1,0.4914,2.457
28,65,5866,87,5,1.483,8.524
28,66,4278,24,3,0.561,7.013
28,67,5770,54,2,0.9359,3.466
28,68,4034,40,2,0.9916,4.958
28,69,5784,93,4,1.608,6.916
28,70,4334,62,4,1.431,9.229
28,71,5572,104,14,1.866,25.13
28,72,3787,66,11,1.743,29.05
28,73,5748,201,29,3.497,50.45
28,74,3890,41,5,1.054,12.85
28,75,5534,52,0,0.9396,0
28,76,3376,102,0,3.021,0
28,77,5684,483,2,8.498,3.519
28,78,3897,169,7,4.337,17.96
28,79,5248,90,2,1.715,3.811
28,80,4864,207,8,4.256,16.45
28,81,5096,58,1,1.138,1.962
28,82,5074,267,1,5.262,1.971
28,83,5064,72,1,1.422,1.975
28,84,5112,359,5,7.023,9.781
28,85,5100,72,4,1.412,7.843
28,86,5132,501,14,9.762,27.28
28,87,5058,128,4,2.531,7.908
28,88,5088,763,62,15,121.9
28,89,4838,375,25,7.751,51.67
28,90,5064,578,19,11.41,37.52
28,91,4154,579,28,13.94,67.4
28,92,6162,266,4,4.317,6.491
28,93,3596,276,24,7.675,66.74
28,94,6096,478,6,7.841,9.843
28,95,3680,384,15,10.43,40.76
28,96,4804,353,14,7.348,29.14
28,97,3020,135,1,4.47,3.311
28,98,4590,411,19,8.954,41.39
28,99,3378,337,12,9.976,35.52
28,100,3904,321,9,8.222,23.05
28,101,3274,493,17,15.06,51.92
28,102,4158,612,27,14.72,64.94
28,103,3408,471,19,13.82,55.75
28,104,3686,364,13,9.875,35.27
28,105,1886,122,3,6.469,15.91
28,106,1854,332,8,17.91,43.15
28,107,1956,291,10,14.88,51.12
28,108,1680,301,29,17.92,172.6
28,109,2112,310,9,14.68,42.61
28,110,2478,124,2,5.004,8.071
28,111,1526,84,1,5.505,6.553
28,112,2304,508,128,22.05,555.6
28,113,1976,780,105,39.47,531.4
28,114,2553,250,5,9.792,19.58
28,115,2542,98,8,3.855,31.47
28,116,2026,161,5,7.947,24.68
28,117,3196,206,7,6.446,21.9
28,118,1774,39,0,2.198,0
28,119,3442,296,17,8.6,49.39
28,120,1676,53,4,3.162,23.87
28,121,3424,410,9,11.97,26.29
28,122,1776,97,4,5.462,22.52
28,123,1784,152,8,8.52,44.84
28,124,120,3,0,2.5,0
28,125,114,4,0,3.509,0
28,126,262,4,0,1.527,0
28,127,646,29,1,4.489,15.48
28,128,508,14,0,2.756,0
28,129,3864,173,24,4.477,62.11
28,130,2618,167,9,6.379,34.38
28,131,300,23,5,7.667,166.7
28,132,42,0,0,0,0
28,133,56,0,0,0,0
28,134,38,1,0,2.632,0
28,135,54,0,0,0,0
28,136,28,0,0,0,0
28,137,22,0,0,0,0
28,138,12,0,0,0,0
28,139,18,0,0,0,0
28,140,24,0,0,0,0
28,141,24,0,0,0,0
28,142,20,0,0,0,0
28,143,12,0,0,0,0
28,144,8,0,0,0,0
28,146,20,0,0,0,0
28,147,34,0,0,0,0
28,148,46,0,0,0,0
28,149,40,2,0,5,0
28,150,50,0,0,0,0
28,151,20,0,0,0,0
28,152,32,0,0,0,0
28,153,22,0,0,0,0
28,154,34,0,0,0,0
28,155,24,0,0,0,0
28,156,26,0,0,0,0
28,157,4,0,0,0,0
28,158,4,0,0,0,0
29,-177,12,0,0,0,0
29,-176,12,0,0,0,0
29,-175,8,0,0,0,0
29,-174,6,0,0,0,0
29,-173,6,0,0,0,0
29,-122,1452,0,0,0,0
29,-121,1452,0,0,0,0
29,-120,3254,4,0,0.1229,0
29,-119,1806,9,1,0.4983,5.537
29,-118,4330,8,1,0.1848,2.309
29,-117,2538,3,0,0.1182,0
29,-116,4464,4,1,0.08961,2.24
29,-115,2040,0,0,0,0
29,-114,5286,2,0,0.03784,0
29,-113,3200,1,0,0.03125,0
29,-112,5718,130,0,2.274,0
29,-111,2780,3,0,0.1079,0
29,-110,4336,13,1,0.2998,2.306
29,-109,2040,0,0,0,0
29,-108,3978,62,1,1.559,2.514
29,-107,2134,8,0,0.3749,0
29,-106,4816,6,0,0.1246,0
29,-105,4040,16,0,0.396,0
29,-104,6102,31,2,0.508,3.278
29,-103,4552,82,7,1.801,15.38
29,-102,5518,51,0,0.9242,0
29,-101,3932,88,4,2.238,10.17
29,-100,3100,92,3,2.968,9.677
29,-99,2028,33,0,1.627,0
29,-98,3110,9,1,0.2894,3.215
29,-97,5412,327,10,6.042,18.48
29,-96,4084,109,3,2.669,7.346
29,-95,2348,22,0,0.937,0
29,-94,2032,3,0,0.1476,0
29,-93,2594,207,1,7.98,3.855
29,-92,1602,209,2,13.05,12.48
29,-91,3082,6,1,0.1947,3.245
29,-90,1512,0,0,0,0
29,-89,3452,9,0,0.2607,0
29,-88,1674,5,0,0.2987,0
29,-87,3342,7,0,0.2095,0
29,-86,1672,1,0,0.05981,0
29,-85,3318,2,0,0.06028,0
29,-84,1644,1,0,0.06083,0
29,-83,3170,43,1,1.356,3.155
29,-82,1524,4,0,0.2625,0
29,-81,3192,6,0,0.188,0
29,-80,1668,4,1,0.2398,5.995
29,-79,3318,0,0,0,0
29,-78,1650,0,0,0,0
29,-77,3174,3,0,0.09452,0
29,-76,1524,3,0,0.1969,0
29,-75,1594,0,0,0,0
29,-73,10,0,0,0,0
29,-72,30,0,0,0,0
29,-71,30,0,0,0,0
29,-70,42,0,0,0,0
29,-69,56,0,0,0,0
29,-68,54,0,0,0,0
29,-67,44,0,0,0,0
29,-66,30,0,0,0,0
29,-65,20,0,0,0,0
29,-64,22,0,0,0,0
29,-63,16,0,0,0,0
29,-62,18,0,0,0,0
29,-61,20,0,0,0,0
29,-60,18,0,0,0,0
29,-59,14,0,0,0,0
29,-58,10,0,0,0,0
29,-28,354,0,0,0,0
29,-27,838,0,0,0,0
29,-26,2930,0,0,0,0
29,-25,6378,2,0,0.03136,0
29,-24,9396,4,0,0.04257,0
29,-23,9346,9,0,0.0963,0
29,-22,10664,5,0,0.04689,0
29,-21,10720,3,0,0.02799,0
29,-20,7384,13,0,0.1761,0
29,-19,7724,5,0,0.06473,0
29,-18,5806,10,0,0.1722,0
29,-17,6380,0,0,0,0
29,-16,5170,2,0,0.03868,0
29,-15,7358,7,0,0.09513,0
29,-14,4552,73,0,1.604,0
29,-13,7904,4,0,0.05061,0
29,-12,4152,0,0,0,0
29,-11,7432,5,0,0.06728,0
29,-10,3002,12,0,0.3997,0
29,-9,6412,1,0,0.0156,0
29,-8,3689,2,0,0.05422,0
29,-7,6726,8,0,0.1189,0
29,-6,2782,1,0,0.03595,0
29,-5,3936,1,0,0.02541,0
29,-4,1432,1,0,0.06983,0
29,-3,2172,2,0,0.09208,0
29,-2,360,0,0,0,0
29,-1,696,1,0,0.1437,0
29,0,336,0,0,0,0
29,1,696,0,0,0,0
29,2,360,0,0,0,0
29,3,690,0,0,0,0
29,4,330,0,0,0,0
29,5,684,0,0,0,0
29,6,354,0,0,0,0
29,7,708,1,0,0.1412,0
29,8,1372,3,0,0.2187,0
29,9,926,9,0,0.9719,0
29,10,964,6,0,0.6224,0
29,11,1654,0,0,0,0
29,12,1046,1,0,0.0956,0
29,13,994,3,0,0.3018,0
29,14,1178,1,0,0.08489,0
29,15,1098,2,0,0.1821,0
29,16,3238,10,1,0.3088,3.088
29,17,2774,6,0,0.2163,0
29,18,3838,4,0,0.1042,0
29,19,3997,1,0,0.02502,0
29,20,4636,16,1,0.3451,2.157
29,21,2202,2,0,0.09083,0
29,22,2456,14,0,0.57,0
29,23,874,2,0,0.2288,0
29,24,1466,9,0,0.6139,0
29,25,732,0,0,0,0
29,26,1488,7,0,0.4704,0
29,27,756,4,0,0.5291,0
29,28,4552,21,0,0.4613,0
29,29,3804,16,0,0.4206,0
29,30,5836,55,5,0.9424,8.568
29,31,2066,28,0,1.355,0
29,32,6234,72,5,1.155,8.021
29,33,4435,42,2,0.947,4.51
29,34,8247,207,21,2.51,25.46
29,35,4101,139,5,3.389,12.19
29,36,7867,451,49,5.733,62.29
29,37,4323,85,3,1.966,6.94
29,38,5494,121,9,2.202,16.38
29,39,2716,15,0,0.5523,0
29,40,2822,17,4,0.6024,14.17
29,41,2651,9,0,0.3395,0
29,42,1541,11,2,0.7138,12.98
29,43,442,2,0,0.4525,0
29,44,440,8,1,1.818,22.73
29,45,2248,18,0,0.8007,0
29,46,3714,189,25,5.089,67.31
29,47,4916,569,114,11.57,231.9
29,48,5160,685,121,13.28,234.5
29,49,6187,727,94,11.75,151.9
29,50,4646,533,28,11.47,60.27
29,51,6422,793,38,12.35,59.17
29,52,4462,433,22,9.704,49.31
29,53,5934,458,46,7.718,77.52
29,54,3742,163,5,4.356,13.36
29,55,5692,300,9,5.271,15.81
29,56,4278,139,4,3.249,9.35
29,57,5788,149,13,2.574,22.46
29,58,3782,50,4,1.322,10.58
29,59,6574,86,6,1.308,9.127
29,60,3384,18,0,0.5319,0
29,61,6684,129,7,1.93,10.47
29,62,3300,25,1,0.7576,3.03
29,63,6684,126,18,1.885,26.93
29,64,3384,29,5,0.857,14.78
29,65,6850,91,7,1.328,10.22
29,66,3450,30,2,0.8696,5.797
29,67,6900,72,9,1.043,13.04
29,68,3450,20,0,0.5797,0
29,69,6948,47,1,0.6765,1.439
29,70,3512,17,0,0.4841,0
29,71,6738,91,4,1.351,5.936
29,72,3334,39,0,1.17,0
29,73,6372,82,11,1.287,17.26
29,74,3742,40,4,1.069,10.69
29,75,5694,89,1,1.563,1.756
29,76,3966,97,4,2.446,10.09
29,77,5198,117,1,2.251,1.924
29,78,4064,42,4,1.033,9.843
29,79,5288,140,2,2.648,3.782
29,80,4012,33,0,0.8225,0
29,81,6216,65,0,1.046,0
29,82,3374,31,0,0.9188,0
29,83,5278,51,2,0.9663,3.789
29,84,4898,149,6,3.042,12.25
29,85,4262,100,3,2.346,7.039
29,86,5976,395,4,6.61,6.693
29,87,3860,413,38,10.7,98.45
29,88,6006,1617,409,26.92,681
29,89,3626,940,76,25.92,209.6
29,90,5898,2232,329,37.84,557.8
29,91,3928,2242,590,57.08,1502
29,92,5466,811,29,14.84,53.06
29,93,3768,525,14,13.93,37.15
29,94,4994,2222,591,44.49,1183
29,95,3032,422,55,13.92,181.4
29,96,4519,218,4,4.824,8.852
29,97,2286,63,2,2.756,8.749
29,98,5008,166,5,3.315,9.984
29,99,2754,61,3,2.215,10.89
29,100,5172,222,29,4.292,56.07
29,101,2418,47,2,1.944,8.271
29,102,5310,269,4,5.066,7.533
29,103,2878,68,2,2.363,6.949
29,104,4241,324,11,7.64,25.94
29,105,1321,148,9,11.2,68.13
29,106,2690,282,16,10.48,59.48
29,107,1356,114,2,8.407,14.75
29,108,2884,1474,324,51.11,1123
29,109,1530,102,2,6.667,13.07
29,110,2366,266,5,11.24,21.13
29,111,1672,75,2,4.486,11.96
29,112,2102,250,8,11.89,38.06
29,113,2294,236,16,10.29,69.75
29,114,2170,172,19,7.926,87.56
29,115,2330,121,2,5.193,8.584
29,116,2564,104,2,4.056,7.8
29,117,2342,194,10,8.284,42.7
29,118,2924,172,9,5.882,30.78
29,119,1726,113,5,6.547,28.97
29,120,2650,369,13,13.92,49.06
29,121,2382,257,12,10.79,50.38
29,122,2338,205,39,8.768,166.8
29,123,1272,90,11,7.075,86.48
29,124,98,5,1,5.102,102
29,125,116,9,2,7.759,172.4
29,126,108,0,0,0,0
29,127,554,25,6,4.513,108.3
29,128,470,14,5,2.979,106.4
29,129,2412,201,16,8.333,66.33
29,130,2318,90,3,3.883,12.94
29,131,1740,68,2,3.908,11.49
29,132,32,0,0,0,0
29,133,48,0,0,0,0
29,134,42,1,0,2.381,0
29,135,54,0,0,0,0
29,136,32,1,0,3.125,0
29,137,28,0,0,0,0
29,138,12,0,0,0,0
29,139,18,0,0,0,0
29,140,26,0,0,0,0
29,141,22,0,0,0,0
29,142,24,0,0,0,0
29,143,22,0,0,0,0
29,147,8,0,0,0,0
29,148,22,2,0,9.091,0
29,149,28,0,0,0,0
29,150,22,0,0,0,0
29,151,20,0,0,0,0
29,152,34,0,0,0,0
29,153,40,0,0,0,0
29,154,38,0,0,0,0
29,155,44,0,0,0,0
29,156,36,0,0,0,0
29,157,20,0,0,0,0
29,158,10,0,0,0,0
30,-178,4,0,0,0,0
30,-177,16,1,0,6.25,0
30,-176,16,0,0,0,0
30,-175,18,0,0,0,0
30,-174,32,0,0,0,0
30,-124,946,3,0,0.3171,0
30,-123,1188,1,0,0.08418,0
30,-122,2664,4,0,0.1502,0
30,-121,1476,2,0,0.1355,0
30,-120,3294,4,0,0.1214,0
30,-119,1820,14,1,0.7692,5.495
30,-118,4320,23,3,0.5324,6.944
30,-117,2468,8,0,0.3241,0
30,-116,4514,9,0,0.1994,0
30,-115,2058,2,0,0.09718,0
30,-114,5870,3,0,0.05111,0
30,-113,3830,2,0,0.05222,0
30,-112,7416,23,5,0.3101,6.742
30,-111,3606,4,0,0.1109,0
30,-110,5620,7,0,0.1246,0
30,-109,2040,17,1,0.8333,4.902
30,-108,4080,36,2,0.8824,4.902
30,-107,2040,10,3,0.4902,14.71
30,-106,5238,22,2,0.42,3.818
30,-105,3298,22,0,0.6671,0
30,-104,6062,20,1,0.3299,1.65
30,-103,4004,27,2,0.6743,4.995
30,-102,5238,170,3,3.246,5.727
30,-101,1740,55,0,3.161,0
30,-100,3128,27,2,0.8632,6.394
30,-99,1936,21,0,1.085,0
30,-98,2912,130,3,4.464,10.3
30,-97,3912,169,8,4.32,20.45
30,-96,4692,64,2,1.364,4.263
30,-95,2734,26,0,0.951,0
30,-94,2094,9,0,0.4298,0
30,-93,1870,501,18,26.79,96.26
30,-92,2380,152,2,6.387,8.403
30,-91,1962,33,0,1.682,0
30,-90,2294,4,1,0.1744,4.359
30,-89,2114,34,2,1.608,9.461
30,-88,2306,12,1,0.5204,4.337
30,-87,2704,1,0,0.03698,0
30,-86,1930,0,0,0,0
30,-85,3032,2,0,0.06596,0
30,-84,1638,6,0,0.3663,0
30,-83,3158,35,0,1.108,0
30,-82,1520,5,1,0.3289,6.579
30,-81,3184,22,4,0.691,12.56
30,-80,1668,2,0,0.1199,0
30,-79,3316,3,0,0.09047,0
30,-78,1650,0,0,0,0
30,-77,3174,6,1,0.189,3.151
30,-76,1524,0,0,0,0
30,-75,1700,1,0,0.05882,0
30,-73,12,0,0,0,0
30,-72,10,0,0,0,0
30,-71,30,0,0,0,0
30,-70,30,0,0,0,0
30,-69,46,0,0,0,0
30,-68,50,0,0,0,0
30,-67,62,0,0,0,0
30,-66,32,0,0,0,0
30,-65,60,0,0,0,0
30,-64,10,0,0,0,0
30,-63,18,0,0,0,0
30,-62,30,0,0,0,0
30,-61,24,0,0,0,0
30,-60,20,0,0,0,0
30,-59,22,0,0,0,0
30,-58,10,0,0,0,0
30,-31,448,1,0,0.2232,0
30,-30,470,0,0,0,0
30,-29,568,0,0,0,0
30,-28,930,0,0,0,0
30,-27,822,0,0,0,0
30,-26,4592,2,0,0.04355,0
30,-25,7060,2,0,0.02833,0
30,-24,8890,1,0,0.01125,0
30,-23,8774,4,0,0.04559,0
30,-22,10374,6,0,0.05784,0
30,-21,11590,6,0,0.05177,0
30,-20,8606,7,0,0.08134,0
30,-19,8302,4,0,0.04818,0
30,-18,5824,5,0,0.08585,0
30,-17,7744,1,0,0.01291,0
30,-16,5302,2,0,0.03772,0
30,-15,7234,4,0,0.05529,0
30,-14,4566,1,0,0.0219,0
30,-13,7902,5,0,0.06328,0
30,-12,4152,2,0,0.04817,0
30,-11,8300,5,1,0.06024,1.205
30,-10,4144,22,0,0.5309,0
30,-9,7860,29,0,0.369,0
30,-8,3714,3,1,0.08078,2.693
30,-7,7418,4,0,0.05392,0
30,-6,3702,1,0,0.02701,0
30,-5,7142,4,0,0.05601,0
30,-4,3448,1,0,0.029,0
30,-3,4070,5,3,0.1229,7.371
30,-2,1182,2,2,0.1692,16.92
30,-1,1236,3,2,0.2427,16.18
30,0,336,0,0,0,0
30,1,694,0,0,0,0
30,2,362,0,0,0,0
30,3,662,0,0,0,0
30,4,358,1,0,0.2793,0
30,5,746,1,0,0.134,0
30,6,728,1,0,0.1374,0
30,7,3424,13,1,0.3797,2.921
30,8,4118,8,0,0.1943,0
30,9,6414,33,0,0.5145,0
30,10,4736,11,1,0.2323,2.111
30,11,3750,9,2,0.24,5.333
30,12,1656,3,0,0.1812,0
30,13,1246,3,0,0.2408,0
30,14,4630,23,2,0.4968,4.32
30,15,4108,14,0,0.3408,0
30,16,6246,16,1,0.2562,1.601
30,17,4870,13,1,0.2669,2.053
30,18,6930,21,0,0.303,0
30,19,4778,10,0,0.2093,0
30,20,8131,50,6,0.6149,7.379
30,21,4136,5,0,0.1209,0
30,22,6599,20,1,0.3031,1.515
30,23,2168,4,0,0.1845,0
30,24,5084,21,1,0.4131,1.967
30,25,3200,7,0,0.2188,0
30,26,5568,60,2,1.078,3.592
30,27,2956,5,0,0.1691,0
30,28,6739,40,4,0.5936,5.936
30,29,4367,24,0,0.5496,0
30,30,7313,203,8,2.776,10.94
30,31,3470,103,4,2.968,11.53
30,32,7612,122,8,1.603,10.51
30,33,4145,61,8,1.472,19.3
30,34,8252,454,88,5.502,106.6
30,35,4101,316,81,7.705,197.5
30,36,8522,529,86,6.207,100.9
30,37,4116,68,2,1.652,4.859
30,38,6024,154,16,2.556,26.56
30,39,2032,10,1,0.4921,4.921
30,40,4084,29,3,0.7101,7.346
30,41,2667,20,1,0.7499,3.75
30,42,2979,56,4,1.88,13.43
30,43,822,18,2,2.19,24.33
30,44,2708,76,6,2.806,22.16
30,45,2010,27,5,1.343,24.88
30,46,3787,152,6,4.014,15.84
30,47,4448,525,9,11.8,20.23
30,48,5978,778,55,13.01,92
30,49,5352,549,35,10.26,65.4
30,50,4970,394,17,7.928,34.21
30,51,5386,377,10,7,18.57
30,52,4656,268,20,5.756,42.96
30,53,4916,308,21,6.265,42.72
30,54,3794,95,2,2.504,5.271
30,55,5812,421,22,7.244,37.85
30,56,3988,128,6,3.21,15.05
30,57,6374,262,9,4.11,14.12
30,58,3772,43,2,1.14,5.302
30,59,6870,98,14,1.426,20.38
30,60,3384,27,3,0.7979,8.865
30,61,6684,128,18,1.915,26.93
30,62,3300,12,0,0.3636,0
30,63,6684,49,5,0.7331,7.481
30,64,3384,5,0,0.1478,0
30,65,7040,48,7,0.6818,9.943
30,66,3450,11,0,0.3188,0
30,67,6900,44,4,0.6377,5.797
30,68,3450,20,2,0.5797,5.797
30,69,6936,73,2,1.052,2.884
30,70,3488,36,3,1.032,8.601
30,71,6846,97,6,1.417,8.764
30,72,3536,34,0,0.9615,0
30,73,6428,71,2,1.105,3.111
30,74,3764,25,0,0.6642,0
30,75,6058,101,2,1.667,3.301
30,76,3630,109,3,3.003,8.264
30,77,5578,115,2,2.062,3.586
30,78,4028,33,0,0.8193,0
30,79,5228,88,3,1.683,5.738
30,80,4576,66,1,1.442,2.185
30,81,4740,88,3,1.857,6.329
30,82,4890,174,5,3.558,10.22
30,83,4406,272,9,6.173,20.43
30,84,4628,418,8,9.032,17.29
30,85,4820,158,4,3.278,8.299
30,86,4574,330,5,7.215,10.93
30,87,4862,146,1,3.003,2.057
30,88,4782,455,23,9.515,48.1
30,89,4188,188,3,4.489,7.163
30,90,6030,380,9,6.302,14.93
30,91,3764,609,39,16.18,103.6
30,92,6282,809,38,12.88,60.49
30,93,3080,65,0,2.11,0
30,94,5620,516,61,9.181,108.5
30,95,2538,81,0,3.191,0
30,96,4801,281,10,5.853,20.83
30,97,2264,83,2,3.666,8.834
30,98,4768,201,4,4.216,8.389
30,99,2586,63,0,2.436,0
30,100,5112,181,13,3.541,25.43
30,101,2444,46,0,1.882,0
30,102,5244,270,22,5.149,41.95
30,103,2798,65,6,2.323,21.44
30,104,4110,399,24,9.708,58.39
30,105,1316,18,0,1.368,0
30,106,2560,158,8,6.172,31.25
30,107,1280,82,4,6.406,31.25
30,108,2896,466,24,16.09,82.87
30,109,1450,99,0,6.828,0
30,110,2710,477,92,17.6,339.5
30,111,1246,211,4,16.93,32.1
30,112,2916,270,17,9.259,58.3
30,113,1672,678,233,40.55,1394
30,114,3350,724,56,21.61,167.2
30,115,1674,69,3,4.122,17.92
30,116,3430,172,10,5.015,29.15
30,117,1750,97,5,5.543,28.57
30,118,2844,562,30,19.76,105.5
30,119,2258,630,236,27.9,1045
30,120,2592,670,35,25.85,135
30,121,2420,694,31,28.68,128.1
30,122,2106,277,23,13.15,109.2
30,123,34,7,3,20.59,882.4
30,124,38,11,5,28.95,1316
30,125,132,8,0,6.061,0
30,126,80,7,0,8.75,0
30,127,118,8,0,6.78,0
30,128,308,11,1,3.571,32.47
30,129,2248,173,22,7.696,97.86
30,130,2092,92,12,4.398,57.36
30,131,2390,135,13,5.649,54.39
30,132,364,10,2,2.747,54.95
30,133,266,15,1,5.639,37.59
30,134,26,0,0,0,0
30,135,46,1,0,2.174,0
30,136,36,1,0,2.778,0
30,137,22,1,0,4.545,0
30,138,24,0,0,0,0
30,139,26,0,0,0,0
30,140,42,2,0,4.762,0
30,141,36,0,0,0,0
30,142,24,0,0,0,0
30,143,16,0,0,0,0
30,151,16,0,0,0,0
30,152,22,0,0,0,0
30,153,32,0,0,0,0
30,154,46,0,0,0,0
30,155,46,0,0,0,0
30,156,28,0,0,0,0
30,157,20,0,0,0,0
30,158,12,0,0,0,0
30,160,10,0,0,0,0
30,161,10,0,0,0,0
30,162,8,0,0,0,0
30,163,6,0,0,0,0
30,164,4,0,0,0,0
31,-178,10,0,0,0,0
31,-177,22,0,0,0,0
31,-176,22,0,0,0,0
31,-175,36,0,0,0,0
31,-174,36,0,0,0,0
31,-173,8,0,0,0,0
31,-172,6,0,0,0,0
31,-124,1452,2,0,0.1377,0
31,-123,1756,3,0,0.1708,0
31,-122,4596,8,0,0.1741,0
31,-121,2146,6,0,0.2796,0
31,-120,4460,22,4,0.4933,8.969
31,-119,2026,21,3,1.037,14.81
31,-118,4836,41,5,0.8478,10.34
31,-117,3038,32,1,1.053,3.292
31,-116,4568,17,1,0.3722,2.189
31,-115,2152,4,0,0.1859,0
31,-114,6020,41,1,0.6811,1.661
31,-113,3854,9,0,0.2335,0
31,-112,7096,183,6,2.579,8.455
31,-111,3908,171,4,4.376,10.24
31,-110,5016,314,4,6.26,7.974
31,-109,2360,63,2,2.669,8.475
31,-108,2908,56,3,1.926,10.32
31,-107,2908,72,9,2.476,30.95
31,-106,3842,68,10,1.77,26.03
31,-105,4102,36,3,0.8776,7.314
31,-104,5534,33,4,0.5963,7.228
31,-103,3820,126,5,3.298,13.09
31,-102,5476,89,5,1.625,9.131
31,-101,2748,124,6,4.512,21.83
31,-100,3402,43,2,1.264,5.879
31,-99,1662,34,0,2.046,0
31,-98,3336,276,24,8.273,71.94
31,-97,1674,11,0,0.6571,0
31,-96,3174,9,0,0.2836,0
31,-95,1502,2,0,0.1332,0
31,-94,3018,64,0,2.121,0
31,-93,1528,0,0,0,0
31,-92,2740,3,0,0.1095,0
31,-91,1672,0,0,0,0
31,-90,2564,7,0,0.273,0
31,-89,1966,1,0,0.05086,0
31,-88,2512,6,1,0.2389,3.981
31,-87,2482,9,0,0.3626,0
31,-86,1972,2,0,0.1014,0
31,-85,2150,31,0,1.442,0
31,-84,2454,16,0,0.652,0
31,-83,2256,28,0,1.241,0
31,-82,1806,4,0,0.2215,0
31,-81,2406,4,0,0.1663,0
31,-80,2138,0,0,0,0
31,-79,2838,3,1,0.1057,3.524
31,-78,1644,2,0,0.1217,0
31,-77,3166,1,0,0.03159,0
31,-76,1524,5,1,0.3281,6.562
31,-75,1524,1,0,0.06562,0
31,-73,10,0,0,0,0
31,-72,12,0,0,0,0
31,-71,22,0,0,0,0
31,-70,22,0,0,0,0
31,-69,34,1,0,2.941,0
31,-68,32,0,0,0,0
31,-67,38,0,0,0,0
31,-66,26,0,0,0,0
31,-65,28,0,0,0,0
31,-63,2,0,0,0,0
31,-62,28,0,0,0,0
31,-61,22,0,0,0,0
31,-60,34,0,0,0,0
31,-59,42,0,0,0,0
31,-58,8,0,0,0,0
31,-57,10,0,0,0,0
31,-36,416,1,0,0.2404,0
31,-35,416,0,0,0,0
31,-34,520,1,0,0.1923,0
31,-33,754,1,0,0.1326,0
31,-32,1182,1,0,0.0846,0
31,-31,568,0,0,0,0
31,-30,820,0,0,0,0
31,-29,932,0,0,0,0
31,-28,1062,0,0,0,0
31,-27,1790,0,0,0,0
31,-26,4084,1,0,0.02449,0
31,-25,9572,3,0,0.03134,0
31,-24,6174,3,0,0.04859,0
31,-23,11104,5,0,0.04503,0
31,-22,10174,8,0,0.07863,0
31,-21,11556,4,0,0.03461,0
31,-20,10212,11,0,0.1077,0
31,-19,7496,3,0,0.04002,0
31,-18,7450,11,1,0.1477,1.342
31,-17,8662,1,0,0.01154,0
31,-16,5184,1,0,0.01929,0
31,-15,6958,4,0,0.05749,0
31,-14,4868,2,0,0.04108,0
31,-13,6916,9,0,0.1301,0
31,-12,5258,2,0,0.03804,0
31,-11,6612,6,1,0.09074,1.512
31,-10,5076,2,1,0.0394,1.97
31,-9,7002,10,0,0.1428,0
31,-8,4026,17,0,0.4223,0
31,-7,7194,12,0,0.1668,0
31,-6,3744,3,0,0.08013,0
31,-5,7534,14,2,0.1858,2.655
31,-4,3801,0,0,0,0
31,-3,5730,8,2,0.1396,3.49
31,-2,2914,3,1,0.103,3.432
31,-1,2780,5,0,0.1799,0
31,0,448,0,0,0,0
31,1,464,0,0,0,0
31,2,1468,0,0,0,0
31,3,1940,1,0,0.05155,0
31,4,2830,5,0,0.1767,0
31,5,2510,3,1,0.1195,3.984
31,6,2776,1,0,0.03602,0
31,7,4398,20,0,0.4548,0
31,8,5386,16,0,0.2971,0
31,9,6184,61,3,0.9864,4.851
31,10,6078,25,2,0.4113,3.291
31,11,4488,16,0,0.3565,0
31,12,3654,20,2,0.5473,5.473
31,13,3888,42,4,1.08,10.29
31,14,5514,44,5,0.798,9.068
31,15,6180,87,6,1.408,9.709
31,16,6160,164,1,2.662,1.623
31,17,5692,46,6,0.8082,10.54
31,18,6376,44,1,0.6901,1.568
31,19,5706,37,3,0.6484,5.258
31,20,6584,102,2,1.549,3.038
31,21,5404,59,3,1.092,5.551
31,22,6266,41,4,0.6543,6.384
31,23,4590,94,2,2.048,4.357
31,24,6810,71,4,1.043,5.874
31,25,4542,28,0,0.6165,0
31,26,7534,78,4,1.035,5.309
31,27,4480,25,1,0.558,2.232
31,28,7956,110,3,1.383,3.771
31,29,4125,95,4,2.303,9.697
31,30,7920,292,12,3.687,15.15
31,31,3810,108,1,2.835,2.625
31,32,7625,167,12,2.19,15.74
31,33,4468,109,8,2.44,17.91
31,34,7274,542,63,7.451,86.61
31,35,4952,467,72,9.431,145.4
31,36,6855,554,107,8.082,156.1
31,37,4639,170,39,3.665,84.07
31,38,6919,90,3,1.301,4.336
31,39,2707,17,0,0.628,0
31,40,4557,62,2,1.361,4.389
31,41,3918,80,5,2.042,12.76
31,42,6489,95,4,1.464,6.164
31,43,3774,81,3,2.146,7.949
31,44,3844,229,5,5.957,13.01
31,45,2732,195,2,7.138,7.321
31,46,4386,240,5,5.472,11.4
31,47,4350,363,14,8.345,32.18
31,48,6122,739,26,12.07,42.47
31,49,5748,396,57,6.889,99.16
31,50,5406,175,18,3.237,33.3
31,51,5076,322,13,6.344,25.61
31,52,4848,282,33,5.817,68.07
31,53,5208,210,21,4.032,40.32
31,54,4086,137,3,3.353,7.342
31,55,5495,251,20,4.568,36.4
31,56,4320,225,5,5.208,11.57
31,57,5786,213,21,3.681,36.29
31,58,4086,76,14,1.86,34.26
31,59,5688,96,17,1.688,29.89
31,60,4242,76,15,1.792,35.36
31,61,5272,54,4,1.024,7.587
31,62,4146,98,1,2.364,2.412
31,63,5814,43,4,0.7396,6.88
31,64,3946,44,2,1.115,5.068
31,65,6342,42,5,0.6623,7.884
31,66,3444,14,0,0.4065,0
31,67,6618,30,1,0.4533,1.511
31,68,3724,18,3,0.4834,8.056
31,69,6064,38,0,0.6266,0
31,70,4305,18,2,0.4181,4.646
31,71,5566,54,1,0.9702,1.797
31,72,4138,27,3,0.6525,7.25
31,73,5652,86,2,1.522,3.539
31,74,4252,96,2,2.258,4.704
31,75,5726,60,2,1.048,3.493
31,76,3890,85,2,2.185,5.141
31,77,5566,41,1,0.7366,1.797
31,78,3972,86,2,2.165,5.035
31,79,5392,51,1,0.9458,1.855
31,80,4250,69,1,1.624,2.353
31,81,5542,56,3,1.01,5.413
31,82,4682,119,6,2.542,12.82
31,83,5076,83,5,1.635,9.85
31,84,5096,158,4,3.1,7.849
31,85,4892,64,2,1.308,4.088
31,86,5446,82,2,1.506,3.672
31,87,4588,108,5,2.354,10.9
31,88,5624,145,4,2.578,7.112
31,89,4168,147,6,3.527,14.4
31,90,5692,268,1,4.708,1.757
31,91,4328,1129,212,26.09,489.8
31,92,5404,1477,224,27.33,414.5
31,93,3674,200,2,5.444,5.444
31,94,4478,317,14,7.079,31.26
31,95,3096,44,0,1.421,0
31,96,4020,30,3,0.7463,7.463
31,97,2662,17,1,0.6386,3.757
31,98,4136,116,4,2.805,9.671
31,99,2412,31,1,1.285,4.146
31,100,4546,105,3,2.31,6.599
31,101,2446,43,0,1.758,0
31,102,4994,224,6,4.485,12.01
31,103,3027,39,4,1.288,13.21
31,104,4116,201,7,4.883,17.01
31,105,1330,21,1,1.579,7.519
31,106,2226,133,6,5.975,26.95
31,107,956,54,1,5.649,10.46
31,108,2550,183,5,7.176,19.61
31,109,1434,36,1,2.51,6.974
31,110,2514,180,6,7.16,23.87
31,111,1134,19,0,1.675,0
31,112,2844,142,8,4.993,28.13
31,113,1656,195,1,11.78,6.039
31,114,3318,596,23,17.96,69.32
31,115,1664,60,5,3.606,30.05
31,116,3424,144,7,4.206,20.44
31,117,1754,92,3,5.245,17.1
31,118,3392,1480,46,43.63,135.6
31,119,1754,457,158,26.05,900.8
31,120,3498,389,28,11.12,80.05
31,121,1844,285,69,15.46,374.2
31,122,2044,230,32,11.25,156.6
31,123,28,2,0,7.143,0
31,124,40,5,0,12.5,0
31,125,62,2,0,3.226,0
31,126,244,21,7,8.607,286.9
31,127,176,11,5,6.25,284.1
31,128,242,20,6,8.264,247.9
31,129,2186,125,32,5.718,146.4
31,130,2142,91,12,4.248,56.02
31,131,2146,176,18,8.201,83.88
31,132,600,32,10,5.333,166.7
31,133,490,24,4,4.898,81.63
31,134,20,0,0,0,0
31,135,32,1,0,3.125,0
31,136,22,0,0,0,0
31,137,34,0,0,0,0
31,138,16,0,0,0,0
31,139,26,0,0,0,0
31,140,18,0,0,0,0
31,141,28,0,0,0,0
31,142,14,0,0,0,0
31,143,12,0,0,0,0
31,151,4,0,0,0,0
31,152,30,0,0,0,0
31,153,24,0,0,0,0
31,154,52,0,0,0,0
31,155,52,0,0,0,0
31,156,22,0,0,0,0
31,157,34,0,0,0,0
31,160,12,0,0,0,0
31,161,12,0,0,0,0
31,162,10,0,0,0,0
31,163,12,0,0,0,0
31,164,10,0,0,0,0
32,-178,8,0,0,0,0
32,-177,26,0,0,0,0
32,-176,30,0,0,0,0
32,-175,34,0,0,0,0
32,-174,40,0,0,0,0
32,-173,16,0,0,0,0
32,-172,10,0,0,0,0
32,-126,54,0,0,0,0
32,-125,54,0,0,0,0
32,-124,1736,3,0,0.1728,0
32,-123,3104,22,1,0.7088,3.222
32,-122,4938,9,2,0.1823,4.05
32,-121,4962,40,2,0.8061,4.031
32,-120,5248,43,4,0.8194,7.622
32,-119,5860,188,33,3.208,56.31
32,-118,5308,497,22,9.363,41.45
32,-117,4922,144,9,2.926,18.29
32,-116,3128,75,2,2.398,6.394
32,-115,3392,30,1,0.8844,2.948
32,-114,4746,70,5,1.475,10.54
32,-113,5690,40,0,0.703,0
32,-112,4858,112,4,2.305,8.234
32,-111,4990,87,2,1.743,4.008
32,-110,3200,20,0,0.625,0
32,-109,3206,23,1,0.7174,3.119
32,-108,2616,25,3,0.9557,11.47
32,-107,3464,195,40,5.629,115.5
32,-106,3510,208,65,5.926,185.2
32,-105,5200,44,3,0.8462,5.769
32,-104,4912,42,0,0.855,0
32,-103,4956,128,4,2.583,8.071
32,-102,4956,142,5,2.865,10.09
32,-101,3252,348,20,10.7,61.5
32,-100,3484,126,2,3.617,5.741
32,-99,1662,131,3,7.882,18.05
32,-98,3336,589,48,17.66,143.9
32,-97,1674,217,1,12.96,5.974
32,-96,3174,84,0,2.647,0
32,-95,1500,5,0,0.3333,0
32,-94,3000,13,0,0.4333,0
32,-93,1590,4,0,0.2516,0
32,-92,2928,6,0,0.2049,0
32,-91,1428,2,0,0.1401,0
32,-90,3090,7,0,0.2265,0
32,-89,1662,2,0,0.1203,0
32,-88,3324,2,0,0.06017,0
32,-87,1662,1,0,0.06017,0
32,-86,3294,1,0,0.03036,0
32,-85,1626,2,0,0.123,0
32,-84,3112,31,0,0.9961,0
32,-83,1518,1,0,0.06588,0
32,-82,2448,0,0,0,0
32,-81,2118,0,0,0,0
32,-80,2742,1,0,0.03647,0
32,-79,1708,2,0,0.1171,0
32,-78,2606,1,0,0.03837,0
32,-77,1888,3,0,0.1589,0
32,-76,2148,3,0,0.1397,0
32,-75,376,0,0,0,0
32,-73,668,4,3,0.5988,44.91
32,-72,756,0,0,0,0
32,-71,320,2,0,0.625,0
32,-70,216,0,0,0,0
32,-69,20,0,0,0,0
32,-68,52,0,0,0,0
32,-67,56,0,0,0,0
32,-66,36,0,0,0,0
32,-65,28,0,0,0,0
32,-62,16,0,0,0,0
32,-61,16,0,0,0,0
32,-60,24,0,0,0,0
32,-59,36,0,0,0,0
32,-58,20,0,0,0,0
32,-57,20,0,0,0,0
32,-56,10,0,0,0,0
32,-55,8,0,0,0,0
32,-36,410,0,0,0,0
32,-35,716,0,0,0,0
32,-34,510,0,0,0,0
32,-33,944,0,0,0,0
32,-32,944,0,0,0,0
32,-31,1170,1,0,0.08547,0
32,-30,1712,0,0,0,0
32,-29,3436,1,0,0.0291,0
32,-28,3208,1,0,0.03117,0
32,-27,5052,1,0,0.01979,0
32,-26,4742,0,0,0,0
32,-25,9362,3,0,0.03204,0
32,-24,7786,9,0,0.1156,0
32,-23,9878,8,0,0.08099,0
32,-22,11434,11,0,0.0962,0
32,-21,8878,9,0,0.1014,0
32,-20,11308,20,0,0.1769,0
32,-19,7442,3,0,0.04031,0
32,-18,10178,11,0,0.1081,0
32,-17,6576,5,0,0.07603,0
32,-16,6264,28,0,0.447,0
32,-15,6234,3,0,0.04812,0
32,-14,6210,45,1,0.7246,1.61
32,-13,6194,8,0,0.1292,0
32,-12,5817,29,1,0.4985,1.719
32,-11,6588,6,1,0.09107,1.518
32,-10,5440,7,0,0.1287,0
32,-9,6328,48,1,0.7585,1.58
32,-8,5554,153,0,2.755,0
32,-7,5219,61,1,1.169,1.916
32,-6,5046,10,0,0.1982,0
32,-5,5630,8,1,0.1421,1.776
32,-4,5622,9,1,0.1601,1.779
32,-3,5543,4,1,0.07216,1.804
32,-2,5604,4,1,0.07138,1.784
32,-1,4140,1,0,0.02415,0
32,0,1874,3,0,0.1601,0
32,1,396,0,0,0,0
32,2,2352,2,0,0.08503,0
32,3,1980,2,0,0.101,0
32,4,3858,16,1,0.4147,2.592
32,5,2264,1,0,0.04417,0
32,6,4010,6,0,0.1496,0
32,7,4112,14,1,0.3405,2.432
32,8,5972,25,0,0.4186,0
32,9,6090,99,20,1.626,32.84
32,10,6120,300,19,4.902,31.05
32,11,5870,109,10,1.857,17.04
32,12,5752,433,7,7.528,12.17
32,13,5532,739,11,13.36,19.88
32,14,6056,761,15,12.57,24.77
32,15,6160,585,16,9.497,25.97
32,16,6148,53,6,0.8621,9.759
32,17,6230,52,11,0.8347,17.66
32,18,6242,53,2,0.8491,3.204
32,19,6287,304,16,4.835,25.45
32,20,6288,137,5,2.179,7.952
32,21,6281,292,13,4.649,20.7
32,22,6270,119,6,1.898,9.569
32,23,6237,152,7,2.437,11.22
32,24,6022,85,6,1.411,9.963
32,25,5804,109,6,1.878,10.34
32,26,5754,73,6,1.269,10.43
32,27,6040,110,10,1.821,16.56
32,28,5313,66,4,1.242,7.529
32,29,5461,107,4,1.959,7.325
32,30,5390,141,2,2.616,3.711
32,31,5124,75,6,1.464,11.71
32,32,5480,98,4,1.788,7.299
32,33,5852,140,9,2.392,15.38
32,34,5919,282,16,4.764,27.03
32,35,6108,758,55,12.41,90.05
32,36,5760,496,57,8.611,98.96
32,37,5951,224,23,3.764,38.65
32,38,6116,66,7,1.079,11.45
32,39,5324,154,15,2.893,28.17
32,40,5254,77,9,1.466,17.13
32,41,5530,130,11,2.351,19.89
32,42,6133,117,11,1.908,17.94
32,43,4488,106,5,2.362,11.14
32,44,4446,447,13,10.05,29.24
32,45,4144,206,8,4.971,19.31
32,46,5830,162,5,2.779,8.576
32,47,6162,226,13,3.668,21.1
32,48,6110,417,31,6.825,50.74
32,49,5696,245,19,4.301,33.36
32,50,5454,304,12,5.574,22
32,51,5076,889,14,17.51,27.58
32,52,5158,210,15,4.071,29.08
32,53,4914,230,23,4.681,46.81
32,54,4924,179,9,3.635,18.28
32,55,4938,135,17,2.734,34.43
32,56,5198,86,10,1.654,19.24
32,57,5214,164,15,3.145,28.77
32,58,5310,131,10,2.467,18.83
32,59,4892,65,7,1.329,14.31
32,60,5040,33,5,0.6548,9.921
32,61,4730,81,0,1.712,0
32,62,4696,11,0,0.2342,0
32,63,4686,42,1,0.8963,2.134
32,64,4536,35,1,0.7716,2.205
32,65,4498,37,5,0.8226,11.12
32,66,4840,23,2,0.4752,4.132
32,67,4350,20,1,0.4598,2.299
32,68,4890,19,1,0.3885,2.045
32,69,4590,38,2,0.8279,4.357
32,70,4908,75,2,1.528,4.075
32,71,4972,33,0,0.6637,0
32,72,4942,51,0,1.032,0
32,73,4980,39,1,0.7831,2.008
32,74,5022,41,2,0.8164,3.982
32,75,5140,63,0,1.226,0
32,76,4818,25,0,0.5189,0
32,77,4860,23,0,0.4733,0
32,78,4658,72,3,1.546,6.441
32,79,4970,83,0,1.67,0
32,80,4966,57,2,1.148,4.027
32,81,5150,34,1,0.6602,1.942
32,82,5134,44,2,0.857,3.896
32,83,5108,68,7,1.331,13.7
32,84,5088,46,2,0.9041,3.931
32,85,5174,85,6,1.643,11.6
32,86,5076,88,12,1.734,23.64
32,87,5160,112,3,2.171,5.814
32,88,5052,78,4,1.544,7.918
32,89,5070,133,8,2.623,15.78
32,90,5136,55,0,1.071,0
32,91,5086,392,21,7.707,41.29
32,92,4854,118,1,2.431,2.06
32,93,4068,128,2,3.147,4.916
32,94,4190,64,0,1.527,0
32,95,3321,81,0,2.439,0
32,96,3994,76,5,1.903,12.52
32,97,2630,106,2,4.03,7.605
32,98,3150,53,2,1.683,6.349
32,99,3141,68,0,2.165,0
32,100,3358,61,0,1.817,0
32,101,3490,57,0,1.633,0
32,102,3577,208,5,5.815,13.98
32,103,3830,166,4,4.334,10.44
32,104,3214,133,2,4.138,6.223
32,105,2322,118,8,5.082,34.45
32,106,1146,126,7,10.99,61.08
32,107,836,182,23,21.77,275.1
32,108,1822,88,11,4.83,60.37
32,109,1470,91,5,6.19,34.01
32,110,2316,117,2,5.052,8.636
32,111,918,14,0,1.525,0
32,112,2574,49,9,1.904,34.97
32,113,1656,16,0,0.9662,0
32,114,3305,103,3,3.116,9.077
32,115,1650,27,1,1.636,6.061
32,116,3408,90,0,2.641,0
32,117,1758,95,2,5.404,11.38
32,118,3382,473,14,13.99,41.4
32,119,1640,122,2,7.439,12.2
32,120,3320,329,10,9.91,30.12
32,121,1720,102,12,5.93,69.77
32,122,1738,110,8,6.329,46.03
32,123,32,3,1,9.375,312.5
32,124,44,4,0,9.091,0
32,125,60,5,0,8.333,0
32,126,378,19,1,5.026,26.46
32,127,422,33,0,7.82,0
32,128,506,39,12,7.708,237.2
32,129,2050,186,23,9.073,112.2
32,130,2376,111,16,4.672,67.34
32,131,3270,189,20,5.78,61.16
32,132,2876,171,32,5.946,111.3
32,133,2158,116,18,5.375,83.41
32,134,334,17,1,5.09,29.94
32,135,34,0,0,0,0
32,136,22,0,0,0,0
32,137,30,0,0,0,0
32,138,22,0,0,0,0
32,139,448,9,1,2.009,22.32
32,140,436,11,0,2.523,0
32,141,10,0,0,0,0
32,152,6,0,0,0,0
32,153,2,0,0,0,0
32,154,26,0,0,0,0
32,155,18,0,0,0,0
32,156,14,0,0,0,0
32,157,12,0,0,0,0
32,160,10,0,0,0,0
32,161,10,0,0,0,0
32,162,12,0,0,0,0
32,163,22,0,0,0,0
32,165,2,0,0,0,0
32,166,2,0,0,0,0
33,-177,16,0,0,0,0
33,-176,32,0,0,0,0
33,-175,24,0,0,0,0
33,-174,28,0,0,0,0
33,-173,10,0,0,0,0
33,-172,12,0,0,0,0
33,-126,694,0,0,0,0
33,-125,2078,5,0,0.2406,0
33,-124,1986,7,1,0.3525,5.035
33,-123,4098,22,5,0.5368,12.2
33,-122,4042,6,0,0.1484,0
33,-121,6818,32,11,0.4693,16.13
33,-120,4602,27,14,0.5867,30.42
33,-119,7249,533,10,7.353,13.8
33,-118,4922,387,15,7.863,30.48
33,-117,5578,290,6,5.199,10.76
33,-116,2510,7,0,0.2789,0
33,-115,4734,20,6,0.4225,12.67
33,-114,2534,0,0,0,0
33,-113,5274,53,2,1.005,3.792
33,-112,2962,68,1,2.296,3.376
33,-111,5196,95,2,1.828,3.849
33,-110,2198,15,1,0.6824,4.55
33,-109,3828,22,1,0.5747,2.612
33,-108,2178,10,0,0.4591,0
33,-107,3782,108,25,2.856,66.1
33,-106,3561,110,12,3.089,33.7
33,-105,5268,16,0,0.3037,0
33,-104,3890,24,1,0.617,2.571
33,-103,5498,28,0,0.5093,0
33,-102,4306,20,0,0.4645,0
33,-101,3680,44,0,1.196,0
33,-100,3240,84,3,2.593,9.259
33,-99,1662,53,1,3.189,6.017
33,-98,3340,533,14,15.96,41.92
33,-97,1674,176,7,10.51,41.82
33,-96,3174,334,8,10.52,25.2
33,-95,1500,14,0,0.9333,0
33,-94,3000,32,0,1.067,0
33,-93,1654,1,0,0.06046,0
33,-92,2928,1,0,0.03415,0
33,-91,1428,0,0,0,0
33,-90,3090,3,1,0.09709,3.236
33,-89,1662,3,0,0.1805,0
33,-88,3294,6,0,0.1821,0
33,-87,1638,1,0,0.06105,0
33,-86,3532,25,1,0.7078,2.831
33,-85,1626,8,0,0.492,0
33,-84,3104,1,0,0.03222,0
33,-83,1480,2,1,0.1351,6.757
33,-82,3140,2,0,0.06369,0
33,-81,1656,1,0,0.06039,0
33,-80,3306,11,0,0.3327,0
33,-79,1894,22,0,1.162,0
33,-78,3256,0,0,0,0
33,-77,1606,3,0,0.1868,0
33,-76,1594,4,0,0.2509,0
33,-74,710,0,0,0,0
33,-73,1746,6,1,0.3436,5.727
33,-72,1946,9,3,0.4625,15.42
33,-71,1594,3,0,0.1882,0
33,-70,1772,4,0,0.2257,0
33,-69,260,2,0,0.7692,0
33,-68,42,0,0,0,0
33,-67,60,0,0,0,0
33,-66,40,0,0,0,0
33,-65,44,0,0,0,0
33,-62,12,0,0,0,0
33,-61,12,0,0,0,0
33,-60,28,0,0,0,0
33,-59,16,0,0,0,0
33,-58,28,0,0,0,0
33,-57,22,0,0,0,0
33,-56,30,0,0,0,0
33,-55,16,0,0,0,0
33,-54,4,0,0,0,0
33,-37,672,1,0,0.1488,0
33,-36,448,0,0,0,0
33,-35,1570,0,0,0,0
33,-34,1284,0,0,0,0
33,-33,1636,0,0,0,0
33,-32,1636,2,0,0.1222,0
33,-31,3414,0,0,0,0
33,-30,4080,1,0,0.02451,0
33,-29,6818,6,0,0.088,0
33,-28,5512,1,0,0.01814,0
33,-27,6244,0,0,0,0
33,-26,7560,2,0,0.02646,0
33,-25,7438,2,0,0.02689,0
33,-24,8518,6,2,0.07044,2.348
33,-23,9128,7,0,0.07669,0
33,-22,9484,3,0,0.03163,0
33,-21,12526,5,0,0.03992,0
33,-20,8258,3,0,0.03633,0
33,-19,9548,8,0,0.08379,0
33,-18,9038,2,0,0.02213,0
33,-17,7293,5,0,0.06856,0
33,-16,6968,2,0,0.0287,0
33,-15,5440,5,0,0.09191,0
33,-14,6896,4,0,0.058,0
33,-13,4584,1,0,0.02182,0
33,-12,7228,92,1,1.273,1.384
33,-11,4434,5,0,0.1128,0
33,-10,7272,26,1,0.3575,1.375
33,-9,4648,108,47,2.324,101.1
33,-8,7740,560,150,7.235,193.8
33,-7,4442,78,0,1.756,0
33,-6,8148,18,0,0.2209,0
33,-5,4164,3,1,0.07205,2.402
33,-4,7696,7,0,0.09096,0
33,-3,4446,2,0,0.04498,0
33,-2,6704,6,1,0.0895,1.492
33,-1,2548,2,0,0.07849,0
33,0,3228,2,0,0.06196,0
33,1,2836,5,1,0.1763,3.526
33,2,4882,6,0,0.1229,0
33,3,2432,4,1,0.1645,4.112
33,4,4112,7,0,0.1702,0
33,5,2306,9,0,0.3903,0
33,6,4212,6,1,0.1425,2.374
33,7,4302,18,0,0.4184,0
33,8,5986,20,0,0.3341,0
33,9,6088,189,12,3.104,19.71
33,10,6090,210,37,3.448,60.76
33,11,6180,100,11,1.618,17.8
33,12,6076,70,7,1.152,11.52
33,13,6156,164,14,2.664,22.74
33,14,6105,87,3,1.425,4.914
33,15,6194,83,4,1.34,6.458
33,16,6164,40,1,0.6489,1.622
33,17,6239,63,6,1.01,9.617
33,18,6218,39,2,0.6272,3.216
33,19,6294,65,7,1.033,11.12
33,20,5570,74,8,1.329,14.36
33,21,6627,103,8,1.554,12.07
33,22,4606,40,6,0.8684,13.03
33,23,7072,99,11,1.4,15.55
33,24,4674,36,2,0.7702,4.279
33,25,7246,118,7,1.628,9.661
33,26,4471,42,3,0.9394,6.71
33,27,7590,107,9,1.41,11.86
33,28,4452,39,6,0.876,13.48
33,29,7976,150,17,1.881,21.31
33,30,4386,69,2,1.573,4.56
33,31,8166,225,16,2.755,19.59
33,32,4457,120,6,2.692,13.46
33,33,7578,363,24,4.79,31.67
33,34,4745,887,160,18.69,337.2
33,35,6979,2400,361,34.39,517.3
33,36,4404,564,53,12.81,120.3
33,37,7190,190,18,2.643,25.03
33,38,4922,56,2,1.138,4.063
33,39,6551,137,9,2.091,13.74
33,40,5237,41,1,0.7829,1.909
33,41,6671,150,14,2.249,20.99
33,42,5437,91,6,1.674,11.04
33,43,4600,277,7,6.022,15.22
33,44,4334,429,6,9.898,13.84
33,45,4452,193,3,4.335,6.739
33,46,6138,90,7,1.466,11.4
33,47,6418,212,17,3.303,26.49
33,48,6126,390,21,6.366,34.28
33,49,5712,331,24,5.795,42.02
33,50,5454,199,15,3.649,27.5
33,51,5076,278,16,5.477,31.52
33,52,5142,246,15,4.784,29.17
33,53,4586,185,8,4.034,17.44
33,54,5256,121,10,2.302,19.03
33,55,4350,78,6,1.793,13.79
33,56,5502,41,5,0.7452,9.088
33,57,4296,64,6,1.49,13.97
33,58,5754,110,12,1.912,20.86
33,59,4030,38,4,0.9429,9.926
33,60,5952,25,1,0.42,1.68
33,61,3674,19,2,0.5171,5.444
33,62,5872,27,2,0.4598,3.406
33,63,3804,5,1,0.1314,2.629
33,64,6170,33,3,0.5348,4.862
33,65,3402,30,1,0.8818,2.939
33,66,6852,54,9,0.7881,13.13
33,67,3456,7,0,0.2025,0
33,68,6320,100,2,1.582,3.165
33,69,3830,28,1,0.7311,2.611
33,70,6538,41,1,0.6271,1.53
33,71,3828,46,1,1.202,2.612
33,72,6002,50,1,0.8331,1.666
33,73,3618,65,1,1.797,2.764
33,74,5712,91,14,1.593,24.51
33,75,3608,27,3,0.7483,8.315
33,76,5670,15,0,0.2646,0
33,77,4044,22,3,0.544,7.418
33,78,4712,29,1,0.6154,2.122
33,79,5278,66,3,1.25,5.684
33,80,4900,65,2,1.327,4.082
33,81,5082,75,3,1.476,5.903
33,82,4834,52,1,1.076,2.069
33,83,4918,114,12,2.318,24.4
33,84,4680,86,3,1.838,6.41
33,85,4980,158,14,3.173,28.11
33,86,4974,76,3,1.528,6.031
33,87,5160,183,10,3.547,19.38
33,88,5052,59,2,1.168,3.959
33,89,5070,245,15,4.832,29.59
33,90,5072,69,1,1.36,1.972
33,91,4950,228,11,4.606,22.22
33,92,4174,87,4,2.084,9.583
33,93,4778,154,5,3.223,10.46
33,94,3168,40,0,1.263,0
33,95,4252,128,5,3.01,11.76
33,96,2748,26,3,0.9461,10.92
33,97,3748,158,6,4.216,16.01
33,98,2198,22,0,1.001,0
33,99,3956,98,3,2.477,7.583
33,100,2802,31,0,1.106,0
33,101,4670,179,15,3.833,32.12
33,102,2632,125,0,4.749,0
33,103,4950,453,12,9.152,24.24
33,104,2718,121,5,4.452,18.4
33,105,2930,365,3,12.46,10.24
33,106,808,261,41,32.3,507.4
33,107,1090,292,30,26.79,275.2
33,108,1906,575,36,30.17,188.9
33,109,2078,640,221,30.8,1064
33,110,1064,234,42,21.99,394.7
33,111,1324,30,1,2.266,7.553
33,112,2130,105,9,4.93,42.25
33,113,2242,71,3,3.167,13.38
33,114,2452,173,5,7.055,20.39
33,115,1938,20,2,1.032,10.32
33,116,3120,68,8,2.179,25.64
33,117,1810,56,2,3.094,11.05
33,118,3428,146,7,4.259,20.42
33,119,1748,144,1,8.238,5.721
33,120,3242,413,4,12.74,12.34
33,121,1638,67,6,4.09,36.63
33,122,1616,83,9,5.136,55.69
33,123,128,14,0,10.94,0
33,124,136,8,1,5.882,73.53
33,125,278,18,4,6.475,143.9
33,126,582,30,1,5.155,17.18
33,127,396,28,2,7.071,50.51
33,128,604,71,10,11.75,165.6
33,129,316,23,4,7.278,126.6
33,130,2946,161,15,5.465,50.92
33,131,2688,89,9,3.311,33.48
33,132,3294,161,18,4.888,54.64
33,133,2586,103,10,3.983,38.67
33,134,2930,102,8,3.481,27.3
33,135,2016,68,6,3.373,29.76
33,136,2152,81,16,3.764,74.35
33,137,424,9,1,2.123,23.58
33,138,1892,61,10,3.224,52.85
33,139,1218,39,5,3.202,41.05
33,140,1488,49,11,3.293,73.92
33,141,8,0,0,0,0
33,158,2,0,0,0,0
33,159,4,0,0,0,0
33,160,16,0,0,0,0
33,161,18,0,0,0,0
33,162,36,0,0,0,0
33,163,22,0,0,0,0
33,164,12,0,0,0,0
33,165,10,0,0,0,0
33,166,12,0,0,0,0
34,-177,8,0,0,0,0
34,-176,20,0,0,0,0
34,-175,20,0,0,0,0
34,-174,14,0,0,0,0
34,-173,12,0,0,0,0
34,-172,10,0,0,0,0
34,-125,2252,2,0,0.08881,0
34,-124,2286,0,0,0,0
34,-123,6364,24,9,0.3771,14.14
34,-122,4050,23,5,0.5679,12.35
34,-121,8232,42,14,0.5102,17.01
34,-120,4086,48,13,1.175,31.82
34,-119,8148,458,19,5.621,23.32
34,-118,4082,246,23,6.026,56.34
34,-117,6782,87,7,1.283,10.32
34,-116,2430,9,0,0.3704,0
34,-115,4460,12,1,0.2691,2.242
34,-114,2022,6,0,0.2967,0
34,-113,4098,98,3,2.391,7.321
34,-112,2076,5,0,0.2408,0
34,-111,4134,3,0,0.07257,0
34,-110,2058,3,0,0.1458,0
34,-109,4080,8,0,0.1961,0
34,-108,2030,3,1,0.1478,4.926
34,-107,5106,58,2,1.136,3.917
34,-106,3084,13,0,0.4215,0
34,-105,6180,16,0,0.2589,0
34,-104,3254,1,0,0.03073,0
34,-103,6256,50,1,0.7992,1.598
34,-102,3712,19,1,0.5119,2.694
34,-101,4366,44,0,1.008,0
34,-100,1946,98,3,5.036,15.42
34,-99,2640,93,2,3.523,7.576
34,-98,2348,57,0,2.428,0
34,-97,1800,114,0,6.333,0
34,-96,2268,277,102,12.21,449.7
34,-95,1964,11,1,0.5601,5.092
34,-94,2494,37,2,1.484,8.019
34,-93,1514,2,0,0.1321,0
34,-92,2858,4,1,0.14,3.499
34,-91,1386,1,0,0.07215,0
34,-90,3056,12,0,0.3927,0
34,-89,1659,0,0,0,0
34,-88,3288,10,0,0.3041,0
34,-87,1626,3,0,0.1845,0
34,-86,3500,2,0,0.05714,0
34,-85,1616,6,0,0.3713,0
34,-84,3094,7,0,0.2262,0
34,-83,1476,1,0,0.06775,0
34,-82,3132,7,0,0.2235,0
34,-81,1656,9,0,0.5435,0
34,-80,3296,68,2,2.063,6.068
34,-79,1640,10,0,0.6098,0
34,-78,3276,7,3,0.2137,9.158
34,-77,1634,11,1,0.6732,6.12
34,-76,2152,4,0,0.1859,0
34,-75,248,0,0,0,0
34,-74,1404,3,0,0.2137,0
34,-73,1368,2,0,0.1462,0
34,-72,2680,11,1,0.4104,3.731
34,-71,1188,3,0,0.2525,0
34,-70,1459,1,0,0.06854,0
34,-69,26,0,0,0,0
34,-68,584,0,0,0,0
34,-67,588,0,0,0,0
34,-66,586,0,0,0,0
34,-65,230,0,0,0,0
34,-64,802,0,0,0,0
34,-63,1098,0,0,0,0
34,-62,1206,1,0,0.08292,0
34,-60,10,0,0,0,0
34,-59,24,0,0,0,0
34,-58,18,0,0,0,0
34,-57,38,0,0,0,0
34,-56,30,0,0,0,0
34,-55,28,0,0,0,0
34,-54,10,0,0,0,0
34,-53,10,0,0,0,0
34,-51,2,0,0,0,0
34,-38,212,0,0,0,0
34,-37,1058,0,0,0,0
34,-36,2067,0,0,0,0
34,-35,2867,0,0,0,0
34,-34,2350,1,0,0.04255,0
34,-33,5006,2,0,0.03995,0
34,-32,2888,2,0,0.06925,0
34,-31,6330,4,0,0.06319,0
34,-30,4680,7,0,0.1496,0
34,-29,7472,4,2,0.05353,2.677
34,-28,4972,1,0,0.02011,0
34,-27,7160,4,0,0.05587,0
34,-26,7202,2,0,0.02777,0
34,-25,9184,11,0,0.1198,0
34,-24,7218,5,0,0.06927,0
34,-23,8865,6,0,0.06768,0
34,-22,10552,4,0,0.03791,0
34,-21,10064,2,0,0.01987,0
34,-20,8996,2,0,0.02223,0
34,-19,6246,8,1,0.1281,1.601
34,-18,8672,1,0,0.01153,0
34,-17,6048,5,0,0.08267,0
34,-16,8300,4,0,0.04819,0
34,-15,4170,1,0,0.02398,0
34,-14,8587,10,0,0.1165,0
34,-13,4128,2,0,0.04845,0
34,-12,8262,16,0,0.1937,0
34,-11,4133,2,0,0.04839,0
34,-10,8238,7,1,0.08497,1.214
34,-9,4106,1,0,0.02435,0
34,-8,8536,91,0,1.066,0
34,-7,4154,3,0,0.07222,0
34,-6,8477,20,0,0.2359,0
34,-5,4164,1,0,0.02402,0
34,-4,8640,14,0,0.162,0
34,-3,4192,1,0,0.02385,0
34,-2,6936,7,0,0.1009,0
34,-1,2454,1,0,0.04075,0
34,0,5950,6,0,0.1008,0
34,1,3514,3,1,0.08537,2.846
34,2,6150,13,0,0.2114,0
34,3,2620,6,0,0.229,0
34,4,4752,19,0,0.3998,0
34,5,2388,16,0,0.67,0
34,6,5770,41,4,0.7106,6.932
34,7,4039,18,1,0.4457,2.476
34,8,7045,28,3,0.3974,4.258
34,9,4860,30,1,0.6173,2.058
34,10,6454,73,4,1.131,6.198
34,11,5650,48,2,0.8496,3.54
34,12,6054,43,3,0.7103,4.955
34,13,5930,71,3,1.197,5.059
34,14,5320,49,1,0.9211,1.88
34,15,6590,55,7,0.8346,10.62
34,16,4734,26,0,0.5492,0
34,17,7062,49,4,0.6939,5.664
34,18,4742,30,2,0.6326,4.218
34,19,7404,117,13,1.58,17.56
34,20,4454,54,4,1.212,8.981
34,21,8094,129,13,1.594,16.06
34,22,4208,26,1,0.6179,2.376
34,23,8362,97,15,1.16,17.94
34,24,4152,45,11,1.084,26.49
34,25,8267,108,12,1.306,14.52
34,26,4109,28,3,0.6814,7.301
34,27,8276,93,12,1.124,14.5
34,28,4168,40,1,0.9597,2.399
34,29,8278,125,11,1.51,13.29
34,30,4128,50,4,1.211,9.69
34,31,8503,180,17,2.117,19.99
34,32,4111,209,18,5.084,43.78
34,33,8271,468,59,5.658,71.33
34,34,4164,304,24,7.301,57.64
34,35,8239,1753,98,21.28,118.9
34,36,4078,380,7,9.318,17.17
34,37,8306,113,4,1.36,4.816
34,38,4146,17,1,0.41,2.412
34,39,8189,105,11,1.282,13.43
34,40,4340,56,1,1.29,2.304
34,41,7580,202,10,2.665,13.19
34,42,4418,138,4,3.124,9.054
34,43,6608,682,20,10.32,30.27
34,44,3962,421,5,10.63,12.62
34,45,6404,172,7,2.686,10.93
34,46,4618,120,1,2.599,2.165
34,47,5772,264,19,4.574,32.92
34,48,5418,416,15,7.678,27.69
34,49,5402,174,11,3.221,20.36
34,50,5570,313,9,5.619,16.16
34,51,3668,208,7,5.671,19.08
34,52,5984,245,22,4.094,36.76
34,53,3684,130,5,3.529,13.57
34,54,6304,123,8,1.951,12.69
34,55,3234,25,1,0.773,3.092
34,56,6448,65,7,1.008,10.86
34,57,3492,77,2,2.205,5.727
34,58,6947,173,9,2.49,12.96
34,59,3456,49,2,1.418,5.787
34,60,6846,204,6,2.98,8.764
34,61,3390,22,1,0.649,2.95
34,62,6690,164,6,2.451,8.969
34,63,3300,23,0,0.697,0
34,64,6690,81,10,1.211,14.95
34,65,3390,14,1,0.413,2.95
34,66,6852,40,3,0.5838,4.378
34,67,3460,24,3,0.6936,8.671
34,68,6904,80,2,1.159,2.897
34,69,3444,19,0,0.5517,0
34,70,6960,54,4,0.7759,5.747
34,71,3516,15,0,0.4266,0
34,72,6848,54,0,0.7886,0
34,73,3334,11,2,0.3299,5.999
34,74,6424,105,7,1.634,10.9
34,75,3682,20,1,0.5432,2.716
34,76,5534,14,0,0.253,0
34,77,3324,10,0,0.3008,0
34,78,5188,68,1,1.311,1.928
34,79,3320,111,9,3.343,27.11
34,80,5118,100,10,1.954,19.54
34,81,4058,93,9,2.292,22.18
34,82,4706,59,4,1.254,8.5
34,83,4562,121,14,2.652,30.69
34,84,4216,40,3,0.9488,7.116
34,85,5444,151,8,2.774,14.7
34,86,4130,43,3,1.041,7.264
34,87,5710,157,2,2.75,3.503
34,88,4414,37,1,0.8382,2.266
34,89,5780,208,5,3.599,8.651
34,90,3740,38,2,1.016,5.348
34,91,5496,227,15,4.13,27.29
34,92,3414,44,2,1.289,5.858
34,93,5092,208,9,4.085,17.67
34,94,2962,20,1,0.6752,3.376
34,95,4996,221,8,4.424,16.01
34,96,2562,36,2,1.405,7.806
34,97,4469,171,3,3.826,6.713
34,98,1974,27,0,1.368,0
34,99,4293,92,3,2.143,6.988
34,100,2414,45,0,1.864,0
34,101,4920,189,8,3.841,16.26
34,102,2524,630,146,24.96,578.4
34,103,5080,1238,204,24.37,401.6
34,104,2514,221,7,8.791,27.84
34,105,3118,1124,98,36.05,314.3
34,106,604,123,3,20.36,49.67
34,107,1832,399,18,21.78,98.25
34,108,1264,566,75,44.78,593.4
34,109,2216,690,87,31.14,392.6
34,110,918,90,11,9.804,119.8
34,111,2494,198,0,7.939,0
34,112,1592,160,13,10.05,81.66
34,113,2708,798,122,29.47,450.5
34,114,1932,197,27,10.2,139.8
34,115,2802,158,5,5.639,17.84
34,116,2040,42,1,2.059,4.902
34,117,2712,257,2,9.476,7.375
34,118,2014,74,7,3.674,34.76
34,119,2334,89,8,3.813,34.28
34,120,2444,134,15,5.483,61.37
34,121,2194,103,8,4.695,36.46
34,122,812,33,1,4.064,12.32
34,123,60,10,1,16.67,166.7
34,124,158,8,0,5.063,0
34,125,120,2,0,1.667,0
34,126,1994,65,5,3.26,25.08
34,127,2242,41,2,1.829,8.921
34,128,3066,189,12,6.164,39.14
34,129,1282,78,6,6.084,46.8
34,130,3166,239,22,7.549,69.49
34,131,2094,67,12,3.2,57.31
34,132,4092,250,25,6.109,61.09
34,133,2010,65,8,3.234,39.8
34,134,4102,197,14,4.803,34.13
34,135,2078,65,7,3.128,33.69
34,136,4140,194,18,4.686,43.48
34,137,2108,46,3,2.182,14.23
34,138,4156,242,25,5.823,60.15
34,139,2082,96,18,4.611,86.46
34,140,2274,86,14,3.782,61.57
34,141,196,5,0,2.551,0
34,142,98,6,0,6.122,0
34,143,2,0,0,0,0
34,144,12,0,0,0,0
34,145,16,0,0,0,0
34,146,24,0,0,0,0
34,147,16,0,0,0,0
34,148,4,0,0,0,0
34,158,12,0,0,0,0
34,159,10,0,0,0,0
34,160,12,0,0,0,0
34,161,24,0,0,0,0
34,162,34,0,0,0,0
34,163,32,0,0,0,0
34,164,16,0,0,0,0
34,165,18,0,0,0,0
34,166,10,0,0,0,0
35,-175,2,0,0,0,0
35,-174,4,0,0,0,0
35,-173,10,0,0,0,0
35,-172,4,0,0,0,0
35,-127,440,0,0,0,0
35,-126,672,0,0,0,0
35,-125,3796,5,0,0.1317,0
35,-124,3156,1,0,0.03169,0
35,-123,7060,19,2,0.2691,2.833
35,-122,4068,10,0,0.2458,0
35,-121,8036,93,13,1.157,16.18
35,-120,4006,52,10,1.298,24.96
35,-119,8058,277,27,3.438,33.51
35,-118,4076,43,16,1.055,39.25
35,-117,6512,61,20,0.9367,30.71
35,-116,2430,8,0,0.3292,0
35,-115,4452,6,0,0.1348,0
35,-114,2022,0,0,0,0
35,-113,4098,4,0,0.09761,0
35,-112,2076,11,0,0.5299,0
35,-111,4134,11,0,0.2661,0
35,-110,2058,7,0,0.3401,0
35,-109,4106,17,0,0.414,0
35,-108,2022,3,1,0.1484,4.946
35,-107,5106,49,4,0.9597,7.834
35,-106,3084,7,0,0.227,0
35,-105,5926,11,2,0.1856,3.375
35,-104,3480,2,0,0.05747,0
35,-103,5722,99,0,1.73,0
35,-102,3628,12,0,0.3308,0
35,-101,5277,7,2,0.1327,3.79
35,-100,1940,18,0,0.9278,0
35,-99,3406,60,2,1.762,5.872
35,-98,1727,12,0,0.6948,0
35,-97,3110,51,1,1.64,3.215
35,-96,1558,4,0,0.2567,0
35,-95,2710,6,0,0.2214,0
35,-94,1570,1,0,0.06369,0
35,-93,2342,5,0,0.2135,0
35,-92,1370,2,1,0.146,7.299
35,-91,2166,6,0,0.277,0
35,-90,1776,1,0,0.05631,0
35,-89,2092,33,0,1.577,0
35,-88,2812,17,1,0.6046,3.556
35,-87,1906,20,0,1.049,0
35,-86,2698,0,0,0,0
35,-85,1614,6,0,0.3717,0
35,-84,3102,6,0,0.1934,0
35,-83,1476,2,0,0.1355,0
35,-82,3124,1,0,0.03201,0
35,-81,1652,1,0,0.06053,0
35,-80,3286,98,2,2.982,6.086
35,-79,1630,0,0,0,0
35,-78,3260,5,0,0.1534,0
35,-77,1632,11,4,0.674,24.51
35,-76,3312,3,1,0.09058,3.019
35,-75,1656,6,0,0.3623,0
35,-74,3234,6,2,0.1855,6.184
35,-73,1620,6,2,0.3704,12.35
35,-72,3408,11,5,0.3228,14.67
35,-71,1722,1,0,0.05807,0
35,-70,3373,10,0,0.2965,0
35,-69,2059,1,0,0.04857,0
35,-68,3399,0,0,0,0
35,-67,2086,0,0,0,0
35,-66,2268,0,0,0,0
35,-65,602,1,0,0.1661,0
35,-64,2098,1,0,0.04766,0
35,-63,1696,0,0,0,0
35,-62,2860,0,0,0,0
35,-61,1018,0,0,0,0
35,-60,764,0,0,0,0
35,-59,14,0,0,0,0
35,-58,16,0,0,0,0
35,-57,22,0,0,0,0
35,-56,20,0,0,0,0
35,-55,22,0,0,0,0
35,-54,12,0,0,0,0
35,-53,12,0,0,0,0
35,-51,10,0,0,0,0
35,-50,12,0,0,0,0
35,-49,12,0,0,0,0
35,-48,8,0,0,0,0
35,-47,6,0,0,0,0
35,-39,644,0,0,0,0
35,-38,752,0,0,0,0
35,-37,3248,1,0,0.03079,0
35,-36,2344,1,0,0.04266,0
35,-35,5166,3,0,0.05807,0
35,-34,3930,1,0,0.02545,0
35,-33,5516,2,0,0.03626,0
35,-32,4952,1,0,0.02019,0
35,-31,6762,3,0,0.04437,0
35,-30,4768,0,0,0,0
35,-29,6860,6,1,0.08746,1.458
35,-28,4924,2,1,0.04062,2.031
35,-27,6794,1,0,0.01472,0
35,-26,7746,3,0,0.03873,0
35,-25,8684,4,0,0.04606,0
35,-24,8082,6,0,0.07424,0
35,-23,8364,8,0,0.09565,0
35,-22,11478,14,0,0.122,0
35,-21,10250,13,0,0.1268,0
35,-20,10158,13,0,0.128,0
35,-19,7450,8,0,0.1074,0
35,-18,7920,8,0,0.101,0
35,-17,6552,10,0,0.1526,0
35,-16,7090,5,0,0.07052,0
35,-15,4852,9,1,0.1855,2.061
35,-14,7326,6,0,0.0819,0
35,-13,4424,4,0,0.09042,0
35,-12,8252,20,3,0.2424,3.635
35,-11,4134,14,0,0.3387,0
35,-10,8244,22,1,0.2669,1.213
35,-9,4112,6,0,0.1459,0
35,-8,8284,38,4,0.4587,4.829
35,-7,4182,6,2,0.1435,4.782
35,-6,8492,32,1,0.3768,1.178
35,-5,4212,32,2,0.7597,4.748
35,-4,8404,22,0,0.2618,0
35,-3,4210,18,2,0.4276,4.751
35,-2,8564,28,4,0.327,4.671
35,-1,4428,22,3,0.4968,6.775
35,0,7970,16,0,0.2008,0
35,1,4112,7,1,0.1702,2.432
35,2,6608,19,1,0.2875,1.513
35,3,2512,4,1,0.1592,3.981
35,4,5966,19,1,0.3185,1.676
35,5,3496,11,0,0.3146,0
35,6,6294,24,0,0.3813,0
35,7,4500,11,0,0.2444,0
35,8,6886,32,0,0.4647,0
35,9,5002,22,1,0.4398,1.999
35,10,6424,60,4,0.934,6.227
35,11,5668,22,0,0.3881,0
35,12,5936,54,3,0.9097,5.054
35,13,5914,66,4,1.116,6.764
35,14,5234,72,6,1.376,11.46
35,15,6522,99,6,1.518,9.2
35,16,5410,31,6,0.573,11.09
35,17,6778,82,13,1.21,19.18
35,18,4254,45,6,1.058,14.1
35,19,7718,118,20,1.529,25.91
35,20,4460,46,4,1.031,8.969
35,21,8106,145,15,1.789,18.5
35,22,4218,26,1,0.6164,2.371
35,23,8370,125,4,1.493,4.779
35,24,4152,74,3,1.782,7.225
35,25,8536,160,12,1.874,14.06
35,26,4103,41,6,0.9993,14.62
35,27,8393,166,8,1.978,9.532
35,28,4186,59,2,1.409,4.778
35,29,8288,215,16,2.594,19.31
35,30,4118,33,0,0.8014,0
35,31,8225,94,5,1.143,6.079
35,32,4116,189,3,4.592,7.289
35,33,8286,1168,73,14.1,88.1
35,34,4182,223,0,5.332,0
35,35,8274,539,24,6.514,29.01
35,36,4092,318,0,7.771,0
35,37,8235,166,7,2.016,8.5
35,38,4145,43,0,1.037,0
35,39,7622,126,9,1.653,11.81
35,40,4336,59,2,1.361,4.613
35,41,7056,129,5,1.828,7.086
35,42,4422,92,5,2.081,11.31
35,43,7024,422,32,6.008,45.56
35,44,4832,403,15,8.34,31.04
35,45,6500,480,18,7.385,27.69
35,46,5384,270,16,5.015,29.72
35,47,6010,340,9,5.657,14.98
35,48,5704,369,33,6.469,57.85
35,49,5498,259,9,4.711,16.37
35,50,5132,616,16,12,31.18
35,51,4810,630,17,13.1,35.34
35,52,5064,324,10,6.398,19.75
35,53,4250,114,4,2.682,9.412
35,54,5204,198,13,3.805,24.98
35,55,3784,53,5,1.401,13.21
35,56,5874,158,16,2.69,27.24
35,57,3758,64,3,1.703,7.983
35,58,6672,213,7,3.192,10.49
35,59,3474,56,0,1.612,0
35,60,6846,105,5,1.534,7.304
35,61,3390,23,2,0.6785,5.9
35,62,6690,50,3,0.7474,4.484
35,63,3300,35,2,1.061,6.061
35,64,6714,93,8,1.385,11.92
35,65,3398,19,0,0.5592,0
35,66,6860,98,11,1.429,16.03
35,67,3462,25,3,0.7221,8.666
35,68,7194,70,2,0.973,2.78
35,69,3446,19,1,0.5514,2.902
35,70,6966,38,2,0.5455,2.871
35,71,3516,8,0,0.2275,0
35,72,6858,26,0,0.3791,0
35,73,3342,11,0,0.3291,0
35,74,6510,41,4,0.6298,6.144
35,75,3168,31,0,0.9785,0
35,76,5934,22,1,0.3707,1.685
35,77,3138,20,0,0.6373,0
35,78,5352,124,3,2.317,5.605
35,79,3432,133,5,3.875,14.57
35,80,5235,195,8,3.725,15.28
35,81,3704,49,4,1.323,10.8
35,82,4654,127,11,2.729,23.64
35,83,4424,48,1,1.085,2.26
35,84,4300,96,5,2.233,11.63
35,85,4254,42,3,0.9873,7.052
35,86,4082,100,2,2.45,4.9
35,87,5552,117,11,2.107,19.81
35,88,3698,141,8,3.813,21.63
35,89,6174,101,9,1.636,14.58
35,90,3900,110,0,2.821,0
35,91,6272,202,12,3.221,19.13
35,92,2964,45,1,1.518,3.374
35,93,5640,234,15,4.149,26.6
35,94,2676,31,1,1.158,3.737
35,95,5240,145,13,2.767,24.81
35,96,2554,50,2,1.958,7.831
35,97,4464,361,9,8.087,20.16
35,98,1906,37,0,1.941,0
35,99,4284,262,12,6.116,28.01
35,100,2382,134,0,5.626,0
35,101,4781,492,14,10.29,29.28
35,102,2400,753,45,31.38,187.5
35,103,4914,2129,221,43.33,449.7
35,104,2514,251,16,9.984,63.64
35,105,3126,1061,60,33.94,191.9
35,106,612,235,72,38.4,1176
35,107,1842,579,63,31.43,342
35,108,1230,259,5,21.06,40.65
35,109,1823,343,34,18.82,186.5
35,110,658,15,0,2.28,0
35,111,2282,189,3,8.282,13.15
35,112,1560,229,4,14.68,25.64
35,113,3210,579,19,18.04,59.19
35,114,1650,22,1,1.333,6.061
35,115,3408,173,4,5.076,11.74
35,116,1760,326,24,18.52,136.4
35,117,3110,537,10,17.27,32.15
35,118,1516,32,0,2.111,0
35,119,3042,183,7,6.016,23.01
35,120,1682,87,7,5.172,41.62
35,121,2762,134,9,4.852,32.59
35,122,1794,103,12,5.741,66.89
35,123,1140,42,6,3.684,52.63
35,124,168,49,3,29.17,178.6
35,125,448,24,1,5.357,22.32
35,126,2362,125,5,5.292,21.17
35,127,2488,75,8,3.014,32.15
35,128,2496,141,10,5.649,40.06
35,129,2278,116,5,5.092,21.95
35,130,2330,120,8,5.15,34.33
35,131,880,44,2,5,22.73
35,132,2666,208,12,7.802,45.01
35,133,1950,74,5,3.795,25.64
35,134,4018,205,30,5.102,74.66
35,135,2074,76,13,3.664,62.68
35,136,4169,216,14,5.181,33.58
35,137,2124,42,4,1.977,18.83
35,138,4230,183,27,4.326,63.83
35,139,2140,93,11,4.346,51.4
35,140,2478,79,11,3.188,44.39
35,141,362,1,0,0.2762,0
35,142,338,13,4,3.846,118.3
35,143,12,0,0,0,0
35,144,34,0,0,0,0
35,145,36,0,0,0,0
35,146,38,1,0,2.632,0
35,147,20,0,0,0,0
35,148,24,0,0,0,0
35,158,6,0,0,0,0
35,159,16,0,0,0,0
35,160,10,0,0,0,0
35,161,22,0,0,0,0
35,162,20,0,0,0,0
35,163,34,0,0,0,0
35,164,24,0,0,0,0
35,165,20,0,0,0,0
35,166,12,0,0,0,0
36,-127,1470,8,0,0.5442,0
36,-126,2742,5,0,0.1823,0
36,-125,4640,15,2,0.3233,4.31
36,-124,4936,14,1,0.2836,2.026
36,-123,5856,24,2,0.4098,3.415
36,-122,5114,41,0,0.8017,0
36,-121,6150,271,3,4.407,4.878
36,-120,4756,136,5,2.86,10.51
36,-119,6664,46,3,0.6903,4.502
36,-118,4366,38,6,0.8704,13.74
36,-117,5750,266,47,4.626,81.74
36,-116,2536,97,15,3.825,59.15
36,-115,4346,66,3,1.519,6.903
36,-114,2022,5,0,0.2473,0
36,-113,4166,8,1,0.192,2.4
36,-112,2094,2,0,0.09551,0
36,-111,3552,4,0,0.1126,0
36,-110,2348,6,0,0.2555,0
36,-109,3734,14,1,0.3749,2.678
36,-108,2988,19,1,0.6359,3.347
36,-107,3696,15,0,0.4058,0
36,-106,3950,3,0,0.07595,0
36,-105,4522,10,0,0.2211,0
36,-104,4336,6,2,0.1384,4.613
36,-103,4628,38,1,0.8211,2.161
36,-102,4900,41,2,0.8367,4.082
36,-101,4920,3,0,0.06098,0
36,-100,3270,9,0,0.2752,0
36,-99,3378,63,0,1.865,0
36,-98,1718,145,19,8.44,110.6
36,-97,3452,86,1,2.491,2.897
36,-96,1464,8,0,0.5464,0
36,-95,2964,15,0,0.5061,0
36,-94,1500,0,0,0,0
36,-93,2844,4,0,0.1406,0
36,-92,1344,0,0,0,0
36,-91,2994,7,1,0.2338,3.34
36,-90,1760,1,0,0.05682,0
36,-89,3276,6,1,0.1832,3.053
36,-88,1626,2,0,0.123,0
36,-87,2962,8,0,0.2701,0
36,-86,1354,1,0,0.07386,0
36,-85,2660,4,0,0.1504,0
36,-84,1866,1,0,0.05359,0
36,-83,2028,1,0,0.04931,0
36,-82,2134,7,0,0.328,0
36,-81,1890,1,0,0.05291,0
36,-80,2716,7,1,0.2577,3.682
36,-79,1630,8,0,0.4908,0
36,-78,3228,6,1,0.1859,3.098
36,-77,1630,15,5,0.9202,30.67
36,-76,3364,20,3,0.5945,8.918
36,-75,1728,4,0,0.2315,0
36,-74,3420,16,3,0.4678,8.772
36,-73,1734,9,3,0.519,17.3
36,-72,3152,16,1,0.5076,3.173
36,-71,1860,3,0,0.1613,0
36,-70,3546,3,0,0.0846,0
36,-69,2092,1,0,0.0478,0
36,-68,3522,0,0,0,0
36,-67,2168,0,0,0,0
36,-66,2152,0,0,0,0
36,-65,814,1,0,0.1229,0
36,-64,2128,0,0,0,0
36,-63,1928,0,0,0,0
36,-62,3144,0,0,0,0
36,-61,1560,0,0,0,0
36,-60,1560,0,0,0,0
36,-58,2,0,0,0,0
36,-57,16,0,0,0,0
36,-56,18,0,0,0,0
36,-55,18,0,0,0,0
36,-54,10,0,0,0,0
36,-53,10,0,0,0,0
36,-51,12,0,0,0,0
36,-50,10,0,0,0,0
36,-49,10,0,0,0,0
36,-48,10,0,0,0,0
36,-47,12,0,0,0,0
36,-39,648,0,0,0,0
36,-38,540,0,0,0,0
36,-37,2890,4,0,0.1384,0
36,-36,3174,2,0,0.06301,0
36,-35,5588,7,0,0.1253,0
36,-34,4340,3,0,0.06912,0
36,-33,4232,6,0,0.1418,0
36,-32,4116,1,0,0.0243,0
36,-31,6474,2,0,0.03089,0
36,-30,6158,6,0,0.09743,0
36,-29,6192,5,1,0.08075,1.615
36,-28,6204,0,0,0,0
36,-27,6270,2,0,0.0319,0
36,-26,8506,2,0,0.02351,0
36,-25,6652,3,1,0.0451,1.503
36,-24,10580,7,0,0.06616,0
36,-23,8322,6,0,0.0721,0
36,-22,10812,25,0,0.2312,0
36,-21,9722,12,0,0.1234,0
36,-20,8874,4,0,0.04508,0
36,-19,9074,10,0,0.1102,0
36,-18,7986,2,0,0.02504,0
36,-17,7526,9,0,0.1196,0
36,-16,6566,1,0,0.01523,0
36,-15,5544,4,0,0.07215,0
36,-14,6614,5,0,0.0756,0
36,-13,5396,2,0,0.03706,0
36,-12,6542,21,1,0.321,1.529
36,-11,4476,27,5,0.6032,11.17
36,-10,6980,42,6,0.6017,8.596
36,-9,4516,23,3,0.5093,6.643
36,-8,7604,80,3,1.052,3.945
36,-7,4476,231,8,5.161,17.87
36,-6,8370,708,4,8.459,4.779
36,-5,4218,227,0,5.382,0
36,-4,8416,264,6,3.137,7.129
36,-3,4229,159,2,3.76,4.729
36,-2,7560,104,7,1.376,9.259
36,-1,4322,35,1,0.8098,2.314
36,0,7216,33,1,0.4573,1.386
36,1,5166,22,0,0.4259,0
36,2,4850,14,0,0.2887,0
36,3,3562,22,4,0.6176,11.23
36,4,4449,25,1,0.5619,2.248
36,5,5918,42,1,0.7097,1.69
36,6,6163,56,1,0.9086,1.623
36,7,6268,24,3,0.3829,4.786
36,8,6204,96,19,1.547,30.63
36,9,6216,247,8,3.974,12.87
36,10,6258,191,48,3.052,76.7
36,11,6240,52,1,0.8333,1.603
36,12,6240,86,2,1.378,3.205
36,13,6186,58,4,0.9376,6.466
36,14,6200,345,10,5.565,16.13
36,15,6152,172,7,2.796,11.38
36,16,6220,69,4,1.109,6.431
36,17,6426,86,10,1.338,15.56
36,18,6256,64,1,1.023,1.598
36,19,6200,114,7,1.839,11.29
36,20,5988,103,12,1.72,20.04
36,21,5904,111,6,1.88,10.16
36,22,5446,66,3,1.212,5.509
36,23,6716,130,9,1.936,13.4
36,24,4904,64,2,1.305,4.078
36,25,6911,75,4,1.085,5.788
36,26,4474,45,1,1.006,2.235
36,27,7543,227,14,3.009,18.56
36,28,4188,408,58,9.742,138.5
36,29,8290,1358,76,16.38,91.68
36,30,4172,256,9,6.136,21.57
36,31,7924,773,10,9.755,12.62
36,32,4412,445,8,10.09,18.13
36,33,7589,685,4,9.026,5.271
36,34,4284,409,1,9.547,2.334
36,35,6924,1068,56,15.42,80.88
36,36,5054,1276,31,25.25,61.34
36,37,6457,840,55,13.01,85.18
36,38,5324,393,30,7.382,56.35
36,39,6555,679,11,10.36,16.78
36,40,5591,193,6,3.452,10.73
36,41,6034,118,4,1.956,6.629
36,42,6124,478,7,7.805,11.43
36,43,6106,641,55,10.5,90.08
36,44,6170,747,80,12.11,129.7
36,45,6102,328,11,5.375,18.03
36,46,6144,174,10,2.832,16.28
36,47,6192,342,10,5.523,16.15
36,48,6120,680,10,11.11,16.34
36,49,5796,282,5,4.865,8.627
36,50,5372,407,17,7.576,31.65
36,51,5100,195,4,3.824,7.843
36,52,5058,192,5,3.796,9.885
36,53,5118,147,5,2.872,9.769
36,54,4908,379,3,7.722,6.112
36,55,5222,66,4,1.264,7.66
36,56,4988,83,5,1.664,10.02
36,57,4662,197,3,4.226,6.435
36,58,5208,179,2,3.437,3.84
36,59,4566,160,1,3.504,2.19
36,60,5442,86,3,1.58,5.513
36,61,3974,32,3,0.8052,7.549
36,62,5806,63,4,1.085,6.889
36,63,3584,20,3,0.558,8.371
36,64,5834,122,4,2.091,6.856
36,65,3696,49,0,1.326,0
36,66,6542,122,2,1.865,3.057
36,67,3478,84,1,2.415,2.875
36,68,6626,75,2,1.132,3.018
36,69,3712,24,1,0.6466,2.694
36,70,6378,48,2,0.7526,3.136
36,71,3800,27,3,0.7105,7.895
36,72,6058,35,1,0.5777,1.651
36,73,3640,21,0,0.5769,0
36,74,5558,57,5,1.026,8.996
36,75,3952,73,3,1.847,7.591
36,76,4900,44,2,0.898,4.082
36,77,3920,72,1,1.837,2.551
36,78,4870,130,1,2.669,2.053
36,79,4054,568,65,14.01,160.3
36,80,4730,660,129,13.95,272.7
36,81,4546,166,4,3.652,8.799
36,82,5214,218,6,4.181,11.51
36,83,4694,78,5,1.662,10.65
36,84,5132,131,7,2.553,13.64
36,85,4740,177,6,3.734,12.66
36,86,4986,138,3,2.768,6.017
36,87,4966,71,1,1.43,2.014
36,88,5142,151,10,2.937,19.45
36,89,5328,65,5,1.22,9.384
36,90,4594,133,6,2.895,13.06
36,91,5046,71,2,1.407,3.964
36,92,3854,112,6,2.906,15.57
36,93,4296,65,1,1.513,2.328
36,94,3496,124,3,3.547,8.581
36,95,4410,219,5,4.966,11.34
36,96,2870,89,4,3.101,13.94
36,97,3854,136,6,3.529,15.57
36,98,2136,77,5,3.605,23.41
36,99,4020,211,5,5.249,12.44
36,100,2388,535,129,22.4,540.2
36,101,4848,1004,95,20.71,196
36,102,2400,414,54,17.25,225
36,103,4436,1088,85,24.53,191.6
36,104,2028,214,25,10.55,123.3
36,105,2116,339,91,16.02,430.1
36,106,532,53,1,9.962,18.8
36,107,1782,371,24,20.82,134.7
36,108,1230,268,65,21.79,528.5
36,109,1764,140,11,7.937,62.36
36,110,534,36,0,6.742,0
36,111,2094,353,13,16.86,62.08
36,112,1560,580,27,37.18,173.1
36,113,3226,1287,237,39.89,734.7
36,114,1650,74,3,4.485,18.18
36,115,3408,287,9,8.421,26.41
36,116,1918,816,174,42.54,907.2
36,117,3262,1990,480,61.01,1471
36,118,1618,95,2,5.871,12.36
36,119,2904,245,25,8.437,86.09
36,120,1714,228,23,13.3,134.2
36,121,3378,488,78,14.45,230.9
36,122,2150,119,3,5.535,13.95
36,123,1998,162,15,8.108,75.08
36,124,376,40,2,10.64,53.19
36,125,1744,57,1,3.268,5.734
36,126,1940,62,8,3.196,41.24
36,127,2916,182,10,6.241,34.29
36,128,1974,80,9,4.053,45.59
36,129,1580,58,11,3.671,69.62
36,130,226,21,0,9.292,0
36,131,72,0,0,0,0
36,132,1940,102,10,5.258,51.55
36,133,1954,66,8,3.378,40.94
36,134,3344,138,21,4.127,62.8
36,135,2086,63,17,3.02,81.5
36,136,4044,152,6,3.759,14.84
36,137,2244,54,2,2.406,8.913
36,138,4046,140,17,3.46,42.02
36,139,2142,66,7,3.081,32.68
36,140,2460,74,7,3.008,28.46
36,141,366,1,0,0.2732,0
36,142,370,0,0,0,0
36,143,4,1,0,25,0
36,144,40,0,0,0,0
36,145,34,0,0,0,0
36,146,34,0,0,0,0
36,147,20,0,0,0,0
36,148,20,0,0,0,0
36,159,20,0,0,0,0
36,160,14,0,0,0,0
36,161,22,0,0,0,0
36,162,24,0,0,0,0
36,163,22,0,0,0,0
36,164,26,0,0,0,0
36,165,26,0,0,0,0
36,166,6,0,0,0,0
37,-127,1702,10,5,0.5875,29.38
37,-126,3380,2,0,0.05917,0
37,-125,5044,24,0,0.4758,0
37,-124,5288,2,1,0.03782,1.891
37,-123,5790,33,0,0.5699,0
37,-122,6072,503,22,8.284,36.23
37,-121,6116,364,7,5.952,11.45
37,-120,6038,34,2,0.5631,3.312
37,-119,5580,2,0,0.03584,0
37,-118,4788,21,7,0.4386,14.62
37,-117,3158,75,11,2.375,34.83
37,-116,3574,50,0,1.399,0
37,-115,2724,5,2,0.1836,7.342
37,-114,3310,11,6,0.3323,18.13
37,-113,1862,16,8,0.8593,42.96
37,-112,3352,12,3,0.358,8.95
37,-111,2460,1,0,0.04065,0
37,-110,3730,4,0,0.1072,0
37,-109,3416,2,0,0.05855,0
37,-108,4806,17,1,0.3537,2.081
37,-107,4450,11,0,0.2472,0
37,-106,4782,122,8,2.551,16.73
37,-105,4518,64,3,1.417,6.64
37,-104,5074,4,0,0.07883,0
37,-103,4374,1,0,0.02286,0
37,-102,4548,18,0,0.3958,0
37,-101,4470,14,0,0.3132,0
37,-100,3270,16,3,0.4893,9.174
37,-99,3338,72,1,2.157,2.996
37,-98,1688,56,0,3.318,0
37,-97,3397,89,1,2.62,2.944
37,-96,1464,13,0,0.888,0
37,-95,2964,14,3,0.4723,10.12
37,-94,1500,1,0,0.06667,0
37,-93,2836,92,5,3.244,17.63
37,-92,1338,4,0,0.299,0
37,-91,2980,1,0,0.03356,0
37,-90,1800,17,0,0.9444,0
37,-89,3272,3,0,0.09169,0
37,-88,1626,0,0,0,0
37,-87,3240,1,0,0.03086,0
37,-86,1614,5,0,0.3098,0
37,-85,3076,14,0,0.4551,0
37,-84,1464,1,0,0.06831,0
37,-83,3333,2,0,0.06001,0
37,-82,1616,3,0,0.1856,0
37,-81,3244,0,0,0,0
37,-80,1626,2,0,0.123,0
37,-79,2940,1,0,0.03401,0
37,-78,1602,4,0,0.2497,0
37,-77,2542,95,1,3.737,3.934
37,-76,1932,25,1,1.294,5.176
37,-75,2374,8,0,0.337,0
37,-74,2584,7,2,0.2709,7.74
37,-73,2280,5,0,0.2193,0
37,-72,2734,10,0,0.3658,0
37,-71,2234,12,3,0.5372,13.43
37,-70,3462,8,1,0.2311,2.889
37,-69,2268,2,0,0.08818,0
37,-68,3852,1,0,0.02596,0
37,-67,2254,0,0,0,0
37,-66,2202,2,1,0.09083,4.541
37,-65,794,2,0,0.2519,0
37,-64,2208,0,0,0,0
37,-63,1996,0,0,0,0
37,-62,3294,0,0,0,0
37,-61,1714,0,0,0,0
37,-60,1596,0,0,0,0
37,-57,10,0,0,0,0
37,-56,10,0,0,0,0
37,-55,10,0,0,0,0
37,-54,22,0,0,0,0
37,-51,10,0,0,0,0
37,-50,10,0,0,0,0
37,-49,18,0,0,0,0
37,-48,22,0,0,0,0
37,-47,16,0,0,0,0
37,-46,8,0,0,0,0
37,-45,12,0,0,0,0
37,-41,6,0,0,0,0
37,-40,6,0,0,0,0
37,-39,2202,0,0,0,0
37,-38,2314,1,0,0.04322,0
37,-37,4222,3,0,0.07106,0
37,-36,4732,2,0,0.04227,0
37,-35,5620,3,0,0.05338,0
37,-34,5130,1,0,0.01949,0
37,-33,4346,2,0,0.04602,0
37,-32,4298,1,0,0.02327,0
37,-31,6196,3,0,0.04842,0
37,-30,6156,3,0,0.04873,0
37,-29,6192,2,0,0.0323,0
37,-28,6314,0,0,0,0
37,-27,7682,3,0,0.03905,0
37,-26,7416,3,0,0.04045,0
37,-25,8332,8,0,0.09602,0
37,-24,8236,2,0,0.02428,0
37,-23,8436,7,0,0.08298,0
37,-22,10044,5,0,0.04978,0
37,-21,9224,5,0,0.05421,0
37,-20,9804,8,0,0.0816,0
37,-19,8842,6,0,0.06786,0
37,-18,8740,6,0,0.06865,0
37,-17,7402,3,1,0.04053,1.351
37,-16,8770,7,0,0.07982,0
37,-15,6222,8,0,0.1286,0
37,-14,6174,4,1,0.06479,1.62
37,-13,6306,9,0,0.1427,0
37,-12,6182,9,0,0.1456,0
37,-11,6236,27,5,0.433,8.018
37,-10,5706,30,5,0.5258,8.763
37,-9,6330,27,3,0.4265,4.739
37,-8,5118,134,0,2.618,0
37,-7,6066,149,1,2.456,1.649
37,-6,4476,149,0,3.329,0
37,-5,6243,303,3,4.853,4.805
37,-4,4730,258,2,5.455,4.228
37,-3,6410,203,0,3.167,0
37,-2,5150,591,0,11.48,0
37,-1,6554,373,10,5.691,15.26
37,0,6198,25,0,0.4034,0
37,1,6186,19,4,0.3071,6.466
37,2,5052,19,1,0.3761,1.979
37,3,5382,20,2,0.3716,3.716
37,4,4572,25,4,0.5468,8.749
37,5,6224,33,2,0.5302,3.213
37,6,6180,45,3,0.7282,4.854
37,7,6480,43,7,0.6636,10.8
37,8,6204,47,2,0.7576,3.224
37,9,6200,66,3,1.065,4.839
37,10,6256,74,3,1.183,4.795
37,11,6238,77,2,1.234,3.206
37,12,6250,238,1,3.808,1.6
37,13,6186,710,3,11.48,4.85
37,14,6480,764,59,11.79,91.05
37,15,6178,636,103,10.29,166.7
37,16,6216,108,10,1.737,16.09
37,17,6220,65,2,1.045,3.215
37,18,6258,38,1,0.6072,1.598
37,19,6500,50,1,0.7692,1.538
37,20,6276,62,2,0.9879,3.187
37,21,6571,88,3,1.339,4.566
37,22,6294,69,5,1.096,7.944
37,23,6256,141,3,2.254,4.795
37,24,6206,29,0,0.4673,0
37,25,5502,42,4,0.7634,7.27
37,26,6456,134,2,2.076,3.098
37,27,5115,279,4,5.455,7.82
37,28,6312,502,2,7.953,3.169
37,29,4640,552,2,11.9,4.31
37,30,6316,387,7,6.127,11.08
37,31,4656,400,7,8.591,15.03
37,32,6323,610,6,9.647,9.489
37,33,5184,345,4,6.655,7.716
37,34,6497,257,9,3.956,13.85
37,35,5633,409,40,7.261,71.01
37,36,6190,544,11,8.788,17.77
37,37,6169,860,23,13.94,37.28
37,38,6162,1015,214,16.47,347.3
37,39,6238,977,178,15.66,285.3
37,40,6172,440,9,7.129,14.58
37,41,6546,927,81,14.16,123.7
37,42,6248,963,192,15.41,307.3
37,43,6514,966,109,14.83,167.3
37,44,6006,1120,85,18.65,141.5
37,45,6136,605,15,9.86,24.45
37,46,6168,410,8,6.647,12.97
37,47,6218,201,8,3.233,12.87
37,48,6062,109,6,1.798,9.898
37,49,5656,533,15,9.424,26.52
37,50,5252,268,9,5.103,17.14
37,51,5100,212,5,4.157,9.804
37,52,5058,181,3,3.578,5.931
37,53,5118,116,3,2.267,5.862
37,54,4914,157,6,3.195,12.21
37,55,4986,91,1,1.825,2.006
37,56,5284,99,1,1.874,1.893
37,57,5518,45,6,0.8155,10.87
37,58,5190,101,2,1.946,3.854
37,59,5202,32,2,0.6151,3.845
37,60,4562,46,1,1.008,2.192
37,61,5412,47,0,0.8684,0
37,62,3898,24,2,0.6157,5.131
37,63,5594,30,3,0.5363,5.363
37,64,3564,10,1,0.2806,2.806
37,65,5842,25,3,0.4279,5.135
37,66,3454,8,0,0.2316,0
37,67,5596,27,1,0.4825,1.787
37,68,3674,17,1,0.4627,2.722
37,69,5518,34,2,0.6162,3.625
37,70,4456,24,0,0.5386,0
37,71,5212,30,3,0.5756,5.756
37,72,4953,16,1,0.323,2.019
37,73,5128,34,11,0.663,21.45
37,74,5064,32,1,0.6319,1.975
37,75,4776,284,17,5.946,35.59
37,76,4896,284,4,5.801,8.17
37,77,4398,154,0,3.502,0
37,78,4664,147,8,3.152,17.15
37,79,4254,812,239,19.09,561.8
37,80,4734,580,53,12.25,112
37,81,4548,92,1,2.023,2.199
37,82,4938,129,8,2.612,16.2
37,83,4734,101,4,2.134,8.45
37,84,4962,118,5,2.378,10.08
37,85,4770,101,2,2.117,4.193
37,86,4988,71,4,1.423,8.019
37,87,4954,64,5,1.292,10.09
37,88,5135,107,7,2.084,13.63
37,89,5240,88,5,1.679,9.542
37,90,5026,83,8,1.651,15.92
37,91,4724,41,1,0.8679,2.117
37,92,4120,67,3,1.626,7.282
37,93,4252,51,1,1.199,2.352
37,94,3910,93,6,2.379,15.35
37,95,4128,167,2,4.046,4.845
37,96,3318,139,13,4.189,39.18
37,97,3038,103,1,3.39,3.292
37,98,2572,94,2,3.655,7.776
37,99,2614,239,12,9.143,45.91
37,100,3611,844,173,23.37,479.1
37,101,2582,524,85,20.29,329.2
37,102,3912,382,21,9.765,53.68
37,103,2710,159,3,5.867,11.07
37,104,2454,203,21,8.272,85.57
37,105,1090,140,15,12.84,137.6
37,106,738,78,5,10.57,67.75
37,107,1502,209,10,13.91,66.58
37,108,1372,149,4,10.86,29.15
37,109,1686,179,20,10.62,118.6
37,110,534,79,2,14.79,37.45
37,111,2094,215,14,10.27,66.86
37,112,1560,553,50,35.45,320.5
37,113,3210,505,19,15.73,59.19
37,114,1650,57,0,3.455,0
37,115,3408,224,9,6.573,26.41
37,116,1926,381,32,19.78,166.1
37,117,3258,866,18,26.58,55.25
37,118,1668,273,9,16.37,53.96
37,119,2910,215,9,7.388,30.93
37,120,1710,83,9,4.854,52.63
37,121,3356,448,31,13.35,92.37
37,122,2142,245,12,11.44,56.02
37,123,2288,324,53,14.16,231.6
37,124,408,113,40,27.7,980.4
37,125,1680,298,53,17.74,315.5
37,126,1888,428,68,22.67,360.2
37,127,2844,501,66,17.62,232.1
37,128,1572,119,14,7.57,89.06
37,129,1430,36,1,2.517,6.993
37,130,224,53,3,23.66,133.9
37,131,168,1,0,0.5952,0
37,132,176,2,0,1.136,0
37,133,520,15,0,2.885,0
37,134,862,76,10,8.817,116
37,135,2654,140,15,5.275,56.52
37,136,2626,144,2,5.484,7.616
37,137,3180,249,15,7.83,47.17
37,138,2350,58,1,2.468,4.255
37,139,3610,134,9,3.712,24.93
37,140,2114,26,3,1.23,14.19
37,141,1984,23,1,1.159,5.04
37,142,560,9,3,1.607,53.57
37,143,344,2,2,0.5814,58.14
37,144,124,3,0,2.419,0
37,145,42,0,0,0,0
37,146,30,1,0,3.333,0
37,147,26,2,0,7.692,0
37,148,22,5,0,22.73,0
37,149,2,0,0,0,0
37,150,2,0,0,0,0
37,151,4,0,0,0,0
37,152,4,0,0,0,0
37,159,8,0,0,0,0
37,160,10,0,0,0,0
37,161,20,0,0,0,0
37,162,10,0,0,0,0
37,163,16,0,0,0,0
37,164,22,0,0,0,0
37,175,6,0,0,0,0
37,176,6,0,0,0,0
37,177,4,0,0,0,0
37,178,4,0,0,0,0
37,179,2,0,0,0,0
38,-129,48,0,0,0,0
38,-128,48,0,0,0,0
38,-127,1472,3,0,0.2038,0
38,-126,3698,1,0,0.02704,0
38,-125,4070,4,2,0.09828,4.914
38,-124,6286,7,0,0.1114,0
38,-123,3522,9,0,0.2555,0
38,-122,7920,44,6,0.5556,7.576
38,-121,4070,72,1,1.769,2.457
38,-120,8004,41,3,0.5122,3.748
38,-119,3792,3,0,0.07911,0
38,-118,6470,13,0,0.2009,0
38,-117,2430,6,0,0.2469,0
38,-116,4842,12,1,0.2478,2.065
38,-115,2412,9,0,0.3731,0
38,-114,4504,5,0,0.111,0
38,-113,2040,4,0,0.1961,0
38,-112,4158,6,0,0.1443,0
38,-111,2072,0,0,0,0
38,-110,5090,6,1,0.1179,1.965
38,-109,3200,2,0,0.0625,0
38,-108,5662,10,0,0.1766,0
38,-107,3050,73,1,2.393,3.279
38,-106,5934,159,5,2.679,8.426
38,-105,3458,16,0,0.4627,0
38,-104,5224,10,1,0.1914,1.914
38,-103,3788,8,0,0.2112,0
38,-102,4814,43,2,0.8932,4.155
38,-101,3804,31,3,0.8149,7.886
38,-100,3270,58,0,1.774,0
38,-99,3316,49,0,1.478,0
38,-98,1655,25,0,1.511,0
38,-97,3120,8,0,0.2564,0
38,-96,1464,101,11,6.899,75.14
38,-95,2924,106,1,3.625,3.42
38,-94,1480,4,0,0.2703,0
38,-93,2852,3,0,0.1052,0
38,-92,1332,1,0,0.07508,0
38,-91,2970,87,0,2.929,0
38,-90,1638,155,6,9.463,36.63
38,-89,3263,153,1,4.689,3.065
38,-88,1626,3,0,0.1845,0
38,-87,3239,12,0,0.3705,0
38,-86,1614,0,0,0,0
38,-85,3066,15,0,0.4892,0
38,-84,1452,0,0,0,0
38,-83,3042,6,4,0.1972,13.15
38,-82,1604,3,0,0.187,0
38,-81,3238,55,0,1.699,0
38,-80,1626,9,0,0.5535,0
38,-79,3228,6,2,0.1859,6.196
38,-78,1616,7,2,0.4332,12.38
38,-77,3336,10,1,0.2998,2.998
38,-76,1736,1,0,0.0576,0
38,-75,3488,8,3,0.2294,8.601
38,-74,1744,3,0,0.172,0
38,-73,3552,18,2,0.5068,5.631
38,-72,1636,3,0,0.1834,0
38,-71,3572,18,1,0.5039,2.8
38,-70,1976,5,0,0.253,0
38,-69,3326,1,0,0.03007,0
38,-68,2238,1,0,0.04468,0
38,-67,2290,3,0,0.131,0
38,-66,1596,1,0,0.06266,0
38,-65,784,0,0,0,0
38,-64,2164,0,0,0,0
38,-63,2032,0,0,0,0
38,-62,3366,1,0,0.02971,0
38,-61,1856,0,0,0,0
38,-60,1678,0,0,0,0
38,-58,12,0,0,0,0
38,-57,6,0,0,0,0
38,-56,14,0,0,0,0
38,-55,16,0,0,0,0
38,-54,10,0,0,0,0
38,-52,16,0,0,0,0
38,-51,12,0,0,0,0
38,-50,18,0,0,0,0
38,-49,32,0,0,0,0
38,-48,32,0,0,0,0
38,-47,12,0,0,0,0
38,-46,12,0,0,0,0
38,-45,10,0,0,0,0
38,-41,12,0,0,0,0
38,-40,12,0,0,0,0
38,-39,122,0,0,0,0
38,-38,4080,3,0,0.07353,0
38,-37,1968,1,0,0.05081,0
38,-36,5934,4,0,0.06741,0
38,-35,4634,6,0,0.1295,0
38,-34,5582,0,0,0,0
38,-33,4626,0,0,0,0
38,-32,5392,2,0,0.03709,0
38,-31,5038,5,0,0.09925,0
38,-30,8128,3,0,0.03691,0
38,-29,5178,0,0,0,0
38,-28,6204,2,0,0.03224,0
38,-27,8108,6,0,0.074,0
38,-26,8224,5,0,0.0608,0
38,-25,8456,4,0,0.0473,0
38,-24,8772,4,0,0.0456,0
38,-23,9148,3,0,0.03279,0
38,-22,7430,6,0,0.08075,0
38,-21,9154,8,2,0.08739,2.185
38,-20,8832,4,0,0.04529,0
38,-19,7160,2,0,0.02793,0
38,-18,6470,2,0,0.03091,0
38,-17,7792,8,0,0.1027,0
38,-16,6016,3,0,0.04987,0
38,-15,6380,13,1,0.2038,1.567
38,-14,2926,0,0,0,0
38,-13,6358,6,0,0.09437,0
38,-12,3762,3,0,0.07974,0
38,-11,8517,41,5,0.4814,5.871
38,-10,4116,6,1,0.1458,2.43
38,-9,8550,21,4,0.2456,4.678
38,-8,4152,58,6,1.397,14.45
38,-7,8298,255,13,3.073,15.67
38,-6,4146,20,1,0.4824,2.412
38,-5,8320,60,3,0.7212,3.606
38,-4,4174,60,0,1.437,0
38,-3,8362,171,2,2.045,2.392
38,-2,4482,205,2,4.574,4.462
38,-1,8302,744,7,8.962,8.432
38,0,3762,39,3,1.037,7.974
38,1,7810,70,3,0.8963,3.841
38,2,4532,22,1,0.4854,2.207
38,3,6830,24,2,0.3514,2.928
38,4,4952,30,3,0.6058,6.058
38,5,7268,45,2,0.6192,2.752
38,6,5050,29,3,0.5743,5.941
38,7,5900,35,4,0.5932,6.78
38,8,6070,60,2,0.9885,3.295
38,9,6190,63,5,1.018,8.078
38,10,6252,73,8,1.168,12.8
38,11,6234,45,4,0.7218,6.416
38,12,6504,121,4,1.86,6.15
38,13,6192,170,2,2.745,3.23
38,14,6204,230,12,3.707,19.34
38,15,6236,531,9,8.515,14.43
38,16,6218,472,2,7.591,3.216
38,17,5754,51,3,0.8863,5.214
38,18,6394,129,10,2.018,15.64
38,19,5194,57,2,1.097,3.851
38,20,6972,95,7,1.363,10.04
38,21,4878,49,1,1.005,2.05
38,22,7280,63,6,0.8654,8.242
38,23,3636,73,1,2.008,2.75
38,24,8024,53,4,0.6605,4.985
38,25,4010,17,1,0.4239,2.494
38,26,8261,1075,45,13.01,54.47
38,27,4137,933,2,22.55,4.834
38,28,8854,1366,2,15.43,2.259
38,29,4152,326,0,7.852,0
38,30,8244,357,6,4.33,7.278
38,31,4097,95,0,2.319,0
38,32,8242,385,6,4.671,7.28
38,33,4178,90,3,2.154,7.18
38,34,8299,287,4,3.458,4.82
38,35,4062,201,3,4.948,7.386
38,36,8084,380,7,4.701,8.659
38,37,3742,60,1,1.603,2.672
38,38,7454,117,2,1.57,2.683
38,39,4544,153,5,3.367,11
38,40,6868,144,1,2.097,1.456
38,41,4735,218,4,4.604,8.448
38,42,6522,394,13,6.041,19.93
38,43,5106,860,80,16.84,156.7
38,44,5580,336,3,6.022,5.376
38,45,5184,110,10,2.122,19.29
38,46,5206,172,7,3.304,13.45
38,47,5242,191,13,3.644,24.8
38,48,5192,45,0,0.8667,0
38,49,5342,144,14,2.696,26.21
38,50,5070,76,4,1.499,7.89
38,51,5368,114,7,2.124,13.04
38,52,4544,109,3,2.399,6.602
38,53,5280,80,5,1.515,9.47
38,54,4010,112,8,2.793,19.95
38,55,5502,89,6,1.618,10.91
38,56,3572,40,0,1.12,0
38,57,6258,67,2,1.071,3.196
38,58,3452,43,2,1.246,5.794
38,59,6372,57,5,0.8945,7.847
38,60,3462,44,2,1.271,5.777
38,61,6870,102,9,1.485,13.1
38,62,3390,20,3,0.59,8.85
38,63,6698,52,1,0.7764,1.493
38,64,3306,20,1,0.605,3.025
38,65,6708,64,2,0.9541,2.982
38,66,3406,10,0,0.2936,0
38,67,6850,82,5,1.197,7.299
38,68,3446,76,3,2.205,8.706
38,69,6894,99,1,1.436,1.451
38,70,3450,93,2,2.696,5.797
38,71,6632,55,1,0.8293,1.508
38,72,3504,13,0,0.371,0
38,73,5662,67,1,1.183,1.766
38,74,3916,143,10,3.652,25.54
38,75,5342,376,40,7.039,74.88
38,76,4314,448,30,10.38,69.54
38,77,4658,33,0,0.7085,0
38,78,4112,147,7,3.575,17.02
38,79,4256,492,25,11.56,58.74
38,80,4650,267,11,5.742,23.66
38,81,4548,89,0,1.957,0
38,82,4938,61,4,1.235,8.1
38,83,4740,57,3,1.203,6.329
38,84,4946,83,6,1.678,12.13
38,85,4772,89,4,1.865,8.382
38,86,4980,138,3,2.771,6.024
38,87,4962,75,3,1.511,6.046
38,88,5177,99,4,1.912,7.726
38,89,4772,64,4,1.341,8.382
38,90,4821,129,11,2.676,22.82
38,91,3808,97,4,2.547,10.5
38,92,4406,139,10,3.155,22.7
38,93,3230,59,3,1.827,9.288
38,94,4696,212,19,4.514,40.46
38,95,2632,69,1,2.622,3.799
38,96,4456,158,18,3.546,40.39
38,97,2188,50,2,2.285,9.141
38,98,3732,118,15,3.162,40.19
38,99,1932,126,10,6.522,51.76
38,100,4476,567,29,12.67,64.79
38,101,2558,337,29,13.17,113.4
38,102,4878,341,22,6.991,45.1
38,103,2376,76,4,3.199,16.84
38,104,3054,179,16,5.861,52.39
38,105,690,89,6,12.9,86.96
38,106,1912,431,45,22.54,235.4
38,107,1224,123,1,10.05,8.17
38,108,1750,326,14,18.63,80
38,109,382,205,85,53.66,2225
38,110,1618,334,14,20.64,86.53
38,111,1420,98,6,6.901,42.25
38,112,2334,394,10,16.88,42.84
38,113,1884,315,156,16.72,828
38,114,2322,123,9,5.297,38.76
38,115,2980,390,21,13.09,70.47
38,116,2060,629,226,30.53,1097
38,117,2952,519,30,17.58,101.6
38,118,1590,68,1,4.277,6.289
38,119,2558,110,2,4.3,7.819
38,120,1456,80,4,5.495,27.47
38,121,3098,182,10,5.875,32.28
38,122,2078,174,39,8.373,187.7
38,123,3668,265,36,7.225,98.15
38,124,2122,213,30,10.04,141.4
38,125,2576,186,13,7.22,50.47
38,126,1420,245,51,17.25,359.2
38,127,2674,600,149,22.44,557.2
38,128,1284,205,24,15.97,186.9
38,129,1270,89,7,7.008,55.12
38,130,200,8,1,4,50
38,131,138,8,2,5.797,144.9
38,133,160,0,0,0,0
38,134,192,1,0,0.5208,0
38,135,754,60,4,7.958,53.05
38,136,338,3,0,0.8876,0
38,137,2120,207,13,9.764,61.32
38,138,1482,41,4,2.767,26.99
38,139,3262,156,12,4.782,36.79
38,140,2070,46,6,2.222,28.99
38,141,2418,50,1,2.068,4.136
38,142,356,1,0,0.2809,0
38,143,356,0,0,0,0
38,144,12,0,0,0,0
38,145,28,3,0,10.71,0
38,146,22,2,0,9.091,0
38,147,6,0,0,0,0
38,148,2,0,0,0,0
38,149,14,0,0,0,0
38,150,14,0,0,0,0
38,151,16,0,0,0,0
38,152,4,0,0,0,0
38,153,8,0,0,0,0
38,162,2,0,0,0,0
38,163,8,0,0,0,0
38,164,10,0,0,0,0
38,165,6,0,0,0,0
38,166,6,0,0,0,0
38,167,6,0,0,0,0
38,175,12,0,0,0,0
38,176,12,0,0,0,0
38,177,12,0,0,0,0
38,178,10,0,0,0,0
38,179,10,0,0,0,0
39,-128,48,0,0,0,0
39,-127,48,0,0,0,0
39,-126,3526,3,0,0.08508,0
39,-125,3468,3,0,0.08651,0
39,-124,7206,6,0,0.08326,0
39,-123,3738,1,0,0.02675,0
39,-122,7996,32,3,0.4002,3.752
39,-121,4062,21,0,0.517,0
39,-120,8108,28,3,0.3453,3.7
39,-119,4054,0,0,0,0
39,-118,6370,0,0,0,0
39,-117,2332,3,0,0.1286,0
39,-116,4392,9,0,0.2049,0
39,-115,2060,1,0,0.04854,0
39,-114,3996,3,0,0.07508,0
39,-113,2040,3,0,0.1471,0
39,-112,4366,3,0,0.06871,0
39,-111,2074,0,0,0,0
39,-110,5272,6,0,0.1138,0
39,-109,3108,3,1,0.09653,3.218
39,-108,6352,52,3,0.8186,4.723
39,-107,3066,48,6,1.566,19.57
39,-106,6210,109,5,1.755,8.052
39,-105,3144,21,1,0.6679,3.181
39,-104,6084,13,0,0.2137,0
39,-103,2964,10,0,0.3374,0
39,-102,6222,108,0,1.736,0
39,-101,3172,32,0,1.009,0
39,-100,4914,31,0,0.6309,0
39,-99,1564,34,0,2.174,0
39,-98,3018,11,1,0.3645,3.313
39,-97,1096,0,0,0,0
39,-96,2162,3,1,0.1388,4.625
39,-95,1926,18,0,0.9346,0
39,-94,1570,9,0,0.5732,0
39,-93,2196,43,0,1.958,0
39,-92,1276,21,0,1.646,0
39,-91,2938,44,7,1.498,23.83
39,-90,1638,116,2,7.082,12.21
39,-89,3264,40,5,1.225,15.32
39,-88,1626,3,0,0.1845,0
39,-87,3242,16,0,0.4935,0
39,-86,1874,4,0,0.2134,0
39,-85,3066,22,0,0.7175,0
39,-84,1452,2,0,0.1377,0
39,-83,3012,17,0,0.5644,0
39,-82,1560,4,0,0.2564,0
39,-81,3086,83,0,2.69,0
39,-80,1544,43,1,2.785,6.477
39,-79,3402,116,11,3.41,32.33
39,-78,1586,8,0,0.5044,0
39,-77,3392,86,0,2.535,0
39,-76,1806,3,0,0.1661,0
39,-75,3588,18,0,0.5017,0
39,-74,1782,6,0,0.3367,0
39,-73,3589,25,0,0.6966,0
39,-72,1806,8,0,0.443,0
39,-71,3834,11,2,0.2869,5.216
39,-70,2034,2,0,0.09833,0
39,-69,3983,3,0,0.07532,0
39,-68,1944,1,0,0.05144,0
39,-67,2486,3,0,0.1207,0
39,-66,498,0,0,0,0
39,-65,2516,2,0,0.07949,0
39,-64,1834,0,0,0,0
39,-63,3347,1,0,0.02988,0
39,-62,1734,1,0,0.05767,0
39,-61,1458,0,0,0,0
39,-60,760,1,0,0.1316,0
39,-58,10,0,0,0,0
39,-57,24,0,0,0,0
39,-56,38,0,0,0,0
39,-55,10,0,0,0,0
39,-54,76,0,0,0,0
39,-53,64,0,0,0,0
39,-52,102,0,0,0,0
39,-51,52,0,0,0,0
39,-50,62,0,0,0,0
39,-49,14,0,0,0,0
39,-48,28,0,0,0,0
39,-47,10,0,0,0,0
39,-46,10,0,0,0,0
39,-45,12,0,0,0,0
39,-42,2,0,0,0,0
39,-41,8,0,0,0,0
39,-40,10,0,0,0,0
39,-39,10,0,0,0,0
39,-38,2362,1,0,0.04234,0
39,-37,2834,3,0,0.1059,0
39,-36,5130,6,0,0.117,0
39,-35,3316,2,0,0.06031,0
39,-34,7092,2,0,0.0282,0
39,-33,3472,1,0,0.0288,0
39,-32,6608,7,0,0.1059,0
39,-31,4032,0,0,0,0
39,-30,8154,7,0,0.08585,0
39,-29,4122,1,0,0.02426,0
39,-28,7902,3,0,0.03797,0
39,-27,5840,4,1,0.06849,1.712
39,-26,7526,5,0,0.06644,0
39,-25,7340,3,0,0.04087,0
39,-24,7982,2,0,0.02506,0
39,-23,10092,0,0,0,0
39,-22,8956,4,0,0.04466,0
39,-21,9178,4,0,0.04358,0
39,-20,8722,4,0,0.04586,0
39,-19,6470,4,0,0.06182,0
39,-18,4502,9,0,0.1999,0
39,-17,4368,2,0,0.04579,0
39,-16,4910,1,0,0.02037,0
39,-15,5344,4,1,0.07485,1.871
39,-14,2436,0,0,0,0
39,-13,6558,9,1,0.1372,1.525
39,-12,4134,1,0,0.02419,0
39,-11,8358,22,1,0.2632,1.196
39,-10,4116,5,0,0.1215,0
39,-9,8268,17,1,0.2056,1.209
39,-8,4152,10,0,0.2408,0
39,-7,8298,146,2,1.759,2.41
39,-6,4146,18,1,0.4342,2.412
39,-5,8316,17,1,0.2044,1.203
39,-4,4170,156,1,3.741,2.398
39,-3,8358,168,1,2.01,1.196
39,-2,4188,45,1,1.074,2.388
39,-1,8608,961,24,11.16,27.88
39,0,4134,38,2,0.9192,4.838
39,1,8280,31,1,0.3744,1.208
39,2,4148,145,1,3.496,2.411
39,3,8700,191,0,2.195,0
39,4,4164,21,0,0.5043,0
39,5,8270,54,4,0.653,4.837
39,6,4114,22,0,0.5348,0
39,7,8236,77,10,0.9349,12.14
39,8,3756,108,2,2.875,5.325
39,9,7242,99,9,1.367,12.43
39,10,4300,43,3,1,6.977
39,11,6438,57,4,0.8854,6.213
39,12,4964,32,3,0.6446,6.044
39,13,5406,38,3,0.7029,5.549
39,14,6382,81,8,1.269,12.54
39,15,4334,77,0,1.777,0
39,16,7210,457,2,6.338,2.774
39,17,4138,60,5,1.45,12.08
39,18,8298,153,20,1.844,24.1
39,19,4154,38,3,0.9148,7.222
39,20,8328,93,3,1.117,3.602
39,21,4176,26,4,0.6226,9.579
39,22,8364,150,7,1.793,8.369
39,23,4188,26,3,0.6208,7.163
39,24,8316,71,2,0.8538,2.405
39,25,4128,9,0,0.218,0
39,26,8254,462,8,5.597,9.692
39,27,4128,360,0,8.721,0
39,28,8274,191,3,2.308,3.626
39,29,4152,70,3,1.686,7.225
39,30,8367,492,6,5.88,7.171
39,31,4097,42,3,1.025,7.322
39,32,8542,531,68,6.216,79.61
39,33,4210,205,4,4.869,9.501
39,34,8293,262,3,3.159,3.618
39,35,4149,30,1,0.7231,2.41
39,36,8276,69,10,0.8337,12.08
39,37,4136,40,4,0.9671,9.671
39,38,8262,114,1,1.38,1.21
39,39,4138,51,6,1.232,14.5
39,40,8268,120,6,1.451,7.257
39,41,4128,37,0,0.8963,0
39,42,8028,385,9,4.796,11.21
39,43,3786,290,5,7.66,13.21
39,44,7234,398,20,5.502,27.65
39,45,2894,39,4,1.348,13.82
39,46,5768,371,17,6.432,29.47
39,47,4290,165,12,3.846,27.97
39,48,4396,161,14,3.662,31.85
39,49,4892,159,10,3.25,20.44
39,50,3748,120,3,3.202,8.004
39,51,5608,106,9,1.89,16.05
39,52,3391,97,8,2.861,23.59
39,53,6754,87,9,1.288,13.33
39,54,3402,51,0,1.499,0
39,55,6676,123,2,1.842,2.996
39,56,3274,54,1,1.649,3.054
39,57,6742,130,5,1.928,7.416
39,58,3468,19,1,0.5479,2.884
39,59,7210,92,9,1.276,12.48
39,60,3462,96,7,2.773,20.22
39,61,6852,68,8,0.9924,11.68
39,62,3390,29,3,0.8555,8.85
39,63,6696,34,3,0.5078,4.48
39,64,3306,39,1,1.18,3.025
39,65,6700,54,6,0.806,8.955
39,66,3662,26,1,0.71,2.731
39,67,7110,152,10,2.138,14.06
39,68,3438,72,2,2.094,5.817
39,69,6908,67,3,0.9699,4.343
39,70,3450,33,0,0.9565,0
39,71,6948,118,3,1.698,4.318
39,72,3502,33,0,0.9423,0
39,73,6838,164,2,2.398,2.925
39,74,3336,384,35,11.51,104.9
39,75,6510,1740,274,26.73,420.9
39,76,3174,774,57,24.39,179.6
39,77,6120,249,11,4.069,17.97
39,78,2950,629,159,21.32,539
39,79,5974,638,52,10.68,87.04
39,80,2684,127,2,4.732,7.452
39,81,5816,143,4,2.459,6.878
39,82,3192,72,2,2.256,6.266
39,83,5310,140,2,2.637,3.766
39,84,4072,98,2,2.407,4.912
39,85,4396,86,4,1.956,9.099
39,86,5374,240,5,4.466,9.304
39,87,3590,78,1,2.173,2.786
39,88,5841,95,8,1.626,13.7
39,89,2864,64,4,2.235,13.97
39,90,5832,162,14,2.778,24.01
39,91,3248,36,1,1.108,3.079
39,92,5798,128,2,2.208,3.449
39,93,2726,43,0,1.577,0
39,94,5600,216,18,3.857,32.14
39,95,3042,67,0,2.202,0
39,96,5018,112,9,2.232,17.94
39,97,2222,64,5,2.88,22.5
39,98,4292,106,4,2.47,9.32
39,99,1988,200,42,10.06,211.3
39,100,4508,446,54,9.894,119.8
39,101,2504,142,4,5.671,15.97
39,102,4695,166,7,3.536,14.91
39,103,2116,61,5,2.883,23.63
39,104,2832,131,7,4.626,24.72
39,105,690,28,2,4.058,28.99
39,106,1898,360,8,18.97,42.15
39,107,1210,80,3,6.612,24.79
39,108,1724,80,7,4.64,40.6
39,109,534,70,0,13.11,0
39,110,1986,115,13,5.791,65.46
39,111,1452,68,0,4.683,0
39,112,3218,361,14,11.22,43.51
39,113,1756,117,3,6.663,17.08
39,114,3706,596,75,16.08,202.4
39,115,1950,1003,178,51.44,912.8
39,116,3384,2372,700,70.09,2069
39,117,1220,155,4,12.7,32.79
39,118,2304,399,13,17.32,56.42
39,119,1432,131,6,9.148,41.9
39,120,1874,281,10,14.99,53.36
39,121,2220,141,0,6.351,0
39,122,2300,88,7,3.826,30.43
39,123,2678,243,29,9.074,108.3
39,124,2172,118,3,5.433,13.81
39,125,1938,97,5,5.005,25.8
39,126,190,4,0,2.105,0
39,127,1336,66,4,4.94,29.94
39,128,1142,40,1,3.503,8.757
39,129,1352,46,3,3.402,22.19
39,130,198,1,0,0.5051,0
39,131,198,9,0,4.545,0
39,135,20,0,0,0,0
39,136,12,0,0,0,0
39,137,360,2,0,0.5556,0
39,138,356,8,4,2.247,112.4
39,139,2420,68,3,2.81,12.4
39,140,2070,20,1,0.9662,4.831
39,141,2418,300,22,12.41,90.98
39,142,348,0,0,0,0
39,143,348,2,0,0.5747,0
39,145,4,0,0,0,0
39,146,4,0,0,0,0
39,149,10,0,0,0,0
39,150,12,0,0,0,0
39,151,10,0,0,0,0
39,152,12,0,0,0,0
39,153,10,0,0,0,0
39,161,10,0,0,0,0
39,162,10,0,0,0,0
39,163,22,2,0,9.091,0
39,164,24,0,0,0,0
39,165,22,0,0,0,0
39,166,10,0,0,0,0
39,167,12,1,0,8.333,0
39,174,2,0,0,0,0
39,175,8,0,0,0,0
39,176,10,0,0,0,0
39,177,12,0,0,0,0
39,178,20,0,0,0,0
39,179,2,0,0,0,0
40,-130,24,0,0,0,0
40,-129,132,0,0,0,0
40,-128,182,0,0,0,0
40,-127,1562,1,0,0.06402,0
40,-126,3004,4,0,0.1332,0
40,-125,4645,5,0,0.1076,0
40,-124,5926,19,2,0.3206,3.375
40,-123,4204,3,0,0.07136,0
40,-122,6564,12,2,0.1828,3.047
40,-121,3848,7,4,0.1819,10.4
40,-120,7588,12,0,0.1581,0
40,-119,3690,1,0,0.0271,0
40,-118,5830,5,0,0.08576,0
40,-117,2154,4,0,0.1857,0
40,-116,4092,1,0,0.02444,0
40,-115,1974,0,0,0,0
40,-114,3996,14,0,0.3504,0
40,-113,2040,8,0,0.3922,0
40,-112,4116,23,0,0.5588,0
40,-111,2076,0,0,0,0
40,-110,5288,4,0,0.07564,0
40,-109,3108,1,1,0.03218,3.218
40,-108,6182,112,1,1.812,1.618
40,-107,3058,93,1,3.041,3.27
40,-106,5330,48,1,0.9006,1.876
40,-105,3684,19,0,0.5157,0
40,-104,4920,146,9,2.967,18.29
40,-103,4064,49,0,1.206,0
40,-102,4848,37,0,0.7632,0
40,-101,4936,7,0,0.1418,0
40,-100,4702,18,2,0.3828,4.254
40,-99,3182,58,0,1.823,0
40,-98,3118,47,0,1.507,0
40,-97,1464,3,0,0.2049,0
40,-96,2844,23,0,0.8087,0
40,-95,1380,0,0,0,0
40,-94,2870,6,0,0.2091,0
40,-93,1284,0,0,0,0
40,-92,2922,6,0,0.2053,0
40,-91,1440,15,0,1.042,0
40,-90,1824,86,6,4.715,32.89
40,-89,1342,21,0,1.565,0
40,-88,2414,18,0,0.7457,0
40,-87,1692,0,0,0,0
40,-86,1790,13,1,0.7263,5.587
40,-85,2520,26,0,1.032,0
40,-84,1660,15,0,0.9036,0
40,-83,2561,0,0,0,0
40,-82,1560,5,0,0.3205,0
40,-81,3074,51,1,1.659,3.253
40,-80,1518,1,0,0.06588,0
40,-79,3072,10,0,0.3255,0
40,-78,1554,2,0,0.1287,0
40,-77,3380,70,2,2.071,5.917
40,-76,1830,26,0,1.421,0
40,-75,3738,108,1,2.889,2.675
40,-74,2036,26,0,1.277,0
40,-73,3994,21,1,0.5258,2.504
40,-72,2020,57,1,2.822,4.95
40,-71,3720,119,9,3.199,24.19
40,-70,2071,4,0,0.1931,0
40,-69,3736,1,0,0.02677,0
40,-68,2194,3,0,0.1367,0
40,-67,2252,4,0,0.1776,0
40,-66,554,1,0,0.1805,0
40,-65,2232,1,0,0.0448,0
40,-64,2294,0,0,0,0
40,-63,3644,0,0,0,0
40,-62,2016,0,0,0,0
40,-61,2236,0,0,0,0
40,-60,546,0,0,0,0
40,-59,540,0,0,0,0
40,-58,68,0,0,0,0
40,-57,54,0,0,0,0
40,-56,54,1,0,1.852,0
40,-55,12,0,0,0,0
40,-54,58,0,0,0,0
40,-53,54,0,0,0,0
40,-52,102,0,0,0,0
40,-51,54,0,0,0,0
40,-50,80,0,0,0,0
40,-49,26,0,0,0,0
40,-48,34,0,0,0,0
40,-47,26,0,0,0,0
40,-46,22,0,0,0,0
40,-45,4,0,0,0,0
40,-44,10,0,0,0,0
40,-42,12,0,0,0,0
40,-41,6,0,0,0,0
40,-40,14,0,0,0,0
40,-39,14,0,0,0,0
40,-38,1968,1,0,0.05081,0
40,-37,2240,2,0,0.08929,0
40,-36,3962,0,0,0,0
40,-35,4356,0,0,0,0
40,-34,6622,12,0,0.1812,0
40,-33,4380,1,0,0.02283,0
40,-32,5172,0,0,0,0
40,-31,4028,0,0,0,0
40,-30,5182,2,0,0.0386,0
40,-29,5136,1,0,0.01947,0
40,-28,5872,0,0,0,0
40,-27,8568,1,0,0.01167,0
40,-26,6142,3,1,0.04884,1.628
40,-25,8494,2,0,0.02355,0
40,-24,8388,0,0,0,0
40,-23,11148,1,0,0.00897,0
40,-22,7910,3,0,0.03793,0
40,-21,9040,3,0,0.03319,0
40,-20,6794,2,0,0.02944,0
40,-19,7172,6,0,0.08366,0
40,-18,3186,4,0,0.1255,0
40,-17,3866,1,0,0.02587,0
40,-16,4116,0,0,0,0
40,-15,4608,1,0,0.0217,0
40,-14,2976,1,0,0.0336,0
40,-13,5460,4,2,0.07326,3.663
40,-12,4078,1,0,0.02452,0
40,-11,8006,43,7,0.5371,8.743
40,-10,4116,4,0,0.09718,0
40,-9,8268,17,0,0.2056,0
40,-8,4152,4,0,0.09634,0
40,-7,8298,91,3,1.097,3.615
40,-6,4262,15,0,0.3519,0
40,-5,8316,179,0,2.152,0
40,-4,4170,58,1,1.391,2.398
40,-3,8358,42,1,0.5025,1.196
40,-2,4188,22,0,0.5253,0
40,-1,8322,106,1,1.274,1.202
40,0,4132,84,1,2.033,2.42
40,1,7872,33,3,0.4192,3.811
40,2,4278,12,0,0.2805,0
40,3,7424,54,0,0.7274,0
40,4,4639,21,0,0.4527,0
40,5,6498,39,0,0.6002,0
40,6,5234,22,0,0.4203,0
40,7,6458,70,8,1.084,12.39
40,8,5618,163,1,2.901,1.78
40,9,6244,217,5,3.475,8.008
40,10,5954,76,4,1.276,6.718
40,11,6236,69,1,1.106,1.604
40,12,6232,55,6,0.8825,9.628
40,13,6194,137,5,2.212,8.072
40,14,6164,606,10,9.831,16.22
40,15,5886,330,1,5.607,1.699
40,16,6400,237,14,3.703,21.88
40,17,5648,298,14,5.276,24.79
40,18,6480,121,9,1.867,13.89
40,19,5130,78,1,1.52,1.949
40,20,6868,89,2,1.296,2.912
40,21,4294,57,3,1.327,6.986
40,22,7656,108,2,1.411,2.612
40,23,4504,38,0,0.8437,0
40,24,8572,70,5,0.8166,5.833
40,25,4128,32,0,0.7752,0
40,26,8347,485,43,5.81,51.52
40,27,4122,222,10,5.386,24.26
40,28,8271,991,1,11.98,1.209
40,29,4148,444,1,10.7,2.411
40,30,8528,533,3,6.25,3.518
40,31,4092,366,9,8.944,21.99
40,32,8326,748,75,8.984,90.08
40,33,4138,122,33,2.948,79.75
40,34,8291,329,2,3.968,2.412
40,35,4158,82,3,1.972,7.215
40,36,7910,242,3,3.059,3.793
40,37,4384,35,0,0.7984,0
40,38,7954,277,7,3.483,8.801
40,39,4174,132,4,3.162,9.583
40,40,7202,122,13,1.694,18.05
40,41,4920,92,1,1.87,2.033
40,42,6356,103,5,1.621,7.867
40,43,5384,143,12,2.656,22.29
40,44,5708,369,9,6.465,15.77
40,45,5532,229,6,4.14,10.85
40,46,5186,280,13,5.399,25.07
40,47,5190,233,16,4.489,30.83
40,48,5226,159,9,3.042,17.22
40,49,5172,92,4,1.779,7.734
40,50,5136,47,3,0.9151,5.841
40,51,5058,73,2,1.443,3.954
40,52,5087,61,11,1.199,21.62
40,53,4782,87,11,1.819,23
40,54,4862,49,0,1.008,0
40,55,4938,69,6,1.397,12.15
40,56,3886,60,1,1.544,2.573
40,57,5572,91,5,1.633,8.973
40,58,4028,56,7,1.39,17.38
40,59,5788,56,3,0.9675,5.183
40,60,3742,52,4,1.39,10.69
40,61,6553,52,5,0.7935,7.63
40,62,3390,26,0,0.767,0
40,63,6712,41,2,0.6108,2.98
40,64,3306,18,1,0.5445,3.025
40,65,6692,34,1,0.5081,1.494
40,66,3384,17,2,0.5024,5.91
40,67,6890,125,6,1.814,8.708
40,68,3478,39,1,1.121,2.875
40,69,6928,166,4,2.396,5.774
40,70,3450,56,1,1.623,2.899
40,71,6956,211,3,3.033,4.313
40,72,3504,47,0,1.341,0
40,73,6548,203,5,3.1,7.636
40,74,3394,90,0,2.652,0
40,75,5962,295,16,4.948,26.84
40,76,3488,315,12,9.031,34.4
40,77,4816,357,24,7.413,49.83
40,78,3728,287,15,7.698,40.24
40,79,4626,771,29,16.67,62.69
40,80,4262,688,25,16.14,58.66
40,81,4837,529,30,10.94,62.02
40,82,4994,148,3,2.964,6.007
40,83,5282,375,13,7.1,24.61
40,84,4470,197,8,4.407,17.9
40,85,4412,171,2,3.876,4.533
40,86,3014,413,27,13.7,89.58
40,87,3754,90,1,2.397,2.664
40,88,1948,31,1,1.591,5.133
40,89,2868,74,9,2.58,31.38
40,90,3316,112,11,3.378,33.17
40,91,3620,66,3,1.823,8.287
40,92,4636,176,11,3.796,23.73
40,93,2822,94,6,3.331,21.26
40,94,4570,140,6,3.063,13.13
40,95,2742,45,0,1.641,0
40,96,4570,111,5,2.429,10.94
40,97,2110,65,5,3.081,23.7
40,98,4076,174,14,4.269,34.35
40,99,1856,55,5,2.963,26.94
40,100,4138,258,13,6.235,31.42
40,101,2270,43,1,1.894,4.405
40,102,4398,145,9,3.297,20.46
40,103,2128,49,5,2.303,23.5
40,104,2762,145,4,5.25,14.48
40,105,664,52,1,7.831,15.06
40,106,1899,559,207,29.44,1090
40,107,1206,478,69,39.64,572.1
40,108,1630,332,26,20.37,159.5
40,109,446,24,0,5.381,0
40,110,1920,200,18,10.42,93.75
40,111,1452,205,3,14.12,20.66
40,112,3506,406,14,11.58,39.93
40,113,1852,56,1,3.024,5.4
40,114,3644,168,17,4.61,46.65
40,115,2190,277,42,12.65,191.8
40,116,3060,756,29,24.71,94.77
40,117,1482,210,29,14.17,195.7
40,118,2254,265,4,11.76,17.75
40,119,1408,113,6,8.026,42.61
40,120,2868,519,35,18.1,122
40,121,1950,111,0,5.692,0
40,122,3344,312,14,9.33,41.87
40,123,1984,95,7,4.788,35.28
40,124,1832,131,7,7.151,38.21
40,125,462,66,3,14.29,64.94
40,126,828,27,0,3.261,0
40,127,1154,44,3,3.813,26
40,128,1100,15,0,1.364,0
40,129,836,45,4,5.383,47.85
40,130,198,5,0,2.525,0
40,131,198,3,0,1.515,0
40,135,12,0,0,0,0
40,136,12,0,0,0,0
40,137,360,7,1,1.944,27.78
40,138,354,1,0,0.2825,0
40,139,2430,106,10,4.362,41.15
40,140,2070,35,6,1.691,28.99
40,141,2418,92,5,3.805,20.68
40,142,348,0,0,0,0
40,143,348,2,0,0.5747,0
40,149,12,0,0,0,0
40,150,10,0,0,0,0
40,151,12,0,0,0,0
40,152,16,0,0,0,0
40,153,18,0,0,0,0
40,154,4,0,0,0,0
40,155,4,0,0,0,0
40,161,2,0,0,0,0
40,162,20,0,0,0,0
40,163,10,0,0,0,0
40,164,30,2,0,6.667,0
40,165,22,1,0,4.545,0
40,166,14,1,0,7.143,0
40,167,4,0,0,0,0
40,168,6,0,0,0,0
40,172,2,0,0,0,0
40,174,12,0,0,0,0
40,175,6,0,0,0,0
40,176,14,0,0,0,0
40,177,14,0,0,0,0
40,178,10,0,0,0,0
41,-174,8,0,0,0,0
41,-173,2,0,0,0,0
41,-172,10,0,0,0,0
41,-171,6,0,0,0,0
41,-170,2,0,0,0,0
41,-130,48,0,0,0,0
41,-129,158,0,0,0,0
41,-128,198,0,0,0,0
41,-127,1880,3,0,0.1596,0
41,-126,3594,4,1,0.1113,2.782
41,-125,5478,111,0,2.026,0
41,-124,5760,142,10,2.465,17.36
41,-123,5962,11,0,0.1845,0
41,-122,5254,31,1,0.59,1.903
41,-121,5428,51,0,0.9396,0
41,-120,5504,5,0,0.09084,0
41,-119,3554,0,0,0,0
41,-118,4594,2,0,0.04354,0
41,-117,2928,5,0,0.1708,0
41,-116,4394,11,0,0.2503,0
41,-115,2604,5,1,0.192,3.84
41,-114,3490,2,0,0.05731,0
41,-113,2324,1,0,0.04303,0
41,-112,2656,3,0,0.113,0
41,-111,2948,1,0,0.03392,0
41,-110,2524,4,1,0.1585,3.962
41,-109,3366,41,0,1.218,0
41,-108,2726,14,0,0.5136,0
41,-107,4170,2,0,0.04796,0
41,-106,3764,88,0,2.338,0
41,-105,4438,86,0,1.938,0
41,-104,4604,89,2,1.933,4.344
41,-103,4686,25,0,0.5335,0
41,-102,4500,54,0,1.2,0
41,-101,4496,7,2,0.1557,4.448
41,-100,4912,16,3,0.3257,6.107
41,-99,3220,14,2,0.4348,6.211
41,-98,3241,70,1,2.16,3.085
41,-97,1574,16,1,1.017,6.353
41,-96,2836,15,0,0.5289,0
41,-95,1380,22,1,1.594,7.246
41,-94,2664,23,0,0.8634,0
41,-93,1284,18,0,1.402,0
41,-92,2936,96,1,3.27,3.406
41,-91,1638,59,0,3.602,0
41,-90,1904,142,0,7.458,0
41,-89,40,0,0,0,0
41,-88,1808,74,2,4.093,11.06
41,-87,1742,67,1,3.846,5.741
41,-86,2872,107,2,3.726,6.964
41,-85,1260,7,0,0.5556,0
41,-84,2976,63,1,2.117,3.36
41,-83,1308,18,1,1.376,7.645
41,-82,2750,57,2,2.073,7.273
41,-81,1534,15,0,0.9778,0
41,-80,2276,36,0,1.582,0
41,-79,1810,1,0,0.05525,0
41,-78,1874,15,1,0.8004,5.336
41,-77,2760,62,2,2.246,7.246
41,-76,1804,35,1,1.94,5.543
41,-75,3672,42,0,1.144,0
41,-74,2948,32,1,1.085,3.392
41,-73,4088,21,0,0.5137,0
41,-72,3128,217,6,6.937,19.18
41,-71,3650,249,14,6.822,38.36
41,-70,2618,15,0,0.573,0
41,-69,3904,2,1,0.05123,2.561
41,-68,2416,7,0,0.2897,0
41,-67,2174,4,0,0.184,0
41,-66,706,52,0,7.365,0
41,-65,2188,2,0,0.09141,0
41,-64,2342,27,0,1.153,0
41,-63,3740,3,0,0.08021,0
41,-62,2008,4,0,0.1992,0
41,-61,3368,2,0,0.05938,0
41,-60,1676,0,0,0,0
41,-59,3404,0,0,0,0
41,-58,2066,0,0,0,0
41,-57,1522,0,0,0,0
41,-56,88,0,0,0,0
41,-55,20,0,0,0,0
41,-54,56,2,0,3.571,0
41,-53,82,0,0,0,0
41,-52,299,2,0,0.6689,0
41,-51,388,0,0,0,0
41,-50,412,0,0,0,0
41,-49,28,0,0,0,0
41,-48,32,0,0,0,0
41,-47,24,0,0,0,0
41,-46,24,0,0,0,0
41,-45,2,0,0,0,0
41,-42,10,0,0,0,0
41,-41,10,0,0,0,0
41,-40,10,0,0,0,0
41,-39,10,0,0,0,0
41,-38,2376,2,0,0.08418,0
41,-37,1972,2,0,0.1014,0
41,-36,4764,1,0,0.02099,0
41,-35,4366,3,0,0.06871,0
41,-34,6452,4,0,0.062,0
41,-33,4376,3,0,0.06856,0
41,-32,4268,2,0,0.04686,0
41,-31,4320,0,0,0,0
41,-30,4032,1,0,0.0248,0
41,-29,4086,4,0,0.0979,0
41,-28,6038,7,0,0.1159,0
41,-27,6888,3,0,0.04355,0
41,-26,8148,0,0,0,0
41,-25,7110,2,0,0.02813,0
41,-24,8874,7,0,0.07888,0
41,-23,8020,5,0,0.06234,0
41,-22,6806,3,0,0.04408,0
41,-21,5136,3,0,0.05841,0
41,-20,3914,3,0,0.07665,0
41,-19,3194,2,0,0.06262,0
41,-18,1454,3,0,0.2063,0
41,-17,3834,3,0,0.07825,0
41,-16,4710,3,0,0.06369,0
41,-15,4960,2,0,0.04032,0
41,-14,4432,3,0,0.06769,0
41,-13,4494,6,0,0.1335,0
41,-12,6186,3,0,0.0485,0
41,-11,5904,14,3,0.2371,5.081
41,-10,5404,18,4,0.3331,7.402
41,-9,5918,14,1,0.2366,1.69
41,-8,5146,4,0,0.07773,0
41,-7,6884,4,0,0.05811,0
41,-6,4524,8,0,0.1768,0
41,-5,6960,20,1,0.2874,1.437
41,-4,4574,62,0,1.355,0
41,-3,7124,15,0,0.2106,0
41,-2,4722,36,0,0.7624,0
41,-1,6256,46,2,0.7353,3.197
41,0,5802,64,1,1.103,1.724
41,1,6238,192,3,3.078,4.809
41,2,6214,266,4,4.281,6.437
41,3,6210,60,0,0.9662,0
41,4,6210,37,2,0.5958,3.221
41,5,6232,31,0,0.4974,0
41,6,6216,31,0,0.4987,0
41,7,6198,32,3,0.5163,4.84
41,8,6220,33,0,0.5305,0
41,9,6240,193,2,3.093,3.205
41,10,6232,56,2,0.8986,3.209
41,11,6224,65,5,1.044,8.033
41,12,6248,291,8,4.657,12.8
41,13,6172,279,19,4.52,30.78
41,14,6147,1076,4,17.5,6.507
41,15,6228,514,39,8.253,62.62
41,16,6186,216,23,3.492,37.18
41,17,6240,81,5,1.298,8.013
41,18,6186,82,5,1.326,8.083
41,19,6282,216,3,3.438,4.776
41,20,6234,247,1,3.962,1.604
41,21,6254,165,2,2.638,3.198
41,22,6322,94,7,1.487,11.07
41,23,5840,41,6,0.7021,10.27
41,24,6070,83,2,1.367,3.295
41,25,5714,109,8,1.908,14
41,26,6286,163,23,2.593,36.59
41,27,5020,223,6,4.442,11.95
41,28,6588,440,5,6.679,7.59
41,29,4546,165,2,3.63,4.399
41,30,6820,327,4,4.795,5.865
41,31,4458,183,3,4.105,6.729
41,32,6229,129,7,2.071,11.24
41,33,5238,73,5,1.394,9.546
41,34,6190,128,2,2.068,3.231
41,35,5580,173,7,3.1,12.54
41,36,6492,269,1,4.144,1.54
41,37,5952,117,3,1.966,5.04
41,38,6214,226,2,3.637,3.219
41,39,6426,129,21,2.007,32.68
41,40,6240,85,3,1.362,4.808
41,41,6192,126,5,2.035,8.075
41,42,6156,208,17,3.379,27.62
41,43,6126,69,6,1.126,9.794
41,44,5838,463,19,7.931,32.55
41,45,5520,207,11,3.75,19.93
41,46,5184,124,5,2.392,9.645
41,47,5190,96,7,1.85,13.49
41,48,5510,115,6,2.087,10.89
41,49,5172,80,12,1.547,23.2
41,50,5136,39,3,0.7593,5.841
41,51,5078,43,1,0.8468,1.969
41,52,5088,29,6,0.57,11.79
41,53,5058,100,11,1.977,21.75
41,54,5118,51,5,0.9965,9.769
41,55,5196,80,16,1.54,30.79
41,56,4972,91,3,1.83,6.034
41,57,4968,78,12,1.57,24.15
41,58,5484,64,8,1.167,14.59
41,59,5190,79,9,1.522,17.34
41,60,5202,41,7,0.7882,13.46
41,61,4830,51,4,1.056,8.282
41,62,5118,36,2,0.7034,3.908
41,63,4878,41,2,0.8405,4.1
41,64,4258,36,0,0.8455,0
41,65,4894,34,2,0.6947,4.087
41,66,3898,24,0,0.6157,0
41,67,5306,23,4,0.4335,7.539
41,68,4354,115,0,2.641,0
41,69,5502,79,22,1.436,39.99
41,70,4146,29,0,0.6995,0
41,71,5532,34,1,0.6146,1.808
41,72,4976,14,0,0.2814,0
41,73,5212,23,0,0.4413,0
41,74,4854,21,0,0.4326,0
41,75,5076,72,2,1.418,3.94
41,76,4798,206,12,4.293,25.01
41,77,4896,120,2,2.451,4.085
41,78,4558,205,14,4.498,30.72
41,79,4550,838,200,18.42,439.6
41,80,3424,1360,260,39.72,759.3
41,81,4006,492,124,12.28,309.5
41,82,2432,160,2,6.579,8.224
41,83,3770,429,11,11.38,29.18
41,84,2288,300,13,13.11,56.82
41,85,3672,611,74,16.64,201.5
41,86,2292,656,144,28.62,628.3
41,87,3750,121,4,3.227,10.67
41,88,2226,46,4,2.066,17.97
41,89,2886,38,2,1.317,6.93
41,90,2800,20,0,0.7143,0
41,91,3688,65,4,1.762,10.85
41,92,4226,82,2,1.94,4.733
41,93,3450,60,1,1.739,2.899
41,94,4062,49,3,1.206,7.386
41,95,3024,49,2,1.62,6.614
41,96,3542,49,2,1.383,5.647
41,97,2688,39,6,1.451,22.32
41,98,3134,101,3,3.223,9.572
41,99,2094,75,4,3.582,19.1
41,100,3418,104,12,3.043,35.11
41,101,2422,71,1,2.931,4.129
41,102,3180,217,56,6.824,176.1
41,103,2462,93,3,3.777,12.19
41,104,2244,114,6,5.08,26.74
41,105,1524,37,3,2.428,19.69
41,106,1698,204,11,12.01,64.78
41,107,1534,181,17,11.8,110.8
41,108,1804,212,4,11.75,22.17
41,109,746,33,0,4.424,0
41,110,1958,147,17,7.508,86.82
41,111,1556,210,17,13.5,109.3
41,112,3060,400,124,13.07,405.2
41,113,1836,47,1,2.56,5.447
41,114,3594,393,51,10.93,141.9
41,115,2244,282,2,12.57,8.913
41,116,3040,293,3,9.638,9.868
41,117,1460,37,4,2.534,27.4
41,118,2258,178,18,7.883,79.72
41,119,1386,232,14,16.74,101
41,120,1792,601,194,33.54,1083
41,121,1140,79,3,6.93,26.32
41,122,2270,138,3,6.079,13.22
41,123,2380,128,9,5.378,37.82
41,124,2684,73,3,2.72,11.18
41,125,1086,32,2,2.947,18.42
41,126,1148,83,0,7.23,0
41,127,1230,106,28,8.618,227.6
41,128,1872,126,8,6.731,42.74
41,129,1178,30,2,2.547,16.98
41,130,726,10,0,1.377,0
41,131,198,3,0,1.515,0
41,133,6,0,0,0,0
41,135,10,0,0,0,0
41,136,166,1,0,0.6024,0
41,137,320,1,0,0.3125,0
41,138,470,5,0,1.064,0
41,139,1734,30,8,1.73,46.14
41,140,1682,22,3,1.308,17.84
41,141,1854,17,1,0.9169,5.394
41,142,2640,33,1,1.25,3.788
41,143,1800,21,4,1.167,22.22
41,144,1906,23,1,1.207,5.247
41,145,754,7,0,0.9284,0
41,146,828,6,0,0.7246,0
41,149,10,0,0,0,0
41,150,12,0,0,0,0
41,151,20,0,0,0,0
41,152,14,0,0,0,0
41,153,20,0,0,0,0
41,154,14,0,0,0,0
41,155,18,0,0,0,0
41,162,12,0,0,0,0
41,163,14,0,0,0,0
41,164,24,0,0,0,0
41,165,18,0,0,0,0
41,166,24,2,0,8.333,0
41,167,8,0,0,0,0
41,168,12,1,0,8.333,0
41,172,10,0,0,0,0
41,173,12,0,0,0,0
41,174,12,0,0,0,0
41,175,12,0,0,0,0
41,176,12,0,0,0,0
41,177,8,0,0,0,0
41,178,10,0,0,0,0
42,-174,10,0,0,0,0
42,-173,10,0,0,0,0
42,-172,10,0,0,0,0
42,-171,10,0,0,0,0
42,-170,12,0,0,0,0
42,-130,48,0,0,0,0
42,-129,76,0,0,0,0
42,-128,144,0,0,0,0
42,-127,1804,3,1,0.1663,5.543
42,-126,3720,11,2,0.2957,5.376
42,-125,5503,0,0,0,0
42,-124,4916,21,0,0.4272,0
42,-123,6312,24,4,0.3802,6.337
42,-122,4200,10,0,0.2381,0
42,-121,6396,18,1,0.2814,1.563
42,-120,4060,5,0,0.1232,0
42,-119,5338,0,0,0,0
42,-118,1854,1,0,0.05394,0
42,-117,5466,13,0,0.2378,0
42,-116,3732,113,2,3.028,5.359
42,-115,5438,998,67,18.35,123.2
42,-114,1974,283,16,14.34,81.05
42,-113,3818,45,2,1.179,5.238
42,-112,2204,3,0,0.1361,0
42,-111,3930,2,0,0.05089,0
42,-110,2148,1,0,0.04655,0
42,-109,3805,66,1,1.735,2.628
42,-108,2102,18,0,0.8563,0
42,-107,3858,10,0,0.2592,0
42,-106,2188,29,0,1.325,0
42,-105,4142,143,14,3.452,33.8
42,-104,2990,21,0,0.7023,0
42,-103,4847,2,0,0.04126,0
42,-102,4316,2,0,0.04634,0
42,-101,4488,28,1,0.6239,2.228
42,-100,4638,18,2,0.3881,4.312
42,-99,3502,15,0,0.4283,0
42,-98,2984,212,6,7.105,20.11
42,-97,1578,28,1,1.774,6.337
42,-96,3366,66,4,1.961,11.88
42,-95,1460,6,1,0.411,6.849
42,-94,2962,51,7,1.722,23.63
42,-93,1484,60,1,4.043,6.739
42,-92,3134,109,10,3.478,31.91
42,-91,1696,0,0,0,0
42,-90,1744,59,4,3.383,22.94
42,-89,48,0,0,0,0
42,-88,1620,36,2,2.222,12.35
42,-87,1660,3,0,0.1807,0
42,-86,2188,8,0,0.3656,0
42,-85,526,1,0,0.1901,0
42,-84,2130,59,0,2.77,0
42,-83,1812,25,4,1.38,22.08
42,-82,3078,24,2,0.7797,6.498
42,-81,1518,4,0,0.2635,0
42,-80,3068,30,0,0.9778,0
42,-79,1554,13,0,0.8366,0
42,-78,3278,22,4,0.6711,12.2
42,-77,1722,67,6,3.891,34.84
42,-76,3504,87,7,2.483,19.98
42,-75,1720,66,2,3.837,11.63
42,-74,3986,46,7,1.154,17.56
42,-73,2792,112,13,4.011,46.56
42,-72,3718,1089,201,29.29,540.6
42,-71,2714,727,44,26.79,162.1
42,-70,3302,63,0,1.908,0
42,-69,2966,13,0,0.4383,0
42,-68,2584,24,0,0.9288,0
42,-67,2284,38,0,1.664,0
42,-66,922,4,0,0.4338,0
42,-65,2334,3,0,0.1285,0
42,-64,2338,0,0,0,0
42,-63,3670,4,0,0.109,0
42,-62,1970,4,0,0.203,0
42,-61,3554,0,0,0,0
42,-60,1668,0,0,0,0
42,-59,3420,0,0,0,0
42,-58,1804,0,0,0,0
42,-57,2392,0,0,0,0
42,-56,638,0,0,0,0
42,-55,302,0,0,0,0
42,-54,1070,5,0,0.4673,0
42,-53,1078,1,0,0.09276,0
42,-52,2862,1,0,0.03494,0
42,-51,2096,1,0,0.04771,0
42,-50,1698,0,0,0,0
42,-49,696,0,0,0,0
42,-48,32,0,0,0,0
42,-47,36,0,0,0,0
42,-46,22,0,0,0,0
42,-45,6,0,0,0,0
42,-44,8,0,0,0,0
42,-42,12,0,0,0,0
42,-41,12,0,0,0,0
42,-40,12,0,0,0,0
42,-39,12,0,0,0,0
42,-38,1588,0,0,0,0
42,-37,2754,4,0,0.1452,0
42,-36,2882,1,0,0.0347,0
42,-35,5452,1,0,0.01834,0
42,-34,4270,6,0,0.1405,0
42,-33,6762,3,0,0.04437,0
42,-32,2912,2,0,0.06868,0
42,-31,5642,3,0,0.05317,0
42,-30,2554,0,0,0,0
42,-29,6074,8,0,0.1317,0
42,-28,4300,1,0,0.02326,0
42,-27,6544,1,0,0.01528,0
42,-26,7520,0,0,0,0
42,-25,8516,2,0,0.02349,0
42,-24,8694,3,0,0.03451,0
42,-23,6146,3,1,0.04881,1.627
42,-22,4912,3,1,0.06107,2.036
42,-21,3544,4,0,0.1129,0
42,-20,3964,7,1,0.1766,2.523
42,-19,1670,0,0,0,0
42,-18,1686,0,0,0,0
42,-17,3504,0,0,0,0
42,-16,4074,1,0,0.02455,0
42,-15,3818,1,0,0.02619,0
42,-14,5590,2,0,0.03578,0
42,-13,4084,5,0,0.1224,0
42,-12,5740,10,3,0.1742,5.226
42,-11,4460,10,2,0.2242,4.484
42,-10,7530,29,2,0.3851,2.656
42,-9,4448,32,1,0.7194,2.248
42,-8,7610,30,0,0.3942,0
42,-7,4278,59,0,1.379,0
42,-6,7904,10,0,0.1265,0
42,-5,3862,10,0,0.2589,0
42,-4,8236,88,1,1.068,1.214
42,-3,4122,13,1,0.3154,2.426
42,-2,7610,71,0,0.933,0
42,-1,4466,15,0,0.3359,0
42,0,6882,10,0,0.1453,0
42,1,5134,13,1,0.2532,1.948
42,2,6494,112,2,1.725,3.08
42,3,5518,244,1,4.422,1.812
42,4,6888,40,1,0.5807,1.452
42,5,5646,58,12,1.027,21.25
42,6,6316,77,10,1.219,15.83
42,7,6402,42,5,0.656,7.81
42,8,6204,35,4,0.5642,6.447
42,9,6242,43,2,0.6889,3.204
42,10,6513,99,1,1.52,1.535
42,11,6228,183,4,2.938,6.423
42,12,6151,463,5,7.527,8.129
42,13,6134,584,4,9.521,6.521
42,14,6119,229,2,3.742,3.269
42,15,6228,77,9,1.236,14.45
42,16,6186,52,0,0.8406,0
42,17,6240,36,1,0.5769,1.603
42,18,6184,180,1,2.911,1.617
42,19,6294,44,0,0.6991,0
42,20,5552,103,5,1.855,9.006
42,21,6910,132,0,1.91,0
42,22,5366,128,3,2.385,5.591
42,23,6478,291,3,4.492,4.631
42,24,4683,109,0,2.328,0
42,25,7226,157,0,2.173,0
42,26,4040,65,5,1.609,12.38
42,27,7870,155,2,1.97,2.541
42,28,4086,16,0,0.3916,0
42,29,8220,94,5,1.144,6.083
42,30,4140,94,1,2.271,2.415
42,31,8162,108,3,1.323,3.676
42,32,4231,80,0,1.891,0
42,33,7686,199,22,2.589,28.62
42,34,4108,58,4,1.412,9.737
42,35,8022,183,15,2.281,18.7
42,36,4452,59,11,1.325,24.71
42,37,6892,67,3,0.9721,4.353
42,38,4836,54,3,1.117,6.203
42,39,6578,96,3,1.459,4.561
42,40,5540,82,4,1.48,7.22
42,41,6746,146,5,2.164,7.412
42,42,5884,293,14,4.98,23.79
42,43,6224,140,4,2.249,6.427
42,44,5838,292,17,5.002,29.12
42,45,5526,213,20,3.855,36.19
42,46,5192,161,10,3.101,19.26
42,47,5284,292,22,5.526,41.64
42,48,5226,159,7,3.042,13.39
42,49,5440,122,9,2.243,16.54
42,50,5136,20,2,0.3894,3.894
42,51,5058,30,4,0.5931,7.908
42,52,5106,52,3,1.018,5.875
42,53,5058,127,4,2.511,7.908
42,54,5118,39,4,0.762,7.816
42,55,4346,60,6,1.381,13.81
42,56,5280,98,10,1.856,18.94
42,57,4170,66,4,1.583,9.592
42,58,5664,98,7,1.73,12.36
42,59,3748,55,3,1.467,8.004
42,60,6074,70,3,1.152,4.939
42,61,3480,42,5,1.207,14.37
42,62,6226,59,5,0.9476,8.031
42,63,3386,49,0,1.447,0
42,64,6708,36,4,0.5367,5.963
42,65,3318,24,1,0.7233,3.014
42,66,6820,51,2,0.7478,2.933
42,67,3462,17,0,0.491,0
42,68,6979,52,5,0.7451,7.164
42,69,3363,99,0,2.944,0
42,70,6338,93,3,1.467,4.733
42,71,3488,100,0,2.867,0
42,72,6176,64,0,1.036,0
42,73,4382,19,0,0.4336,0
42,74,5444,415,4,7.623,7.348
42,75,4479,42,0,0.9377,0
42,76,5154,36,0,0.6985,0
42,77,4986,45,0,0.9025,0
42,78,3316,36,1,1.086,3.016
42,79,3522,184,3,5.224,8.518
42,80,2008,86,5,4.283,24.9
42,81,3598,340,7,9.45,19.46
42,82,2238,76,2,3.396,8.937
42,83,3786,147,3,3.883,7.924
42,84,2312,139,6,6.012,25.95
42,85,3672,372,20,10.13,54.47
42,86,2304,288,28,12.5,121.5
42,87,4052,424,19,10.46,46.89
42,88,2250,105,2,4.667,8.889
42,89,2888,49,3,1.697,10.39
42,90,2690,16,0,0.5948,0
42,91,3456,39,5,1.128,14.47
42,92,3588,160,6,4.459,16.72
42,93,3658,478,54,13.07,147.6
42,94,3320,97,7,2.922,21.08
42,95,3276,137,8,4.182,24.42
42,96,2700,133,3,4.926,11.11
42,97,3280,99,4,3.018,12.2
42,98,2050,102,7,4.976,34.15
42,99,3672,136,9,3.704,24.51
42,100,1930,18,1,0.9326,5.181
42,101,3994,68,3,1.703,7.511
42,102,2384,22,0,0.9228,0
42,103,3566,133,6,3.73,16.83
42,104,1450,16,2,1.103,13.79
42,105,2596,114,4,4.391,15.41
42,106,1032,47,1,4.554,9.69
42,107,1810,103,2,5.691,11.05
42,108,1142,35,3,3.065,26.27
42,109,1484,41,1,2.763,6.739
42,110,1454,38,2,2.613,13.76
42,111,2206,110,4,4.986,18.13
42,112,2448,66,1,2.696,4.085
42,113,2240,60,3,2.679,13.39
42,114,3264,96,2,2.941,6.127
42,115,2188,133,13,6.079,59.41
42,116,3132,287,9,9.163,28.74
42,117,1422,30,1,2.11,7.032
42,118,1320,64,2,4.848,15.15
42,119,702,14,1,1.994,14.25
42,120,692,95,6,13.73,86.71
42,121,360,22,1,6.111,27.78
42,122,200,10,0,5,0
42,123,1650,42,2,2.545,12.12
42,124,1500,62,5,4.133,33.33
42,125,1766,122,0,6.908,0
42,126,996,93,7,9.337,70.28
42,127,1156,52,3,4.498,25.95
42,128,2612,63,1,2.412,3.828
42,129,1962,26,0,1.325,0
42,130,1854,229,17,12.35,91.69
42,131,142,4,0,2.817,0
42,132,150,37,5,24.67,333.3
42,133,196,7,2,3.571,102
42,134,364,32,3,8.791,82.42
42,135,234,0,0,0,0
42,136,644,14,2,2.174,31.06
42,137,276,1,0,0.3623,0
42,138,718,11,0,1.532,0
42,139,368,3,0,0.8152,0
42,140,2418,105,4,4.342,16.54
42,141,2050,28,1,1.366,4.878
42,142,4018,78,4,1.941,9.955
42,143,2076,14,0,0.6744,0
42,144,3966,114,6,2.874,15.13
42,145,2304,22,0,0.9549,0
42,146,1890,22,2,1.164,10.58
42,147,102,2,0,1.961,0
42,150,18,0,0,0,0
42,151,22,0,0,0,0
42,152,24,0,0,0,0
42,153,14,0,0,0,0
42,154,22,0,0,0,0
42,155,10,0,0,0,0
42,162,10,0,0,0,0
42,163,12,0,0,0,0
42,164,18,0,0,0,0
42,165,18,0,0,0,0
42,166,14,0,0,0,0
42,167,6,0,0,0,0
42,168,2,0,0,0,0
42,172,12,0,0,0,0
42,173,10,0,0,0,0
42,174,12,0,0,0,0
42,175,12,0,0,0,0
42,176,12,0,0,0,0
43,-180,4,0,0,0,0
43,-179,10,0,0,0,0
43,-174,12,0,0,0,0
43,-173,12,0,0,0,0
43,-172,12,0,0,0,0
43,-171,12,0,0,0,0
43,-170,10,0,0,0,0
43,-130,48,0,0,0,0
43,-129,24,0,0,0,0
43,-128,64,0,0,0,0
43,-127,1450,0,0,0,0
43,-126,2016,1,0,0.0496,0
43,-125,4634,2,0,0.04316,0
43,-124,3790,3,0,0.07916,0
43,-123,6918,29,0,0.4192,0
43,-122,3693,12,2,0.3249,5.416
43,-121,7232,15,3,0.2074,4.148
43,-120,3610,32,0,0.8864,0
43,-119,5684,35,2,0.6158,3.519
43,-118,2330,85,1,3.648,4.292
43,-117,5944,1176,64,19.78,107.7
43,-116,3804,157,1,4.127,2.629
43,-115,6050,204,0,3.372,0
43,-114,1974,6,0,0.304,0
43,-113,4014,244,1,6.079,2.491
43,-112,2040,128,1,6.275,4.902
43,-111,4098,3,1,0.07321,2.44
43,-110,2056,1,0,0.04864,0
43,-109,4046,6,0,0.1483,0
43,-108,1992,0,0,0,0
43,-107,4040,22,2,0.5446,4.95
43,-106,2092,4,0,0.1912,0
43,-105,5056,13,0,0.2571,0
43,-104,3454,1,0,0.02895,0
43,-103,5556,4,0,0.07199,0
43,-102,3334,1,0,0.02999,0
43,-101,4198,2,0,0.04764,0
43,-100,2722,0,0,0,0
43,-99,1808,3,0,0.1659,0
43,-98,1400,1,1,0.07143,7.143
43,-97,782,24,0,3.069,0
43,-96,1084,11,0,1.015,0
43,-95,1348,10,0,0.7418,0
43,-94,2242,31,0,1.383,0
43,-93,1448,37,0,2.555,0
43,-92,2977,119,2,3.997,6.718
43,-91,1658,2,0,0.1206,0
43,-90,2176,0,0,0,0
43,-89,350,0,0,0,0
43,-88,1838,0,0,0,0
43,-87,1566,2,0,0.1277,0
43,-86,1856,5,0,0.2694,0
43,-85,356,0,0,0,0
43,-84,2106,71,0,3.371,0
43,-83,1830,46,4,2.514,21.86
43,-82,3258,10,0,0.3069,0
43,-81,1518,31,0,2.042,0
43,-80,3072,249,8,8.105,26.04
43,-79,1554,5,0,0.3218,0
43,-78,3282,35,3,1.066,9.141
43,-77,1728,78,22,4.514,127.3
43,-76,3256,126,24,3.87,73.71
43,-75,1532,12,0,0.7833,0
43,-74,4284,20,3,0.4669,7.003
43,-73,2640,31,2,1.174,7.576
43,-72,4928,220,15,4.464,30.44
43,-71,2152,18,1,0.8364,4.647
43,-70,4414,18,4,0.4078,9.062
43,-69,2440,14,0,0.5738,0
43,-68,3601,33,0,0.9164,0
43,-67,2008,26,0,1.295,0
43,-66,3538,103,1,2.911,2.826
43,-65,1736,5,0,0.288,0
43,-64,3548,19,0,0.5355,0
43,-63,2534,4,0,0.1579,0
43,-62,2200,0,0,0,0
43,-61,2654,1,0,0.03768,0
43,-60,1968,1,0,0.05081,0
43,-59,3078,0,0,0,0
43,-58,2172,0,0,0,0
43,-57,3862,0,0,0,0
43,-56,2289,0,0,0,0
43,-55,4188,0,0,0,0
43,-54,2080,3,0,0.1442,0
43,-53,3774,0,0,0,0
43,-52,2856,0,0,0,0
43,-51,3650,2,0,0.05479,0
43,-50,1980,1,0,0.05051,0
43,-49,2000,2,0,0.1,0
43,-48,38,0,0,0,0
43,-47,46,0,0,0,0
43,-46,16,0,0,0,0
43,-45,20,0,0,0,0
43,-44,14,0,0,0,0
43,-43,18,0,0,0,0
43,-42,8,0,0,0,0
43,-41,16,0,0,0,0
43,-40,10,0,0,0,0
43,-39,14,0,0,0,0
43,-38,20,0,0,0,0
43,-37,3148,4,0,0.1271,0
43,-36,2082,0,0,0,0
43,-35,4860,3,0,0.06173,0
43,-34,3502,4,0,0.1142,0
43,-33,6184,5,0,0.08085,0
43,-32,3998,0,0,0,0
43,-31,6340,4,0,0.06309,0
43,-30,4342,3,0,0.06909,0
43,-29,6078,6,0,0.09872,0
43,-28,2034,0,0,0,0
43,-27,4196,0,0,0,0
43,-26,4470,0,0,0,0
43,-25,6261,2,0,0.03194,0
43,-24,8072,3,0,0.03717,0
43,-23,6250,3,0,0.048,0
43,-22,6396,2,0,0.03127,0
43,-21,3464,2,0,0.05774,0
43,-20,3290,0,0,0,0
43,-19,2010,1,0,0.04975,0
43,-18,1240,0,0,0,0
43,-17,1582,2,0,0.1264,0
43,-16,3050,3,0,0.09836,0
43,-15,2954,7,0,0.237,0
43,-14,4810,8,0,0.1663,0
43,-13,2430,2,0,0.0823,0
43,-12,6544,12,0,0.1834,0
43,-11,4126,2,0,0.04847,0
43,-10,8270,14,4,0.1693,4.837
43,-9,4154,3,0,0.07222,0
43,-8,8308,22,1,0.2648,1.204
43,-7,4158,11,0,0.2646,0
43,-6,8306,48,1,0.5779,1.204
43,-5,4154,18,0,0.4333,0
43,-4,8318,157,1,1.887,1.202
43,-3,4164,6,2,0.1441,4.803
43,-2,8602,43,1,0.4999,1.163
43,-1,4152,3,0,0.07225,0
43,0,8326,30,2,0.3603,2.402
43,1,4174,10,0,0.2396,0
43,2,7892,25,2,0.3168,2.534
43,3,4504,9,1,0.1998,2.22
43,4,7606,180,0,2.367,0
43,5,4492,108,2,2.404,4.452
43,6,7648,77,15,1.007,19.61
43,7,4250,36,1,0.8471,2.353
43,8,6880,45,6,0.6541,8.721
43,9,5006,65,10,1.298,19.98
43,10,6372,413,20,6.481,31.39
43,11,5694,401,9,7.043,15.81
43,12,6128,928,5,15.14,8.159
43,13,6114,902,3,14.75,4.907
43,14,5602,60,2,1.071,3.57
43,15,6600,51,6,0.7727,9.091
43,16,4664,79,7,1.694,15.01
43,17,7134,123,3,1.724,4.205
43,18,4438,26,0,0.5858,0
43,19,7572,86,0,1.136,0
43,20,4726,83,1,1.756,2.116
43,21,7917,140,3,1.768,3.789
43,22,4520,55,3,1.217,6.637
43,23,8040,349,0,4.341,0
43,24,4164,38,0,0.9126,0
43,25,8340,106,1,1.271,1.199
43,26,4192,43,0,1.026,0
43,27,8257,175,0,2.119,0
43,28,4086,55,0,1.346,0
43,29,8220,109,4,1.326,4.866
43,30,4140,68,0,1.643,0
43,31,8274,136,9,1.644,10.88
43,32,4140,72,2,1.739,4.831
43,33,8564,277,24,3.234,28.02
43,34,4139,75,5,1.812,12.08
43,35,8316,202,7,2.429,8.418
43,36,4182,86,3,2.056,7.174
43,37,8240,129,5,1.566,6.068
43,38,4208,157,11,3.731,26.14
43,39,8154,405,35,4.967,42.92
43,40,4266,156,12,3.657,28.13
43,41,7790,133,11,1.707,14.12
43,42,4168,94,6,2.255,14.4
43,43,7166,208,19,2.903,26.51
43,44,4284,182,7,4.248,16.34
43,45,6146,298,10,4.849,16.27
43,46,4750,122,9,2.568,18.95
43,47,5504,213,7,3.87,12.72
43,48,4856,150,14,3.089,28.83
43,49,4950,43,1,0.8687,2.02
43,50,5058,32,3,0.6327,5.931
43,51,4252,53,0,1.246,0
43,52,5917,55,4,0.9295,6.76
43,53,3714,26,2,0.7001,5.385
43,54,6406,119,3,1.858,4.683
43,55,3671,53,1,1.444,2.724
43,56,6414,94,11,1.466,17.15
43,57,3240,54,5,1.667,15.43
43,58,6708,103,9,1.535,13.42
43,59,3484,62,4,1.78,11.48
43,60,7030,110,8,1.565,11.38
43,61,3482,39,1,1.12,2.872
43,62,6934,72,11,1.038,15.86
43,63,3292,53,2,1.61,6.075
43,64,6504,37,3,0.5689,4.613
43,65,3238,25,0,0.7721,0
43,66,6864,62,4,0.9033,5.828
43,67,3404,83,1,2.438,2.938
43,68,6892,143,4,2.075,5.804
43,69,3496,61,1,1.745,2.86
43,70,7044,111,4,1.576,5.679
43,71,3504,40,0,1.142,0
43,72,7022,58,6,0.826,8.545
43,73,3796,79,2,2.081,5.269
43,74,6844,260,14,3.799,20.46
43,75,3334,61,0,1.83,0
43,76,6242,791,27,12.67,43.26
43,77,3122,96,1,3.075,3.203
43,78,4260,258,5,6.056,11.74
43,79,2086,65,2,3.116,9.588
43,80,2618,686,48,26.2,183.3
43,81,2460,513,52,20.85,211.4
43,82,2542,362,25,14.24,98.35
43,83,3208,319,11,9.944,34.29
43,84,2482,280,17,11.28,68.49
43,85,3488,382,7,10.95,20.07
43,86,2420,502,50,20.74,206.6
43,87,3538,684,165,19.33,466.4
43,88,2078,289,49,13.91,235.8
43,89,3024,89,3,2.943,9.921
43,90,1642,23,2,1.401,12.18
43,91,3156,34,3,1.077,9.506
43,92,2490,219,32,8.795,128.5
43,93,4926,550,39,11.17,79.17
43,94,2482,169,11,6.809,44.32
43,95,4506,157,5,3.484,11.1
43,96,1684,28,1,1.663,5.938
43,97,2768,171,12,6.178,43.35
43,98,1222,24,1,1.964,8.183
43,99,1552,92,4,5.928,25.77
43,100,638,10,1,1.567,15.67
43,101,1649,33,1,2.001,6.064
43,102,828,26,1,3.14,12.08
43,103,1063,46,3,4.327,28.22
43,104,232,1,0,0.431,0
43,105,1524,56,3,3.675,19.69
43,106,1290,21,1,1.628,7.752
43,107,1970,132,5,6.701,25.38
43,108,702,33,1,4.701,14.25
43,109,2332,88,2,3.774,8.576
43,110,1614,25,0,1.549,0
43,111,3466,125,9,3.606,25.97
43,112,1850,83,11,4.486,59.46
43,113,3190,93,11,2.915,34.48
43,114,2060,97,1,4.709,4.854
43,115,2658,67,2,2.521,7.524
43,116,1590,65,3,4.088,18.87
43,117,1090,49,0,4.495,0
43,118,998,35,0,3.507,0
43,119,284,3,0,1.056,0
43,120,190,4,0,2.105,0
43,121,274,31,4,11.31,146
43,122,208,51,20,24.52,961.5
43,123,1102,88,2,7.985,18.15
43,124,1182,174,9,14.72,76.14
43,125,1328,530,38,39.91,286.1
43,126,2030,693,222,34.14,1094
43,127,1060,46,2,4.34,18.87
43,128,2644,33,2,1.248,7.564
43,129,1748,50,2,2.86,11.44
43,130,1906,235,0,12.33,0
43,131,266,4,0,1.504,0
43,132,276,14,3,5.072,108.7
43,133,18,1,0,5.556,0
43,134,332,20,1,6.024,30.12
43,135,318,6,0,1.887,0
43,136,630,17,1,2.698,15.87
43,137,320,4,0,1.25,0
43,138,1006,16,0,1.59,0
43,139,796,4,1,0.5025,12.56
43,140,2854,39,0,1.367,0
43,141,2058,25,2,1.215,9.718
43,142,4118,47,2,1.141,4.857
43,143,2066,11,1,0.5324,4.84
43,144,4112,34,2,0.8268,4.864
43,145,2040,21,0,1.029,0
43,146,2356,13,1,0.5518,4.244
43,147,226,1,0,0.4425,0
43,148,204,0,0,0,0
43,150,10,0,0,0,0
43,151,22,0,0,0,0
43,152,20,0,0,0,0
43,153,22,0,0,0,0
43,154,22,0,0,0,0
43,155,12,0,0,0,0
43,162,2,0,0,0,0
43,171,8,0,0,0,0
43,172,2,0,0,0,0
43,173,12,0,0,0,0
43,174,10,0,0,0,0
43,175,14,0,0,0,0
43,176,6,0,0,0,0
43,177,10,0,0,0,0
43,178,6,0,0,0,0
43,179,10,0,0,0,0
44,-180,10,0,0,0,0
44,-179,12,0,0,0,0
44,-175,4,0,0,0,0
44,-174,6,0,0,0,0
44,-173,10,0,0,0,0
44,-172,10,0,0,0,0
44,-171,10,0,0,0,0
44,-170,12,0,0,0,0
44,-129,48,0,0,0,0
44,-128,1048,0,0,0,0
44,-127,814,0,0,0,0
44,-126,1918,0,0,0,0
44,-125,3892,9,1,0.2312,2.569
44,-124,3622,7,0,0.1933,0
44,-123,5712,78,1,1.366,1.751
44,-122,3732,16,0,0.4287,0
44,-121,6428,23,1,0.3578,1.556
44,-120,3714,1,0,0.02693,0
44,-119,5230,1,0,0.01912,0
44,-118,2050,3,0,0.1463,0
44,-117,5314,113,0,2.126,0
44,-116,3540,31,0,0.8757,0
44,-115,5740,11,0,0.1916,0
44,-114,1974,0,0,0,0
44,-113,4026,6,0,0.149,0
44,-112,2040,5,1,0.2451,4.902
44,-111,4098,4,0,0.09761,0
44,-110,2058,1,0,0.04859,0
44,-109,4038,3,0,0.07429,0
44,-108,1998,0,0,0,0
44,-107,3674,0,0,0,0
44,-106,2308,0,0,0,0
44,-105,4110,5,0,0.1217,0
44,-104,3418,0,0,0,0
44,-103,5728,4,0,0.06983,0
44,-102,3564,3,0,0.08418,0
44,-101,3402,2,0,0.05879,0
44,-100,2762,0,0,0,0
44,-99,1428,0,0,0,0
44,-98,1796,2,0,0.1114,0
44,-97,1310,25,0,1.908,0
44,-96,1146,22,1,1.92,8.726
44,-95,2104,118,6,5.608,28.52
44,-94,1356,21,0,1.549,0
44,-93,1694,32,0,1.889,0
44,-92,1582,0,0,0,0
44,-91,972,1,0,0.1029,0
44,-90,1030,0,0,0,0
44,-89,1290,2,0,0.155,0
44,-88,1184,0,0,0,0
44,-87,1434,3,0,0.2092,0
44,-86,1976,3,0,0.1518,0
44,-85,780,0,0,0,0
44,-84,1608,4,0,0.2488,0
44,-83,1836,0,0,0,0
44,-82,3706,6,2,0.1619,5.397
44,-81,1794,22,0,1.226,0
44,-80,3388,10,1,0.2952,2.952
44,-79,1700,1,0,0.05882,0
44,-78,3414,2,0,0.05858,0
44,-77,1744,44,0,2.523,0
44,-76,3710,52,1,1.402,2.695
44,-75,2094,17,0,0.8118,0
44,-74,5990,19,1,0.3172,1.669
44,-73,4002,47,1,1.174,2.499
44,-72,5926,145,7,2.447,11.81
44,-71,2082,7,1,0.3362,4.803
44,-70,4032,12,0,0.2976,0
44,-69,2144,3,0,0.1399,0
44,-68,4478,9,0,0.201,0
44,-67,2497,0,0,0,0
44,-66,5164,5,0,0.09682,0
44,-65,3176,6,0,0.1889,0
44,-64,4538,9,2,0.1983,4.407
44,-63,3217,2,0,0.06217,0
44,-62,4170,17,1,0.4077,2.398
44,-61,3562,6,0,0.1684,0
44,-60,4238,4,0,0.09438,0
44,-59,4148,3,0,0.07232,0
44,-58,4046,18,0,0.4449,0
44,-57,5221,1,0,0.01915,0
44,-56,4424,0,0,0,0
44,-55,5198,1,0,0.01924,0
44,-54,3576,1,0,0.02796,0
44,-53,5172,2,0,0.03867,0
44,-52,2516,1,0,0.03975,0
44,-51,5042,1,0,0.01983,0
44,-50,1966,0,0,0,0
44,-49,1968,3,0,0.1524,0
44,-48,86,0,0,0,0
44,-47,174,0,0,0,0
44,-46,154,0,0,0,0
44,-45,368,0,0,0,0
44,-44,16,0,0,0,0
44,-43,214,0,0,0,0
44,-42,16,0,0,0,0
44,-41,22,0,0,0,0
44,-40,12,0,0,0,0
44,-39,24,0,0,0,0
44,-38,2,0,0,0,0
44,-37,1372,0,0,0,0
44,-36,1484,0,0,0,0
44,-35,3392,0,0,0,0
44,-34,3204,2,0,0.06242,0
44,-33,5490,3,1,0.05464,1.821
44,-32,4406,2,0,0.04539,0
44,-31,6282,7,0,0.1114,0
44,-30,3372,2,0,0.05931,0
44,-29,4546,2,0,0.04399,0
44,-28,3638,2,0,0.05498,0
44,-27,2342,2,0,0.0854,0
44,-26,2494,0,0,0,0
44,-25,1284,1,0,0.07788,0
44,-24,2816,0,0,0,0
44,-23,2994,0,0,0,0
44,-22,3244,0,0,0,0
44,-21,3260,0,0,0,0
44,-20,3435,3,1,0.08734,2.911
44,-19,1356,1,0,0.07375,0
44,-18,1566,2,0,0.1277,0
44,-17,898,1,0,0.1114,0
44,-16,3286,4,0,0.1217,0
44,-15,3542,3,0,0.0847,0
44,-14,4402,3,0,0.06815,0
44,-13,2716,5,0,0.1841,0
44,-12,6258,13,0,0.2077,0
44,-11,4118,5,0,0.1214,0
44,-10,8272,21,3,0.2539,3.627
44,-9,4146,3,0,0.07236,0
44,-8,8593,19,4,0.2211,4.655
44,-7,4158,3,0,0.07215,0
44,-6,8338,10,1,0.1199,1.199
44,-5,4164,2,0,0.04803,0
44,-4,8324,22,1,0.2643,1.201
44,-3,4164,10,1,0.2402,2.402
44,-2,8324,16,2,0.1922,2.403
44,-1,4152,2,0,0.04817,0
44,0,7950,30,4,0.3774,5.031
44,1,4542,2,0,0.04403,0
44,2,7576,9,0,0.1188,0
44,3,4802,7,0,0.1458,0
44,4,7208,23,0,0.3191,0
44,5,5132,30,1,0.5846,1.949
44,6,7318,135,0,1.845,0
44,7,4598,130,1,2.827,2.175
44,8,6931,521,9,7.517,12.99
44,9,5090,234,5,4.597,9.823
44,10,6134,615,3,10.03,4.891
44,11,5908,501,6,8.48,10.16
44,12,6038,289,1,4.786,1.656
44,13,5782,114,2,1.972,3.459
44,14,5400,39,2,0.7222,3.704
44,15,6544,90,2,1.375,3.056
44,16,4856,73,2,1.503,4.119
44,17,7024,309,2,4.399,2.847
44,18,4850,187,0,3.856,0
44,19,7194,454,3,6.311,4.17
44,20,4872,208,0,4.269,0
44,21,7344,315,2,4.289,2.723
44,22,4516,60,0,1.329,0
44,23,7908,93,3,1.176,3.794
44,24,4274,22,0,0.5147,0
44,25,8230,287,7,3.487,8.505
44,26,4176,92,1,2.203,2.395
44,27,8256,218,14,2.641,16.96
44,28,4084,46,0,1.126,0
44,29,8218,192,17,2.336,20.69
44,30,4138,95,6,2.296,14.5
44,31,8566,230,10,2.685,11.67
44,32,4140,208,27,5.024,65.22
44,33,8282,920,273,11.11,329.6
44,34,4140,207,47,5,113.5
44,35,8020,407,45,5.075,56.11
44,36,4492,271,33,6.033,73.46
44,37,7980,598,50,7.494,62.66
44,38,4806,364,23,7.574,47.86
44,39,7210,426,43,5.908,59.64
44,40,4916,242,40,4.923,81.37
44,41,6766,398,53,5.882,78.33
44,42,4656,407,22,8.741,47.25
44,43,6294,168,20,2.669,31.78
44,44,4812,159,10,3.304,20.78
44,45,5810,94,2,1.618,3.442
44,46,5222,210,14,4.021,26.81
44,47,5852,85,4,1.452,6.835
44,48,5364,118,10,2.2,18.64
44,49,5124,52,8,1.015,15.61
44,50,5912,52,2,0.8796,3.383
44,51,4590,35,4,0.7625,8.715
44,52,6104,98,4,1.606,6.553
44,53,4416,47,5,1.064,11.32
44,54,6016,145,9,2.41,14.96
44,55,3784,59,2,1.559,5.285
44,56,5962,134,8,2.248,13.42
44,57,3816,66,8,1.73,20.96
44,58,5948,119,8,2.001,13.45
44,59,3886,74,3,1.904,7.72
44,60,6796,172,6,2.531,8.829
44,61,3498,45,1,1.286,2.859
44,62,5674,51,5,0.8988,8.812
44,63,2562,21,3,0.8197,11.71
44,64,5170,50,2,0.9671,3.868
44,65,2714,35,0,1.29,0
44,66,5682,69,4,1.214,7.04
44,67,3056,17,1,0.5563,3.272
44,68,6574,42,2,0.6389,3.042
44,69,3408,15,1,0.4401,2.934
44,70,6836,137,10,2.004,14.63
44,71,3494,18,1,0.5152,2.862
44,72,6808,104,6,1.528,8.813
44,73,3898,20,0,0.5131,0
44,74,6304,132,3,2.094,4.759
44,75,3936,148,0,3.76,0
44,76,5020,223,3,4.442,5.976
44,77,2712,79,0,2.913,0
44,78,3600,151,1,4.194,2.778
44,79,1858,78,1,4.198,5.382
44,80,3638,531,51,14.6,140.2
44,81,1886,1030,63,54.61,334
44,82,3680,1071,239,29.1,649.5
44,83,2310,782,90,33.85,389.6
44,84,3250,926,135,28.49,415.4
44,85,2492,677,66,27.17,264.8
44,86,3034,520,125,17.14,412
44,87,2524,205,44,8.122,174.3
44,88,2270,381,50,16.78,220.3
44,89,2288,63,0,2.753,0
44,90,1482,26,0,1.754,0
44,91,3192,75,3,2.35,9.398
44,92,2828,47,0,1.662,0
44,93,4580,108,5,2.358,10.92
44,94,2550,66,4,2.588,15.69
44,95,2638,62,2,2.35,7.582
44,96,294,0,0,0,0
44,97,560,46,0,8.214,0
44,98,264,5,0,1.894,0
44,99,552,28,0,5.072,0
44,100,288,0,0,0,0
44,101,1116,40,1,3.584,8.961
44,102,836,11,0,1.316,0
44,103,1080,29,0,2.685,0
44,104,252,5,0,1.984,0
44,105,1718,73,3,4.249,17.46
44,106,1290,80,0,6.202,0
44,107,1896,62,6,3.27,31.65
44,108,612,26,1,4.248,16.34
44,109,2148,55,3,2.561,13.97
44,110,1566,20,1,1.277,6.386
44,111,3334,70,2,2.1,5.999
44,112,2050,45,0,2.195,0
44,113,3622,122,2,3.368,5.522
44,114,1996,47,1,2.355,5.01
44,115,3008,114,8,3.79,26.6
44,116,1348,10,3,0.7418,22.26
44,117,1318,39,4,2.959,30.35
44,118,262,22,0,8.397,0
44,119,128,2,0,1.562,0
44,120,320,6,0,1.875,0
44,121,216,11,2,5.093,92.59
44,122,288,20,0,6.944,0
44,123,168,19,0,11.31,0
44,124,1676,53,7,3.162,41.77
44,125,1506,167,0,11.09,0
44,126,1698,241,18,14.19,106
44,127,774,8,0,1.034,0
44,128,1430,94,7,6.573,48.95
44,129,1216,52,12,4.276,98.68
44,130,1706,173,20,10.14,117.2
44,131,246,18,4,7.317,162.6
44,132,264,16,0,6.061,0
44,133,18,0,0,0,0
44,134,330,47,1,14.24,30.3
44,135,312,4,0,1.282,0
44,136,640,16,1,2.5,15.62
44,137,324,9,0,2.778,0
44,138,1742,35,1,2.009,5.741
44,139,1620,17,2,1.049,12.35
44,140,3878,73,0,1.882,0
44,141,2342,42,2,1.793,8.54
44,142,4376,50,2,1.143,4.57
44,143,2040,18,2,0.8824,9.804
44,144,4072,46,0,1.13,0
44,145,2040,14,1,0.6863,4.902
44,146,3262,33,3,1.012,9.197
44,147,2304,25,0,1.085,0
44,148,1326,10,2,0.7541,15.08
44,149,992,11,0,1.109,0
44,150,20,0,0,0,0
44,151,14,0,0,0,0
44,152,18,0,0,0,0
44,153,18,0,0,0,0
44,154,20,0,0,0,0
44,155,10,0,0,0,0
44,171,8,0,0,0,0
44,172,10,0,0,0,0
44,173,10,0,0,0,0
44,174,12,0,0,0,0
44,175,14,0,0,0,0
44,177,10,0,0,0,0
44,178,12,0,0,0,0
44,179,10,0,0,0,0
45,-180,12,0,0,0,0
45,-179,10,0,0,0,0
45,-175,2,0,0,0,0
45,-173,4,0,0,0,0
45,-172,6,0,0,0,0
45,-171,14,0,0,0,0
45,-170,2,0,0,0,0
45,-129,48,0,0,0,0
45,-128,1256,0,0,0,0
45,-127,1426,0,0,0,0
45,-126,2464,0,0,0,0
45,-125,3796,2,0,0.05269,0
45,-124,4384,11,0,0.2509,0
45,-123,5084,10,0,0.1967,0
45,-122,4266,6,0,0.1406,0
45,-121,4488,17,2,0.3788,4.456
45,-120,1578,1,0,0.06337,0
45,-119,3164,20,0,0.6321,0
45,-118,2224,0,0,0,0
45,-117,2700,0,0,0,0
45,-116,1502,4,0,0.2663,0
45,-115,2374,2,0,0.08425,0
45,-114,2138,2,0,0.09355,0
45,-113,3166,8,1,0.2527,3.159
45,-112,2753,5,0,0.1816,0
45,-111,3014,10,0,0.3318,0
45,-110,2418,0,0,0,0
45,-109,2840,11,0,0.3873,0
45,-108,2898,2,0,0.06901,0
45,-107,2788,1,0,0.03587,0
45,-106,3086,1,0,0.0324,0
45,-105,2512,1,0,0.03981,0
45,-104,3020,1,0,0.03311,0
45,-103,3598,2,0,0.05559,0
45,-102,4610,3,0,0.06508,0
45,-101,3240,2,0,0.06173,0
45,-100,3250,3,0,0.09231,0
45,-99,2044,2,0,0.09785,0
45,-98,1740,0,0,0,0
45,-97,1380,5,0,0.3623,0
45,-96,1136,0,0,0,0
45,-95,2328,31,0,1.332,0
45,-94,1208,1,0,0.08278,0
45,-93,2322,1,0,0.04307,0
45,-92,1122,0,0,0,0
45,-91,1448,1,0,0.06906,0
45,-90,350,1,0,0.2857,0
45,-89,1814,0,0,0,0
45,-88,1596,11,0,0.6892,0
45,-87,1560,38,1,2.436,6.41
45,-86,634,1,0,0.1577,0
45,-85,1712,0,0,0,0
45,-84,1504,2,0,0.133,0
45,-83,2372,1,0,0.04216,0
45,-82,2408,30,0,1.246,0
45,-81,2272,11,1,0.4842,4.401
45,-80,2430,1,0,0.04115,0
45,-79,2332,0,0,0,0
45,-78,2780,3,1,0.1079,3.597
45,-77,2592,32,0,1.235,0
45,-76,3570,167,3,4.678,8.403
45,-75,2256,143,9,6.339,39.89
45,-74,5462,147,3,2.691,5.492
45,-73,3598,12,3,0.3335,8.338
45,-72,4906,10,0,0.2038,0
45,-71,3860,11,0,0.285,0
45,-70,3840,2,0,0.05208,0
45,-69,2348,4,0,0.1704,0
45,-68,3992,7,0,0.1754,0
45,-67,3016,73,0,2.42,0
45,-66,4278,4,0,0.0935,0
45,-65,3704,2,0,0.054,0
45,-64,4586,8,0,0.1744,0
45,-63,4698,0,0,0,0
45,-62,4994,10,0,0.2002,0
45,-61,4812,6,0,0.1247,0
45,-60,4746,2,0,0.04214,0
45,-59,4608,0,0,0,0
45,-58,4918,2,0,0.04067,0
45,-57,5010,4,0,0.07984,0
45,-56,5344,9,0,0.1684,0
45,-55,5394,5,0,0.0927,0
45,-54,5298,0,0,0,0
45,-53,4620,2,0,0.04329,0
45,-52,2514,0,0,0,0
45,-51,3300,0,0,0,0
45,-50,1956,0,0,0,0
45,-49,3294,0,0,0,0
45,-48,1338,0,0,0,0
45,-47,3398,0,0,0,0
45,-46,1678,0,0,0,0
45,-45,1494,1,0,0.06693,0
45,-44,592,0,0,0,0
45,-43,438,0,0,0,0
45,-42,212,0,0,0,0
45,-41,406,0,0,0,0
45,-40,10,0,0,0,0
45,-39,24,0,0,0,0
45,-38,12,0,0,0,0
45,-37,672,1,0,0.1488,0
45,-36,562,1,0,0.1779,0
45,-35,2794,1,0,0.03579,0
45,-34,2926,3,0,0.1025,0
45,-33,4616,1,0,0.02166,0
45,-32,3886,1,0,0.02573,0
45,-31,2986,0,0,0,0
45,-30,3818,1,0,0.02619,0
45,-29,3060,2,0,0.06536,0
45,-28,2622,3,0,0.1144,0
45,-27,342,0,0,0,0
45,-26,672,1,0,0.1488,0
45,-25,330,0,0,0,0
45,-24,672,0,0,0,0
45,-23,558,0,0,0,0
45,-22,1328,0,0,0,0
45,-21,980,1,0,0.102,0
45,-20,1808,0,0,0,0
45,-19,1008,0,0,0,0
45,-18,2014,0,0,0,0
45,-17,908,0,0,0,0
45,-16,2922,2,1,0.06845,3.422
45,-15,2840,4,0,0.1408,0
45,-14,2660,5,0,0.188,0
45,-13,2668,11,0,0.4123,0
45,-12,4548,7,0,0.1539,0
45,-11,5112,14,2,0.2739,3.912
45,-10,6686,25,2,0.3739,2.991
45,-9,4738,5,0,0.1055,0
45,-8,6612,14,2,0.2117,3.025
45,-7,5836,45,0,0.7711,0
45,-6,6138,15,1,0.2444,1.629
45,-5,6100,43,0,0.7049,0
45,-4,5986,29,2,0.4845,3.341
45,-3,5232,8,0,0.1529,0
45,-2,7034,28,2,0.3981,2.843
45,-1,5230,13,0,0.2486,0
45,0,6816,197,1,2.89,1.467
45,1,5284,21,0,0.3974,0
45,2,6906,14,0,0.2027,0
45,3,4838,6,0,0.124,0
45,4,7244,23,1,0.3175,1.38
45,5,5100,295,8,5.784,15.69
45,6,6352,301,11,4.739,17.32
45,7,6124,300,0,4.899,0
45,8,6522,760,1,11.65,1.533
45,9,6502,848,1,13.04,1.538
45,10,6216,451,4,7.255,6.435
45,11,6212,852,4,13.72,6.439
45,12,6294,441,3,7.007,4.766
45,13,6204,215,0,3.466,0
45,14,6240,23,0,0.3686,0
45,15,6330,249,21,3.934,33.18
45,16,6336,222,2,3.504,3.157
45,17,6410,342,12,5.335,18.72
45,18,5822,280,3,4.809,5.153
45,19,6628,290,2,4.375,3.018
45,20,5574,105,0,1.884,0
45,21,6582,122,5,1.854,7.596
45,22,5411,33,1,0.6099,1.848
45,23,6920,56,2,0.8092,2.89
45,24,5168,70,1,1.354,1.935
45,25,6964,89,3,1.278,4.308
45,26,5118,33,1,0.6448,1.954
45,27,6346,75,2,1.182,3.152
45,28,5778,72,2,1.246,3.461
45,29,6422,92,4,1.433,6.229
45,30,5548,102,7,1.839,12.62
45,31,5897,176,11,2.985,18.65
45,32,5630,282,49,5.009,87.03
45,33,6122,474,107,7.743,174.8
45,34,5106,326,53,6.385,103.8
45,35,6742,345,84,5.117,124.6
45,36,5195,420,124,8.085,238.7
45,37,7106,507,79,7.135,111.2
45,38,5214,464,31,8.899,59.46
45,39,6568,454,47,6.912,71.56
45,40,5670,272,63,4.797,111.1
45,41,5944,361,71,6.073,119.4
45,42,5876,331,19,5.633,32.33
45,43,4792,93,7,1.941,14.61
45,44,4692,144,15,3.069,31.97
45,45,4732,74,9,1.564,19.02
45,46,5478,155,6,2.829,10.95
45,47,5495,82,4,1.492,7.279
45,48,5751,111,8,1.93,13.91
45,49,5441,52,4,0.9557,7.352
45,50,5650,39,2,0.6903,3.54
45,51,5644,40,1,0.7087,1.772
45,52,5538,74,6,1.336,10.83
45,53,5316,39,5,0.7336,9.406
45,54,5034,146,6,2.9,11.92
45,55,4850,78,2,1.608,4.124
45,56,4334,129,10,2.976,23.07
45,57,4660,74,7,1.588,15.02
45,58,5338,117,14,2.192,26.23
45,59,4982,116,10,2.328,20.07
45,60,5622,254,11,4.518,19.57
45,61,3718,63,3,1.694,8.069
45,62,4378,88,3,2.01,6.852
45,63,3286,40,3,1.217,9.13
45,64,3996,90,8,2.252,20.02
45,65,3234,29,1,0.8967,3.092
45,66,4062,80,7,1.969,17.23
45,67,3740,22,2,0.5882,5.348
45,68,5202,49,3,0.9419,5.767
45,69,4170,16,0,0.3837,0
45,70,5722,24,0,0.4194,0
45,71,4778,18,0,0.3767,0
45,72,5552,23,0,0.4143,0
45,73,4824,34,0,0.7048,0
45,74,5396,34,0,0.6301,0
45,75,4952,26,0,0.525,0
45,76,4986,59,0,1.183,0
45,77,3622,71,0,1.96,0
45,78,3502,154,4,4.397,11.42
45,79,2012,35,1,1.74,4.97
45,80,3744,138,8,3.686,21.37
45,81,2018,360,13,17.84,64.42
45,82,3619,358,43,9.892,118.8
45,83,2260,468,43,20.71,190.3
45,84,3808,1454,534,38.18,1402
45,85,2290,715,38,31.22,165.9
45,86,3618,301,11,8.32,30.4
45,87,2514,296,9,11.77,35.8
45,88,2988,35,0,1.171,0
45,89,1518,26,1,1.713,6.588
45,90,1482,10,2,0.6748,13.5
45,91,1904,46,0,2.416,0
45,92,1948,11,0,0.5647,0
45,93,1962,34,0,1.733,0
45,94,912,7,0,0.7675,0
45,95,894,19,2,2.125,22.37
45,96,294,11,2,3.741,68.03
45,97,558,16,3,2.867,53.76
45,98,264,6,0,2.273,0
45,99,552,20,1,3.623,18.12
45,100,664,13,0,1.958,0
45,101,688,9,0,1.308,0
45,102,916,15,0,1.638,0
45,103,984,6,1,0.6098,10.16
45,104,722,9,2,1.247,27.7
45,105,1136,15,0,1.32,0
45,106,1460,37,0,2.534,0
45,107,1760,30,0,1.705,0
45,108,762,16,1,2.1,13.12
45,109,906,48,4,5.298,44.15
45,110,874,32,2,3.661,22.88
45,111,1098,26,0,2.368,0
45,112,856,26,3,3.037,35.05
45,113,2768,125,6,4.516,21.68
45,114,2074,50,5,2.411,24.11
45,115,2694,85,3,3.155,11.14
45,116,1626,35,1,2.153,6.15
45,117,1258,21,3,1.669,23.85
45,118,426,41,3,9.624,70.42
45,119,178,77,9,43.26,505.6
45,120,360,76,1,21.11,27.78
45,121,168,2,0,1.19,0
45,122,336,46,5,13.69,148.8
45,123,168,41,19,24.4,1131
45,124,1682,30,0,1.784,0
45,125,1514,110,0,7.266,0
45,126,1710,83,0,4.854,0
45,127,200,1,0,0.5,0
45,128,560,45,2,8.036,35.71
45,129,214,17,2,7.944,93.46
45,130,838,50,0,5.967,0
45,131,246,5,0,2.033,0
45,132,270,7,0,2.593,0
45,133,24,2,0,8.333,0
45,134,338,5,2,1.479,59.17
45,135,320,2,0,0.625,0
45,136,646,13,2,2.012,30.96
45,137,386,7,0,1.813,0
45,138,2086,22,2,1.055,9.588
45,139,1650,19,1,1.152,6.061
45,140,3254,61,0,1.875,0
45,141,2236,308,50,13.77,223.6
45,142,3208,245,36,7.637,112.2
45,143,3566,51,0,1.43,0
45,144,2320,15,1,0.6466,4.31
45,145,1126,7,0,0.6217,0
45,146,932,3,0,0.3219,0
45,147,1856,30,6,1.616,32.33
45,148,2786,52,1,1.866,3.589
45,149,2824,36,5,1.275,17.71
45,150,1874,17,0,0.9072,0
45,151,1532,17,2,1.11,13.05
45,152,114,0,0,0,0
45,153,248,3,0,1.21,0
45,154,4,0,0,0,0
45,155,6,0,0,0,0
45,174,2,0,0,0,0
45,175,4,0,0,0,0
45,177,12,0,0,0,0
45,178,10,0,0,0,0
45,179,12,0,0,0,0
46,-180,10,0,0,0,0
46,-179,6,0,0,0,0
46,-178,10,0,0,0,0
46,-176,4,0,0,0,0
46,-133,8,0,0,0,0
46,-132,16,0,0,0,0
46,-131,32,0,0,0,0
46,-130,16,0,0,0,0
46,-129,180,0,0,0,0
46,-128,1326,1,0,0.07541,0
46,-127,1390,0,0,0,0
46,-126,2868,1,0,0.03487,0
46,-125,3128,11,0,0.3517,0
46,-124,4596,9,1,0.1958,2.176
46,-123,3896,3,0,0.077,0
46,-122,5374,5,1,0.09304,1.861
46,-121,2660,5,0,0.188,0
46,-120,3380,11,0,0.3254,0
46,-119,1988,0,0,0,0
46,-118,1298,8,0,0.6163,0
46,-117,1652,76,0,4.6,0
46,-116,2408,5,0,0.2076,0
46,-115,1666,9,0,0.5402,0
46,-114,1566,15,0,0.9579,0
46,-113,2723,3,0,0.1102,0
46,-112,3196,7,1,0.219,3.129
46,-111,2175,1,0,0.04598,0
46,-110,3730,2,0,0.05362,0
46,-109,2054,0,0,0,0
46,-108,3776,0,0,0,0
46,-107,1928,0,0,0,0
46,-106,3698,0,0,0,0
46,-105,2008,1,0,0.0498,0
46,-104,4042,0,0,0,0
46,-103,2644,3,0,0.1135,0
46,-102,4488,1,0,0.02228,0
46,-101,3218,6,1,0.1865,3.108
46,-100,3242,0,0,0,0
46,-99,1980,6,0,0.303,0
46,-98,1740,8,0,0.4598,0
46,-97,1388,9,1,0.6484,7.205
46,-96,1172,0,0,0,0
46,-95,2328,1,0,0.04296,0
46,-94,1200,1,0,0.08333,0
46,-93,2324,1,0,0.04303,0
46,-92,1122,0,0,0,0
46,-91,1488,0,0,0,0
46,-90,326,0,0,0,0
46,-89,1882,1,0,0.05313,0
46,-88,1572,4,0,0.2545,0
46,-87,1848,0,0,0,0
46,-86,316,0,0,0,0
46,-85,1728,11,0,0.6366,0
46,-84,1362,1,0,0.07342,0
46,-83,2876,4,0,0.1391,0
46,-82,1396,82,1,5.874,7.163
46,-81,2750,85,0,3.091,0
46,-80,1498,7,0,0.4673,0
46,-79,2744,0,0,0,0
46,-78,2384,1,0,0.04195,0
46,-77,2700,9,0,0.3333,0
46,-76,2294,2,0,0.08718,0
46,-75,2660,13,0,0.4887,0
46,-74,2458,23,0,0.9357,0
46,-73,4036,28,4,0.6938,9.911
46,-72,4292,23,0,0.5359,0
46,-71,3406,17,0,0.4991,0
46,-70,2402,7,1,0.2914,4.163
46,-69,2102,5,0,0.2379,0
46,-68,3096,2,0,0.0646,0
46,-67,2696,0,0,0,0
46,-66,3886,1,0,0.02573,0
46,-65,3894,5,0,0.1284,0
46,-64,4392,9,1,0.2049,2.277
46,-63,4702,2,0,0.04254,0
46,-62,4992,4,0,0.08013,0
46,-61,4824,0,0,0,0
46,-60,4752,0,0,0,0
46,-59,4638,3,0,0.06468,0
46,-58,4904,1,0,0.02039,0
46,-57,5013,3,0,0.05984,0
46,-56,5390,3,0,0.05566,0
46,-55,5171,1,0,0.01934,0
46,-54,5779,1,0,0.0173,0
46,-53,4216,4,1,0.09488,2.372
46,-52,3218,1,0,0.03108,0
46,-51,2532,4,0,0.158,0
46,-50,2442,1,0,0.04095,0
46,-49,2295,0,0,0,0
46,-48,2942,2,0,0.06798,0
46,-47,2060,0,0,0,0
46,-46,2348,0,0,0,0
46,-45,1824,1,0,0.05482,0
46,-44,2322,0,0,0,0
46,-43,672,1,0,0.1488,0
46,-42,492,0,0,0,0
46,-41,490,3,0,0.6122,0
46,-40,6,0,0,0,0
46,-39,14,0,0,0,0
46,-38,10,0,0,0,0
46,-37,450,0,0,0,0
46,-36,450,1,0,0.2222,0
46,-35,1172,0,0,0,0
46,-34,1016,2,0,0.1969,0
46,-33,1030,0,0,0,0
46,-32,1590,0,0,0,0
46,-31,692,1,0,0.1445,0
46,-30,1498,0,0,0,0
46,-29,446,1,0,0.2242,0
46,-28,1024,0,0,0,0
46,-27,228,0,0,0,0
46,-26,338,2,1,0.5917,29.59
46,-25,110,1,0,0.9091,0
46,-24,110,0,0,0,0
46,-22,330,0,0,0,0
46,-21,220,0,0,0,0
46,-20,448,0,0,0,0
46,-19,338,0,0,0,0
46,-18,114,0,0,0,0
46,-16,364,0,0,0,0
46,-15,740,6,2,0.8108,27.03
46,-14,856,6,0,0.7009,0
46,-13,2910,6,0,0.2062,0
46,-12,4519,7,0,0.1549,0
46,-11,5590,21,0,0.3757,0
46,-10,5223,6,0,0.1149,0
46,-9,6932,20,1,0.2885,1.443
46,-8,5122,5,0,0.09762,0
46,-7,6512,26,4,0.3993,6.143
46,-6,5324,10,1,0.1878,1.878
46,-5,6208,29,1,0.4671,1.611
46,-4,5487,13,0,0.2369,0
46,-3,6706,17,1,0.2535,1.491
46,-2,4768,5,0,0.1049,0
46,-1,7024,19,1,0.2705,1.424
46,0,4854,13,0,0.2678,0
46,1,7108,16,0,0.2251,0
46,2,4986,96,0,1.925,0
46,3,7438,28,1,0.3764,1.344
46,4,5220,106,1,2.031,1.916
46,5,6616,1272,8,19.23,12.09
46,6,5872,1631,212,27.78,361
46,7,6439,141,6,2.19,9.318
46,8,6094,435,12,7.138,19.69
46,9,6214,1341,82,21.58,132
46,10,6212,1230,88,19.8,141.7
46,11,6206,111,5,1.789,8.057
46,12,6230,130,2,2.087,3.21
46,13,6210,70,1,1.127,1.61
46,14,6240,21,0,0.3365,0
46,15,6222,131,4,2.105,6.429
46,16,6258,380,1,6.072,1.598
46,17,5842,182,0,3.115,0
46,18,6638,179,1,2.697,1.506
46,19,5552,288,5,5.187,9.006
46,20,7196,293,3,4.072,4.169
46,21,4944,74,4,1.497,8.091
46,22,7452,130,8,1.744,10.74
46,23,4574,112,14,2.449,30.61
46,24,7264,176,8,2.423,11.01
46,25,5104,45,5,0.8817,9.796
46,26,6544,100,9,1.528,13.75
46,27,5326,96,9,1.802,16.9
46,28,6226,110,3,1.767,4.819
46,29,5440,84,2,1.544,3.676
46,30,6654,125,10,1.879,15.03
46,31,5140,186,16,3.619,31.13
46,32,6749,547,76,8.105,112.6
46,33,5066,282,19,5.567,37.5
46,34,7238,477,46,6.59,63.55
46,35,5096,303,19,5.946,37.28
46,36,7222,504,44,6.979,60.92
46,37,4602,392,40,8.518,86.92
46,38,7184,350,35,4.872,48.72
46,39,4838,253,32,5.229,66.14
46,40,6184,234,29,3.784,46.9
46,41,4328,142,16,3.281,36.97
46,42,4606,154,10,3.343,21.71
46,43,2328,42,4,1.804,17.18
46,44,3708,84,4,2.265,10.79
46,45,3170,54,6,1.703,18.93
46,46,5434,161,13,2.963,23.92
46,47,5216,104,16,1.994,30.67
46,48,5750,117,18,2.035,31.3
46,49,5442,61,5,1.121,9.188
46,50,5720,65,3,1.136,5.245
46,51,5380,56,1,1.041,1.859
46,52,4454,107,6,2.402,13.47
46,53,4498,39,4,0.8671,8.893
46,54,2568,33,2,1.285,7.788
46,55,3420,37,0,1.082,0
46,56,1920,68,8,3.542,41.67
46,57,3539,78,9,2.204,25.43
46,58,3877,110,6,2.837,15.48
46,59,4659,73,14,1.567,30.05
46,60,3924,80,5,2.039,12.74
46,61,4819,110,7,2.283,14.53
46,62,2877,46,1,1.599,3.476
46,63,3595,49,1,1.363,2.782
46,64,2526,44,2,1.742,7.918
46,65,2966,35,1,1.18,3.372
46,66,2614,39,4,1.492,15.3
46,67,2248,31,3,1.379,13.35
46,68,2090,22,0,1.053,0
46,69,3214,48,1,1.493,3.111
46,70,2600,7,0,0.2692,0
46,71,2544,32,1,1.258,3.931
46,72,2124,6,0,0.2825,0
46,73,4160,38,0,0.9135,0
46,74,3794,52,1,1.371,2.636
46,75,5996,71,0,1.184,0
46,76,3808,121,7,3.178,18.38
46,77,3702,40,0,1.08,0
46,78,2866,97,1,3.385,3.489
46,79,2230,91,0,4.081,0
46,80,3264,160,9,4.902,27.57
46,81,2004,137,0,6.836,0
46,82,3628,619,25,17.06,68.91
46,83,2210,589,188,26.65,850.7
46,84,3748,435,19,11.61,50.69
46,85,2250,218,8,9.689,35.56
46,86,3630,220,8,6.061,22.04
46,87,2250,415,51,18.44,226.7
46,88,2996,300,11,10.01,36.72
46,89,1512,37,0,2.447,0
46,90,1178,13,0,1.104,0
46,91,372,3,0,0.8065,0
46,92,286,3,0,1.049,0
46,93,348,53,8,15.23,229.9
46,94,422,54,0,12.8,0
46,95,410,10,1,2.439,24.39
46,96,480,19,0,3.958,0
46,97,286,8,0,2.797,0
46,98,484,8,0,1.653,0
46,99,300,0,0,0,0
46,100,1006,13,0,1.292,0
46,101,1070,23,2,2.15,18.69
46,102,658,9,0,1.368,0
46,103,646,5,0,0.774,0
46,104,646,10,0,1.548,0
46,105,408,13,2,3.186,49.02
46,106,1208,51,2,4.222,16.56
46,107,1036,14,1,1.351,9.653
46,108,744,19,0,2.554,0
46,109,640,19,1,2.969,15.62
46,110,510,35,2,6.863,39.22
46,111,162,17,0,10.49,0
46,112,540,18,1,3.333,18.52
46,113,300,8,2,2.667,66.67
46,114,550,22,0,4,0
46,115,494,5,0,1.012,0
46,116,486,17,0,3.498,0
46,117,566,8,0,1.413,0
46,118,540,16,0,2.963,0
46,119,202,40,2,19.8,99.01
46,120,372,7,0,1.882,0
46,121,168,3,1,1.786,59.52
46,122,336,21,1,6.25,29.76
46,123,168,8,1,4.762,59.52
46,124,1730,93,1,5.376,5.78
46,125,1518,518,194,34.12,1278
46,126,1418,73,2,5.148,14.1
46,127,486,37,1,7.613,20.58
46,128,308,10,2,3.247,64.94
46,129,244,10,1,4.098,40.98
46,130,302,5,0,1.656,0
46,131,302,4,0,1.325,0
46,132,136,11,0,8.088,0
46,133,238,25,0,10.5,0
46,134,242,28,0,11.57,0
46,135,234,3,0,1.282,0
46,136,454,14,1,3.084,22.03
46,137,510,25,1,4.902,19.61
46,138,910,25,2,2.747,21.98
46,139,1770,48,1,2.712,5.65
46,140,1826,41,0,2.245,0
46,141,5642,135,3,2.393,5.317
46,142,2984,41,0,1.374,0
46,143,4910,79,3,1.609,6.11
46,144,2688,4,0,0.1488,0
46,145,1640,2,0,0.122,0
46,146,2018,5,0,0.2478,0
46,147,476,10,0,2.101,0
46,148,220,0,0,0,0
46,149,2114,23,1,1.088,4.73
46,150,2244,28,0,1.248,0
46,151,3392,43,1,1.268,2.948
46,152,2376,34,3,1.431,12.63
46,153,1710,26,0,1.52,0
46,154,198,0,0,0,0
46,155,12,0,0,0,0
46,177,10,0,0,0,0
46,178,12,0,0,0,0
46,179,10,0,0,0,0
47,-180,18,0,0,0,0
47,-179,8,0,0,0,0
47,-178,8,0,0,0,0
47,-177,8,0,0,0,0
47,-176,12,0,0,0,0
47,-133,48,0,0,0,0
47,-132,48,0,0,0,0
47,-131,64,0,0,0,0
47,-130,72,0,0,0,0
47,-129,370,0,0,0,0
47,-128,1090,2,0,0.1835,0
47,-127,1296,0,0,0,0
47,-126,2794,1,0,0.03579,0
47,-125,2566,3,0,0.1169,0
47,-124,3852,8,1,0.2077,2.596
47,-123,3544,11,1,0.3104,2.822
47,-122,5780,13,2,0.2249,3.46
47,-121,3496,1,0,0.0286,0
47,-120,3776,18,0,0.4767,0
47,-119,390,0,0,0,0
47,-118,2322,25,0,1.077,0
47,-117,1932,11,0,0.5694,0
47,-116,2646,4,0,0.1512,0
47,-115,714,0,0,0,0
47,-114,2574,0,0,0,0
47,-113,1866,0,0,0,0
47,-112,3782,5,0,0.1322,0
47,-111,2180,3,0,0.1376,0
47,-110,3872,2,0,0.05165,0
47,-109,1928,2,1,0.1037,5.187
47,-108,3724,5,0,0.1343,0
47,-107,2072,0,0,0,0
47,-106,3520,0,0,0,0
47,-105,2012,3,0,0.1491,0
47,-104,4678,2,0,0.04275,0
47,-103,2862,5,0,0.1747,0
47,-102,4530,1,0,0.02208,0
47,-101,3458,7,0,0.2024,0
47,-100,3034,3,0,0.09888,0
47,-99,2892,2,0,0.06916,0
47,-98,2498,13,0,0.5204,0
47,-97,2496,12,3,0.4808,12.02
47,-96,1914,2,1,0.1045,5.225
47,-95,2376,8,0,0.3367,0
47,-94,1572,0,0,0,0
47,-93,2088,2,0,0.09579,0
47,-92,1176,24,0,2.041,0
47,-91,1478,0,0,0,0
47,-90,552,0,0,0,0
47,-89,1688,0,0,0,0
47,-88,1556,0,0,0,0
47,-87,1858,0,0,0,0
47,-86,276,0,0,0,0
47,-85,1642,1,1,0.0609,6.09
47,-84,1364,0,0,0,0
47,-83,2694,0,0,0,0
47,-82,1332,0,0,0,0
47,-81,2662,2,0,0.07513,0
47,-80,1252,0,0,0,0
47,-79,2758,0,0,0,0
47,-78,1504,1,0,0.06649,0
47,-77,3154,1,0,0.03171,0
47,-76,1670,0,0,0,0
47,-75,2990,1,0,0.03344,0
47,-74,1386,11,4,0.7937,28.86
47,-73,2994,15,2,0.501,6.68
47,-72,1472,1,0,0.06793,0
47,-71,2568,16,0,0.6231,0
47,-70,2028,13,0,0.641,0
47,-69,2502,3,0,0.1199,0
47,-68,2160,5,0,0.2315,0
47,-67,2910,0,0,0,0
47,-66,2798,0,0,0,0
47,-65,4256,3,0,0.07049,0
47,-64,3630,0,0,0,0
47,-63,5158,1,0,0.01939,0
47,-62,4240,0,0,0,0
47,-61,4914,0,0,0,0
47,-60,4622,0,0,0,0
47,-59,4250,2,0,0.04706,0
47,-58,5210,2,0,0.03839,0
47,-57,4114,1,0,0.02431,0
47,-56,5630,1,0,0.01776,0
47,-55,4258,3,0,0.07046,0
47,-54,5936,4,0,0.06739,0
47,-53,3862,2,0,0.05179,0
47,-52,3924,1,0,0.02548,0
47,-51,1786,1,0,0.05599,0
47,-50,2078,2,0,0.09625,0
47,-49,2686,0,0,0,0
47,-48,2870,1,0,0.03484,0
47,-47,1826,0,0,0,0
47,-46,3420,0,0,0,0
47,-45,2322,0,0,0,0
47,-44,2260,0,0,0,0
47,-43,616,3,0,0.487,0
47,-42,766,2,0,0.2611,0
47,-40,586,1,0,0.1706,0
47,-39,2,0,0,0,0
47,-38,12,0,0,0,0
47,-37,12,0,0,0,0
47,-36,16,0,0,0,0
47,-35,16,0,0,0,0
47,-34,346,0,0,0,0
47,-33,10,0,0,0,0
47,-32,694,0,0,0,0
47,-31,358,0,0,0,0
47,-30,348,0,0,0,0
47,-29,348,1,0,0.2874,0
47,-28,122,0,0,0,0
47,-16,274,0,0,0,0
47,-15,246,0,0,0,0
47,-14,780,0,0,0,0
47,-13,3988,8,1,0.2006,2.508
47,-12,3638,2,0,0.05498,0
47,-11,7260,17,1,0.2342,1.377
47,-10,4158,4,1,0.0962,2.405
47,-9,8290,20,1,0.2413,1.206
47,-8,4148,18,3,0.4339,7.232
47,-7,8244,30,1,0.3639,1.213
47,-6,4150,8,1,0.1928,2.41
47,-5,8298,24,0,0.2892,0
47,-4,4138,4,0,0.09667,0
47,-3,8440,166,0,1.967,0
47,-2,4132,120,0,2.904,0
47,-1,8060,75,3,0.9305,3.722
47,0,4469,70,0,1.566,0
47,1,7660,118,0,1.54,0
47,2,4948,8,0,0.1617,0
47,3,6898,13,1,0.1885,1.45
47,4,5208,32,2,0.6144,3.84
47,5,7200,224,1,3.111,1.389
47,6,4892,116,0,2.371,0
47,7,6957,93,1,1.337,1.437
47,8,4978,75,1,1.507,2.009
47,9,6636,481,19,7.248,28.63
47,10,5488,243,7,4.428,12.76
47,11,6518,80,12,1.227,18.41
47,12,6184,63,5,1.019,8.085
47,13,5550,59,10,1.063,18.02
47,14,6708,85,6,1.267,8.945
47,15,5252,51,2,0.9711,3.808
47,16,6836,192,5,2.809,7.314
47,17,4902,190,3,3.876,6.12
47,18,6950,761,7,10.95,10.07
47,19,5298,834,19,15.74,35.86
47,20,6884,579,2,8.411,2.905
47,21,5104,156,2,3.056,3.918
47,22,6912,222,13,3.212,18.81
47,23,5084,52,2,1.023,3.934
47,24,7360,130,6,1.766,8.152
47,25,4318,37,0,0.8569,0
47,26,8500,265,7,3.118,8.235
47,27,4134,26,2,0.6289,4.838
47,28,8208,293,7,3.57,8.528
47,29,4080,29,0,0.7108,0
47,30,8364,579,12,6.923,14.35
47,31,4172,69,1,1.654,2.397
47,32,8270,344,20,4.16,24.18
47,33,4116,235,37,5.709,89.89
47,34,8288,857,77,10.34,92.91
47,35,4168,848,166,20.35,398.3
47,36,7978,1894,352,23.74,441.2
47,37,4586,820,89,17.88,194.1
47,38,7440,673,118,9.046,158.6
47,39,4884,583,80,11.94,163.8
47,40,5290,265,45,5.009,85.07
47,41,3362,75,13,2.231,38.67
47,42,3714,168,7,4.523,18.85
47,43,2702,54,3,1.999,11.1
47,44,3318,119,1,3.586,3.014
47,45,2306,24,0,1.041,0
47,46,1228,38,2,3.094,16.29
47,47,1494,43,7,2.878,46.85
47,48,1792,37,2,2.065,11.16
47,49,2464,17,0,0.6899,0
47,50,2312,22,0,0.9516,0
47,51,3454,56,0,1.621,0
47,52,1620,51,1,3.148,6.173
47,53,3614,96,4,2.656,11.07
47,54,1880,31,0,1.649,0
47,55,2040,25,8,1.225,39.22
47,56,524,7,2,1.336,38.17
47,57,504,66,5,13.1,99.21
47,58,578,19,7,3.287,121.1
47,59,1045,32,6,3.062,57.42
47,60,426,17,0,3.991,0
47,61,984,44,6,4.472,60.98
47,62,426,11,1,2.582,23.47
47,63,522,19,2,3.64,38.31
47,64,282,6,1,2.128,35.46
47,65,510,11,1,2.157,19.61
47,66,408,1,0,0.2451,0
47,67,1272,2,0,0.1572,0
47,68,864,2,0,0.2315,0
47,69,1992,3,0,0.1506,0
47,70,1128,1,0,0.08865,0
47,71,1662,6,0,0.361,0
47,72,354,0,0,0,0
47,73,2310,7,0,0.303,0
47,74,2212,0,0,0,0
47,75,2778,19,1,0.6839,3.6
47,76,1862,1,0,0.05371,0
47,77,1518,0,0,0,0
47,78,1948,6,0,0.308,0
47,79,2462,53,1,2.153,4.062
47,80,2164,27,0,1.248,0
47,81,2904,138,6,4.752,20.66
47,82,2304,91,14,3.95,60.76
47,83,3072,364,36,11.85,117.2
47,84,2997,283,24,9.443,80.08
47,85,3172,172,8,5.422,25.22
47,86,2732,207,25,7.577,91.51
47,87,2186,358,59,16.38,269.9
47,88,2952,242,23,8.198,77.91
47,89,1376,50,0,3.634,0
47,90,1450,13,1,0.8966,6.897
47,91,228,9,2,3.947,87.72
47,92,346,4,0,1.156,0
47,93,398,10,1,2.513,25.13
47,94,330,13,1,3.939,30.3
47,95,300,8,1,2.667,33.33
47,96,474,6,2,1.266,42.19
47,97,480,1,0,0.2083,0
47,98,408,3,0,0.7353,0
47,99,264,2,0,0.7576,0
47,100,1112,15,0,1.349,0
47,101,852,18,3,2.113,35.21
47,102,1122,3,0,0.2674,0
47,103,270,3,0,1.111,0
47,104,598,4,0,0.6689,0
47,105,330,3,0,0.9091,0
47,106,584,54,3,9.247,51.37
47,107,252,7,0,2.778,0
47,108,598,14,1,2.341,16.72
47,109,350,8,2,2.286,57.14
47,110,510,26,0,5.098,0
47,111,162,5,2,3.086,123.5
47,112,462,22,1,4.762,21.65
47,113,300,3,0,1,0
47,114,528,13,0,2.462,0
47,115,228,8,0,3.509,0
47,116,492,16,3,3.252,60.98
47,117,270,6,0,2.222,0
47,118,330,22,2,6.667,60.61
47,119,356,27,0,7.584,0
47,120,240,9,0,3.75,0
47,121,262,5,0,1.908,0
47,122,260,7,1,2.692,38.46
47,123,248,6,0,2.419,0
47,124,1138,12,0,1.054,0
47,125,926,54,2,5.832,21.6
47,126,404,18,0,4.455,0
47,127,786,72,12,9.16,152.7
47,128,198,28,0,14.14,0
47,129,304,69,8,22.7,263.2
47,130,264,27,3,10.23,113.6
47,131,340,12,0,3.529,0
47,132,246,47,26,19.11,1057
47,133,276,63,5,22.83,181.2
47,134,30,0,0,0,0
47,135,364,7,1,1.923,27.47
47,136,334,4,0,1.198,0
47,137,704,12,0,1.705,0
47,138,372,7,2,1.882,53.76
47,139,2104,13,2,0.6179,9.506
47,140,1724,19,0,1.102,0
47,141,5376,46,1,0.8557,1.86
47,142,3650,17,2,0.4658,5.479
47,143,5476,27,0,0.4931,0
47,144,2116,3,0,0.1418,0
47,145,1348,0,0,0,0
47,146,574,2,0,0.3484,0
47,149,678,5,0,0.7375,0
47,150,626,9,0,1.438,0
47,151,1952,5,0,0.2561,0
47,152,2004,23,0,1.148,0
47,153,1738,16,4,0.9206,23.01
47,154,608,13,1,2.138,16.45
47,155,144,0,0,0,0
47,156,134,0,0,0,0
47,177,6,0,0,0,0
47,178,4,0,0,0,0
47,179,8,0,0,0,0
48,-180,10,0,0,0,0
48,-179,12,0,0,0,0
48,-178,12,0,0,0,0
48,-177,12,0,0,0,0
48,-176,10,0,0,0,0
48,-135,8,0,0,0,0
48,-134,8,0,0,0,0
48,-133,48,0,0,0,0
48,-132,40,0,0,0,0
48,-131,64,0,0,0,0
48,-130,80,0,0,0,0
48,-129,1528,0,0,0,0
48,-128,784,0,0,0,0
48,-127,2206,0,0,0,0
48,-126,1854,3,0,0.1618,0
48,-125,2296,13,0,0.5662,0
48,-124,3318,3,0,0.09042,0
48,-123,4252,21,0,0.4939,0
48,-122,5460,4,0,0.07326,0
48,-121,3504,39,0,1.113,0
48,-120,4642,463,13,9.974,28.01
48,-119,1464,47,0,3.21,0
48,-118,3464,130,0,3.753,0
48,-117,1966,16,0,0.8138,0
48,-116,2504,0,0,0,0
48,-115,540,0,0,0,0
48,-114,2306,2,0,0.08673,0
48,-113,1866,1,0,0.05359,0
48,-112,3774,6,2,0.159,5.299
48,-111,1908,3,0,0.1572,0
48,-110,3462,3,0,0.08666,0
48,-109,2228,0,0,0,0
48,-108,3020,0,0,0,0
48,-107,2742,0,0,0,0
48,-106,2666,2,0,0.07502,0
48,-105,2886,2,0,0.0693,0
48,-104,3422,0,0,0,0
48,-103,3794,2,0,0.05271,0
48,-102,4606,1,0,0.02171,0
48,-101,3752,3,0,0.07996,0
48,-100,4094,3,0,0.07328,0
48,-99,2222,3,0,0.135,0
48,-98,3307,24,6,0.7257,18.14
48,-97,3250,10,0,0.3077,0
48,-96,3316,5,0,0.1508,0
48,-95,3169,6,0,0.1893,0
48,-94,1510,1,0,0.06623,0
48,-93,1664,7,0,0.4207,0
48,-92,690,0,0,0,0
48,-91,1234,1,0,0.08104,0
48,-90,1744,3,0,0.172,0
48,-89,854,1,0,0.1171,0
48,-88,1296,0,0,0,0
48,-87,1656,0,0,0,0
48,-86,1178,0,0,0,0
48,-85,740,0,0,0,0
48,-84,1988,0,0,0,0
48,-83,2096,2,0,0.09542,0
48,-82,1684,0,0,0,0
48,-81,2402,0,0,0,0
48,-80,1242,0,0,0,0
48,-79,2738,6,0,0.2191,0
48,-78,1498,0,0,0,0
48,-77,3220,0,0,0,0
48,-76,1692,0,0,0,0
48,-75,3144,17,1,0.5407,3.181
48,-74,1462,5,2,0.342,13.68
48,-73,2904,14,1,0.4821,3.444
48,-72,1458,6,0,0.4115,0
48,-71,3030,12,0,0.396,0
48,-70,1572,21,0,1.336,0
48,-69,3254,22,0,0.6761,0
48,-68,1692,0,0,0,0
48,-67,3916,0,0,0,0
48,-66,1962,7,0,0.3568,0
48,-65,4584,28,0,0.6108,0
48,-64,2918,1,0,0.03427,0
48,-63,5288,0,0,0,0
48,-62,4010,1,0,0.02494,0
48,-61,4866,0,0,0,0
48,-60,4978,2,0,0.04018,0
48,-59,4572,1,0,0.02187,0
48,-58,4462,0,0,0,0
48,-57,4663,1,0,0.02145,0
48,-56,5313,2,0,0.03764,0
48,-55,4412,1,0,0.02267,0
48,-54,5924,6,0,0.1013,0
48,-53,2980,0,0,0,0
48,-52,4720,1,0,0.02119,0
48,-51,1162,2,0,0.1721,0
48,-50,3178,1,0,0.03147,0
48,-49,1962,0,0,0,0
48,-48,3638,5,0,0.1374,0
48,-47,1890,2,0,0.1058,0
48,-46,3424,1,0,0.02921,0
48,-45,2028,0,0,0,0
48,-44,2388,1,0,0.04188,0
48,-43,452,0,0,0,0
48,-42,660,0,0,0,0
48,-41,540,2,0,0.3704,0
48,-40,622,3,0,0.4823,0
48,-39,140,0,0,0,0
48,-38,234,0,0,0,0
48,-37,6,0,0,0,0
48,-36,26,0,0,0,0
48,-35,14,0,0,0,0
48,-34,6,0,0,0,0
48,-33,12,0,0,0,0
48,-32,24,0,0,0,0
48,-31,20,0,0,0,0
48,-30,10,0,0,0,0
48,-29,10,0,0,0,0
48,-28,10,0,0,0,0
48,-27,2,0,0,0,0
48,-16,8,0,0,0,0
48,-15,2094,2,0,0.09551,0
48,-14,3538,5,1,0.1413,2.826
48,-13,5200,7,0,0.1346,0
48,-12,4826,7,0,0.145,0
48,-11,7580,12,1,0.1583,1.319
48,-10,4444,11,0,0.2475,0
48,-9,8018,22,1,0.2744,1.247
48,-8,4156,21,0,0.5053,0
48,-7,8220,27,3,0.3285,3.65
48,-6,4318,9,0,0.2084,0
48,-5,8152,39,4,0.4784,4.907
48,-4,4138,3,0,0.0725,0
48,-3,7846,17,0,0.2167,0
48,-2,4518,23,0,0.5091,0
48,-1,7832,9,0,0.1149,0
48,0,4862,18,0,0.3702,0
48,1,7502,54,0,0.7198,0
48,2,5550,154,3,2.775,5.405
48,3,6604,49,3,0.742,4.543
48,4,5764,15,2,0.2602,3.47
48,5,6254,25,0,0.3997,0
48,6,5792,58,0,1.001,0
48,7,6356,97,1,1.526,1.573
48,8,5888,68,4,1.155,6.793
48,9,6240,126,16,2.019,25.64
48,10,5932,317,14,5.344,23.6
48,11,5966,84,6,1.408,10.06
48,12,5766,80,7,1.387,12.14
48,13,5582,43,3,0.7703,5.374
48,14,6432,208,5,3.234,7.774
48,15,5872,94,5,1.601,8.515
48,16,6554,239,7,3.647,10.68
48,17,5702,283,1,4.963,1.754
48,18,6354,450,5,7.082,7.869
48,19,5394,133,3,2.466,5.562
48,20,6574,295,10,4.487,15.21
48,21,5476,334,12,6.099,21.91
48,22,6880,377,39,5.48,56.69
48,23,4940,35,0,0.7085,0
48,24,7519,84,4,1.117,5.32
48,25,4880,53,0,1.086,0
48,26,7646,140,9,1.831,11.77
48,27,4516,43,0,0.9522,0
48,28,7762,190,5,2.448,6.442
48,29,4048,33,2,0.8152,4.941
48,30,8764,245,5,2.796,5.705
48,31,4160,75,2,1.803,4.808
48,32,8008,310,19,3.871,23.73
48,33,4403,108,8,2.453,18.17
48,34,7604,764,14,10.05,18.41
48,35,4842,482,16,9.955,33.04
48,36,7260,1898,487,26.14,670.8
48,37,5662,1991,465,35.16,821.3
48,38,6864,1614,271,23.51,394.8
48,39,5374,800,99,14.89,184.2
48,40,5626,426,39,7.572,69.32
48,41,3524,159,16,4.512,45.4
48,42,3086,120,4,3.889,12.96
48,43,3034,83,7,2.736,23.07
48,44,2668,138,85,5.172,318.6
48,45,2610,185,6,7.088,22.99
48,46,1396,37,1,2.65,7.163
48,47,1840,32,7,1.739,38.04
48,48,496,9,0,1.815,0
48,49,428,7,0,1.636,0
48,50,348,2,0,0.5747,0
48,51,478,9,1,1.883,20.92
48,52,422,10,0,2.37,0
48,53,556,31,1,5.576,17.99
48,54,326,2,0,0.6135,0
48,55,690,11,2,1.594,28.99
48,56,368,6,0,1.63,0
48,57,612,63,6,10.29,98.04
48,58,240,19,1,7.917,41.67
48,59,602,30,3,4.983,49.83
48,60,354,8,2,2.26,56.5
48,61,594,21,1,3.535,16.84
48,62,240,2,0,0.8333,0
48,63,522,28,5,5.364,95.79
48,64,282,5,1,1.773,35.46
48,65,510,4,0,0.7843,0
48,66,300,0,0,0,0
48,67,560,7,0,1.25,0
48,68,324,1,0,0.3086,0
48,69,524,5,0,0.9542,0
48,70,256,0,0,0,0
48,71,576,1,0,0.1736,0
48,72,360,0,0,0,0
48,73,726,0,0,0,0
48,74,484,2,0,0.4132,0
48,75,172,3,0,1.744,0
48,76,234,2,0,0.8547,0
48,77,188,1,0,0.5319,0
48,78,232,3,0,1.293,0
48,79,958,5,0,0.5219,0
48,80,1644,23,0,1.399,0
48,81,3255,23,1,0.7066,3.072
48,82,2158,125,3,5.792,13.9
48,83,3258,40,0,1.228,0
48,84,2458,38,0,1.546,0
48,85,2806,32,1,1.14,3.564
48,86,2918,99,13,3.393,44.55
48,87,1856,49,2,2.64,10.78
48,88,2626,27,1,1.028,3.808
48,89,890,7,2,0.7865,22.47
48,90,1466,7,2,0.4775,13.64
48,91,198,0,0,0,0
48,92,426,9,3,2.113,70.42
48,93,228,2,0,0.8772,0
48,94,498,15,2,3.012,40.16
48,95,340,2,0,0.5882,0
48,96,586,3,0,0.5119,0
48,97,312,4,0,1.282,0
48,98,648,7,0,1.08,0
48,99,264,0,0,0,0
48,100,736,8,0,1.087,0
48,101,562,2,0,0.3559,0
48,102,1024,14,0,1.367,0
48,103,270,1,0,0.3704,0
48,104,614,2,0,0.3257,0
48,105,342,3,1,0.8772,29.24
48,106,602,10,0,1.661,0
48,107,280,6,0,2.143,0
48,108,538,7,1,1.301,18.59
48,109,434,10,0,2.304,0
48,110,386,19,2,4.922,51.81
48,111,286,19,1,6.643,34.97
48,112,354,6,0,1.695,0
48,113,308,9,2,2.922,64.94
48,114,338,7,1,2.071,29.59
48,115,442,18,2,4.072,45.25
48,116,340,5,0,1.471,0
48,117,316,8,0,2.532,0
48,118,386,9,0,2.332,0
48,119,334,39,0,11.68,0
48,120,212,12,0,5.66,0
48,121,306,6,0,1.961,0
48,122,264,17,1,6.439,37.88
48,123,240,34,0,14.17,0
48,124,168,17,0,10.12,0
48,125,512,28,0,5.469,0
48,126,352,30,6,8.523,170.5
48,127,550,49,3,8.909,54.55
48,128,192,4,0,2.083,0
48,129,372,35,3,9.409,80.65
48,130,186,1,0,0.5376,0
48,131,420,6,0,1.429,0
48,132,246,16,0,6.504,0
48,133,276,19,0,6.884,0
48,134,32,2,0,6.25,0
48,135,372,3,0,0.8065,0
48,136,342,3,0,0.8772,0
48,137,724,36,3,4.972,41.44
48,138,380,5,1,1.316,26.32
48,139,2112,56,3,2.652,14.2
48,140,1734,14,3,0.8074,17.3
48,141,5372,54,1,1.005,1.862
48,142,3898,27,4,0.6927,10.26
48,143,4772,19,3,0.3982,6.287
48,144,2396,11,0,0.4591,0
48,145,1758,3,0,0.1706,0
48,151,1866,12,0,0.6431,0
48,152,858,4,0,0.4662,0
48,153,1702,7,0,0.4113,0
48,154,1880,6,0,0.3191,0
48,155,250,0,0,0,0
48,156,140,0,0,0,0
48,157,8,0,0,0,0
48,158,8,0,0,0,0
49,-180,12,0,0,0,0
49,-179,10,0,0,0,0
49,-178,10,0,0,0,0
49,-177,10,0,0,0,0
49,-176,4,0,0,0,0
49,-175,8,0,0,0,0
49,-134,48,0,0,0,0
49,-133,48,0,0,0,0
49,-132,96,0,0,0,0
49,-131,238,0,0,0,0
49,-130,330,0,0,0,0
49,-129,1670,1,0,0.05988,0
49,-128,1616,0,0,0,0
49,-127,2488,0,0,0,0
49,-126,2036,0,0,0,0
49,-125,2494,4,0,0.1604,0
49,-124,3594,10,2,0.2782,5.565
49,-123,3554,24,1,0.6753,2.814
49,-122,5750,10,2,0.1739,3.478
49,-121,2369,0,0,0,0
49,-120,4476,117,0,2.614,0
49,-119,2302,0,0,0,0
49,-118,2370,0,0,0,0
49,-117,1550,0,0,0,0
49,-116,652,3,0,0.4601,0
49,-115,720,4,1,0.5556,13.89
49,-114,2162,96,0,4.44,0
49,-113,1776,7,1,0.3941,5.631
49,-112,2380,2,0,0.08403,0
49,-111,2752,3,0,0.109,0
49,-110,2892,3,2,0.1037,6.916
49,-109,2494,4,0,0.1604,0
49,-108,3162,1,0,0.03163,0
49,-107,1928,1,0,0.05187,0
49,-106,3298,0,0,0,0
49,-105,2410,30,0,1.245,0
49,-104,3972,2,0,0.05035,0
49,-103,3666,34,1,0.9274,2.728
49,-102,3428,116,3,3.384,8.751
49,-101,3008,95,1,3.158,3.324
49,-100,2198,29,0,1.319,0
49,-99,3252,22,0,0.6765,0
49,-98,1950,24,0,1.231,0
49,-97,3340,60,1,1.796,2.994
49,-96,2476,0,0,0,0
49,-95,2104,0,0,0,0
49,-94,1386,5,1,0.3608,7.215
49,-93,796,0,0,0,0
49,-92,1218,1,1,0.0821,8.21
49,-91,360,3,0,0.8333,0
49,-90,1742,0,0,0,0
49,-89,1716,1,0,0.05828,0
49,-88,1032,1,0,0.0969,0
49,-87,1064,0,0,0,0
49,-86,846,0,0,0,0
49,-85,1224,4,0,0.3268,0
49,-84,2086,25,0,1.198,0
49,-83,2566,4,0,0.1559,0
49,-82,1766,2,1,0.1133,5.663
49,-81,2114,0,0,0,0
49,-80,2312,0,0,0,0
49,-79,1794,1,0,0.05574,0
49,-78,2646,1,0,0.03779,0
49,-77,2574,2,0,0.0777,0
49,-76,2852,7,0,0.2454,0
49,-75,2920,5,0,0.1712,0
49,-74,2124,1,0,0.04708,0
49,-73,2714,9,2,0.3316,7.369
49,-72,1786,5,0,0.28,0
49,-71,2776,10,0,0.3602,0
49,-70,1572,2,0,0.1272,0
49,-69,3204,9,0,0.2809,0
49,-68,1632,0,0,0,0
49,-67,3516,1,0,0.02844,0
49,-66,2144,0,0,0,0
49,-65,4179,0,0,0,0
49,-64,3556,0,0,0,0
49,-63,4544,0,0,0,0
49,-62,4750,2,0,0.04211,0
49,-61,5510,1,0,0.01815,0
49,-60,5212,1,0,0.01919,0
49,-59,4934,0,0,0,0
49,-58,4773,5,1,0.1048,2.095
49,-57,4822,1,0,0.02074,0
49,-56,4956,1,0,0.02018,0
49,-55,4942,0,0,0,0
49,-54,5672,1,0,0.01763,0
49,-53,2980,0,0,0,0
49,-52,3788,4,0,0.1056,0
49,-51,1386,0,0,0,0
49,-50,3354,2,0,0.05963,0
49,-49,1996,0,0,0,0
49,-48,3142,1,0,0.03183,0
49,-47,2266,1,0,0.04413,0
49,-46,2906,1,0,0.03441,0
49,-45,2270,2,0,0.08811,0
49,-44,1332,0,0,0,0
49,-43,1266,0,0,0,0
49,-42,1108,3,0,0.2708,0
49,-41,848,1,0,0.1179,0
49,-40,780,4,0,0.5128,0
49,-39,348,0,0,0,0
49,-38,252,0,0,0,0
49,-37,12,0,0,0,0
49,-36,10,0,0,0,0
49,-35,2,0,0,0,0
49,-34,4,0,0,0,0
49,-33,2,0,0,0,0
49,-32,20,0,0,0,0
49,-31,14,0,0,0,0
49,-30,12,0,0,0,0
49,-29,12,0,0,0,0
49,-27,10,0,0,0,0
49,-16,48,0,0,0,0
49,-15,2108,2,0,0.09488,0
49,-14,4105,3,0,0.07308,0
49,-13,5711,16,2,0.2802,3.502
49,-12,4650,18,0,0.3871,0
49,-11,6600,25,2,0.3788,3.03
49,-10,6102,31,1,0.508,1.639
49,-9,5530,19,1,0.3436,1.808
49,-8,6898,25,0,0.3624,0
49,-7,4850,27,0,0.5567,0
49,-6,6985,22,3,0.315,4.295
49,-5,4734,35,4,0.7393,8.45
49,-4,7132,48,9,0.673,12.62
49,-3,5488,12,0,0.2187,0
49,-2,5914,8,0,0.1353,0
49,-1,6448,17,2,0.2636,3.102
49,0,5396,23,2,0.4262,3.706
49,1,7036,138,1,1.961,1.421
49,2,4488,20,1,0.4456,2.228
49,3,7468,136,1,1.821,1.339
49,4,4674,16,2,0.3423,4.279
49,5,7300,83,1,1.137,1.37
49,6,5102,91,6,1.784,11.76
49,7,6928,104,3,1.501,4.33
49,8,5560,86,7,1.547,12.59
49,9,6576,115,5,1.749,7.603
49,10,5826,55,4,0.944,6.866
49,11,6474,92,3,1.421,4.634
49,12,6218,102,2,1.64,3.216
49,13,6258,609,1,9.732,1.598
49,14,6258,560,0,8.949,0
49,15,5920,244,1,4.122,1.689
49,16,6616,139,1,2.101,1.511
49,17,5210,160,5,3.071,9.597
49,18,7206,545,2,7.563,2.775
49,19,4850,558,4,11.51,8.247
49,20,7526,711,5,9.447,6.644
49,21,4392,553,33,12.59,75.14
49,22,7380,1000,93,13.55,126
49,23,5018,161,44,3.208,87.68
49,24,6934,244,37,3.519,53.36
49,25,5824,162,21,2.782,36.06
49,26,6232,238,35,3.819,56.16
49,27,6446,175,16,2.715,24.82
49,28,5354,195,31,3.642,57.9
49,29,6828,265,21,3.881,30.76
49,30,4332,155,11,3.578,25.39
49,31,7346,222,14,3.022,19.06
49,32,4952,252,23,5.089,46.45
49,33,6360,314,21,4.937,33.02
49,34,5627,208,12,3.696,21.33
49,35,5706,285,16,4.995,28.04
49,36,5644,685,51,12.14,90.36
49,37,3596,925,151,25.72,419.9
49,38,7046,1725,384,24.48,545
49,39,4874,481,53,9.869,108.7
49,40,7088,365,47,5.15,66.31
49,41,5364,214,29,3.99,54.06
49,42,4410,193,10,4.376,22.68
49,43,3624,167,15,4.608,41.39
49,44,1992,29,3,1.456,15.06
49,45,3708,297,14,8.01,37.76
49,46,1716,44,2,2.564,11.66
49,47,2064,53,3,2.568,14.53
49,48,352,5,0,1.42,0
49,49,588,19,2,3.231,34.01
49,50,252,2,0,0.7937,0
49,51,568,14,0,2.465,0
49,52,328,5,1,1.524,30.49
49,53,612,15,1,2.451,16.34
49,54,298,3,0,1.007,0
49,55,658,20,0,3.04,0
49,56,360,7,0,1.944,0
49,57,604,55,5,9.106,82.78
49,58,244,15,1,6.148,40.98
49,59,548,12,4,2.19,72.99
49,60,402,7,2,1.741,49.75
49,61,476,7,2,1.471,42.02
49,62,358,13,2,3.631,55.87
49,63,444,7,0,1.577,0
49,64,370,3,0,0.8108,0
49,65,340,1,0,0.2941,0
49,66,440,1,0,0.2273,0
49,67,332,3,0,0.9036,0
49,68,552,14,0,2.536,0
49,69,244,0,0,0,0
49,70,490,3,0,0.6122,0
49,71,424,0,0,0,0
49,72,368,0,0,0,0
49,73,514,7,0,1.362,0
49,74,438,0,0,0,0
49,75,258,0,0,0,0
49,76,290,1,0,0.3448,0
49,77,192,0,0,0,0
49,78,134,0,0,0,0
49,79,244,3,0,1.23,0
49,80,296,0,0,0,0
49,81,138,0,0,0,0
49,82,572,13,0,2.273,0
49,83,2208,47,1,2.129,4.529
49,84,2124,26,2,1.224,9.416
49,85,2522,9,0,0.3569,0
49,86,1406,22,0,1.565,0
49,87,2134,37,0,1.734,0
49,88,1532,9,1,0.5875,6.527
49,89,1136,8,0,0.7042,0
49,90,860,11,2,1.279,23.26
49,91,252,1,0,0.3968,0
49,92,426,8,0,1.878,0
49,93,228,2,0,0.8772,0
49,94,498,6,1,1.205,20.08
49,95,270,2,0,0.7407,0
49,96,522,5,0,0.9579,0
49,97,372,0,0,0,0
49,98,412,2,0,0.4854,0
49,99,456,1,0,0.2193,0
49,100,444,3,0,0.6757,0
49,101,420,5,0,1.19,0
49,102,376,3,0,0.7979,0
49,103,442,2,0,0.4525,0
49,104,358,1,0,0.2793,0
49,105,482,13,0,2.697,0
49,106,368,6,0,1.63,0
49,107,500,9,1,1.8,20
49,108,444,6,1,1.351,22.52
49,109,374,13,1,3.476,26.74
49,110,394,6,0,1.523,0
49,111,348,8,1,2.299,28.74
49,112,284,4,2,1.408,70.42
49,113,368,7,2,1.902,54.35
49,114,408,14,0,3.431,0
49,115,468,10,1,2.137,21.37
49,116,230,1,0,0.4348,0
49,117,490,12,0,2.449,0
49,118,264,15,1,5.682,37.88
49,119,474,86,5,18.14,105.5
49,120,268,37,0,13.81,0
49,121,386,3,0,0.7772,0
49,122,168,3,0,1.786,0
49,123,336,21,0,6.25,0
49,124,168,20,3,11.9,178.6
49,125,548,17,1,3.102,18.25
49,126,350,93,14,26.57,400
49,127,540,145,7,26.85,129.6
49,128,194,28,0,14.43,0
49,129,378,41,0,10.85,0
49,130,196,10,0,5.102,0
49,131,418,8,0,1.914,0
49,132,256,15,0,5.859,0
49,133,200,34,1,17,50
49,134,130,4,0,3.077,0
49,135,352,12,0,3.409,0
49,136,356,11,0,3.09,0
49,137,514,44,2,8.56,38.91
49,138,582,13,0,2.234,0
49,139,1838,76,9,4.135,48.97
49,140,2456,40,2,1.629,8.143
49,141,3036,30,3,0.9881,9.881
49,142,4024,45,1,1.118,2.485
49,143,3462,14,0,0.4044,0
49,144,2796,54,1,1.931,3.577
49,145,2022,3,0,0.1484,0
49,151,354,0,0,0,0
49,152,1955,6,0,0.3069,0
49,153,2314,16,3,0.6914,12.96
49,154,2866,11,0,0.3838,0
49,155,1802,2,0,0.111,0
49,156,1602,10,0,0.6242,0
49,157,360,3,0,0.8333,0
49,158,6,0,0,0,0
50,-180,30,0,0,0,0
50,-179,18,0,0,0,0
50,-178,28,0,0,0,0
50,-177,6,0,0,0,0
50,-176,2,0,0,0,0
50,-175,4,0,0,0,0
50,-138,32,0,0,0,0
50,-137,32,0,0,0,0
50,-136,110,0,0,0,0
50,-135,36,0,0,0,0
50,-134,118,0,0,0,0
50,-133,350,0,0,0,0
50,-132,472,0,0,0,0
50,-131,504,0,0,0,0
50,-130,570,0,0,0,0
50,-129,2026,0,0,0,0
50,-128,1614,6,0,0.3717,0
50,-127,3022,1,0,0.03309,0
50,-126,1536,0,0,0,0
50,-125,3006,3,0,0.0998,0
50,-124,3046,2,1,0.06566,3.283
50,-123,3836,6,4,0.1564,10.43
50,-122,2434,0,0,0,0
50,-121,4038,0,0,0,0
50,-120,904,1,0,0.1106,0
50,-119,1744,4,0,0.2294,0
50,-118,396,0,0,0,0
50,-117,614,0,0,0,0
50,-116,626,0,0,0,0
50,-115,418,3,0,0.7177,0
50,-114,1466,22,2,1.501,13.64
50,-113,1276,7,0,0.5486,0
50,-112,2934,65,0,2.215,0
50,-111,2998,63,0,2.101,0
50,-110,2292,3,0,0.1309,0
50,-109,3308,22,0,0.6651,0
50,-108,1912,17,1,0.8891,5.23
50,-107,3568,136,3,3.812,8.408
50,-106,1864,0,0,0,0
50,-105,4716,2,0,0.04241,0
50,-104,2046,1,0,0.04888,0
50,-103,5346,14,0,0.2619,0
50,-102,3116,30,2,0.9628,6.418
50,-101,3894,21,0,0.5393,0
50,-100,2288,4,0,0.1748,0
50,-99,3284,16,0,0.4872,0
50,-98,1922,10,0,0.5203,0
50,-97,3040,8,0,0.2632,0
50,-96,2168,0,0,0,0
50,-95,1824,0,0,0,0
50,-94,504,0,0,0,0
50,-93,168,0,0,0,0
50,-92,486,2,0,0.4115,0
50,-91,312,0,0,0,0
50,-90,700,2,0,0.2857,0
50,-89,618,0,0,0,0
50,-88,1124,0,0,0,0
50,-87,1654,0,0,0,0
50,-86,2018,2,0,0.09911,0
50,-85,2158,0,0,0,0
50,-84,2430,3,0,0.1235,0
50,-83,2548,0,0,0,0
50,-82,2324,1,0,0.04303,0
50,-81,1640,0,0,0,0
50,-80,1496,0,0,0,0
50,-79,2116,1,0,0.04726,0
50,-78,2882,0,0,0,0
50,-77,3038,4,0,0.1317,0
50,-76,2300,8,0,0.3478,0
50,-75,2782,15,0,0.5392,0
50,-74,2586,10,0,0.3867,0
50,-73,1912,3,0,0.1569,0
50,-72,2574,2,0,0.0777,0
50,-71,1908,3,0,0.1572,0
50,-70,2406,1,0,0.04156,0
50,-69,1779,0,0,0,0
50,-68,2824,0,0,0,0
50,-67,1866,0,0,0,0
50,-66,3554,0,0,0,0
50,-65,3122,0,0,0,0
50,-64,4242,2,0,0.04715,0
50,-63,3921,0,0,0,0
50,-62,5128,1,0,0.0195,0
50,-61,4980,0,0,0,0
50,-60,5210,1,0,0.01919,0
50,-59,4944,0,0,0,0
50,-58,4204,3,0,0.07136,0
50,-57,5274,0,0,0,0
50,-56,4690,1,0,0.02132,0
50,-55,5684,1,0,0.01759,0
50,-54,4170,2,0,0.04796,0
50,-53,4780,3,0,0.06276,0
50,-52,1748,0,0,0,0
50,-51,2884,3,0,0.104,0
50,-50,2008,1,0,0.0498,0
50,-49,2730,0,0,0,0
50,-48,2366,2,0,0.08453,0
50,-47,3132,1,0,0.03193,0
50,-46,1110,0,0,0,0
50,-45,1890,1,0,0.05291,0
50,-44,842,2,0,0.2375,0
50,-43,894,2,0,0.2237,0
50,-42,894,3,0,0.3356,0
50,-41,1062,3,0,0.2825,0
50,-40,250,0,0,0,0
50,-39,934,5,0,0.5353,0
50,-38,10,0,0,0,0
50,-37,302,0,0,0,0
50,-36,12,0,0,0,0
50,-32,12,0,0,0,0
50,-31,10,0,0,0,0
50,-30,6,0,0,0,0
50,-29,4,0,0,0,0
50,-28,10,0,0,0,0
50,-27,14,0,0,0,0
50,-26,2,0,0,0,0
50,-25,6,0,0,0,0
50,-16,48,0,0,0,0
50,-15,2115,1,0,0.04728,0
50,-14,3468,5,0,0.1442,0
50,-13,4800,1,0,0.02083,0
50,-12,7567,17,0,0.2247,0
50,-11,4830,7,0,0.1449,0
50,-10,6238,15,0,0.2405,0
50,-9,6322,8,1,0.1265,1.582
50,-8,5438,15,1,0.2758,1.839
50,-7,6976,25,4,0.3584,5.734
50,-6,4818,36,2,0.7472,4.151
50,-5,6880,104,14,1.512,20.35
50,-4,5190,69,11,1.329,21.19
50,-3,6730,56,3,0.8321,4.458
50,-2,5906,34,1,0.5757,1.693
50,-1,5486,39,4,0.7109,7.291
50,0,6934,24,0,0.3461,0
50,1,4608,22,3,0.4774,6.51
50,2,7944,117,2,1.473,2.518
50,3,4354,136,0,3.124,0
50,4,8110,268,3,3.305,3.699
50,5,4622,19,1,0.4111,2.164
50,6,7716,156,1,2.022,1.296
50,7,5182,180,1,3.474,1.93
50,8,7036,185,12,2.629,17.06
50,9,5414,73,3,1.348,5.541
50,10,6968,48,1,0.6889,1.435
50,11,5522,62,5,1.123,9.055
50,12,6116,75,0,1.226,0
50,13,6624,184,0,2.778,0
50,14,5554,330,1,5.942,1.801
50,15,6974,419,11,6.008,15.77
50,16,4926,435,15,8.831,30.45
50,17,7524,600,8,7.974,10.63
50,18,4810,369,20,7.672,41.58
50,19,7870,665,27,8.45,34.31
50,20,4136,240,13,5.803,31.43
50,21,8286,990,118,11.95,142.4
50,22,4442,498,30,11.21,67.54
50,23,7220,335,59,4.64,81.72
50,24,5224,164,9,3.139,17.23
50,25,6530,120,8,1.838,12.25
50,26,6192,131,14,2.116,22.61
50,27,5172,101,6,1.953,11.6
50,28,6842,192,18,2.806,26.31
50,29,5450,238,45,4.367,82.57
50,30,6252,275,65,4.399,104
50,31,5370,279,66,5.196,122.9
50,32,6510,148,17,2.273,26.11
50,33,6247,151,7,2.417,11.21
50,34,5252,240,11,4.57,20.94
50,35,5226,502,38,9.606,72.71
50,36,3578,321,38,8.971,106.2
50,37,4704,775,92,16.48,195.6
50,38,4316,456,16,10.57,37.07
50,39,5724,281,35,4.909,61.15
50,40,4010,134,12,3.342,29.93
50,41,5136,134,6,2.609,11.68
50,42,3440,51,1,1.483,2.907
50,43,3992,63,0,1.578,0
50,44,2090,33,3,1.579,14.35
50,45,3708,77,4,2.077,10.79
50,46,1716,27,1,1.573,5.828
50,47,1786,18,2,1.008,11.2
50,48,626,9,0,1.438,0
50,49,626,11,0,1.757,0
50,50,304,1,0,0.3289,0
50,51,510,15,3,2.941,58.82
50,52,426,4,1,0.939,23.47
50,53,510,11,0,2.157,0
50,54,432,4,0,0.9259,0
50,55,484,41,0,8.471,0
50,56,564,78,2,13.83,35.46
50,57,286,22,4,7.692,139.9
50,58,610,55,5,9.016,81.97
50,59,378,3,2,0.7937,52.91
50,60,396,10,2,2.525,50.51
50,61,456,0,0,0,0
50,62,436,2,0,0.4587,0
50,63,416,4,0,0.9615,0
50,64,286,4,0,1.399,0
50,65,538,0,0,0,0
50,66,304,1,0,0.3289,0
50,67,472,0,0,0,0
50,68,382,1,0,0.2618,0
50,69,416,0,0,0,0
50,70,500,0,0,0,0
50,71,242,1,0,0.4132,0
50,72,614,3,0,0.4886,0
50,73,466,2,0,0.4292,0
50,74,628,2,0,0.3185,0
50,75,284,1,0,0.3521,0
50,76,316,0,0,0,0
50,77,64,0,0,0,0
50,78,276,1,0,0.3623,0
50,79,210,0,0,0,0
50,80,350,11,0,3.143,0
50,81,134,0,0,0,0
50,82,560,3,0,0.5357,0
50,83,1120,1,0,0.08929,0
50,84,2134,5,0,0.2343,0
50,85,1744,21,0,1.204,0
50,86,574,5,0,0.8711,0
50,87,244,3,0,1.23,0
50,88,492,15,0,3.049,0
50,89,414,2,0,0.4831,0
50,90,320,4,0,1.25,0
50,91,412,1,0,0.2427,0
50,92,288,4,1,1.389,34.72
50,93,366,4,1,1.093,27.32
50,94,270,0,0,0,0
50,95,416,1,0,0.2404,0
50,96,394,0,0,0,0
50,97,474,2,0,0.4219,0
50,98,372,1,0,0.2688,0
50,99,456,4,0,0.8772,0
50,100,498,4,0,0.8032,0
50,101,300,1,0,0.3333,0
50,102,490,2,0,0.4082,0
50,103,368,2,0,0.5435,0
50,104,374,1,0,0.2674,0
50,105,484,2,0,0.4132,0
50,106,422,1,0,0.237,0
50,107,502,4,0,0.7968,0
50,108,258,2,1,0.7752,38.76
50,109,606,2,0,0.33,0
50,110,348,6,0,1.724,0
50,111,526,15,1,2.852,19.01
50,112,178,3,0,1.685,0
50,113,492,2,0,0.4065,0
50,114,318,0,0,0,0
50,115,548,13,3,2.372,54.74
50,116,228,4,0,1.754,0
50,117,498,9,0,1.807,0
50,118,264,1,0,0.3788,0
50,119,474,38,1,8.017,21.1
50,120,210,5,0,2.381,0
50,121,326,2,0,0.6135,0
50,122,220,13,0,5.909,0
50,123,280,40,6,14.29,214.3
50,124,248,62,10,25,403.2
50,125,410,59,0,14.39,0
50,126,486,139,1,28.6,20.58
50,127,246,77,2,31.3,81.3
50,128,508,83,2,16.34,39.37
50,129,196,3,0,1.531,0
50,130,334,3,1,0.8982,29.94
50,131,312,8,0,2.564,0
50,132,350,13,2,3.714,57.14
50,133,118,0,0,0,0
50,134,250,9,0,3.6,0
50,135,322,3,1,0.9317,31.06
50,136,74,0,0,0,0
50,137,570,8,0,1.404,0
50,138,466,9,3,1.931,64.38
50,139,600,8,0,1.333,0
50,140,1804,9,0,0.4989,0
50,141,1326,2,0,0.1508,0
50,142,2726,21,0,0.7704,0
50,143,2596,1,0,0.03852,0
50,144,1068,1,0,0.09363,0
50,145,1676,1,0,0.05967,0
50,151,8,0,0,0,0
50,152,1714,58,0,3.384,0
50,153,1504,13,0,0.8644,0
50,154,2936,56,3,1.907,10.22
50,155,2110,11,2,0.5213,9.479
50,156,1866,17,3,0.911,16.08
50,157,934,1,0,0.1071,0
50,158,556,0,0,0,0
50,159,500,3,0,0.6,0
50,177,248,0,0,0,0
50,179,20,0,0,0,0
51,-180,308,0,0,0,0
51,-179,1158,0,0,0,0
51,-178,1276,0,0,0,0
51,-177,2386,0,0,0,0
51,-176,1833,1,0,0.05456,0
51,-175,1976,1,0,0.05061,0
51,-174,1822,0,0,0,0
51,-173,1050,0,0,0,0
51,-172,1584,0,0,0,0
51,-171,8,0,0,0,0
51,-170,824,2,0,0.2427,0
51,-138,76,0,0,0,0
51,-137,76,0,0,0,0
51,-136,236,0,0,0,0
51,-135,218,0,0,0,0
51,-134,1758,0,0,0,0
51,-133,696,0,0,0,0
51,-132,1780,2,0,0.1124,0
51,-131,1694,0,0,0,0
51,-130,1820,0,0,0,0
51,-129,772,0,0,0,0
51,-128,2556,2,0,0.07825,0
51,-127,2202,0,0,0,0
51,-126,2116,9,1,0.4253,4.726
51,-125,2400,3,2,0.125,8.333
51,-124,2672,8,0,0.2994,0
51,-123,2254,2,2,0.08873,8.873
51,-122,1997,0,0,0,0
51,-121,2304,1,0,0.0434,0
51,-120,450,0,0,0,0
51,-119,772,0,0,0,0
51,-118,388,0,0,0,0
51,-117,762,0,0,0,0
51,-116,390,2,0,0.5128,0
51,-115,780,0,0,0,0
51,-114,390,2,0,0.5128,0
51,-113,2448,5,0,0.2042,0
51,-112,2096,0,0,0,0
51,-111,3776,8,0,0.2119,0
51,-110,1838,2,0,0.1088,0
51,-109,3440,2,0,0.05814,0
51,-108,2238,66,1,2.949,4.468
51,-107,3222,55,6,1.707,18.62
51,-106,2276,52,0,2.285,0
51,-105,3988,1,0,0.02508,0
51,-104,3554,0,0,0,0
51,-103,3816,8,0,0.2096,0
51,-102,4412,2,0,0.04533,0
51,-101,2700,2,0,0.07407,0
51,-100,4260,0,0,0,0
51,-99,1834,1,0,0.05453,0
51,-98,3100,0,0,0,0
51,-97,2174,3,0,0.138,0
51,-96,2694,0,0,0,0
51,-95,922,0,0,0,0
51,-94,1618,0,0,0,0
51,-93,366,0,0,0,0
51,-92,256,0,0,0,0
51,-91,378,0,0,0,0
51,-90,426,0,0,0,0
51,-89,554,0,0,0,0
51,-88,644,1,0,0.1553,0
51,-87,2146,0,0,0,0
51,-86,2204,0,0,0,0
51,-85,2556,0,0,0,0
51,-84,2862,0,0,0,0
51,-83,1652,0,0,0,0
51,-82,2828,0,0,0,0
51,-81,900,0,0,0,0
51,-80,1612,0,0,0,0
51,-79,938,1,0,0.1066,0
51,-78,3170,0,0,0,0
51,-77,2546,1,0,0.03928,0
51,-76,3370,8,0,0.2374,0
51,-75,1624,1,1,0.06158,6.158
51,-74,2930,2,0,0.06826,0
51,-73,1818,0,0,0,0
51,-72,2794,0,0,0,0
51,-71,1904,1,0,0.05252,0
51,-70,2396,0,0,0,0
51,-69,2348,0,0,0,0
51,-68,1620,0,0,0,0
51,-67,2488,0,0,0,0
51,-66,1536,0,0,0,0
51,-65,2320,0,0,0,0
51,-64,3858,3,0,0.07776,0
51,-63,3328,1,0,0.03005,0
51,-62,4798,0,0,0,0
51,-61,4936,0,0,0,0
51,-60,4720,0,0,0,0
51,-59,4726,2,0,0.04232,0
51,-58,5154,1,0,0.0194,0
51,-57,4284,0,0,0,0
51,-56,5480,0,0,0,0
51,-55,4446,2,0,0.04498,0
51,-54,4812,4,0,0.08313,0
51,-53,3575,1,0,0.02797,0
51,-52,3050,0,0,0,0
51,-51,2038,4,0,0.1963,0
51,-50,2644,1,0,0.03782,0
51,-49,2364,0,0,0,0
51,-48,2856,0,0,0,0
51,-47,2856,1,0,0.03501,0
51,-46,1872,2,0,0.1068,0
51,-45,1966,0,0,0,0
51,-44,956,0,0,0,0
51,-43,846,0,0,0,0
51,-42,1016,0,0,0,0
51,-41,920,0,0,0,0
51,-40,776,0,0,0,0
51,-39,884,2,0,0.2262,0
51,-38,184,0,0,0,0
51,-37,250,0,0,0,0
51,-36,14,0,0,0,0
51,-35,10,0,0,0,0
51,-34,8,0,0,0,0
51,-31,6,0,0,0,0
51,-30,6,0,0,0,0
51,-29,18,0,0,0,0
51,-28,18,0,0,0,0
51,-27,12,0,0,0,0
51,-26,12,0,0,0,0
51,-25,8,0,0,0,0
51,-24,4,0,0,0,0
51,-17,48,0,0,0,0
51,-16,78,0,0,0,0
51,-15,1898,3,1,0.1581,5.269
51,-14,2306,5,0,0.2168,0
51,-13,5562,4,0,0.07192,0
51,-12,7088,20,2,0.2822,2.822
51,-11,4556,7,0,0.1536,0
51,-10,7896,73,1,0.9245,1.266
51,-9,4150,290,0,6.988,0
51,-8,8281,48,3,0.5796,3.623
51,-7,4138,12,0,0.29,0
51,-6,8826,48,4,0.5438,4.532
51,-5,4116,16,0,0.3887,0
51,-4,8218,49,1,0.5963,1.217
51,-3,4102,23,0,0.5607,0
51,-2,7572,74,1,0.9773,1.321
51,-1,4808,48,1,0.9983,2.08
51,0,7058,320,6,4.534,8.501
51,1,5836,51,1,0.8739,1.714
51,2,6246,37,3,0.5924,4.803
51,3,6284,51,1,0.8116,1.591
51,4,5522,117,2,2.119,3.622
51,5,6540,183,7,2.798,10.7
51,6,5309,193,4,3.635,7.534
51,7,6948,318,15,4.577,21.59
51,8,5422,65,4,1.199,7.377
51,9,6956,84,0,1.208,0
51,10,5536,45,3,0.8129,5.419
51,11,6458,92,4,1.425,6.194
51,12,5990,64,4,1.068,6.678
51,13,5866,77,0,1.313,0
51,14,6524,96,1,1.471,1.533
51,15,5256,195,10,3.71,19.03
51,16,6896,442,1,6.41,1.45
51,17,5496,587,2,10.68,3.639
51,18,6824,890,4,13.04,5.862
51,19,5214,470,8,9.014,15.34
51,20,6674,506,1,7.582,1.498
51,21,5418,581,7,10.72,12.92
51,22,6129,493,25,8.044,40.79
51,23,6524,438,25,6.714,38.32
51,24,5096,27,3,0.5298,5.887
51,25,7380,68,3,0.9214,4.065
51,26,4276,29,1,0.6782,2.339
51,27,8168,105,6,1.286,7.346
51,28,4130,29,0,0.7022,0
51,29,8212,147,5,1.79,6.089
51,30,4388,84,11,1.914,25.07
51,31,8244,244,30,2.96,36.39
51,32,4448,80,5,1.799,11.24
51,33,8228,441,48,5.36,58.34
51,34,4234,441,66,10.42,155.9
51,35,5426,521,56,9.602,103.2
51,36,2334,171,38,7.326,162.8
51,37,3722,364,40,9.78,107.5
51,38,3700,613,21,16.57,56.76
51,39,3636,212,39,5.831,107.3
51,40,3536,118,26,3.337,73.53
51,41,2660,64,3,2.406,11.28
51,42,3688,69,2,1.871,5.423
51,43,2188,47,4,2.148,18.28
51,44,3304,41,1,1.241,3.027
51,45,1726,36,6,2.086,34.76
51,46,3388,40,4,1.181,11.81
51,47,630,30,0,4.762,0
51,48,1948,21,0,1.078,0
51,49,398,7,0,1.759,0
51,50,526,5,0,0.9506,0
51,51,430,11,2,2.558,46.51
51,52,414,3,0,0.7246,0
51,53,552,8,0,1.449,0
51,54,444,6,2,1.351,45.05
51,55,606,3,0,0.495,0
51,56,354,18,0,5.085,0
51,57,548,4,0,0.7299,0
51,58,460,11,0,2.391,0
51,59,526,13,2,2.471,38.02
51,60,396,2,0,0.5051,0
51,61,438,1,0,0.2283,0
51,62,564,7,0,1.241,0
51,63,294,1,0,0.3401,0
51,64,600,2,1,0.3333,16.67
51,65,306,0,0,0,0
51,66,590,0,0,0,0
51,67,270,0,0,0,0
51,68,606,2,0,0.33,0
51,69,336,0,0,0,0
51,70,578,4,0,0.692,0
51,71,244,42,0,17.21,0
51,72,616,0,0,0,0
51,73,406,0,0,0,0
51,74,518,0,0,0,0
51,75,376,0,0,0,0
51,76,248,1,0,0.4032,0
51,77,144,3,0,2.083,0
51,78,238,0,0,0,0
51,79,242,0,0,0,0
51,80,252,0,0,0,0
51,81,312,1,0,0.3205,0
51,82,450,4,0,0.8889,0
51,83,316,3,0,0.9494,0
51,84,560,1,0,0.1786,0
51,85,1102,6,0,0.5445,0
51,86,346,2,0,0.578,0
51,87,566,6,1,1.06,17.67
51,88,432,1,0,0.2315,0
51,89,342,1,0,0.2924,0
51,90,432,1,0,0.2315,0
51,91,348,0,0,0,0
51,92,414,0,0,0,0
51,93,198,0,0,0,0
51,94,484,2,0,0.4132,0
51,95,242,2,0,0.8264,0
51,96,374,2,2,0.5348,53.48
51,97,478,2,0,0.4184,0
51,98,408,0,0,0,0
51,99,528,2,0,0.3788,0
51,100,312,2,0,0.641,0
51,101,600,3,0,0.5,0
51,102,288,0,0,0,0
51,103,560,0,0,0,0
51,104,264,3,0,1.136,0
51,105,594,41,3,6.902,50.51
51,106,330,3,0,0.9091,0
51,107,588,52,0,8.844,0
51,108,258,0,0,0,0
51,109,558,7,0,1.254,0
51,110,402,11,0,2.736,0
51,111,514,9,0,1.751,0
51,112,182,7,0,3.846,0
51,113,442,2,0,0.4525,0
51,114,384,4,0,1.042,0
51,115,354,43,0,12.15,0
51,116,426,6,0,1.408,0
51,117,352,4,0,1.136,0
51,118,444,22,1,4.955,22.52
51,119,214,8,0,3.738,0
51,120,448,21,0,4.688,0
51,121,226,3,0,1.327,0
51,122,314,6,0,1.911,0
51,123,300,1,0,0.3333,0
51,124,308,18,2,5.844,64.94
51,125,410,9,0,2.195,0
51,126,322,9,0,2.795,0
51,127,518,6,0,1.158,0
51,128,320,4,0,1.25,0
51,129,332,3,0,0.9036,0
51,130,290,7,3,2.414,103.4
51,131,368,3,0,0.8152,0
51,132,307,3,0,0.9772,0
51,133,240,2,0,0.8333,0
51,134,254,1,0,0.3937,0
51,135,6,0,0,0,0
51,136,330,2,0,0.6061,0
51,137,328,0,0,0,0
51,138,702,5,2,0.7123,28.49
51,139,376,2,0,0.5319,0
51,140,1762,10,0,0.5675,0
51,141,1658,5,0,0.3016,0
51,142,3098,8,0,0.2582,0
51,143,2051,1,0,0.04876,0
51,144,1344,2,0,0.1488,0
51,145,534,1,0,0.1873,0
51,154,1924,11,0,0.5717,0
51,155,1497,5,0,0.334,0
51,156,3778,13,0,0.3441,0
51,157,2870,21,1,0.7317,3.484
51,158,2226,9,1,0.4043,4.492
51,159,3002,17,0,0.5663,0
51,160,8,0,0,0,0
51,161,12,0,0,0,0
51,172,100,0,0,0,0
51,173,200,0,0,0,0
51,175,2400,0,0,0,0
51,176,2400,0,0,0,0
51,177,5313,2,0,0.03764,0
51,178,3442,0,0,0,0
51,179,2986,1,0,0.03349,0
52,-180,534,0,0,0,0
52,-179,1478,0,0,0,0
52,-178,1318,0,0,0,0
52,-177,2208,4,0,0.1812,0
52,-176,1868,1,0,0.05353,0
52,-175,2914,1,0,0.03432,0
52,-174,1836,1,0,0.05447,0
52,-173,3070,0,0,0,0
52,-172,1860,1,0,0.05376,0
52,-171,2818,0,0,0,0
52,-170,1770,1,0,0.0565,0
52,-169,1694,0,0,0,0
52,-168,1886,2,0,0.106,0
52,-167,608,1,0,0.1645,0
52,-166,498,0,0,0,0
52,-138,114,0,0,0,0
52,-137,26,0,0,0,0
52,-136,332,0,0,0,0
52,-135,256,0,0,0,0
52,-134,1960,0,0,0,0
52,-133,1850,0,0,0,0
52,-132,928,1,0,0.1078,0
52,-131,1892,0,0,0,0
52,-130,1866,1,0,0.05359,0
52,-129,1804,0,0,0,0
52,-128,1734,10,4,0.5767,23.07
52,-127,2648,7,3,0.2644,11.33
52,-126,2070,6,2,0.2899,9.662
52,-125,2100,4,2,0.1905,9.524
52,-124,1360,4,1,0.2941,7.353
52,-123,3228,2,0,0.06196,0
52,-122,3050,3,0,0.09836,0
52,-121,1988,1,0,0.0503,0
52,-120,1382,0,0,0,0
52,-119,894,0,0,0,0
52,-118,1290,0,0,0,0
52,-117,976,1,0,0.1025,0
52,-116,1974,5,0,0.2533,0
52,-115,1446,1,0,0.06916,0
52,-114,1416,3,0,0.2119,0
52,-113,3290,8,0,0.2432,0
52,-112,2874,0,0,0,0
52,-111,2902,5,0,0.1723,0
52,-110,2930,1,0,0.03413,0
52,-109,2080,4,0,0.1923,0
52,-108,2932,7,0,0.2387,0
52,-107,2650,30,0,1.132,0
52,-106,2838,23,0,0.8104,0
52,-105,3698,1,0,0.02704,0
52,-104,3654,1,0,0.02737,0
52,-103,5414,5,0,0.09235,0
52,-102,3092,0,0,0,0
52,-101,4078,2,0,0.04904,0
52,-100,1978,2,0,0.1011,0
52,-99,2528,1,0,0.03956,0
52,-98,1338,0,0,0,0
52,-97,1638,2,0,0.1221,0
52,-96,962,0,0,0,0
52,-95,180,0,0,0,0
52,-94,508,0,0,0,0
52,-93,352,0,0,0,0
52,-92,424,0,0,0,0
52,-91,324,0,0,0,0
52,-90,482,0,0,0,0
52,-89,628,0,0,0,0
52,-88,642,0,0,0,0
52,-87,2452,1,0,0.04078,0
52,-86,2268,0,0,0,0
52,-85,2334,1,0,0.04284,0
52,-84,2188,0,0,0,0
52,-83,2546,0,0,0,0
52,-82,2808,2,0,0.07123,0
52,-81,1460,0,0,0,0
52,-80,1620,0,0,0,0
52,-79,2790,0,0,0,0
52,-78,2332,2,0,0.08576,0
52,-77,2558,0,0,0,0
52,-76,3082,2,0,0.06489,0
52,-75,2032,0,0,0,0
52,-74,2995,3,0,0.1002,0
52,-73,1940,0,0,0,0
52,-72,3192,2,2,0.06266,6.266
52,-71,1614,0,0,0,0
52,-70,3122,0,0,0,0
52,-69,1692,0,0,0,0
52,-68,2958,0,0,0,0
52,-67,1538,0,0,0,0
52,-66,2200,0,0,0,0
52,-65,1334,0,0,0,0
52,-64,3482,0,0,0,0
52,-63,1970,0,0,0,0
52,-62,5254,0,0,0,0
52,-61,4226,0,0,0,0
52,-60,5429,0,0,0,0
52,-59,5482,1,0,0.01824,0
52,-58,4191,1,0,0.02386,0
52,-57,5562,0,0,0,0
52,-56,3899,0,0,0,0
52,-55,5762,3,0,0.05207,0
52,-54,2691,0,0,0,0
52,-53,5414,0,0,0,0
52,-52,1876,0,0,0,0
52,-51,3304,2,0,0.06053,0
52,-50,1420,0,0,0,0
52,-49,3430,2,0,0.05831,0
52,-48,2010,0,0,0,0
52,-47,3702,3,0,0.08104,0
52,-46,1910,0,0,0,0
52,-45,1668,0,0,0,0
52,-44,850,0,0,0,0
52,-43,740,0,0,0,0
52,-42,804,0,0,0,0
52,-41,1084,0,0,0,0
52,-40,798,0,0,0,0
52,-39,748,0,0,0,0
52,-38,570,0,0,0,0
52,-37,198,0,0,0,0
52,-36,100,0,0,0,0
52,-35,12,0,0,0,0
52,-34,12,0,0,0,0
52,-29,12,0,0,0,0
52,-28,10,0,0,0,0
52,-27,12,0,0,0,0
52,-26,10,0,0,0,0
52,-24,10,0,0,0,0
52,-18,164,0,0,0,0
52,-17,326,0,0,0,0
52,-16,228,1,0,0.4386,0
52,-15,2152,6,1,0.2788,4.647
52,-14,2892,3,1,0.1037,3.458
52,-13,5490,5,0,0.09107,0
52,-12,6166,16,1,0.2595,1.622
52,-11,6404,39,0,0.609,0
52,-10,6332,54,0,0.8528,0
52,-9,6090,156,2,2.562,3.284
52,-8,5564,109,1,1.959,1.797
52,-7,6568,277,1,4.217,1.523
52,-6,5906,148,2,2.506,3.386
52,-5,5906,29,2,0.491,3.386
52,-4,5892,29,1,0.4922,1.697
52,-3,6306,34,0,0.5392,0
52,-2,6466,98,5,1.516,7.733
52,-1,5934,87,0,1.466,0
52,0,6248,136,13,2.177,20.81
52,1,5838,42,0,0.7194,0
52,2,6662,25,3,0.3753,4.503
52,3,5696,90,2,1.58,3.511
52,4,7094,172,12,2.425,16.92
52,5,5156,99,8,1.92,15.52
52,6,7180,92,4,1.281,5.571
52,7,4886,132,2,2.702,4.093
52,8,7100,140,8,1.972,11.27
52,9,5256,97,2,1.846,3.805
52,10,6636,76,1,1.145,1.507
52,11,5540,56,2,1.011,3.61
52,12,6148,61,0,0.9922,0
52,13,6646,71,2,1.068,3.009
52,14,5225,54,1,1.033,1.914
52,15,7234,137,2,1.894,2.765
52,16,5024,822,1,16.36,1.99
52,17,6910,334,1,4.834,1.447
52,18,5334,268,2,5.024,3.75
52,19,6706,300,9,4.474,13.42
52,20,5370,515,1,9.59,1.862
52,21,6840,297,15,4.342,21.93
52,22,5520,200,9,3.623,16.3
52,23,6544,155,3,2.369,4.584
52,24,6274,34,0,0.5419,0
52,25,5984,56,1,0.9358,1.671
52,26,6168,51,4,0.8268,6.485
52,27,5834,52,4,0.8913,6.856
52,28,5092,26,3,0.5106,5.892
52,29,5413,34,0,0.6281,0
52,30,4353,68,3,1.562,6.892
52,31,5060,128,13,2.53,25.69
52,32,5040,144,8,2.857,15.87
52,33,5277,200,22,3.79,41.69
52,34,5766,170,18,2.948,31.22
52,35,2786,159,23,5.707,82.56
52,36,2392,138,9,5.769,37.63
52,37,2972,186,19,6.258,63.93
52,38,2136,113,37,5.29,173.2
52,39,3462,122,3,3.524,8.666
52,40,3482,165,11,4.739,31.59
52,41,3132,31,0,0.9898,0
52,42,2440,37,2,1.516,8.197
52,43,3110,21,2,0.6752,6.431
52,44,1978,13,1,0.6572,5.056
52,45,3134,24,0,0.7658,0
52,46,1720,11,0,0.6395,0
52,47,1944,11,0,0.5658,0
52,48,1824,25,0,1.371,0
52,49,512,5,0,0.9766,0
52,50,444,1,0,0.2252,0
52,51,398,10,1,2.513,25.13
52,52,508,37,2,7.283,39.37
52,53,440,1,0,0.2273,0
52,54,572,3,0,0.5245,0
52,55,408,2,2,0.4902,49.02
52,56,702,19,4,2.707,56.98
52,57,372,4,0,1.075,0
52,58,608,7,0,1.151,0
52,59,256,0,0,0,0
52,60,702,26,0,3.704,0
52,61,348,2,0,0.5747,0
52,62,642,5,0,0.7788,0
52,63,294,0,0,0,0
52,64,574,1,0,0.1742,0
52,65,320,0,0,0,0
52,66,460,1,0,0.2174,0
52,67,388,10,0,2.577,0
52,68,440,0,0,0,0
52,69,604,0,0,0,0
52,70,252,0,0,0,0
52,71,566,1,0,0.1767,0
52,72,416,0,0,0,0
52,73,436,0,0,0,0
52,74,376,0,0,0,0
52,75,556,0,0,0,0
52,76,124,2,0,1.613,0
52,77,298,1,0,0.3356,0
52,78,246,2,0,0.813,0
52,79,138,26,0,18.84,0
52,80,316,0,0,0,0
52,81,270,3,0,1.111,0
52,82,314,13,0,4.14,0
52,83,174,2,0,1.149,0
52,84,486,4,0,0.823,0
52,85,312,8,0,2.564,0
52,86,532,1,0,0.188,0
52,87,408,1,0,0.2451,0
52,88,338,2,0,0.5917,0
52,89,478,4,0,0.8368,0
52,90,402,5,0,1.244,0
52,91,494,1,0,0.2024,0
52,92,226,0,0,0,0
52,93,454,4,0,0.8811,0
52,94,228,0,0,0,0
52,95,498,7,0,1.406,0
52,96,270,2,0,0.7407,0
52,97,582,4,0,0.6873,0
52,98,432,0,0,0,0
52,99,510,3,0,0.5882,0
52,100,402,2,0,0.4975,0
52,101,520,4,0,0.7692,0
52,102,368,3,0,0.8152,0
52,103,380,5,0,1.316,0
52,104,436,7,0,1.606,0
52,105,424,2,0,0.4717,0
52,106,508,0,0,0,0
52,107,302,0,0,0,0
52,108,544,4,0,0.7353,0
52,109,348,3,0,0.8621,0
52,110,498,0,0,0,0
52,111,282,0,0,0,0
52,112,464,7,0,1.509,0
52,113,400,65,1,16.25,25
52,114,282,5,0,1.773,0
52,115,452,4,0,0.885,0
52,116,408,1,0,0.2451,0
52,117,440,1,0,0.2273,0
52,118,234,5,0,2.137,0
52,119,508,8,0,1.575,0
52,120,302,1,0,0.3311,0
52,121,298,2,0,0.6711,0
52,122,338,7,0,2.071,0
52,123,338,5,1,1.479,29.59
52,124,310,5,0,1.613,0
52,125,252,5,0,1.984,0
52,126,550,1,0,0.1818,0
52,127,322,4,0,1.242,0
52,128,560,35,1,6.25,17.86
52,129,228,0,0,0,0
52,130,438,11,1,2.511,22.83
52,131,212,1,0,0.4717,0
52,132,454,11,1,2.423,22.03
52,133,240,0,0,0,0
52,134,232,6,2,2.586,86.21
52,135,8,0,0,0,0
52,136,310,0,0,0,0
52,137,312,0,0,0,0
52,138,566,3,0,0.53,0
52,139,788,0,0,0,0
52,140,1116,7,0,0.6272,0
52,141,1772,6,0,0.3386,0
52,142,2594,29,1,1.118,3.855
52,143,2170,5,0,0.2304,0
52,144,1634,4,0,0.2448,0
52,145,228,1,0,0.4386,0
52,154,1080,4,0,0.3704,0
52,155,420,0,0,0,0
52,156,3992,9,0,0.2255,0
52,157,3976,18,3,0.4527,7.545
52,158,2070,16,0,0.7729,0
52,159,3240,11,0,0.3395,0
52,160,8,0,0,0,0
52,161,12,0,0,0,0
52,171,448,0,0,0,0
52,172,348,0,0,0,0
52,173,240,0,0,0,0
52,174,368,0,0,0,0
52,175,2400,0,0,0,0
52,176,3176,1,0,0.03149,0
52,177,4842,2,0,0.04131,0
52,178,2897,1,0,0.03452,0
52,179,1885,1,1,0.05305,5.305
53,-177,252,0,0,0,0
53,-175,224,0,0,0,0
53,-173,232,0,0,0,0
53,-172,120,0,0,0,0
53,-171,564,0,0,0,0
53,-170,1196,0,0,0,0
53,-169,1550,0,0,0,0
53,-168,2096,2,0,0.09542,0
53,-167,1884,5,0,0.2654,0
53,-166,1529,1,0,0.0654,0
53,-165,112,0,0,0,0
53,-164,776,2,0,0.2577,0
53,-163,776,0,0,0,0
53,-162,500,0,0,0,0
53,-161,276,0,0,0,0
53,-142,16,0,0,0,0
53,-141,16,0,0,0,0
53,-140,32,0,0,0,0
53,-139,40,0,0,0,0
53,-138,28,0,0,0,0
53,-137,74,0,0,0,0
53,-136,96,0,0,0,0
53,-135,180,0,0,0,0
53,-134,1752,0,0,0,0
53,-133,1802,0,0,0,0
53,-132,2044,1,0,0.04892,0
53,-131,456,0,0,0,0
53,-130,2040,1,0,0.04902,0
53,-129,1728,3,2,0.1736,11.57
53,-128,2168,4,2,0.1845,9.225
53,-127,1620,4,0,0.2469,0
53,-126,2452,2,0,0.08157,0
53,-125,2188,2,0,0.09141,0
53,-124,782,0,0,0,0
53,-123,2452,1,0,0.04078,0
53,-122,2284,0,0,0,0
53,-121,2146,0,0,0,0
53,-120,646,0,0,0,0
53,-119,1962,0,0,0,0
53,-118,1912,0,0,0,0
53,-117,972,0,0,0,0
53,-116,2930,1,0,0.03413,0
53,-115,2452,1,0,0.04078,0
53,-114,3052,4,0,0.1311,0
53,-113,3262,2,0,0.06131,0
53,-112,2308,0,0,0,0
53,-111,4282,0,0,0,0
53,-110,1902,1,0,0.05258,0
53,-109,3144,4,0,0.1272,0
53,-108,2096,2,0,0.09542,0
53,-107,2842,0,0,0,0
53,-106,3472,5,0,0.144,0
53,-105,3072,1,0,0.03255,0
53,-104,4140,9,2,0.2174,4.831
53,-103,3834,5,0,0.1304,0
53,-102,3574,0,0,0,0
53,-101,2506,0,0,0,0
53,-100,744,0,0,0,0
53,-99,470,3,0,0.6383,0
53,-98,238,0,0,0,0
53,-97,610,0,0,0,0
53,-96,382,0,0,0,0
53,-95,672,1,0,0.1488,0
53,-94,242,0,0,0,0
53,-93,528,0,0,0,0
53,-92,476,0,0,0,0
53,-91,596,0,0,0,0
53,-90,492,0,0,0,0
53,-89,1506,0,0,0,0
53,-88,1392,0,0,0,0
53,-87,1634,0,0,0,0
53,-86,2868,1,0,0.03487,0
53,-85,3286,1,0,0.03043,0
53,-84,4190,1,0,0.02387,0
53,-83,4848,0,0,0,0
53,-82,4622,2,0,0.04327,0
53,-81,4634,2,0,0.04316,0
53,-80,2912,0,0,0,0
53,-79,5014,2,0,0.03989,0
53,-78,1994,0,0,0,0
53,-77,4244,2,0,0.04713,0
53,-76,2690,0,0,0,0
53,-75,2901,7,0,0.2413,0
53,-74,1550,1,0,0.06452,0
53,-73,3729,3,0,0.08045,0
53,-72,1554,1,0,0.06435,0
53,-71,3134,0,0,0,0
53,-70,1924,0,0,0,0
53,-69,2552,0,0,0,0
53,-68,2044,0,0,0,0
53,-67,1878,2,0,0.1065,0
53,-66,1876,1,1,0.0533,5.33
53,-65,1576,0,0,0,0
53,-64,2158,0,0,0,0
53,-63,3038,0,0,0,0
53,-62,4878,0,0,0,0
53,-61,5540,4,0,0.0722,0
53,-60,5404,0,0,0,0
53,-59,5412,0,0,0,0
53,-58,5222,0,0,0,0
53,-57,4952,2,0,0.04039,0
53,-56,5566,0,0,0,0
53,-55,5194,0,0,0,0
53,-54,3400,0,0,0,0
53,-53,3713,0,0,0,0
53,-52,2811,2,0,0.07115,0
53,-51,2170,0,0,0,0
53,-50,2926,0,0,0,0
53,-49,2312,2,0,0.08651,0
53,-48,3288,1,0,0.03041,0
53,-47,1692,2,0,0.1182,0
53,-46,3748,0,0,0,0
53,-45,872,0,0,0,0
53,-44,2425,4,0,0.1649,0
53,-43,1180,0,0,0,0
53,-42,2035,0,0,0,0
53,-41,1830,0,0,0,0
53,-40,1612,1,0,0.06203,0
53,-39,818,0,0,0,0
53,-38,1760,0,0,0,0
53,-37,12,0,0,0,0
53,-36,250,0,0,0,0
53,-35,8,0,0,0,0
53,-34,2,0,0,0,0
53,-29,10,0,0,0,0
53,-28,12,0,0,0,0
53,-27,8,0,0,0,0
53,-26,4,0,0,0,0
53,-25,10,0,0,0,0
53,-24,12,0,0,0,0
53,-18,144,1,0,0.6944,0
53,-17,288,1,0,0.3472,0
53,-16,204,1,0,0.4902,0
53,-15,2258,11,0,0.4872,0
53,-14,4287,11,1,0.2566,2.333
53,-13,4946,21,4,0.4246,8.087
53,-12,6234,23,2,0.3689,3.208
53,-11,5942,24,4,0.4039,6.732
53,-10,6220,88,2,1.415,3.215
53,-9,5930,53,2,0.8938,3.373
53,-8,5822,133,6,2.284,10.31
53,-7,6016,197,3,3.275,4.987
53,-6,5796,67,10,1.156,17.25
53,-5,6464,38,0,0.5879,0
53,-4,5782,107,5,1.851,8.648
53,-3,5970,49,1,0.8208,1.675
53,-2,5876,77,2,1.31,3.404
53,-1,6630,113,7,1.704,10.56
53,0,6264,55,5,0.878,7.982
53,1,5907,36,0,0.6094,0
53,2,6387,52,7,0.8142,10.96
53,3,6156,79,10,1.283,16.24
53,4,5984,61,3,1.019,5.013
53,5,6356,101,9,1.589,14.16
53,6,6132,112,11,1.826,17.94
53,7,6210,172,42,2.77,67.63
53,8,5718,153,23,2.676,40.22
53,9,6224,100,16,1.607,25.71
53,10,5794,138,2,2.382,3.452
53,11,6502,84,2,1.292,3.076
53,12,6244,89,7,1.425,11.21
53,13,6252,80,6,1.28,9.597
53,14,6385,264,5,4.135,7.831
53,15,6132,156,6,2.544,9.785
53,16,5942,73,4,1.229,6.732
53,17,6023,186,4,3.088,6.641
53,18,6144,209,6,3.402,9.766
53,19,6424,262,11,4.078,17.12
53,20,5596,172,6,3.074,10.72
53,21,6168,220,2,3.567,3.243
53,22,6074,128,5,2.107,8.232
53,23,6194,73,9,1.179,14.53
53,24,5908,236,17,3.995,28.77
53,25,6192,74,3,1.195,4.845
53,26,4562,164,11,3.595,24.11
53,27,4700,211,45,4.489,95.74
53,28,4310,149,28,3.457,64.97
53,29,4105,57,4,1.389,9.744
53,30,3650,54,3,1.479,8.219
53,31,3504,160,12,4.566,34.25
53,32,3166,275,61,8.686,192.7
53,33,2718,91,12,3.348,44.15
53,34,3022,167,30,5.526,99.27
53,35,1030,49,9,4.757,87.38
53,36,1448,64,10,4.42,69.06
53,37,2602,109,0,4.189,0
53,38,1114,79,5,7.092,44.88
53,39,3310,74,2,2.236,6.042
53,40,2952,92,12,3.117,40.65
53,41,2534,18,1,0.7103,3.946
53,42,2822,37,0,1.311,0
53,43,1965,12,2,0.6107,10.18
53,44,3128,33,1,1.055,3.197
53,45,1698,12,0,0.7067,0
53,46,3414,41,1,1.201,2.929
53,47,1716,22,0,1.282,0
53,48,2052,78,0,3.801,0
53,49,336,2,0,0.5952,0
53,50,610,30,0,4.918,0
53,51,290,9,0,3.103,0
53,52,520,6,0,1.154,0
53,53,398,1,0,0.2513,0
53,54,516,1,0,0.1938,0
53,55,404,3,1,0.7426,24.75
53,56,474,8,0,1.688,0
53,57,558,3,0,0.5376,0
53,58,360,2,0,0.5556,0
53,59,480,1,0,0.2083,0
53,60,376,0,0,0,0
53,61,564,2,0,0.3546,0
53,62,298,1,0,0.3356,0
53,63,644,67,0,10.4,0
53,64,304,1,1,0.3289,32.89
53,65,508,0,0,0,0
53,66,380,2,0,0.5263,0
53,67,414,0,0,0,0
53,68,542,1,0,0.1845,0
53,69,310,2,0,0.6452,0
53,70,568,0,0,0,0
53,71,370,1,0,0.2703,0
53,72,578,0,0,0,0
53,73,236,0,0,0,0
53,74,554,1,0,0.1805,0
53,75,400,0,0,0,0
53,76,300,1,0,0.3333,0
53,77,286,0,0,0,0
53,78,138,0,0,0,0
53,79,210,0,0,0,0
53,80,324,0,0,0,0
53,81,334,2,0,0.5988,0
53,82,180,24,0,13.33,0
53,83,510,6,0,1.176,0
53,84,348,7,0,2.011,0
53,85,748,6,0,0.8021,0
53,86,362,26,0,7.182,0
53,87,904,56,14,6.195,154.9
53,88,568,2,0,0.3521,0
53,89,828,11,0,1.329,0
53,90,542,6,0,1.107,0
53,91,378,1,0,0.2646,0
53,92,554,5,0,0.9025,0
53,93,308,0,0,0,0
53,94,464,1,0,0.2155,0
53,95,270,1,0,0.3704,0
53,96,498,2,0,0.4016,0
53,97,322,0,0,0,0
53,98,476,2,0,0.4202,0
53,99,368,0,0,0,0
53,100,506,13,2,2.569,39.53
53,101,384,2,0,0.5208,0
53,102,388,24,0,6.186,0
53,103,442,0,0,0,0
53,104,386,3,0,0.7772,0
53,105,502,2,0,0.3984,0
53,106,288,1,0,0.3472,0
53,107,590,9,0,1.525,0
53,108,404,11,0,2.723,0
53,109,528,56,0,10.61,0
53,110,396,2,0,0.5051,0
53,111,472,3,0,0.6356,0
53,112,406,8,0,1.97,0
53,113,286,3,0,1.049,0
53,114,398,5,0,1.256,0
53,115,412,3,0,0.7282,0
53,116,498,2,1,0.4016,20.08
53,117,228,2,0,0.8772,0
53,118,538,3,1,0.5576,18.59
53,119,306,4,0,1.307,0
53,120,522,7,0,1.341,0
53,121,218,5,0,2.294,0
53,122,428,11,0,2.57,0
53,123,210,0,0,0,0
53,124,384,11,1,2.865,26.04
53,125,304,4,0,1.316,0
53,126,450,2,1,0.4444,22.22
53,127,446,5,1,1.121,22.42
53,128,352,3,0,0.8523,0
53,129,462,9,0,1.948,0
53,130,292,3,0,1.027,0
53,131,372,6,0,1.613,0
53,132,268,2,0,0.7463,0
53,133,422,5,0,1.185,0
53,135,240,1,0,0.4167,0
53,136,306,0,0,0,0
53,137,204,0,0,0,0
53,138,476,3,0,0.6303,0
53,139,1446,4,0,0.2766,0
53,140,794,4,0,0.5038,0
53,141,2534,1,0,0.03946,0
53,142,1678,0,0,0,0
53,143,1700,5,0,0.2941,0
53,144,1776,92,3,5.18,16.89
53,145,228,0,0,0,0
53,155,1500,4,3,0.2667,20
53,156,3228,3,1,0.09294,3.098
53,157,4739,24,2,0.5064,4.22
53,158,4944,37,4,0.7484,8.091
53,159,3222,16,3,0.4966,9.311
53,160,1930,1,0,0.05181,0
53,161,4,0,0,0,0
53,162,2,0,0,0,0
53,164,178,1,0,0.5618,0
53,168,118,0,0,0,0
53,171,332,1,0,0.3012,0
53,172,332,0,0,0,0
53,174,216,0,0,0,0
53,177,252,0,0,0,0
53,178,248,0,0,0,0
53,179,516,0,0,0,0
54,-170,212,0,0,0,0
54,-169,24,0,0,0,0
54,-168,2134,10,0,0.4686,0
54,-167,1886,13,4,0.6893,21.21
54,-166,370,0,0,0,0
54,-165,1566,7,3,0.447,19.16
54,-164,2058,4,0,0.1944,0
54,-163,1674,0,0,0,0
54,-162,398,0,0,0,0
54,-161,1986,4,0,0.2014,0
54,-160,902,0,0,0,0
54,-159,120,0,0,0,0
54,-158,774,0,0,0,0
54,-157,1048,0,0,0,0
54,-141,48,0,0,0,0
54,-140,48,0,0,0,0
54,-139,32,0,0,0,0
54,-138,16,0,0,0,0
54,-137,48,0,0,0,0
54,-136,48,0,0,0,0
54,-135,1522,0,0,0,0
54,-134,212,0,0,0,0
54,-133,2008,0,0,0,0
54,-132,1712,1,0,0.05841,0
54,-131,1478,0,0,0,0
54,-130,1026,0,0,0,0
54,-129,1810,5,1,0.2762,5.525
54,-128,1926,2,0,0.1038,0
54,-127,1012,0,0,0,0
54,-126,1464,0,0,0,0
54,-125,1836,0,0,0,0
54,-124,1908,2,0,0.1048,0
54,-123,404,0,0,0,0
54,-122,2318,1,0,0.04314,0
54,-121,1994,0,0,0,0
54,-120,2000,0,0,0,0
54,-119,636,0,0,0,0
54,-118,2068,1,0,0.04836,0
54,-117,1846,0,0,0,0
54,-116,2356,0,0,0,0
54,-115,3002,0,0,0,0
54,-114,2216,0,0,0,0
54,-113,3473,0,0,0,0
54,-112,1056,0,0,0,0
54,-111,3164,22,0,0.6953,0
54,-110,1614,2,0,0.1239,0
54,-109,1116,0,0,0,0
54,-108,1130,2,0,0.177,0
54,-107,744,0,0,0,0
54,-106,2806,3,0,0.1069,0
54,-105,2670,0,0,0,0
54,-104,3682,0,0,0,0
54,-103,3443,0,0,0,0
54,-102,1850,2,0,0.1081,0
54,-101,1422,0,0,0,0
54,-100,358,2,0,0.5587,0
54,-99,268,0,0,0,0
54,-98,560,0,0,0,0
54,-97,238,0,0,0,0
54,-96,548,0,0,0,0
54,-95,480,0,0,0,0
54,-94,478,0,0,0,0
54,-93,396,0,0,0,0
54,-92,680,0,0,0,0
54,-91,824,0,0,0,0
54,-90,790,0,0,0,0
54,-89,890,1,0,0.1124,0
54,-88,1830,0,0,0,0
54,-87,2186,0,0,0,0
54,-86,3334,0,0,0,0
54,-85,3558,0,0,0,0
54,-84,3540,0,0,0,0
54,-83,4714,4,0,0.08485,0
54,-82,3864,0,0,0,0
54,-81,5512,3,0,0.05443,0
54,-80,2768,0,0,0,0
54,-79,5198,0,0,0,0
54,-78,2994,5,0,0.167,0
54,-77,3584,5,1,0.1395,2.79
54,-76,2912,0,0,0,0
54,-75,2252,3,0,0.1332,0
54,-74,3211,4,2,0.1246,6.229
54,-73,2090,7,0,0.3349,0
54,-72,2972,0,0,0,0
54,-71,1984,0,0,0,0
54,-70,2420,0,0,0,0
54,-69,1978,0,0,0,0
54,-68,2174,1,0,0.046,0
54,-67,1760,0,0,0,0
54,-66,1900,0,0,0,0
54,-65,2146,0,0,0,0
54,-64,1326,0,0,0,0
54,-63,4708,0,0,0,0
54,-62,3274,0,0,0,0
54,-61,6338,0,0,0,0
54,-60,5038,0,0,0,0
54,-59,5186,0,0,0,0
54,-58,5734,2,0,0.03488,0
54,-57,6204,4,0,0.06447,0
54,-56,5472,0,0,0,0
54,-55,4957,0,0,0,0
54,-54,5943,0,0,0,0
54,-53,3855,0,0,0,0
54,-52,3817,2,0,0.0524,0
54,-51,3417,0,0,0,0
54,-50,3062,1,0,0.03266,0
54,-49,3522,3,0,0.08518,0
54,-48,1980,0,0,0,0
54,-47,3504,0,0,0,0
54,-46,2114,0,0,0,0
54,-45,3132,2,0,0.06386,0
54,-44,2086,0,0,0,0
54,-43,2455,2,0,0.08147,0
54,-42,3882,0,0,0,0
54,-41,2940,0,0,0,0
54,-40,1464,0,0,0,0
54,-39,2566,0,0,0,0
54,-38,1728,2,0,0.1157,0
54,-37,204,0,0,0,0
54,-36,746,0,0,0,0
54,-35,12,0,0,0,0
54,-34,930,1,0,0.1075,0
54,-33,220,0,0,0,0
54,-32,1178,1,0,0.08489,0
54,-31,360,0,0,0,0
54,-30,1066,0,0,0,0
54,-29,360,1,0,0.2778,0
54,-28,596,0,0,0,0
54,-27,240,0,0,0,0
54,-26,242,0,0,0,0
54,-25,8,0,0,0,0
54,-24,4,0,0,0,0
54,-18,64,0,0,0,0
54,-17,110,0,0,0,0
54,-16,880,2,0,0.2273,0
54,-15,1474,9,1,0.6106,6.784
54,-14,4712,20,1,0.4244,2.122
54,-13,4228,27,2,0.6386,4.73
54,-12,5934,20,2,0.337,3.37
54,-11,6348,34,3,0.5356,4.726
54,-10,6504,35,0,0.5381,0
54,-9,5536,36,4,0.6503,7.225
54,-8,6720,115,0,1.711,0
54,-7,5398,64,5,1.186,9.263
54,-6,6878,76,5,1.105,7.27
54,-5,5200,17,1,0.3269,1.923
54,-4,6984,53,6,0.7589,8.591
54,-3,5528,16,0,0.2894,0
54,-2,6602,193,2,2.923,3.029
54,-1,5520,46,2,0.8333,3.623
54,0,6243,42,5,0.6728,8.009
54,1,6396,25,2,0.3909,3.127
54,2,6004,60,5,0.9993,8.328
54,3,6282,62,5,0.9869,7.959
54,4,6084,53,8,0.8711,13.15
54,5,6292,96,11,1.526,17.48
54,6,5646,136,26,2.409,46.05
54,7,6510,231,45,3.548,69.12
54,8,5592,182,32,3.255,57.22
54,9,6868,217,37,3.16,53.87
54,10,5812,242,42,4.164,72.26
54,11,6362,186,15,2.924,23.58
54,12,6070,211,17,3.476,28.01
54,13,6084,173,16,2.844,26.3
54,14,6550,144,5,2.198,7.634
54,15,5944,174,7,2.927,11.78
54,16,7002,220,2,3.142,2.856
54,17,5456,394,40,7.221,73.31
54,18,6298,901,2,14.31,3.176
54,19,5730,199,27,3.473,47.12
54,20,6316,180,19,2.85,30.08
54,21,5724,71,6,1.24,10.48
54,22,5876,349,3,5.939,5.106
54,23,6212,183,15,2.946,24.15
54,24,6112,217,20,3.55,32.72
54,25,6524,176,13,2.698,19.93
54,26,4890,133,25,2.72,51.12
54,27,5788,286,27,4.941,46.65
54,28,3660,173,14,4.727,38.25
54,29,3654,99,4,2.709,10.95
54,30,3447,155,43,4.497,124.7
54,31,3448,268,106,7.773,307.4
54,32,3784,541,181,14.3,478.3
54,33,2580,231,59,8.953,228.7
54,34,3592,213,27,5.93,75.17
54,35,2496,66,9,2.644,36.06
54,36,2725,267,19,9.798,69.72
54,37,1086,81,11,7.459,101.3
54,38,2430,109,10,4.486,41.15
54,39,2726,379,82,13.9,300.8
54,40,3076,373,72,12.13,234.1
54,41,2396,46,4,1.92,16.69
54,42,2308,49,0,2.123,0
54,43,2750,35,1,1.273,3.636
54,44,2258,29,0,1.284,0
54,45,2842,18,0,0.6334,0
54,46,2008,33,0,1.643,0
54,47,3122,55,0,1.762,0
54,48,336,20,4,5.952,119
54,49,2052,84,4,4.094,19.49
54,50,282,2,0,0.7092,0
54,51,618,18,0,2.913,0
54,52,370,11,1,2.973,27.03
54,53,488,8,0,1.639,0
54,54,398,0,0,0,0
54,55,420,10,0,2.381,0
54,56,648,105,0,16.2,0
54,57,414,3,0,0.7246,0
54,58,496,2,0,0.4032,0
54,59,404,1,0,0.2475,0
54,60,566,3,0,0.53,0
54,61,252,0,0,0,0
54,62,658,6,0,0.9119,0
54,63,358,0,0,0,0
54,64,512,0,0,0,0
54,65,416,1,0,0.2404,0
54,66,494,0,0,0,0
54,67,418,0,0,0,0
54,68,414,0,0,0,0
54,69,548,9,0,1.642,0
54,70,454,0,0,0,0
54,71,512,0,0,0,0
54,72,244,0,0,0,0
54,73,632,1,0,0.1582,0
54,74,356,0,0,0,0
54,75,500,0,0,0,0
54,76,364,0,0,0,0
54,77,246,0,0,0,0
54,78,156,0,0,0,0
54,79,290,1,0,0.3448,0
54,80,292,2,0,0.6849,0
54,81,280,0,0,0,0
54,82,350,2,0,0.5714,0
54,83,574,23,0,4.007,0
54,84,632,3,0,0.4747,0
54,85,402,0,0,0,0
54,86,824,23,0,2.791,0
54,87,612,6,0,0.9804,0
54,88,950,2,0,0.2105,0
54,89,762,5,0,0.6562,0
54,90,1004,3,0,0.2988,0
54,91,560,2,0,0.3571,0
54,92,726,5,0,0.6887,0
54,93,396,1,0,0.2525,0
54,94,242,0,0,0,0
54,95,538,6,0,1.115,0
54,96,282,2,0,0.7092,0
54,97,600,3,0,0.5,0
54,98,288,0,0,0,0
54,99,592,0,0,0,0
54,100,328,1,0,0.3049,0
54,101,456,5,0,1.096,0
54,102,364,0,0,0,0
54,103,452,3,0,0.6637,0
54,104,398,1,0,0.2513,0
54,105,330,1,0,0.303,0
54,106,540,1,0,0.1852,0
54,107,420,2,0,0.4762,0
54,108,528,1,0,0.1894,0
54,109,288,2,0,0.6944,0
54,110,582,0,0,0,0
54,111,402,2,0,0.4975,0
54,112,514,11,0,2.14,0
54,113,182,3,1,1.648,54.95
54,114,456,0,0,0,0
54,115,390,14,2,3.59,51.28
54,116,436,7,0,1.606,0
54,117,360,6,2,1.667,55.56
54,118,382,1,0,0.2618,0
54,119,550,6,0,1.091,0
54,120,216,0,0,0,0
54,121,522,4,1,0.7663,19.16
54,122,222,4,2,1.802,90.09
54,123,430,4,0,0.9302,0
54,124,682,5,0,0.7331,0
54,125,1294,4,0,0.3091,0
54,126,1654,5,0,0.3023,0
54,127,1438,4,0,0.2782,0
54,128,452,12,0,2.655,0
54,129,440,7,1,1.591,22.73
54,130,342,4,0,1.17,0
54,131,284,8,2,2.817,70.42
54,132,398,6,0,1.508,0
54,133,222,5,2,2.252,90.09
54,134,244,1,0,0.4098,0
54,135,244,3,0,1.23,0
54,136,204,0,0,0,0
54,137,102,0,0,0,0
54,138,428,2,0,0.4673,0
54,139,958,4,1,0.4175,10.44
54,140,1034,3,0,0.2901,0
54,141,1728,6,0,0.3472,0
54,142,2690,2,0,0.07435,0
54,143,432,8,0,1.852,0
54,144,1792,4,0,0.2232,0
54,145,204,0,0,0,0
54,155,2936,2,0,0.06812,0
54,156,1780,2,0,0.1124,0
54,157,4376,10,2,0.2285,4.57
54,158,5424,18,1,0.3319,1.844
54,159,3716,3,0,0.08073,0
54,160,5026,7,1,0.1393,1.99
54,161,3136,4,0,0.1276,0
54,162,3618,8,0,0.2211,0
54,163,400,0,0,0,0
54,164,1200,3,0,0.25,0
54,165,512,0,0,0,0
54,166,244,0,0,0,0
54,167,268,0,0,0,0
54,168,402,0,0,0,0
55,-177,92,0,0,0,0
55,-172,188,0,0,0,0
55,-171,130,0,0,0,0
55,-170,72,0,0,0,0
55,-169,182,0,0,0,0
55,-168,1054,1,0,0.09488,0
55,-167,52,0,0,0,0
55,-166,1486,5,0,0.3365,0
55,-165,1378,4,0,0.2903,0
55,-164,1686,6,1,0.3559,5.931
55,-163,452,0,0,0,0
55,-162,1960,1,0,0.05102,0
55,-161,1610,0,0,0,0
55,-160,1404,0,0,0,0
55,-159,890,0,0,0,0
55,-158,1644,1,0,0.06083,0
55,-157,1582,3,1,0.1896,6.321
55,-156,40,0,0,0,0
55,-155,22,0,0,0,0
55,-154,226,0,0,0,0
55,-153,468,0,0,0,0
55,-152,30,0,0,0,0
55,-141,48,0,0,0,0
55,-140,48,0,0,0,0
55,-139,604,0,0,0,0
55,-138,442,0,0,0,0
55,-137,50,0,0,0,0
55,-136,226,0,0,0,0
55,-135,2064,0,0,0,0
55,-134,1570,0,0,0,0
55,-133,650,0,0,0,0
55,-132,1974,0,0,0,0
55,-131,1948,0,0,0,0
55,-130,1260,1,0,0.07937,0
55,-129,1324,0,0,0,0
55,-128,1856,2,0,0.1078,0
55,-127,2226,1,0,0.04492,0
55,-126,470,0,0,0,0
55,-125,2290,1,0,0.04367,0
55,-124,2048,0,0,0,0
55,-123,2134,0,0,0,0
55,-122,674,0,0,0,0
55,-121,2224,2,0,0.08993,0
55,-120,2242,6,0,0.2676,0
55,-119,1510,1,0,0.06623,0
55,-118,790,0,0,0,0
55,-117,2532,1,0,0.03949,0
55,-116,2770,0,0,0,0
55,-115,2154,0,0,0,0
55,-114,2704,0,0,0,0
55,-113,1814,0,0,0,0
55,-112,1904,0,0,0,0
55,-111,438,0,0,0,0
55,-110,384,0,0,0,0
55,-109,358,0,0,0,0
55,-108,434,0,0,0,0
55,-107,374,0,0,0,0
55,-106,430,0,0,0,0
55,-105,506,0,0,0,0
55,-104,338,0,0,0,0
55,-103,460,0,0,0,0
55,-102,242,0,0,0,0
55,-101,832,0,0,0,0
55,-100,176,0,0,0,0
55,-99,428,0,0,0,0
55,-98,370,1,0,0.2703,0
55,-97,474,0,0,0,0
55,-96,320,0,0,0,0
55,-95,510,0,0,0,0
55,-94,436,0,0,0,0
55,-93,422,0,0,0,0
55,-92,836,0,0,0,0
55,-91,836,0,0,0,0
55,-90,1642,3,0,0.1827,0
55,-89,1338,0,0,0,0
55,-88,2472,0,0,0,0
55,-87,2378,2,0,0.0841,0
55,-86,3730,2,0,0.05362,0
55,-85,2800,0,0,0,0
55,-84,4634,2,1,0.04316,2.158
55,-83,3894,4,0,0.1027,0
55,-82,5092,1,0,0.01964,0
55,-81,4578,4,0,0.08737,0
55,-80,4230,0,0,0,0
55,-79,3300,3,0,0.09091,0
55,-78,4582,0,0,0,0
55,-77,4382,4,0,0.09128,0
55,-76,2720,12,1,0.4412,3.676
55,-75,2670,5,0,0.1873,0
55,-74,2258,7,0,0.31,0
55,-73,3060,11,0,0.3595,0
55,-72,2364,0,0,0,0
55,-71,2652,0,0,0,0
55,-70,2250,0,0,0,0
55,-69,2030,0,0,0,0
55,-68,2144,0,0,0,0
55,-67,1516,0,0,0,0
55,-66,1994,0,0,0,0
55,-65,1498,0,0,0,0
55,-64,2431,0,0,0,0
55,-63,4070,0,0,0,0
55,-62,4810,2,0,0.04158,0
55,-61,3966,2,0,0.05043,0
55,-60,5446,2,0,0.03672,0
55,-59,3104,0,0,0,0
55,-58,4460,1,0,0.02242,0
55,-57,5926,0,0,0,0
55,-56,2590,0,0,0,0
55,-55,8924,0,0,0,0
55,-54,6108,5,1,0.08186,1.637
55,-53,7102,1,0,0.01408,0
55,-52,5198,0,0,0,0
55,-51,5946,3,0,0.05045,0
55,-50,3858,1,0,0.02592,0
55,-49,4776,2,0,0.04188,0
55,-48,4430,1,0,0.02257,0
55,-47,3772,0,0,0,0
55,-46,3616,1,0,0.02765,0
55,-45,3854,0,0,0,0
55,-44,4172,1,0,0.02397,0
55,-43,3670,0,0,0,0
55,-42,3834,2,0,0.05216,0
55,-41,3904,0,0,0,0
55,-40,5652,0,0,0,0
55,-39,3932,0,0,0,0
55,-38,4487,2,0,0.04457,0
55,-37,3776,3,0,0.07945,0
55,-36,3319,1,0,0.03013,0
55,-35,3572,0,0,0,0
55,-34,3498,3,1,0.08576,2.859
55,-33,3964,1,0,0.02523,0
55,-32,1884,2,1,0.1062,5.308
55,-31,3122,1,0,0.03203,0
55,-30,2378,3,1,0.1262,4.205
55,-29,1970,0,0,0,0
55,-28,1910,5,0,0.2618,0
55,-27,1458,2,0,0.1372,0
55,-26,1886,4,0,0.2121,0
55,-25,1204,3,0,0.2492,0
55,-24,1154,3,0,0.26,0
55,-23,918,1,0,0.1089,0
55,-22,460,2,0,0.4348,0
55,-21,344,3,0,0.8721,0
55,-18,48,0,0,0,0
55,-17,8,0,0,0,0
55,-16,2134,12,1,0.5623,4.686
55,-15,374,1,0,0.2674,0
55,-14,4415,23,1,0.521,2.265
55,-13,3845,14,3,0.3641,7.802
55,-12,6634,19,3,0.2864,4.522
55,-11,5786,29,2,0.5012,3.457
55,-10,5970,28,4,0.469,6.7
55,-9,6412,42,5,0.655,7.798
55,-8,5888,36,2,0.6114,3.397
55,-7,5806,51,3,0.8784,5.167
55,-6,6182,28,3,0.4529,4.853
55,-5,6038,43,3,0.7122,4.969
55,-4,6062,31,5,0.5114,8.248
55,-3,6202,34,2,0.5482,3.225
55,-2,6600,39,2,0.5909,3.03
55,-1,5788,41,3,0.7084,5.183
55,0,6514,31,4,0.4759,6.141
55,1,5428,48,2,0.8843,3.685
55,2,7031,43,5,0.6116,7.111
55,3,4840,76,3,1.57,6.198
55,4,7327,79,5,1.078,6.824
55,5,5092,71,10,1.394,19.64
55,6,7487,120,11,1.603,14.69
55,7,4564,74,10,1.621,21.91
55,8,7179,135,9,1.88,12.54
55,9,5206,127,8,2.439,15.37
55,10,6878,307,14,4.464,20.35
55,11,5788,540,32,9.33,55.29
55,12,6292,650,110,10.33,174.8
55,13,6672,639,129,9.577,193.3
55,14,5836,455,57,7.796,97.67
55,15,7074,432,69,6.107,97.54
55,16,5242,301,41,5.742,78.21
55,17,7622,265,24,3.477,31.49
55,18,5064,149,9,2.942,17.77
55,19,7352,207,28,2.816,38.08
55,20,4678,135,26,2.886,55.58
55,21,7906,103,3,1.303,3.795
55,22,4956,82,5,1.655,10.09
55,23,7152,147,11,2.055,15.38
55,24,5258,119,6,2.263,11.41
55,25,5995,65,9,1.084,15.01
55,26,6140,95,7,1.547,11.4
55,27,5672,37,1,0.6523,1.763
55,28,6086,87,10,1.43,16.43
55,29,4622,37,2,0.8005,4.327
55,30,4661,97,5,2.081,10.73
55,31,3550,176,40,4.958,112.7
55,32,1610,220,61,13.66,378.9
55,33,2024,172,51,8.498,252
55,34,2604,121,48,4.647,184.3
55,35,2978,149,12,5.003,40.3
55,36,732,202,30,27.6,409.8
55,37,1992,789,87,39.61,436.7
55,38,2436,477,49,19.58,201.1
55,39,1904,175,1,9.191,5.252
55,40,1986,97,4,4.884,20.14
55,41,3278,90,13,2.746,39.66
55,42,2380,43,12,1.807,50.42
55,43,2702,68,23,2.517,85.12
55,44,2592,28,1,1.08,3.858
55,45,2748,47,2,1.71,7.278
55,46,2702,23,1,0.8512,3.701
55,47,1966,19,0,0.9664,0
55,48,1898,55,3,2.898,15.81
55,49,1870,65,2,3.476,10.7
55,50,618,1,0,0.1618,0
55,51,336,7,0,2.083,0
55,52,596,6,0,1.007,0
55,53,282,5,4,1.773,141.8
55,54,600,3,0,0.5,0
55,55,416,5,0,1.202,0
55,56,422,2,0,0.4739,0
55,57,526,4,1,0.7605,19.01
55,58,496,0,0,0,0
55,59,476,8,0,1.681,0
55,60,260,1,0,0.3846,0
55,61,598,23,0,3.846,0
55,62,362,0,0,0,0
55,63,638,1,0,0.1567,0
55,64,356,0,0,0,0
55,65,582,0,0,0,0
55,66,326,0,0,0,0
55,67,554,0,0,0,0
55,68,410,0,0,0,0
55,69,486,3,0,0.6173,0
55,70,552,3,0,0.5435,0
55,71,268,0,0,0,0
55,72,554,0,0,0,0
55,73,348,0,0,0,0
55,74,576,0,0,0,0
55,75,258,2,0,0.7752,0
55,76,628,0,0,0,0
55,77,114,0,0,0,0
55,78,308,0,0,0,0
55,79,364,4,0,1.099,0
55,80,256,0,0,0,0
55,81,332,0,0,0,0
55,82,350,0,0,0,0
55,83,638,15,0,2.351,0
55,84,318,1,0,0.3145,0
55,85,786,3,0,0.3817,0
55,86,558,5,0,0.8961,0
55,87,956,7,0,0.7322,0
55,88,354,6,1,1.695,28.25
55,89,1160,3,0,0.2586,0
55,90,666,2,0,0.3003,0
55,91,850,2,0,0.2353,0
55,92,500,2,0,0.4,0
55,93,412,7,0,1.699,0
55,94,340,0,0,0,0
55,95,358,0,0,0,0
55,96,374,7,0,1.872,0
55,97,292,0,0,0,0
55,98,568,3,0,0.5282,0
55,99,396,0,0,0,0
55,100,492,4,2,0.813,40.65
55,101,362,0,0,0,0
55,102,460,0,0,0,0
55,103,390,2,0,0.5128,0
55,104,392,0,0,0,0
55,105,442,4,0,0.905,0
55,106,414,1,0,0.2415,0
55,107,524,5,0,0.9542,0
55,108,334,3,0,0.8982,0
55,109,572,1,0,0.1748,0
55,110,348,0,0,0,0
55,111,628,6,0,0.9554,0
55,112,174,2,0,1.149,0
55,113,606,28,1,4.62,16.5
55,114,352,6,0,1.705,0
55,115,410,16,0,3.902,0
55,116,352,3,0,0.8523,0
55,117,506,8,1,1.581,19.76
55,118,384,2,0,0.5208,0
55,119,246,2,2,0.813,81.3
55,120,512,1,0,0.1953,0
55,121,318,4,0,1.258,0
55,122,438,6,1,1.37,22.83
55,123,216,7,0,3.241,0
55,124,1674,5,1,0.2987,5.974
55,125,648,6,0,0.9259,0
55,126,1418,9,0,0.6347,0
55,127,1538,7,0,0.4551,0
55,128,508,6,0,1.181,0
55,129,416,2,0,0.4808,0
55,130,324,4,0,1.235,0
55,131,390,4,0,1.026,0
55,132,322,4,1,1.242,31.06
55,133,432,2,0,0.463,0
55,134,246,1,0,0.4065,0
55,135,230,1,0,0.4348,0
55,136,16,0,0,0,0
55,137,306,0,0,0,0
55,138,306,1,0,0.3268,0
55,139,192,0,0,0,0
55,140,184,2,0,1.087,0
55,143,252,0,0,0,0
55,155,3204,2,0,0.06242,0
55,156,1920,1,0,0.05208,0
55,157,4618,4,3,0.08662,6.496
55,158,4159,8,0,0.1924,0
55,159,5614,8,0,0.1425,0
55,160,3754,0,0,0,0
55,161,4144,8,0,0.1931,0
55,162,3618,7,0,0.1935,0
55,163,1470,0,0,0,0
55,164,1200,0,0,0,0
55,165,134,0,0,0,0
55,166,260,0,0,0,0
55,167,394,2,0,0.5076,0
55,168,378,2,0,0.5291,0
56,-180,526,0,0,0,0
56,-179,292,0,0,0,0
56,-178,354,0,0,0,0
56,-177,394,0,0,0,0
56,-176,314,0,0,0,0
56,-175,312,0,0,0,0
56,-174,574,0,0,0,0
56,-173,408,0,0,0,0
56,-172,800,0,0,0,0
56,-171,846,0,0,0,0
56,-170,1838,0,0,0,0
56,-169,1796,0,0,0,0
56,-168,964,0,0,0,0
56,-167,470,0,0,0,0
56,-166,1200,0,0,0,0
56,-165,808,1,0,0.1238,0
56,-164,198,0,0,0,0
56,-163,1602,2,0,0.1248,0
56,-162,1956,0,0,0,0
56,-161,1164,0,0,0,0
56,-160,804,1,0,0.1244,0
56,-159,1944,0,0,0,0
56,-158,1938,0,0,0,0
56,-157,506,0,0,0,0
56,-156,1462,0,0,0,0
56,-155,2096,0,0,0,0
56,-154,1818,0,0,0,0
56,-153,118,0,0,0,0
56,-152,1690,0,0,0,0
56,-151,106,0,0,0,0
56,-141,48,0,0,0,0
56,-140,610,0,0,0,0
56,-139,666,0,0,0,0
56,-138,1282,0,0,0,0
56,-137,1192,0,0,0,0
56,-136,388,0,0,0,0
56,-135,1780,0,0,0,0
56,-134,2016,0,0,0,0
56,-133,1560,0,0,0,0
56,-132,1440,0,0,0,0
56,-131,2532,0,0,0,0
56,-130,2266,0,0,0,0
56,-129,598,0,0,0,0
56,-128,2274,1,0,0.04398,0
56,-127,1898,0,0,0,0
56,-126,2416,0,0,0,0
56,-125,154,0,0,0,0
56,-124,2084,1,0,0.04798,0
56,-123,1808,0,0,0,0
56,-122,1448,0,0,0,0
56,-121,726,1,0,0.1377,0
56,-120,1804,19,0,1.053,0
56,-119,1808,17,1,0.9403,5.531
56,-118,678,4,0,0.59,0
56,-117,2589,25,0,0.9656,0
56,-116,1982,2,2,0.1009,10.09
56,-115,2846,0,0,0,0
56,-114,1590,0,0,0,0
56,-113,2106,0,0,0,0
56,-112,1676,0,0,0,0
56,-111,1702,0,0,0,0
56,-110,264,0,0,0,0
56,-109,1428,3,0,0.2101,0
56,-108,1002,1,0,0.0998,0
56,-107,448,2,0,0.4464,0
56,-106,334,0,0,0,0
56,-105,426,0,0,0,0
56,-104,364,0,0,0,0
56,-103,278,0,0,0,0
56,-102,362,0,0,0,0
56,-101,230,0,0,0,0
56,-100,308,0,0,0,0
56,-99,304,0,0,0,0
56,-98,1110,0,0,0,0
56,-97,1280,1,0,0.07812,0
56,-96,2462,4,0,0.1625,0
56,-95,1854,2,0,0.1079,0
56,-94,4424,2,0,0.04521,0
56,-93,4084,2,0,0.04897,0
56,-92,4810,1,0,0.02079,0
56,-91,4252,2,0,0.04704,0
56,-90,4348,5,0,0.115,0
56,-89,3270,1,0,0.03058,0
56,-88,4552,4,0,0.08787,0
56,-87,3016,2,0,0.06631,0
56,-86,4248,5,0,0.1177,0
56,-85,2898,0,0,0,0
56,-84,4618,0,0,0,0
56,-83,3076,1,0,0.03251,0
56,-82,5520,9,0,0.163,0
56,-81,3050,0,0,0,0
56,-80,5862,9,0,0.1535,0
56,-79,2240,0,0,0,0
56,-78,5866,1,0,0.01705,0
56,-77,1766,0,0,0,0
56,-76,3250,4,0,0.1231,0
56,-75,1354,0,0,0,0
56,-74,1678,6,0,0.3576,0
56,-73,1536,10,0,0.651,0
56,-72,2543,0,0,0,0
56,-71,734,0,0,0,0
56,-70,3472,2,0,0.0576,0
56,-69,1868,0,0,0,0
56,-68,1740,0,0,0,0
56,-67,2160,0,0,0,0
56,-66,1600,0,0,0,0
56,-65,1812,0,0,0,0
56,-64,776,0,0,0,0
56,-63,3440,0,0,0,0
56,-62,3424,1,0,0.02921,0
56,-61,2906,0,0,0,0
56,-60,2932,0,0,0,0
56,-59,3628,0,0,0,0
56,-58,3678,1,0,0.02719,0
56,-57,3226,0,0,0,0
56,-56,4155,1,0,0.02407,0
56,-55,5922,2,0,0.03377,0
56,-54,6218,1,0,0.01608,0
56,-53,6498,2,0,0.03078,0
56,-52,7484,0,0,0,0
56,-51,7190,2,2,0.02782,2.782
56,-50,5326,1,0,0.01878,0
56,-49,4436,0,0,0,0
56,-48,4400,2,0,0.04545,0
56,-47,6226,4,0,0.06425,0
56,-46,2644,2,0,0.07564,0
56,-45,6616,3,0,0.04534,0
56,-44,3192,0,0,0,0
56,-43,7892,4,0,0.05068,0
56,-42,2626,0,0,0,0
56,-41,8594,0,0,0,0
56,-40,4152,2,0,0.04817,0
56,-39,6719,2,0,0.02977,0
56,-38,3260,0,0,0,0
56,-37,7456,8,0,0.1073,0
56,-36,4768,1,0,0.02097,0
56,-35,7900,13,0,0.1646,0
56,-34,5252,4,0,0.07616,0
56,-33,5169,4,0,0.07738,0
56,-32,4340,3,0,0.06912,0
56,-31,4188,2,0,0.04776,0
56,-30,2976,3,0,0.1008,0
56,-29,3376,7,0,0.2073,0
56,-28,1432,6,1,0.419,6.983
56,-27,2154,7,2,0.325,9.285
56,-26,2738,16,4,0.5844,14.61
56,-25,3080,7,1,0.2273,3.247
56,-24,1074,3,1,0.2793,9.311
56,-23,1874,4,1,0.2134,5.336
56,-22,1266,3,1,0.237,7.899
56,-21,1268,4,0,0.3155,0
56,-18,48,0,0,0,0
56,-17,48,1,0,2.083,0
56,-16,1418,8,0,0.5642,0
56,-15,1858,11,3,0.592,16.15
56,-14,2180,12,1,0.5505,4.587
56,-13,6146,31,4,0.5044,6.508
56,-12,4492,15,0,0.3339,0
56,-11,5538,24,2,0.4334,3.611
56,-10,6912,24,2,0.3472,2.894
56,-9,5236,42,5,0.8021,9.549
56,-8,7062,17,1,0.2407,1.416
56,-7,5391,79,8,1.465,14.84
56,-6,7078,70,1,0.989,1.413
56,-5,5372,80,1,1.489,1.862
56,-4,7276,55,0,0.7559,0
56,-3,5084,59,4,1.161,7.868
56,-2,6926,37,2,0.5342,2.888
56,-1,5550,35,1,0.6306,1.802
56,0,6630,34,0,0.5128,0
56,1,5831,29,2,0.4973,3.43
56,2,6524,71,3,1.088,4.598
56,3,6226,67,5,1.076,8.031
56,4,5640,54,2,0.9574,3.546
56,5,6774,88,5,1.299,7.381
56,6,5234,64,5,1.223,9.553
56,7,7452,124,6,1.664,8.052
56,8,5284,81,2,1.533,3.785
56,9,6525,240,17,3.678,26.05
56,10,6234,238,10,3.818,16.04
56,11,5974,326,20,5.457,33.48
56,12,6052,515,69,8.51,114
56,13,6278,400,39,6.371,62.12
56,14,6266,333,25,5.314,39.9
56,15,5886,482,67,8.189,113.8
56,16,7406,909,162,12.27,218.7
56,17,5550,601,117,10.83,210.8
56,18,7530,636,80,8.446,106.2
56,19,5922,263,37,4.441,62.48
56,20,7492,180,4,2.403,5.339
56,21,5882,70,2,1.19,3.4
56,22,7050,108,0,1.532,0
56,23,6366,88,4,1.382,6.283
56,24,5588,98,3,1.754,5.369
56,25,7260,58,3,0.7989,4.132
56,26,5082,81,3,1.594,5.903
56,27,7686,55,3,0.7156,3.903
56,28,4670,44,9,0.9422,19.27
56,29,5648,51,3,0.903,5.312
56,30,4528,63,4,1.391,8.834
56,31,3890,135,15,3.47,38.56
56,32,1060,65,5,6.132,47.17
56,33,2138,108,14,5.051,65.48
56,34,2376,49,7,2.062,29.46
56,35,1222,14,1,1.146,8.183
56,36,1730,45,2,2.601,11.56
56,37,1896,130,16,6.857,84.39
56,38,1686,29,3,1.72,17.79
56,40,3108,81,4,2.606,12.87
56,41,1164,114,7,9.794,60.14
56,42,3696,73,2,1.975,5.411
56,43,1490,109,3,7.315,20.13
56,44,2710,63,2,2.325,7.38
56,45,1836,22,1,1.198,5.447
56,46,2618,13,1,0.4966,3.82
56,47,2064,17,2,0.8236,9.69
56,48,1740,14,0,0.8046,0
56,49,1572,16,2,1.018,12.72
56,50,398,0,0,0,0
56,51,528,2,0,0.3788,0
56,52,372,2,0,0.5376,0
56,53,500,3,0,0.6,0
56,54,406,0,0,0,0
56,55,402,0,0,0,0
56,56,502,1,0,0.1992,0
56,57,458,0,0,0,0
56,58,556,2,0,0.3597,0
56,59,324,1,0,0.3086,0
56,60,540,36,0,6.667,0
56,61,358,50,0,13.97,0
56,62,602,4,0,0.6645,0
56,63,310,8,0,2.581,0
56,64,660,1,0,0.1515,0
56,65,332,9,0,2.711,0
56,66,608,3,0,0.4934,0
56,67,354,0,0,0,0
56,68,514,0,0,0,0
56,69,432,4,0,0.9259,0
56,70,390,3,0,0.7692,0
56,71,468,0,0,0,0
56,72,414,0,0,0,0
56,73,506,0,0,0,0
56,74,236,2,0,0.8475,0
56,75,606,0,0,0,0
56,76,348,0,0,0,0
56,77,500,0,0,0,0
56,78,258,0,0,0,0
56,79,436,0,0,0,0
56,80,204,3,0,1.471,0
56,81,388,0,0,0,0
56,82,292,1,0,0.3425,0
56,83,438,1,0,0.2283,0
56,84,476,1,0,0.2101,0
56,85,702,3,0,0.4274,0
56,86,734,12,0,1.635,0
56,87,490,16,1,3.265,20.41
56,88,758,1,0,0.1319,0
56,89,786,0,0,0,0
56,90,490,1,0,0.2041,0
56,91,206,1,0,0.4854,0
56,92,316,3,0,0.9494,0
56,93,244,0,0,0,0
56,94,86,0,0,0,0
56,95,178,2,0,1.124,0
56,96,292,1,0,0.3425,0
56,97,304,1,0,0.3289,0
56,98,100,0,0,0,0
56,99,292,4,2,1.37,68.49
56,100,264,0,0,0,0
56,101,270,3,0,1.111,0
56,102,282,0,0,0,0
56,103,462,2,0,0.4329,0
56,104,366,2,0,0.5464,0
56,105,450,1,0,0.2222,0
56,106,326,0,0,0,0
56,107,380,11,1,2.895,26.32
56,108,414,2,0,0.4831,0
56,109,258,0,0,0,0
56,110,366,6,0,1.639,0
56,111,288,1,0,0.3472,0
56,112,292,2,0,0.6849,0
56,114,434,1,0,0.2304,0
56,115,288,9,0,3.125,0
56,116,572,8,0,1.399,0
56,117,318,7,0,2.201,0
56,118,440,2,0,0.4545,0
56,119,336,2,0,0.5952,0
56,120,364,2,0,0.5495,0
56,121,346,5,0,1.445,0
56,122,228,3,0,1.316,0
56,123,358,6,0,1.676,0
56,124,1146,13,0,1.134,0
56,125,1174,3,0,0.2555,0
56,126,334,3,0,0.8982,0
56,127,1406,15,2,1.067,14.22
56,128,490,11,0,2.245,0
56,129,346,3,0,0.8671,0
56,130,454,11,2,2.423,44.05
56,131,332,4,0,1.205,0
56,132,420,2,0,0.4762,0
56,133,278,0,0,0,0
56,134,458,1,0,0.2183,0
56,136,246,2,0,0.813,0
56,137,110,0,0,0,0
56,138,102,2,0,1.961,0
56,139,8,0,0,0,0
56,140,24,0,0,0,0
56,153,1056,4,1,0.3788,9.47
56,154,532,0,0,0,0
56,155,3580,3,0,0.0838,0
56,156,3534,1,0,0.0283,0
56,157,2476,7,1,0.2827,4.039
56,158,3278,0,0,0,0
56,159,3252,3,0,0.09225,0
56,160,4322,10,0,0.2314,0
56,161,932,2,0,0.2146,0
56,162,2636,9,0,0.3414,0
56,163,2940,3,0,0.102,0
56,164,2342,3,0,0.1281,0
56,165,870,1,0,0.1149,0
56,166,1692,4,0,0.2364,0
56,176,10,0,0,0,0
56,178,286,0,0,0,0
56,179,384,1,0,0.2604,0
57,-180,452,0,0,0,0
57,-179,516,0,0,0,0
57,-178,774,0,0,0,0
57,-177,246,0,0,0,0
57,-176,738,0,0,0,0
57,-175,724,0,0,0,0
57,-174,438,0,0,0,0
57,-173,1288,0,0,0,0
57,-172,850,0,0,0,0
57,-171,1078,0,0,0,0
57,-170,2852,2,0,0.07013,0
57,-169,918,2,0,0.2179,0
57,-168,1020,0,0,0,0
57,-167,1212,0,0,0,0
57,-166,1010,0,0,0,0
57,-164,1210,4,0,0.3306,0
57,-163,1720,0,0,0,0
57,-162,1490,0,0,0,0
57,-161,498,0,0,0,0
57,-160,1830,0,0,0,0
57,-159,1716,1,0,0.05828,0
57,-158,1362,0,0,0,0
57,-157,938,0,0,0,0
57,-156,1716,0,0,0,0
57,-155,1852,1,0,0.054,0
57,-154,840,1,0,0.119,0
57,-153,1400,1,0,0.07143,0
57,-152,1602,2,0,0.1248,0
57,-151,332,0,0,0,0
57,-149,12,0,0,0,0
57,-141,8,0,0,0,0
57,-140,1264,0,0,0,0
57,-139,244,0,0,0,0
57,-138,1266,0,0,0,0
57,-137,1248,0,0,0,0
57,-136,1734,0,0,0,0
57,-135,74,0,0,0,0
57,-134,1740,0,0,0,0
57,-133,1744,0,0,0,0
57,-132,1642,0,0,0,0
57,-131,304,0,0,0,0
57,-130,1718,0,0,0,0
57,-129,1750,0,0,0,0
57,-128,1012,0,0,0,0
57,-127,1062,0,0,0,0
57,-126,1750,0,0,0,0
57,-125,1206,0,0,0,0
57,-124,888,0,0,0,0
57,-123,1580,0,0,0,0
57,-122,1830,0,0,0,0
57,-121,636,0,0,0,0
57,-120,1258,0,0,0,0
57,-119,1768,0,0,0,0
57,-118,1772,0,0,0,0
57,-117,1594,0,0,0,0
57,-116,3396,0,0,0,0
57,-115,1638,0,0,0,0
57,-114,3064,0,0,0,0
57,-113,288,0,0,0,0
57,-112,1894,0,0,0,0
57,-111,1430,0,0,0,0
57,-110,1270,1,0,0.07874,0
57,-109,796,2,0,0.2513,0
57,-108,1452,0,0,0,0
57,-107,450,0,0,0,0
57,-106,332,0,0,0,0
57,-105,380,0,0,0,0
57,-104,298,0,0,0,0
57,-103,410,0,0,0,0
57,-102,246,0,0,0,0
57,-101,350,0,0,0,0
57,-100,228,0,0,0,0
57,-99,476,0,0,0,0
57,-98,2444,0,0,0,0
57,-97,2662,0,0,0,0
57,-96,2492,0,0,0,0
57,-95,4060,0,0,0,0
57,-94,4842,1,0,0.02065,0
57,-93,3892,2,0,0.05139,0
57,-92,7454,1,0,0.01342,0
57,-91,3308,0,0,0,0
57,-90,6600,10,0,0.1515,0
57,-89,2776,0,0,0,0
57,-88,5716,7,0,0.1225,0
57,-87,1666,3,0,0.1801,0
57,-86,4020,5,0,0.1244,0
57,-85,2722,11,0,0.4041,0
57,-84,3760,2,0,0.05319,0
57,-83,4206,1,0,0.02378,0
57,-82,4450,1,0,0.02247,0
57,-81,5236,0,0,0,0
57,-80,4512,0,0,0,0
57,-79,3428,0,0,0,0
57,-78,2880,3,0,0.1042,0
57,-77,1888,2,0,0.1059,0
57,-76,2500,0,0,0,0
57,-75,1182,2,0,0.1692,0
57,-74,704,0,0,0,0
57,-73,1148,0,0,0,0
57,-72,818,0,0,0,0
57,-71,1536,0,0,0,0
57,-70,1342,1,0,0.07452,0
57,-69,2082,0,0,0,0
57,-68,1258,1,0,0.07949,0
57,-67,1692,0,0,0,0
57,-66,1064,0,0,0,0
57,-65,1614,0,0,0,0
57,-64,1698,1,0,0.05889,0
57,-63,2638,0,0,0,0
57,-62,2586,0,0,0,0
57,-61,2384,0,0,0,0
57,-60,2378,0,0,0,0
57,-59,3184,0,0,0,0
57,-58,4602,0,0,0,0
57,-57,4626,2,0,0.04323,0
57,-56,5766,2,0,0.03469,0
57,-55,6384,1,0,0.01566,0
57,-54,6196,0,0,0,0
57,-53,6620,1,0,0.01511,0
57,-52,6558,1,0,0.01525,0
57,-51,6736,0,0,0,0
57,-50,7510,5,0,0.06658,0
57,-49,3924,1,0,0.02548,0
57,-48,5480,2,0,0.0365,0
57,-47,7254,2,0,0.02757,0
57,-46,8780,0,0,0,0
57,-45,3166,3,0,0.09476,0
57,-44,7576,0,0,0,0
57,-43,7568,8,1,0.1057,1.321
57,-42,9264,6,0,0.06477,0
57,-41,5488,8,0,0.1458,0
57,-40,9060,3,0,0.03311,0
57,-39,7472,3,0,0.04015,0
57,-38,7170,2,0,0.02789,0
57,-37,7667,8,0,0.1043,0
57,-36,6053,3,0,0.04956,0
57,-35,7039,3,0,0.04262,0
57,-34,4939,5,0,0.1012,0
57,-33,5901,2,0,0.03389,0
57,-32,4408,1,0,0.02269,0
57,-31,5096,7,2,0.1374,3.925
57,-30,2402,2,0,0.08326,0
57,-29,3298,13,4,0.3942,12.13
57,-28,1244,0,0,0,0
57,-27,3382,18,2,0.5322,5.914
57,-26,998,2,0,0.2004,0
57,-25,2878,7,0,0.2432,0
57,-24,2360,10,0,0.4237,0
57,-23,1082,6,1,0.5545,9.242
57,-22,1750,12,3,0.6857,17.14
57,-21,2326,23,5,0.9888,21.5
57,-19,486,5,1,1.029,20.58
57,-18,238,1,0,0.4202,0
57,-17,292,4,1,1.37,34.25
57,-16,174,1,0,0.5747,0
57,-15,1474,7,0,0.4749,0
57,-14,1340,8,1,0.597,7.463
57,-13,4916,25,1,0.5085,2.034
57,-12,2878,25,7,0.8687,24.32
57,-11,7204,43,8,0.5969,11.1
57,-10,5116,20,4,0.3909,7.819
57,-9,7430,44,6,0.5922,8.075
57,-8,4424,23,1,0.5199,2.26
57,-7,8256,38,7,0.4603,8.479
57,-6,4104,26,1,0.6335,2.437
57,-5,8230,39,2,0.4739,2.43
57,-4,4154,28,4,0.674,9.629
57,-3,7736,73,3,0.9436,3.878
57,-2,4538,37,1,0.8153,2.204
57,-1,7604,40,2,0.526,2.63
57,0,4408,22,0,0.4991,0
57,1,7296,42,3,0.5757,4.112
57,2,5040,50,2,0.9921,3.968
57,3,6985,89,0,1.274,0
57,4,5483,55,2,1.003,3.648
57,5,6191,87,3,1.405,4.846
57,6,5971,87,10,1.457,16.75
57,7,6084,74,3,1.216,4.931
57,8,6248,108,4,1.729,6.402
57,9,6164,84,6,1.363,9.734
57,10,6242,213,13,3.412,20.83
57,11,6496,348,48,5.357,73.89
57,12,6440,482,69,7.484,107.1
57,13,6380,197,7,3.088,10.97
57,14,6588,99,1,1.503,1.518
57,15,6764,196,6,2.898,8.87
57,16,6417,386,18,6.015,28.05
57,17,6894,717,101,10.4,146.5
57,18,6550,849,152,12.96,232.1
57,19,6876,742,108,10.79,157.1
57,20,6666,236,21,3.54,31.5
57,21,6430,132,3,2.053,4.666
57,22,6896,105,3,1.523,4.35
57,23,5664,127,7,2.242,12.36
57,24,7504,121,2,1.612,2.665
57,25,5376,78,5,1.451,9.301
57,26,8070,81,5,1.004,6.196
57,27,4846,70,3,1.444,6.191
57,28,6810,45,5,0.6608,7.342
57,29,2778,43,7,1.548,25.2
57,30,3256,36,0,1.106,0
57,31,920,18,0,1.957,0
57,32,1274,32,4,2.512,31.4
57,33,922,24,1,2.603,10.85
57,34,1970,28,5,1.421,25.38
57,35,322,5,1,1.553,31.06
57,36,868,1,0,0.1152,0
57,37,262,2,2,0.7634,76.34
57,38,170,2,1,1.176,58.82
57,39,236,30,0,12.71,0
57,40,354,9,1,2.542,28.25
57,41,388,21,0,5.412,0
57,42,214,2,1,0.9346,46.73
57,43,180,5,1,2.778,55.56
57,44,180,0,0,0,0
57,45,60,0,0,0,0
57,46,120,2,0,1.667,0
57,47,240,1,0,0.4167,0
57,48,234,0,0,0,0
57,49,294,5,0,1.701,0
57,50,522,6,0,1.149,0
57,51,282,2,0,0.7092,0
57,52,484,8,1,1.653,20.66
57,53,312,0,0,0,0
57,54,588,2,0,0.3401,0
57,55,300,0,0,0,0
57,56,406,3,1,0.7389,24.63
57,57,418,3,0,0.7177,0
57,58,398,1,0,0.2513,0
57,59,460,0,0,0,0
57,60,396,2,0,0.5051,0
57,61,428,5,0,1.168,0
57,62,272,13,0,4.779,0
57,63,558,4,0,0.7168,0
57,64,252,0,0,0,0
57,65,640,21,9,3.281,140.6
57,66,324,0,0,0,0
57,67,586,1,0,0.1706,0
57,68,324,0,0,0,0
57,69,494,0,0,0,0
57,70,354,1,0,0.2825,0
57,71,412,1,0,0.2427,0
57,72,302,0,0,0,0
57,73,350,0,0,0,0
57,74,264,0,0,0,0
57,75,266,0,0,0,0
57,76,272,0,0,0,0
57,77,272,0,0,0,0
57,78,322,0,0,0,0
57,79,318,0,0,0,0
57,80,316,0,0,0,0
57,81,378,0,0,0,0
57,82,198,0,0,0,0
57,83,394,0,0,0,0
57,84,404,0,0,0,0
57,85,548,3,0,0.5474,0
57,86,330,0,0,0,0
57,87,594,6,0,1.01,0
57,88,328,2,0,0.6098,0
57,89,584,8,1,1.37,17.12
57,90,10,0,0,0,0
57,91,270,0,0,0,0
57,92,248,0,0,0,0
57,93,106,2,0,1.887,0
57,94,154,2,0,1.299,0
57,95,252,0,0,0,0
57,96,302,1,0,0.3311,0
57,97,42,0,0,0,0
57,98,264,1,0,0.3788,0
57,99,294,4,0,1.361,0
57,100,264,1,0,0.3788,0
57,101,6,0,0,0,0
57,102,270,2,0,0.7407,0
57,103,264,0,0,0,0
57,104,312,3,0,0.9615,0
57,106,338,43,0,12.72,0
57,107,322,2,0,0.6211,0
57,108,240,0,0,0,0
57,109,136,2,0,1.471,0
57,110,288,0,0,0,0
57,111,188,5,2,2.66,106.4
57,112,164,8,0,4.878,0
57,113,128,2,2,1.562,156.2
57,114,192,3,0,1.562,0
57,115,128,4,0,3.125,0
57,116,64,3,0,4.688,0
57,117,234,0,0,0,0
57,118,234,1,0,0.4274,0
57,119,80,0,0,0,0
57,120,228,6,1,2.632,43.86
57,121,228,2,0,0.8772,0
57,122,228,2,0,0.8772,0
57,123,174,1,0,0.5747,0
57,124,524,7,0,1.336,0
57,125,726,8,1,1.102,13.77
57,126,842,7,0,0.8314,0
57,127,174,12,2,6.897,114.9
57,128,240,9,2,3.75,83.33
57,129,230,0,0,0,0
57,130,164,2,0,1.22,0
57,131,98,0,0,0,0
57,132,240,2,0,0.8333,0
57,133,252,0,0,0,0
57,134,80,0,0,0,0
57,135,172,3,2,1.744,116.3
57,136,246,2,0,0.813,0
57,137,24,0,0,0,0
57,139,24,0,0,0,0
57,140,24,0,0,0,0
57,154,2994,1,0,0.0334,0
57,155,1590,2,0,0.1258,0
57,156,1506,0,0,0,0
57,157,2898,5,0,0.1725,0
57,158,2674,0,0,0,0
57,159,2146,2,0,0.0932,0
57,160,1600,0,0,0,0
57,161,3214,2,0,0.06223,0
57,162,1802,2,0,0.111,0
57,163,2168,1,0,0.04613,0
57,164,1922,2,0,0.1041,0
57,165,2632,2,1,0.07599,3.799
57,166,314,0,0,0,0
57,176,438,0,0,0,0
57,177,58,0,0,0,0
57,178,920,0,0,0,0
57,179,810,0,0,0,0
58,-180,546,0,0,0,0
58,-179,934,0,0,0,0
58,-178,860,0,0,0,0
58,-177,172,0,0,0,0
58,-176,1310,1,0,0.07634,0
58,-175,438,0,0,0,0
58,-174,1260,2,0,0.1587,0
58,-173,1714,0,0,0,0
58,-172,1522,0,0,0,0
58,-171,980,0,0,0,0
58,-170,1634,1,0,0.0612,0
58,-169,1138,0,0,0,0
58,-168,1782,2,0,0.1122,0
58,-167,988,0,0,0,0
58,-166,412,0,0,0,0
58,-165,584,0,0,0,0
58,-164,604,1,0,0.1656,0
58,-163,1842,0,0,0,0
58,-161,1854,2,0,0.1079,0
58,-160,1842,0,0,0,0
58,-159,1944,0,0,0,0
58,-158,22,0,0,0,0
58,-157,1960,0,0,0,0
58,-156,1674,0,0,0,0
58,-155,1626,0,0,0,0
58,-154,666,2,0,0.3003,0
58,-153,1914,0,0,0,0
58,-152,1284,0,0,0,0
58,-151,636,0,0,0,0
58,-150,722,0,0,0,0
58,-149,938,0,0,0,0
58,-147,938,0,0,0,0
58,-142,224,0,0,0,0
58,-141,116,0,0,0,0
58,-140,1272,0,0,0,0
58,-139,1380,0,0,0,0
58,-138,26,0,0,0,0
58,-137,1290,0,0,0,0
58,-136,1716,0,0,0,0
58,-135,1426,0,0,0,0
58,-134,628,0,0,0,0
58,-133,1746,0,0,0,0
58,-132,1688,0,0,0,0
58,-131,608,0,0,0,0
58,-130,1156,0,0,0,0
58,-129,1670,0,0,0,0
58,-128,1792,0,0,0,0
58,-127,230,0,0,0,0
58,-126,1540,1,0,0.06494,0
58,-125,1676,0,0,0,0
58,-124,2014,0,0,0,0
58,-123,64,0,0,0,0
58,-122,1768,0,0,0,0
58,-121,1748,0,0,0,0
58,-120,1728,0,0,0,0
58,-119,86,0,0,0,0
58,-118,2866,22,1,0.7676,3.489
58,-117,1954,0,0,0,0
58,-116,2464,5,0,0.2029,0
58,-115,1672,0,0,0,0
58,-114,2034,0,0,0,0
58,-113,1196,0,0,0,0
58,-112,1640,0,0,0,0
58,-111,938,0,0,0,0
58,-110,1656,0,0,0,0
58,-109,420,0,0,0,0
58,-108,1512,0,0,0,0
58,-107,206,0,0,0,0
58,-106,534,0,0,0,0
58,-105,180,0,0,0,0
58,-104,476,0,0,0,0
58,-103,228,0,0,0,0
58,-102,410,0,0,0,0
58,-101,132,0,0,0,0
58,-100,360,0,0,0,0
58,-99,330,0,0,0,0
58,-98,1504,0,0,0,0
58,-97,1104,0,0,0,0
58,-96,3238,0,0,0,0
58,-95,4072,5,0,0.1228,0
58,-94,3988,3,0,0.07523,0
58,-93,5666,1,0,0.01765,0
58,-92,5304,3,0,0.05656,0
58,-91,5702,3,0,0.05261,0
58,-90,4410,4,0,0.0907,0
58,-89,4594,0,0,0,0
58,-88,2934,4,0,0.1363,0
58,-87,4410,1,0,0.02268,0
58,-86,2464,2,0,0.08117,0
58,-85,4448,1,0,0.02248,0
58,-84,2440,0,0,0,0
58,-83,4492,0,0,0,0
58,-82,3600,1,0,0.02778,0
58,-81,5142,2,0,0.0389,0
58,-80,3378,0,0,0,0
58,-79,4728,5,0,0.1058,0
58,-78,1802,1,0,0.05549,0
58,-77,4514,0,0,0,0
58,-76,824,0,0,0,0
58,-75,2502,0,0,0,0
58,-74,1124,0,0,0,0
58,-73,2208,3,0,0.1359,0
58,-72,1214,0,0,0,0
58,-71,2826,2,0,0.07077,0
58,-70,1786,0,0,0,0
58,-69,4504,4,0,0.08881,0
58,-68,1674,5,0,0.2987,0
58,-67,3550,1,0,0.02817,0
58,-66,2088,0,0,0,0
58,-65,3218,1,0,0.03108,0
58,-64,1488,0,0,0,0
58,-63,4332,4,0,0.09234,0
58,-62,2046,0,0,0,0
58,-61,2956,0,0,0,0
58,-60,3732,1,0,0.0268,0
58,-59,2338,2,0,0.08554,0
58,-58,6038,0,0,0,0
58,-57,2748,1,0,0.03639,0
58,-56,7992,1,0,0.01251,0
58,-55,4528,0,0,0,0
58,-54,8608,0,0,0,0
58,-53,4922,3,1,0.06095,2.032
58,-52,9730,0,0,0,0
58,-51,3600,1,0,0.02778,0
58,-50,8070,1,0,0.01239,0
58,-49,4558,3,0,0.06582,0
58,-48,8012,10,0,0.1248,0
58,-47,3096,2,0,0.0646,0
58,-46,9766,8,1,0.08192,1.024
58,-45,5816,0,0,0,0
58,-44,7324,4,0,0.05461,0
58,-43,5414,4,0,0.07388,0
58,-42,10676,1,0,0.009367,0
58,-41,6790,9,0,0.1325,0
58,-40,8882,5,0,0.05629,0
58,-39,6901,4,0,0.05796,0
58,-38,10534,3,0,0.02848,0
58,-37,5187,3,0,0.05784,0
58,-36,11007,8,0,0.07268,0
58,-35,4404,1,0,0.02271,0
58,-34,7469,1,0,0.01339,0
58,-33,3408,2,0,0.05869,0
58,-32,6098,2,0,0.0328,0
58,-31,2676,2,0,0.07474,0
58,-30,4746,6,0,0.1264,0
58,-29,1640,5,3,0.3049,18.29
58,-28,2200,3,0,0.1364,0
58,-27,3198,13,1,0.4065,3.127
58,-26,2640,10,2,0.3788,7.576
58,-25,1872,4,0,0.2137,0
58,-24,2762,6,0,0.2172,0
58,-23,2228,14,3,0.6284,13.46
58,-22,1202,14,4,1.165,33.28
58,-21,3174,8,0,0.252,0
58,-20,824,6,1,0.7282,12.14
58,-19,3210,13,1,0.405,3.115
58,-18,2260,11,2,0.4867,8.85
58,-17,1738,8,2,0.4603,11.51
58,-16,1538,9,3,0.5852,19.51
58,-15,2688,17,2,0.6324,7.44
58,-14,588,9,4,1.531,68.03
58,-13,5886,31,2,0.5267,3.398
58,-12,2994,28,2,0.9352,6.68
58,-11,7456,22,0,0.2951,0
58,-10,4283,38,2,0.8872,4.67
58,-9,8114,19,1,0.2342,1.232
58,-8,3894,35,1,0.8988,2.568
58,-7,7480,16,0,0.2139,0
58,-6,4430,33,0,0.7449,0
58,-5,7568,27,3,0.3568,3.964
58,-4,3844,19,1,0.4943,2.601
58,-3,7974,117,0,1.467,0
58,-2,4030,38,2,0.9429,4.963
58,-1,8642,34,1,0.3934,1.157
58,0,3780,40,0,1.058,0
58,1,8120,49,1,0.6034,1.232
58,2,3874,35,1,0.9035,2.581
58,3,8564,54,5,0.6305,5.838
58,4,4544,36,4,0.7923,8.803
58,5,8014,84,4,1.048,4.991
58,6,4384,28,3,0.6387,6.843
58,7,7540,54,6,0.7162,7.958
58,8,4864,33,1,0.6785,2.056
58,9,6896,66,4,0.9571,5.8
58,10,5531,257,29,4.647,52.43
58,11,6586,293,35,4.449,53.14
58,12,6194,242,10,3.907,16.14
58,13,6428,113,8,1.758,12.45
58,14,6956,118,9,1.696,12.94
58,15,5606,204,29,3.639,51.73
58,16,7868,536,60,6.812,76.26
58,17,5530,540,81,9.765,146.5
58,18,8312,937,93,11.27,111.9
58,19,4598,447,97,9.722,211
58,20,8818,309,37,3.504,41.96
58,21,4146,46,1,1.11,2.412
58,22,9008,52,0,0.5773,0
58,23,4204,29,1,0.6898,2.379
58,24,9090,45,0,0.495,0
58,25,3848,29,1,0.7536,2.599
58,26,8772,55,5,0.627,5.7
58,27,4862,71,6,1.46,12.34
58,28,7012,75,4,1.07,5.705
58,29,3552,82,9,2.309,25.34
58,30,5564,63,2,1.132,3.595
58,31,2032,41,7,2.018,34.45
58,32,3052,46,0,1.507,0
58,33,1538,19,2,1.235,13
58,34,1542,8,2,0.5188,12.97
58,35,660,2,0,0.303,0
58,36,526,1,0,0.1901,0
58,38,270,8,0,2.963,0
58,39,354,9,2,2.542,56.5
58,40,330,4,0,1.212,0
58,41,24,0,0,0,0
58,42,354,2,0,0.565,0
58,43,178,2,0,1.124,0
58,44,116,1,0,0.8621,0
58,45,58,0,0,0,0
58,46,178,2,0,1.124,0
58,47,234,4,1,1.709,42.74
58,48,102,0,0,0,0
58,49,144,3,0,2.083,0
58,50,234,1,0,0.4274,0
58,51,294,2,0,0.6803,0
58,52,12,0,0,0,0
58,53,288,3,0,1.042,0
58,54,286,3,1,1.049,34.97
58,55,300,4,0,1.333,0
58,56,6,0,0,0,0
58,57,300,37,0,12.33,0
58,58,294,0,0,0,0
58,59,228,0,0,0,0
58,60,68,0,0,0,0
58,61,260,0,0,0,0
58,62,152,0,0,0,0
58,63,222,0,0,0,0
58,64,196,0,0,0,0
58,65,308,0,0,0,0
58,66,112,0,0,0,0
58,67,220,0,0,0,0
58,68,262,0,0,0,0
58,69,272,2,1,0.7353,36.76
58,70,28,0,0,0,0
58,71,266,0,0,0,0
58,72,240,0,0,0,0
58,73,242,0,0,0,0
58,75,240,0,0,0,0
58,76,258,0,0,0,0
58,77,234,0,0,0,0
58,78,220,0,0,0,0
58,79,384,0,0,0,0
58,80,328,1,0,0.3049,0
58,81,302,0,0,0,0
58,82,322,1,0,0.3106,0
58,83,348,2,0,0.5747,0
58,84,328,1,0,0.3049,0
58,85,242,2,0,0.8264,0
58,86,532,2,1,0.3759,18.8
58,87,206,3,0,1.456,0
58,88,666,1,0,0.1502,0
58,89,332,6,0,1.807,0
58,90,270,2,0,0.7407,0
58,91,270,3,0,1.111,0
58,92,246,2,0,0.813,0
58,94,256,0,0,0,0
58,95,188,1,0,0.5319,0
58,96,270,2,0,0.7407,0
58,97,96,0,0,0,0
58,98,296,0,0,0,0
58,99,136,1,0,0.7353,0
58,100,258,2,1,0.7752,38.76
58,101,178,2,0,1.124,0
58,102,270,1,0,0.3704,0
58,103,86,0,0,0,0
58,104,184,2,0,1.087,0
58,105,306,0,0,0,0
58,106,306,2,0,0.6536,0
58,107,22,0,0,0,0
58,108,292,2,0,0.6849,0
58,109,288,6,0,2.083,0
58,110,294,1,0,0.3401,0
58,112,288,3,0,1.042,0
58,113,192,11,0,5.729,0
58,114,192,1,0,0.5208,0
58,116,256,5,1,1.953,39.06
58,117,234,1,0,0.4274,0
58,118,148,0,0,0,0
58,119,98,0,0,0,0
58,120,240,1,0,0.4167,0
58,121,270,0,0,0,0
58,122,24,0,0,0,0
58,123,252,0,0,0,0
58,124,264,2,0,0.7576,0
58,125,240,2,0,0.8333,0
58,127,240,4,0,1.667,0
58,128,240,9,0,3.75,0
58,129,246,0,0,0,0
58,131,250,1,0,0.4,0
58,132,200,0,0,0,0
58,133,222,0,0,0,0
58,134,88,0,0,0,0
58,135,248,2,0,0.8065,0
58,136,148,0,0,0,0
58,137,102,3,1,2.941,98.04
58,138,20,0,0,0,0
58,139,24,0,0,0,0
58,140,4,0,0,0,0
58,141,544,0,0,0,0
58,142,996,3,1,0.3012,10.04
58,143,1628,0,0,0,0
58,144,810,0,0,0,0
58,145,904,2,0,0.2212,0
58,146,290,0,0,0,0
58,147,576,1,0,0.1736,0
58,148,1118,0,0,0,0
58,149,1652,5,1,0.3027,6.053
58,150,854,0,0,0,0
58,151,1402,0,0,0,0
58,152,866,0,0,0,0
58,153,1704,3,0,0.1761,0
58,154,2964,0,0,0,0
58,155,1698,1,0,0.05889,0
58,156,1278,4,0,0.313,0
58,157,2980,4,0,0.1342,0
58,158,2970,1,0,0.03367,0
58,159,704,1,0,0.142,0
58,160,2318,4,0,0.1726,0
58,161,3064,2,0,0.06527,0
58,162,3034,3,0,0.09888,0
58,164,3034,3,0,0.09888,0
58,165,3044,5,0,0.1643,0
58,176,138,0,0,0,0
58,177,440,0,0,0,0
58,178,844,0,0,0,0
58,179,408,0,0,0,0
59,-180,868,0,0,0,0
59,-179,606,0,0,0,0
59,-178,420,0,0,0,0
59,-177,742,0,0,0,0
59,-176,384,0,0,0,0
59,-175,982,1,0,0.1018,0
59,-174,668,0,0,0,0
59,-173,1752,0,0,0,0
59,-172,1264,0,0,0,0
59,-171,2364,0,0,0,0
59,-170,966,0,0,0,0
59,-169,2404,0,0,0,0
59,-168,1576,0,0,0,0
59,-167,2232,0,0,0,0
59,-166,1162,1,0,0.08606,0
59,-165,1348,2,0,0.1484,0
59,-164,630,0,0,0,0
59,-163,1520,0,0,0,0
59,-162,1354,0,0,0,0
59,-161,1514,0,0,0,0
59,-160,616,0,0,0,0
59,-159,1610,0,0,0,0
59,-158,1864,0,0,0,0
59,-157,1730,0,0,0,0
59,-156,372,0,0,0,0
59,-155,1920,0,0,0,0
59,-154,1716,0,0,0,0
59,-153,2048,0,0,0,0
59,-152,326,0,0,0,0
59,-151,1908,0,0,0,0
59,-150,1476,0,0,0,0
59,-149,1202,0,0,0,0
59,-148,632,0,0,0,0
59,-147,1694,0,0,0,0
59,-146,1376,0,0,0,0
59,-145,712,0,0,0,0
59,-144,1578,0,0,0,0
59,-143,2002,0,0,0,0
59,-142,590,0,0,0,0
59,-141,2204,0,0,0,0
59,-140,600,0,0,0,0
59,-139,1244,0,0,0,0
59,-138,1052,0,0,0,0
59,-137,1526,2,0,0.1311,0
59,-136,696,0,0,0,0
59,-135,1686,0,0,0,0
59,-134,374,0,0,0,0
59,-133,2174,0,0,0,0
59,-132,974,0,0,0,0
59,-131,1972,0,0,0,0
59,-130,36,0,0,0,0
59,-129,1880,0,0,0,0
59,-128,1530,0,0,0,0
59,-127,1684,0,0,0,0
59,-126,40,0,0,0,0
59,-125,1708,0,0,0,0
59,-124,1826,0,0,0,0
59,-123,1324,0,0,0,0
59,-122,452,0,0,0,0
59,-121,1788,0,0,0,0
59,-120,1752,0,0,0,0
59,-119,902,0,0,0,0
59,-118,2298,0,0,0,0
59,-117,2318,0,0,0,0
59,-116,2630,0,0,0,0
59,-115,1666,0,0,0,0
59,-114,1600,0,0,0,0
59,-113,1696,0,0,0,0
59,-112,1604,0,0,0,0
59,-111,288,0,0,0,0
59,-110,1656,0,0,0,0
59,-109,1568,0,0,0,0
59,-108,528,0,0,0,0
59,-107,234,0,0,0,0
59,-106,468,0,0,0,0
59,-105,286,0,0,0,0
59,-104,464,0,0,0,0
59,-103,180,0,0,0,0
59,-102,422,0,0,0,0
59,-101,92,0,0,0,0
59,-100,488,0,0,0,0
59,-99,154,0,0,0,0
59,-98,506,0,0,0,0
59,-97,2500,2,0,0.08,0
59,-96,2636,0,0,0,0
59,-95,3624,2,0,0.05519,0
59,-94,3746,0,0,0,0
59,-93,5060,2,0,0.03953,0
59,-92,4102,0,0,0,0
59,-91,6956,0,0,0,0
59,-90,3454,1,0,0.02895,0
59,-89,5890,6,0,0.1019,0
59,-88,2640,2,0,0.07576,0
59,-87,5400,4,0,0.07407,0
59,-86,2232,1,0,0.0448,0
59,-85,4152,0,0,0,0
59,-84,2216,0,0,0,0
59,-83,5186,1,0,0.01928,0
59,-82,2880,0,0,0,0
59,-81,5930,3,0,0.05059,0
59,-80,3626,0,0,0,0
59,-79,4746,3,0,0.06321,0
59,-78,2890,1,0,0.0346,0
59,-77,5354,1,0,0.01868,0
59,-76,1000,2,0,0.2,0
59,-75,4390,0,0,0,0
59,-74,2188,0,0,0,0
59,-73,2696,0,0,0,0
59,-72,2594,0,0,0,0
59,-71,4106,1,0,0.02435,0
59,-70,2648,1,0,0.03776,0
59,-69,1530,1,0,0.06536,0
59,-68,3888,0,0,0,0
59,-67,3386,2,0,0.05907,0
59,-66,3400,1,0,0.02941,0
59,-65,1478,2,0,0.1353,0
59,-64,3644,2,0,0.05488,0
59,-63,2300,1,0,0.04348,0
59,-62,3876,1,0,0.0258,0
59,-61,2774,2,0,0.0721,0
59,-60,3044,0,0,0,0
59,-59,3598,0,0,0,0
59,-58,4321,0,0,0,0
59,-57,5316,2,0,0.03762,0
59,-56,5954,0,0,0,0
59,-55,6974,2,0,0.02868,0
59,-54,5708,0,0,0,0
59,-53,6532,0,0,0,0
59,-52,7314,2,0,0.02734,0
59,-51,5644,0,0,0,0
59,-50,5282,0,0,0,0
59,-49,4492,0,0,0,0
59,-48,9000,7,0,0.07778,0
59,-47,4836,3,0,0.06203,0
59,-46,6706,5,0,0.07456,0
59,-45,5804,11,0,0.1895,0
59,-44,9334,0,0,0,0
59,-43,3978,7,0,0.176,0
59,-42,9886,6,0,0.06069,0
59,-41,6676,3,0,0.04494,0
59,-40,10420,4,0,0.03839,0
59,-39,5840,1,0,0.01712,0
59,-38,10801,6,0,0.05555,0
59,-37,5425,0,0,0,0
59,-36,9002,4,1,0.04443,1.111
59,-35,5029,1,0,0.01988,0
59,-34,7388,1,0,0.01354,0
59,-33,5316,1,0,0.01881,0
59,-32,3700,3,0,0.08108,0
59,-31,4326,1,0,0.02312,0
59,-30,4214,7,2,0.1661,4.746
59,-29,2342,3,0,0.1281,0
59,-28,3846,13,3,0.338,7.8
59,-27,2276,1,0,0.04394,0
59,-26,3210,7,0,0.2181,0
59,-25,3074,9,1,0.2928,3.253
59,-24,2380,9,2,0.3782,8.403
59,-23,2878,10,0,0.3475,0
59,-22,2042,8,0,0.3918,0
59,-21,2664,8,0,0.3003,0
59,-20,2114,11,1,0.5203,4.73
59,-19,2912,9,1,0.3091,3.434
59,-18,3948,20,3,0.5066,7.599
59,-17,926,0,0,0,0
59,-16,2612,13,0,0.4977,0
59,-15,2261,6,0,0.2654,0
59,-14,2675,8,1,0.2991,3.738
59,-13,2469,10,2,0.405,8.1
59,-12,5190,29,1,0.5588,1.927
59,-11,4394,8,0,0.1821,0
59,-10,5565,28,0,0.5031,0
59,-9,5621,12,0,0.2135,0
59,-8,5225,25,3,0.4785,5.742
59,-7,6583,20,0,0.3038,0
59,-6,5500,15,0,0.2727,0
59,-5,6620,22,0,0.3323,0
59,-4,5477,30,2,0.5477,3.652
59,-3,6733,37,1,0.5495,1.485
59,-2,5410,65,0,1.201,0
59,-1,7180,32,3,0.4457,4.178
59,0,5780,22,1,0.3806,1.73
59,1,6622,58,2,0.8759,3.02
59,2,6122,51,4,0.8331,6.534
59,3,6490,73,6,1.125,9.245
59,4,6234,53,5,0.8502,8.021
59,5,6208,45,4,0.7249,6.443
59,6,5510,101,3,1.833,5.445
59,7,5981,23,3,0.3846,5.016
59,8,6084,78,2,1.282,3.287
59,9,6302,53,0,0.841,0
59,10,5517,221,2,4.006,3.625
59,11,6120,99,1,1.618,1.634
59,12,6114,65,3,1.063,4.907
59,13,6564,53,1,0.8074,1.523
59,14,6116,38,2,0.6213,3.27
59,15,6496,69,6,1.062,9.236
59,16,6768,162,9,2.394,13.3
59,17,6528,348,34,5.331,52.08
59,18,6966,714,110,10.25,157.9
59,19,6439,550,127,8.542,197.2
59,20,6980,385,48,5.516,68.77
59,21,6556,61,1,0.9304,1.525
59,22,6690,88,1,1.315,1.495
59,23,6260,68,0,1.086,0
59,24,7604,110,2,1.447,2.63
59,25,5611,90,1,1.604,1.782
59,26,7844,218,7,2.779,8.924
59,27,5172,109,11,2.108,21.27
59,28,8512,218,9,2.561,10.57
59,29,3521,227,34,6.447,96.56
59,30,6524,499,28,7.649,42.92
59,31,2724,67,12,2.46,44.05
59,32,4921,34,0,0.6909,0
59,33,2462,18,1,0.7311,4.062
59,34,2774,17,8,0.6128,28.84
59,35,2466,34,1,1.379,4.055
59,36,578,3,0,0.519,0
59,37,196,1,0,0.5102,0
59,38,270,2,0,0.7407,0
59,39,362,11,2,3.039,55.25
59,41,354,1,0,0.2825,0
59,42,362,1,0,0.2762,0
59,43,178,3,0,1.685,0
59,45,180,0,0,0,0
59,46,174,0,0,0,0
59,47,192,0,0,0,0
59,48,52,0,0,0,0
59,49,242,0,0,0,0
59,50,134,1,0,0.7463,0
59,51,296,1,0,0.3378,0
59,52,130,1,0,0.7692,0
59,53,318,2,0,0.6289,0
59,54,34,0,0,0,0
59,55,376,3,0,0.7979,0
59,56,288,1,0,0.3472,0
59,57,300,28,0,9.333,0
59,59,294,29,0,9.864,0
59,60,258,0,0,0,0
59,61,258,0,0,0,0
59,63,260,0,0,0,0
59,64,296,0,0,0,0
59,65,286,2,0,0.6993,0
59,66,12,0,0,0,0
59,67,296,0,0,0,0
59,68,254,0,0,0,0
59,69,88,0,0,0,0
59,70,164,0,0,0,0
59,71,254,0,0,0,0
59,72,234,0,0,0,0
59,73,72,0,0,0,0
59,74,162,0,0,0,0
59,75,234,1,0,0.4274,0
59,76,258,0,0,0,0
59,78,462,0,0,0,0
59,79,262,1,0,0.3817,0
59,80,458,1,1,0.2183,21.83
59,81,198,0,0,0,0
59,82,582,0,0,0,0
59,83,188,7,0,3.723,0
59,84,554,4,0,0.722,0
59,85,212,0,0,0,0
59,86,528,1,0,0.1894,0
59,87,188,2,0,1.064,0
59,88,554,7,1,1.264,18.05
59,89,174,0,0,0,0
59,90,586,11,2,1.877,34.13
59,91,12,0,0,0,0
59,92,264,4,1,1.515,37.88
59,93,240,0,0,0,0
59,94,246,2,0,0.813,0
59,95,8,0,0,0,0
59,96,258,2,0,0.7752,0
59,97,302,2,0,0.6623,0
59,98,300,0,0,0,0
59,100,300,3,0,1,0
59,101,266,1,0,0.3759,0
59,102,188,1,0,0.5319,0
59,103,86,0,0,0,0
59,104,270,2,0,0.7407,0
59,105,306,1,0,0.3268,0
59,106,130,0,0,0,0
59,107,194,2,0,1.031,0
59,108,362,7,0,1.934,0
59,109,316,0,0,0,0
59,111,288,0,0,0,0
59,112,288,7,0,2.431,0
59,113,198,3,0,1.515,0
59,115,198,0,0,0,0
59,116,142,1,0,0.7042,0
59,117,292,1,0,0.3425,0
59,118,4,0,0,0,0
59,119,250,2,0,0.8,0
59,120,108,1,0,0.9259,0
59,121,338,3,0,0.8876,0
59,122,92,2,0,2.174,0
59,123,264,3,0,1.136,0
59,124,106,1,0,0.9434,0
59,125,292,2,0,0.6849,0
59,126,112,0,0,0,0
59,127,240,2,1,0.8333,41.67
59,129,258,1,0,0.3876,0
59,130,266,2,0,0.7519,0
59,131,256,1,0,0.3906,0
59,132,24,0,0,0,0
59,133,254,4,0,1.575,0
59,134,248,5,2,2.016,80.65
59,135,252,5,1,1.984,39.68
59,136,8,0,0,0,0
59,137,294,11,2,3.741,68.03
59,138,22,0,0,0,0
59,139,12,0,0,0,0
59,140,6,0,0,0,0
59,141,1584,0,0,0,0
59,142,684,3,0,0.4386,0
59,143,3510,0,0,0,0
59,144,2054,2,0,0.09737,0
59,145,2388,2,0,0.08375,0
59,146,3352,3,0,0.0895,0
59,147,1408,1,0,0.07102,0
59,148,1939,6,0,0.3094,0
59,149,3348,5,0,0.1493,0
59,150,2920,5,0,0.1712,0
59,151,1396,7,0,0.5014,0
59,152,2572,1,0,0.03888,0
59,153,4322,4,0,0.09255,0
59,154,2904,2,0,0.06887,0
59,155,2770,1,0,0.0361,0
59,156,1898,0,0,0,0
59,157,2344,1,0,0.04266,0
59,158,2430,2,0,0.0823,0
59,159,2130,3,0,0.1408,0
59,160,1626,0,0,0,0
59,161,1856,1,0,0.05388,0
59,162,3014,10,0,0.3318,0
59,163,2840,0,0,0,0
59,164,2984,3,0,0.1005,0
59,165,2882,3,0,0.1041,0
59,166,1306,0,0,0,0
59,167,1672,2,0,0.1196,0
59,168,2204,1,0,0.04537,0
59,169,844,0,0,0,0
59,170,1084,0,0,0,0
59,171,550,0,0,0,0
59,174,16,0,0,0,0
59,176,50,0,0,0,0
59,177,324,0,0,0,0
59,178,238,0,0,0,0
59,179,594,0,0,0,0
60,-180,732,0,0,0,0
60,-179,622,0,0,0,0
60,-178,772,0,0,0,0
60,-177,944,0,0,0,0
60,-176,122,0,0,0,0
60,-175,1132,1,0,0.08834,0
60,-174,1358,0,0,0,0
60,-173,1750,1,0,0.05714,0
60,-172,1852,1,0,0.054,0
60,-171,3136,4,0,0.1276,0
60,-170,1956,0,0,0,0
60,-169,3188,0,0,0,0
60,-168,1892,0,0,0,0
60,-167,3186,0,0,0,0
60,-166,1646,1,0,0.06075,0
60,-165,3138,1,0,0.03187,0
60,-164,360,0,0,0,0
60,-163,1296,0,0,0,0
60,-162,1866,0,0,0,0
60,-161,1228,1,0,0.08143,0
60,-160,878,0,0,0,0
60,-159,1624,0,0,0,0
60,-158,1982,2,0,0.1009,0
60,-157,802,0,0,0,0
60,-156,1636,0,0,0,0
60,-155,1724,0,0,0,0
60,-154,1920,2,0,0.1042,0
60,-153,12,0,0,0,0
60,-152,1992,0,0,0,0
60,-151,1736,2,0,0.1152,0
60,-150,1728,0,0,0,0
60,-149,18,0,0,0,0
60,-148,1716,0,0,0,0
60,-147,1642,0,0,0,0
60,-146,2216,0,0,0,0
60,-145,86,0,0,0,0
60,-144,3684,0,0,0,0
60,-143,1204,0,0,0,0
60,-142,2894,0,0,0,0
60,-141,2292,0,0,0,0
60,-140,1574,0,0,0,0
60,-139,884,1,0,0.1131,0
60,-138,1272,0,0,0,0
60,-137,1694,0,0,0,0
60,-136,66,0,0,0,0
60,-135,1726,1,0,0.05794,0
60,-134,1982,0,0,0,0
60,-133,1716,0,0,0,0
60,-132,114,0,0,0,0
60,-131,1664,0,0,0,0
60,-130,1428,0,0,0,0
60,-129,1978,0,0,0,0
60,-128,40,0,0,0,0
60,-127,1958,0,0,0,0
60,-126,880,1,0,0.1136,0
60,-125,2316,0,0,0,0
60,-124,312,0,0,0,0
60,-123,1760,0,0,0,0
60,-122,344,0,0,0,0
60,-121,2384,0,0,0,0
60,-120,810,0,0,0,0
60,-119,2198,0,0,0,0
60,-118,954,0,0,0,0
60,-117,3402,0,0,0,0
60,-116,1286,0,0,0,0
60,-115,3142,0,0,0,0
60,-114,210,0,0,0,0
60,-113,1964,0,0,0,0
60,-112,1295,0,0,0,0
60,-111,1652,0,0,0,0
60,-110,252,0,0,0,0
60,-109,1608,0,0,0,0
60,-108,294,0,0,0,0
60,-107,430,0,0,0,0
60,-106,266,0,0,0,0
60,-105,414,0,0,0,0
60,-104,278,0,0,0,0
60,-103,250,0,0,0,0
60,-102,272,0,0,0,0
60,-101,266,0,0,0,0
60,-100,418,0,0,0,0
60,-99,140,0,0,0,0
60,-98,462,0,0,0,0
60,-97,2250,0,0,0,0
60,-96,2106,0,0,0,0
60,-95,3052,0,0,0,0
60,-94,3624,0,0,0,0
60,-93,5236,2,0,0.0382,0
60,-92,3744,1,0,0.02671,0
60,-91,6540,2,0,0.03058,0
60,-90,4012,1,0,0.02493,0
60,-89,5238,2,0,0.03818,0
60,-88,2910,0,0,0,0
60,-87,4238,2,0,0.04719,0
60,-86,2510,1,0,0.03984,0
60,-85,3592,1,0,0.02784,0
60,-84,3872,2,0,0.05165,0
60,-83,2884,1,0,0.03467,0
60,-82,4948,2,0,0.04042,0
60,-81,3434,0,0,0,0
60,-80,5804,4,0,0.06892,0
60,-79,2586,0,0,0,0
60,-78,4722,1,0,0.02118,0
60,-77,684,0,0,0,0
60,-76,6080,0,0,0,0
60,-75,2064,0,0,0,0
60,-74,3938,1,0,0.02539,0
60,-73,1400,0,0,0,0
60,-72,3834,0,0,0,0
60,-71,1968,0,0,0,0
60,-70,3558,0,0,0,0
60,-69,1960,0,0,0,0
60,-68,4782,3,0,0.06274,0
60,-67,2668,0,0,0,0
60,-66,2794,1,0,0.03579,0
60,-65,2750,0,0,0,0
60,-64,3330,2,0,0.06006,0
60,-63,1508,0,0,0,0
60,-62,4976,3,0,0.06029,0
60,-61,2922,0,0,0,0
60,-60,2360,0,0,0,0
60,-59,5668,1,0,0.01764,0
60,-58,3192,0,0,0,0
60,-57,6298,3,0,0.04763,0
60,-56,6086,3,0,0.04929,0
60,-55,5754,0,0,0,0
60,-54,7326,1,0,0.01365,0
60,-53,7376,1,0,0.01356,0
60,-52,5924,2,0,0.03376,0
60,-51,6996,1,0,0.01429,0
60,-50,3964,1,0,0.02523,0
60,-49,7692,3,0,0.039,0
60,-48,4229,1,0,0.02365,0
60,-47,9276,4,0,0.04312,0
60,-46,2872,0,0,0,0
60,-45,9005,3,0,0.03331,0
60,-44,5814,0,0,0,0
60,-43,10802,0,0,0,0
60,-42,3582,0,0,0,0
60,-41,11239,1,0,0.008898,0
60,-40,4076,0,0,0,0
60,-39,12582,6,1,0.04769,0.7948
60,-38,5700,1,0,0.01754,0
60,-37,11250,9,0,0.08,0
60,-36,5750,1,0,0.01739,0
60,-35,8185,3,0,0.03665,0
60,-34,4214,4,0,0.09492,0
60,-33,4700,4,0,0.08511,0
60,-32,4702,2,1,0.04254,2.127
60,-31,2054,1,1,0.04869,4.869
60,-30,4066,6,0,0.1476,0
60,-29,1918,3,0,0.1564,0
60,-28,4824,17,1,0.3524,2.073
60,-27,1952,2,0,0.1025,0
60,-26,3484,5,0,0.1435,0
60,-25,3696,6,0,0.1623,0
60,-24,1414,6,0,0.4243,0
60,-23,2442,4,1,0.1638,4.095
60,-22,4760,23,4,0.4832,8.403
60,-21,502,0,0,0,0
60,-20,4176,16,3,0.3831,7.184
60,-19,2600,9,2,0.3462,7.692
60,-18,3568,11,1,0.3083,2.803
60,-17,2203,13,0,0.5901,0
60,-16,3978,12,3,0.3017,7.541
60,-15,1104,1,0,0.09058,0
60,-14,4832,16,1,0.3311,2.07
60,-13,1290,4,0,0.3101,0
60,-12,5416,7,0,0.1292,0
60,-11,1034,2,0,0.1934,0
60,-10,7056,20,0,0.2834,0
60,-9,1216,1,0,0.08224,0
60,-8,9788,25,0,0.2554,0
60,-7,3046,7,0,0.2298,0
60,-6,9060,47,2,0.5188,2.208
60,-5,3038,12,0,0.395,0
60,-4,9892,36,1,0.3639,1.011
60,-3,2552,2,0,0.07837,0
60,-2,9752,55,0,0.564,0
60,-1,2288,17,0,0.743,0
60,0,9430,42,2,0.4454,2.121
60,1,3060,12,2,0.3922,6.536
60,2,8912,39,0,0.4376,0
60,3,3140,13,0,0.414,0
60,4,8286,54,6,0.6517,7.241
60,5,4108,34,3,0.8277,7.303
60,6,8120,22,0,0.2709,0
60,7,4700,10,0,0.2128,0
60,8,6612,18,0,0.2722,0
60,9,5800,11,0,0.1897,0
60,10,6554,45,0,0.6866,0
60,11,6660,38,1,0.5706,1.502
60,12,6464,49,3,0.758,4.641
60,13,6490,17,0,0.2619,0
60,14,6549,78,2,1.191,3.054
60,15,6570,68,0,1.035,0
60,16,5757,51,2,0.8859,3.474
60,17,7584,289,41,3.811,54.06
60,18,5220,272,86,5.211,164.8
60,19,8412,421,87,5.005,103.4
60,20,4898,156,22,3.185,44.92
60,21,8855,43,1,0.4856,1.129
60,22,4273,14,0,0.3276,0
60,23,8568,54,4,0.6303,4.669
60,24,3832,36,1,0.9395,2.61
60,25,9620,97,3,1.008,3.119
60,26,3494,48,2,1.374,5.724
60,27,10031,83,2,0.8274,1.994
60,28,3168,76,2,2.399,6.313
60,29,7986,227,28,2.842,35.06
60,30,3440,217,34,6.308,98.84
60,31,6069,118,14,1.944,23.07
60,32,2808,13,1,0.463,3.561
60,33,4954,40,0,0.8074,0
60,34,2366,14,2,0.5917,8.453
60,35,4672,62,1,1.327,2.14
60,36,406,2,0,0.4926,0
60,37,1904,5,0,0.2626,0
60,38,90,0,0,0,0
60,39,282,3,0,1.064,0
60,40,236,1,0,0.4237,0
60,41,354,0,0,0,0
60,43,354,1,0,0.2825,0
60,44,180,1,0,0.5556,0
60,45,180,1,0,0.5556,0
60,47,180,0,0,0,0
60,48,240,3,0,1.25,0
60,49,264,1,0,0.3788,0
60,50,12,0,0,0,0
60,51,248,1,0,0.4032,0
60,52,358,1,0,0.2793,0
60,53,212,1,0,0.4717,0
60,54,100,0,0,0,0
60,55,302,1,0,0.3311,0
60,56,296,0,0,0,0
60,57,104,0,0,0,0
60,58,196,0,0,0,0
60,59,294,1,0,0.3401,0
60,60,258,0,0,0,0
60,61,34,0,0,0,0
60,62,224,1,0,0.4464,0
60,63,258,2,0,0.7752,0
60,64,310,2,0,0.6452,0
60,66,294,0,0,0,0
60,67,204,0,0,0,0
60,68,350,2,0,0.5714,0
60,70,252,3,0,1.19,0
60,71,160,0,0,0,0
60,72,312,0,0,0,0
60,73,14,0,0,0,0
60,74,300,0,0,0,0
60,75,8,0,0,0,0
60,76,388,12,0,3.093,0
60,77,96,1,0,1.042,0
60,78,290,3,0,1.034,0
60,79,194,0,0,0,0
60,80,580,2,0,0.3448,0
60,81,252,2,0,0.7937,0
60,82,462,2,0,0.4329,0
60,83,278,2,0,0.7194,0
60,84,518,8,0,1.544,0
60,85,208,0,0,0,0
60,86,400,2,0,0.5,0
60,87,386,0,0,0,0
60,88,508,10,0,1.969,0
60,89,370,2,0,0.5405,0
60,90,504,11,1,2.183,19.84
60,91,90,0,0,0,0
60,92,278,3,0,1.079,0
60,93,258,0,0,0,0
60,94,82,0,0,0,0
60,95,176,2,0,1.136,0
60,96,252,0,0,0,0
60,97,300,0,0,0,0
60,98,6,0,0,0,0
60,99,296,3,0,1.014,0
60,100,290,2,0,0.6897,0
60,101,278,0,0,0,0
60,103,278,2,0,0.7194,0
60,104,182,0,0,0,0
60,105,434,6,0,1.382,0
60,107,318,2,0,0.6289,0
60,108,78,1,0,1.282,0
60,109,522,3,0,0.5747,0
60,110,94,0,0,0,0
60,111,294,2,0,0.6803,0
60,112,22,0,0,0,0
60,113,338,6,0,1.775,0
60,114,136,0,0,0,0
60,115,202,0,0,0,0
60,117,212,5,0,2.358,0
60,118,272,7,1,2.574,36.76
60,119,258,4,0,1.55,0
60,120,12,0,0,0,0
60,121,278,2,0,0.7194,0
60,122,270,0,0,0,0
60,123,254,2,0,0.7874,0
60,124,10,0,0,0,0
60,125,264,4,0,1.515,0
60,126,240,2,0,0.8333,0
60,127,116,1,0,0.8621,0
60,128,128,0,0,0,0
60,129,244,0,0,0,0
60,130,256,1,0,0.3906,0
60,131,84,1,0,1.19,0
60,132,190,2,0,1.053,0
60,133,298,3,0,1.007,0
60,134,258,8,0,3.101,0
60,135,6,0,0,0,0
60,136,252,4,0,1.587,0
60,137,192,1,0,0.5208,0
60,138,90,0,0,0,0
60,140,18,0,0,0,0
60,141,1475,0,0,0,0
60,142,1932,1,0,0.05176,0
60,143,2200,2,0,0.09091,0
60,144,3574,5,1,0.1399,2.798
60,145,916,3,2,0.3275,21.83
60,146,3176,4,0,0.1259,0
60,147,2252,1,0,0.0444,0
60,148,2228,2,0,0.08977,0
60,149,1676,0,0,0,0
60,150,3360,1,0,0.02976,0
60,151,3170,1,0,0.03155,0
60,152,1954,2,0,0.1024,0
60,153,2718,1,0,0.03679,0
60,154,3468,5,0,0.1442,0
60,155,2936,0,0,0,0
60,156,3008,1,0,0.03324,0
60,157,1528,0,0,0,0
60,158,1590,2,0,0.1258,0
60,159,2940,0,0,0,0
60,160,2464,2,0,0.08117,0
60,161,2236,9,0,0.4025,0
60,162,1912,5,0,0.2615,0
60,163,4472,1,0,0.02236,0
60,164,1756,1,0,0.05695,0
60,165,3674,6,0,0.1633,0
60,166,2114,0,0,0,0
60,167,3632,1,0,0.02753,0
60,168,1148,0,0,0,0
60,169,3074,0,0,0,0
60,170,1638,0,0,0,0
60,171,2352,1,0,0.04252,0
60,172,270,0,0,0,0
60,173,612,1,0,0.1634,0
60,174,48,0,0,0,0
60,175,270,0,0,0,0
60,177,526,1,0,0.1901,0
60,178,50,0,0,0,0
60,179,1108,0,0,0,0
61,-180,474,0,0,0,0
61,-179,754,0,0,0,0
61,-178,774,0,0,0,0
61,-177,658,0,0,0,0
61,-176,826,0,0,0,0
61,-175,582,0,0,0,0
61,-174,2110,0,0,0,0
61,-173,1304,0,0,0,0
61,-172,2176,0,0,0,0
61,-171,2684,3,0,0.1118,0
61,-170,2536,0,0,0,0
61,-169,1994,3,0,0.1505,0
61,-168,3082,0,0,0,0
61,-167,1834,0,0,0,0
61,-166,3014,0,0,0,0
61,-165,1828,0,0,0,0
61,-164,1658,0,0,0,0
61,-163,1176,2,0,0.1701,0
61,-162,1988,1,0,0.0503,0
61,-161,358,0,0,0,0
61,-160,2118,4,0,0.1889,0
61,-159,778,0,0,0,0
61,-158,2714,0,0,0,0
61,-157,478,0,0,0,0
61,-156,1926,0,0,0,0
61,-155,552,0,0,0,0
61,-154,2448,0,0,0,0
61,-153,748,2,0,0.2674,0
61,-152,1934,0,0,0,0
61,-151,12,0,0,0,0
61,-150,2364,0,0,0,0
61,-149,1038,0,0,0,0
61,-148,1956,0,0,0,0
61,-147,20,0,0,0,0
61,-146,1816,0,0,0,0
61,-145,1688,2,0,0.1185,0
61,-144,2158,0,0,0,0
61,-143,1880,0,0,0,0
61,-142,4012,0,0,0,0
61,-141,908,1,0,0.1101,0
61,-140,3266,0,0,0,0
61,-139,60,0,0,0,0
61,-138,1762,0,0,0,0
61,-137,1196,0,0,0,0
61,-136,1740,0,0,0,0
61,-135,60,0,0,0,0
61,-134,1882,0,0,0,0
61,-133,1550,0,0,0,0
61,-132,1444,0,0,0,0
61,-131,328,0,0,0,0
61,-130,1966,0,0,0,0
61,-129,1714,0,0,0,0
61,-128,940,0,0,0,0
61,-127,760,0,0,0,0
61,-126,1696,0,0,0,0
61,-125,1760,0,0,0,0
61,-124,460,0,0,0,0
61,-123,1572,0,0,0,0
61,-122,1744,0,0,0,0
61,-121,1702,0,0,0,0
61,-120,82,0,0,0,0
61,-119,2976,0,0,0,0
61,-118,1686,0,0,0,0
61,-117,2952,0,0,0,0
61,-116,1128,0,0,0,0
61,-115,2304,0,0,0,0
61,-114,1062,0,0,0,0
61,-113,2166,0,0,0,0
61,-112,94,0,0,0,0
61,-111,1848,0,0,0,0
61,-110,458,0,0,0,0
61,-109,1356,0,0,0,0
61,-108,90,0,0,0,0
61,-107,638,0,0,0,0
61,-106,56,0,0,0,0
61,-105,608,0,0,0,0
61,-104,74,0,0,0,0
61,-103,478,0,0,0,0
61,-102,44,0,0,0,0
61,-101,474,0,0,0,0
61,-100,220,0,0,0,0
61,-99,506,0,0,0,0
61,-98,88,0,0,0,0
61,-97,2028,0,0,0,0
61,-96,1070,0,0,0,0
61,-95,3218,0,0,0,0
61,-94,3648,2,0,0.05482,0
61,-93,3572,0,0,0,0
61,-92,5204,3,0,0.05765,0
61,-91,3326,0,0,0,0
61,-90,7244,2,0,0.02761,0
61,-89,2446,1,0,0.04088,0
61,-88,6962,2,0,0.02873,0
61,-87,1726,0,0,0,0
61,-86,6040,6,0,0.09934,0
61,-85,2066,0,0,0,0
61,-84,3704,2,0,0.054,0
61,-83,1542,0,0,0,0
61,-82,4392,0,0,0,0
61,-81,2362,4,0,0.1693,0
61,-80,3840,3,0,0.07812,0
61,-79,4008,0,0,0,0
61,-78,2594,1,0,0.03855,0
61,-77,2450,0,0,0,0
61,-76,5568,1,0,0.01796,0
61,-75,1992,0,0,0,0
61,-74,2866,0,0,0,0
61,-73,2374,0,0,0,0
61,-72,3506,0,0,0,0
61,-71,2312,0,0,0,0
61,-70,3432,2,0,0.05828,0
61,-69,3998,2,0,0.05003,0
61,-68,4242,2,0,0.04715,0
61,-67,2460,0,0,0,0
61,-66,5072,2,1,0.03943,1.972
61,-65,3112,4,0,0.1285,0
61,-64,2184,2,0,0.09158,0
61,-63,2940,0,0,0,0
61,-62,3742,3,0,0.08017,0
61,-61,4508,2,0,0.04437,0
61,-60,4418,4,0,0.09054,0
61,-59,4124,2,0,0.0485,0
61,-58,4638,0,0,0,0
61,-57,6490,2,0,0.03082,0
61,-56,4258,0,0,0,0
61,-55,8608,4,0,0.04647,0
61,-54,4456,0,0,0,0
61,-53,9468,1,0,0.01056,0
61,-52,2732,0,0,0,0
61,-51,8832,2,0,0.02264,0
61,-50,2758,1,0,0.03626,0
61,-49,9939,2,0,0.02012,0
61,-48,2060,2,0,0.09709,0
61,-47,9483,4,0,0.04218,0
61,-46,4601,0,0,0,0
61,-45,8592,5,1,0.05819,1.164
61,-44,2696,0,0,0,0
61,-43,12826,4,1,0.03119,0.7797
61,-42,4306,3,0,0.06967,0
61,-41,10494,9,1,0.08576,0.9529
61,-40,5626,2,0,0.03555,0
61,-39,10203,3,1,0.0294,0.9801
61,-38,6875,3,0,0.04364,0
61,-37,10608,6,0,0.05656,0
61,-36,6448,4,0,0.06203,0
61,-35,10000,2,0,0.02,0
61,-34,4444,1,0,0.0225,0
61,-33,6942,3,0,0.04322,0
61,-32,2796,1,0,0.03577,0
61,-31,4278,10,1,0.2338,2.338
61,-30,1642,3,0,0.1827,0
61,-29,4668,9,1,0.1928,2.142
61,-28,1654,0,0,0,0
61,-27,4570,4,0,0.08753,0
61,-26,2461,4,1,0.1625,4.063
61,-25,3026,5,1,0.1652,3.305
61,-24,3437,6,0,0.1746,0
61,-23,1470,5,1,0.3401,6.803
61,-22,4162,21,3,0.5046,7.208
61,-21,1322,2,0,0.1513,0
61,-20,4012,12,0,0.2991,0
61,-19,3608,12,1,0.3326,2.772
61,-18,3740,9,0,0.2406,0
61,-17,3414,10,0,0.2929,0
61,-16,2700,5,0,0.1852,0
61,-15,3088,5,0,0.1619,0
61,-14,3322,8,0,0.2408,0
61,-13,3324,3,0,0.09025,0
61,-12,5870,8,0,0.1363,0
61,-11,3146,14,2,0.445,6.357
61,-10,9324,7,0,0.07508,0
61,-9,3090,7,0,0.2265,0
61,-8,9574,11,0,0.1149,0
61,-7,3034,14,0,0.4614,0
61,-6,9086,23,2,0.2531,2.201
61,-5,3038,11,0,0.3621,0
61,-4,9392,19,0,0.2023,0
61,-3,2878,16,0,0.5559,0
61,-2,9380,13,0,0.1386,0
61,-1,2758,11,0,0.3988,0
61,0,9418,25,1,0.2654,1.062
61,1,2882,9,0,0.3123,0
61,2,9218,30,4,0.3255,4.339
61,3,3078,9,0,0.2924,0
61,4,8958,43,8,0.48,8.931
61,5,3464,68,0,1.963,0
61,6,8696,28,1,0.322,1.15
61,7,4264,5,0,0.1173,0
61,8,7568,15,2,0.1982,2.643
61,9,4856,21,2,0.4325,4.119
61,10,7346,18,1,0.245,1.361
61,11,5546,12,1,0.2164,1.803
61,12,6464,16,2,0.2475,3.094
61,13,6356,23,0,0.3619,0
61,14,6068,9,0,0.1483,0
61,15,7542,18,1,0.2387,1.326
61,16,5052,32,0,0.6334,0
61,17,8478,141,1,1.663,1.18
61,18,4182,68,0,1.626,0
61,19,9324,157,2,1.684,2.145
61,20,3568,13,1,0.3643,2.803
61,21,10054,36,0,0.3581,0
61,22,3396,8,0,0.2356,0
61,23,9842,139,3,1.412,3.048
61,24,2942,15,0,0.5099,0
61,25,10354,59,1,0.5698,0.9658
61,26,3224,10,0,0.3102,0
61,27,10365,67,5,0.6464,4.824
61,28,2998,29,4,0.9673,13.34
61,29,9298,107,10,1.151,10.76
61,30,2100,16,0,0.7619,0
61,31,8071,47,0,0.5823,0
61,32,1442,3,0,0.208,0
61,33,6036,33,1,0.5467,1.657
61,34,1334,9,1,0.6747,7.496
61,35,4444,37,0,0.8326,0
61,36,720,3,1,0.4167,13.89
61,37,2606,11,0,0.4221,0
61,38,8,0,0,0,0
61,39,438,8,0,1.826,0
61,40,354,7,1,1.977,28.25
61,41,140,0,0,0,0
61,42,214,1,0,0.4673,0
61,43,354,2,0,0.565,0
61,44,180,3,1,1.667,55.56
61,45,60,0,0,0,0
61,46,120,0,0,0,0
61,47,182,0,0,0,0
61,48,240,2,1,0.8333,41.67
61,50,252,0,0,0,0
61,51,210,0,0,0,0
61,52,336,0,0,0,0
61,53,8,0,0,0,0
61,54,304,2,0,0.6579,0
61,55,112,0,0,0,0
61,56,482,1,0,0.2075,0
61,57,2,0,0,0,0
61,58,298,0,0,0,0
61,59,98,0,0,0,0
61,60,396,2,1,0.5051,25.25
61,61,72,0,0,0,0
61,62,258,0,0,0,0
61,64,440,4,0,0.9091,0
61,65,112,0,0,0,0
61,66,294,0,0,0,0
61,68,294,0,0,0,0
61,69,252,0,0,0,0
61,70,252,0,0,0,0
61,72,252,1,0,0.3968,0
61,73,234,0,0,0,0
61,74,162,2,0,1.235,0
61,75,72,0,0,0,0
61,76,234,0,0,0,0
61,77,282,2,0,0.7092,0
61,78,138,0,0,0,0
61,79,322,3,0,0.9317,0
61,80,322,2,0,0.6211,0
61,81,390,0,0,0,0
61,82,220,1,0,0.4545,0
61,83,528,3,0,0.5682,0
61,84,348,2,1,0.5747,28.74
61,85,494,0,0,0,0
61,86,268,4,0,1.493,0
61,87,556,1,0,0.1799,0
61,88,130,2,1,1.538,76.92
61,89,666,5,0,0.7508,0
61,90,116,2,0,1.724,0
61,91,478,4,0,0.8368,0
61,92,98,1,0,1.02,0
61,93,424,3,0,0.7075,0
61,95,260,0,0,0,0
61,96,74,0,0,0,0
61,97,386,0,0,0,0
61,98,98,0,0,0,0
61,99,312,1,1,0.3205,32.05
61,101,396,2,0,0.5051,0
61,102,172,0,0,0,0
61,103,270,1,0,0.3704,0
61,104,2,0,0,0,0
61,105,316,1,0,0.3165,0
61,106,312,3,0,0.9615,0
61,107,312,4,0,1.282,0
61,108,4,0,0,0,0
61,109,312,4,1,1.282,32.05
61,110,294,0,0,0,0
61,111,198,0,0,0,0
61,112,98,0,0,0,0
61,113,294,5,0,1.701,0
61,114,204,2,0,0.9804,0
61,115,136,0,0,0,0
61,116,68,0,0,0,0
61,117,204,3,2,1.471,98.04
61,118,276,3,0,1.087,0
61,119,88,2,0,2.273,0
61,120,182,0,0,0,0
61,121,202,0,0,0,0
61,122,332,4,0,1.205,0
61,124,264,0,0,0,0
61,125,170,1,0,0.5882,0
61,126,334,4,1,1.198,29.94
61,128,256,1,0,0.3906,0
61,129,80,0,0,0,0
61,130,412,8,2,1.942,48.54
61,131,6,0,0,0,0
61,132,256,5,0,1.953,0
61,133,22,0,0,0,0
61,134,420,5,0,1.19,0
61,135,88,0,0,0,0
61,136,252,3,2,1.19,79.37
61,138,246,0,0,0,0
61,139,6,0,0,0,0
61,140,1150,3,0,0.2609,0
61,141,234,0,0,0,0
61,142,2740,0,0,0,0
61,143,1592,3,0,0.1884,0
61,144,3508,2,0,0.05701,0
61,146,3524,5,0,0.1419,0
61,147,3042,2,0,0.06575,0
61,148,3006,1,0,0.03327,0
61,149,342,0,0,0,0
61,150,3642,5,0,0.1373,0
61,151,3172,0,0,0,0
61,152,2790,1,0,0.03584,0
61,153,1614,1,0,0.06196,0
61,154,4544,7,0,0.154,0
61,155,1598,0,0,0,0
61,156,1192,1,0,0.08389,0
61,157,2904,0,0,0,0
61,158,2466,0,0,0,0
61,159,2082,0,0,0,0
61,160,1314,2,0,0.1522,0
61,161,3106,9,1,0.2898,3.22
61,162,1560,2,0,0.1282,0
61,163,4992,2,0,0.04006,0
61,164,2130,0,0,0,0
61,165,2838,1,0,0.03524,0
61,166,2562,2,0,0.07806,0
61,167,4006,6,0,0.1498,0
61,168,196,0,0,0,0
61,169,3630,2,0,0.0551,0
61,170,2262,0,0,0,0
61,171,2826,0,0,0,0
61,172,234,0,0,0,0
61,173,1966,0,0,0,0
61,174,1144,0,0,0,0
61,175,1152,1,0,0.08681,0
61,176,1434,0,0,0,0
61,177,1868,0,0,0,0
61,178,362,0,0,0,0
61,179,2446,0,0,0,0
62,-180,1134,0,0,0,0
62,-179,854,0,0,0,0
62,-178,928,0,0,0,0
62,-177,906,0,0,0,0
62,-176,1132,0,0,0,0
62,-175,874,0,0,0,0
62,-174,2618,2,0,0.07639,0
62,-173,738,0,0,0,0
62,-172,3750,4,0,0.1067,0
62,-171,806,0,0,0,0
62,-170,4130,1,0,0.02421,0
62,-169,1150,1,0,0.08696,0
62,-168,4490,2,0,0.04454,0
62,-167,638,0,0,0,0
62,-166,3966,0,0,0,0
62,-165,1140,0,0,0,0
62,-164,3430,4,0,0.1166,0
62,-163,368,0,0,0,0
62,-162,1842,0,0,0,0
62,-161,1594,0,0,0,0
62,-160,1630,0,0,0,0
62,-159,378,0,0,0,0
62,-158,1512,0,0,0,0
62,-157,2006,0,0,0,0
62,-156,1496,0,0,0,0
62,-155,564,2,0,0.3546,0
62,-154,1548,0,0,0,0
62,-153,2000,0,0,0,0
62,-152,1055,0,0,0,0
62,-151,970,0,0,0,0
62,-150,1962,0,0,0,0
62,-149,1938,0,0,0,0
62,-148,1798,0,0,0,0
62,-147,1394,0,0,0,0
62,-146,2344,0,0,0,0
62,-145,3072,0,0,0,0
62,-144,626,0,0,0,0
62,-143,3076,1,0,0.03251,0
62,-142,2698,2,0,0.07413,0
62,-141,2446,0,0,0,0
62,-140,2436,0,0,0,0
62,-139,1418,0,0,0,0
62,-138,2094,0,0,0,0
62,-137,36,0,0,0,0
62,-136,1726,0,0,0,0
62,-135,590,0,0,0,0
62,-134,2790,0,0,0,0
62,-133,42,0,0,0,0
62,-132,1674,0,0,0,0
62,-131,80,0,0,0,0
62,-130,3106,0,0,0,0
62,-129,146,0,0,0,0
62,-128,1656,0,0,0,0
62,-126,2783,0,0,0,0
62,-125,872,0,0,0,0
62,-124,1728,0,0,0,0
62,-122,2312,0,0,0,0
62,-121,1118,0,0,0,0
62,-120,1920,0,0,0,0
62,-119,1128,0,0,0,0
62,-118,2826,0,0,0,0
62,-117,1812,0,0,0,0
62,-116,2484,0,0,0,0
62,-115,726,0,0,0,0
62,-114,1760,0,0,0,0
62,-113,1468,0,0,0,0
62,-112,892,0,0,0,0
62,-111,988,0,0,0,0
62,-110,1454,0,0,0,0
62,-109,448,0,0,0,0
62,-108,326,0,0,0,0
62,-107,454,0,0,0,0
62,-106,350,0,0,0,0
62,-105,326,0,0,0,0
62,-104,112,0,0,0,0
62,-103,404,0,0,0,0
62,-102,146,0,0,0,0
62,-101,528,0,0,0,0
62,-100,88,0,0,0,0
62,-99,538,0,0,0,0
62,-98,116,0,0,0,0
62,-97,640,0,0,0,0
62,-96,1970,2,0,0.1015,0
62,-95,2872,2,0,0.06964,0
62,-94,2362,0,0,0,0
62,-93,4746,0,0,0,0
62,-92,4422,1,0,0.02261,0
62,-91,5062,4,0,0.07902,0
62,-90,5642,2,0,0.03545,0
62,-89,5780,0,0,0,0
62,-88,4276,0,0,0,0
62,-87,4734,2,0,0.04225,0
62,-86,3642,1,0,0.02746,0
62,-85,4012,4,0,0.0997,0
62,-84,2368,2,0,0.08446,0
62,-83,3766,4,0,0.1062,0
62,-82,2906,0,0,0,0
62,-81,2896,1,0,0.03453,0
62,-80,3816,8,0,0.2096,0
62,-79,3982,2,0,0.05023,0
62,-78,1818,1,0,0.05501,0
62,-77,4264,0,0,0,0
62,-76,2318,0,0,0,0
62,-75,4526,0,0,0,0
62,-74,2356,0,0,0,0
62,-73,4139,0,0,0,0
62,-72,1570,1,0,0.06369,0
62,-71,3671,0,0,0,0
62,-70,2004,0,0,0,0
62,-69,5286,1,0,0.01892,0
62,-68,1960,0,0,0,0
62,-67,6320,3,0,0.04747,0
62,-66,3788,0,0,0,0
62,-65,4118,0,0,0,0
62,-64,2078,0,0,0,0
62,-63,4524,0,0,0,0
62,-62,1838,0,0,0,0
62,-61,4954,3,0,0.06056,0
62,-60,5612,3,0,0.05346,0
62,-59,2988,1,0,0.03347,0
62,-58,6250,0,0,0,0
62,-57,5756,0,0,0,0
62,-56,5594,0,0,0,0
62,-55,7596,1,0,0.01316,0
62,-54,6676,0,0,0,0
62,-53,7740,1,0,0.01292,0
62,-52,5314,1,0,0.01882,0
62,-51,5488,3,0,0.05466,0
62,-50,6030,3,0,0.04975,0
62,-49,6118,2,0,0.03269,0
62,-48,6130,3,0,0.04894,0
62,-47,4036,4,1,0.09911,2.478
62,-46,7598,7,0,0.09213,0
62,-45,6428,9,0,0.14,0
62,-44,6644,8,1,0.1204,1.505
62,-43,6776,3,0,0.04427,0
62,-42,9553,2,0,0.02094,0
62,-41,5475,0,0,0,0
62,-40,9771,5,0,0.05117,0
62,-39,6453,2,0,0.03099,0
62,-38,10686,2,0,0.01872,0
62,-37,7516,6,0,0.07983,0
62,-36,9997,5,0,0.05002,0
62,-35,5293,2,0,0.03779,0
62,-34,8294,4,0,0.04823,0
62,-33,5242,0,0,0,0
62,-32,4072,1,0,0.02456,0
62,-31,4804,0,0,0,0
62,-30,2880,8,2,0.2778,6.944
62,-29,4516,6,1,0.1329,2.214
62,-28,4089,5,0,0.1223,0
62,-27,3724,4,0,0.1074,0
62,-26,4076,3,0,0.0736,0
62,-25,1840,3,0,0.163,0
62,-24,5108,9,0,0.1762,0
62,-23,5299,15,1,0.2831,1.887
62,-22,2010,1,0,0.04975,0
62,-21,6830,13,0,0.1903,0
62,-20,3746,2,0,0.05339,0
62,-19,7158,18,1,0.2515,1.397
62,-18,8088,11,0,0.136,0
62,-17,7631,3,0,0.03931,0
62,-16,5124,3,0,0.05855,0
62,-15,7638,14,1,0.1833,1.309
62,-14,4334,3,0,0.06922,0
62,-13,6782,10,0,0.1474,0
62,-12,4383,6,0,0.1369,0
62,-11,8045,11,3,0.1367,3.729
62,-10,3406,2,0,0.05872,0
62,-9,9616,19,1,0.1976,1.04
62,-8,3914,3,0,0.07665,0
62,-7,8412,18,0,0.214,0
62,-6,5020,7,0,0.1394,0
62,-5,7484,27,1,0.3608,1.336
62,-4,4204,7,0,0.1665,0
62,-3,7608,36,1,0.4732,1.314
62,-2,4498,8,0,0.1779,0
62,-1,7760,18,2,0.232,2.577
62,0,4428,14,1,0.3162,2.258
62,1,8102,31,0,0.3826,0
62,2,4488,19,2,0.4234,4.456
62,3,8302,29,4,0.3493,4.818
62,4,4704,18,0,0.3827,0
62,5,7534,30,0,0.3982,0
62,6,5016,31,2,0.618,3.987
62,7,7196,15,0,0.2084,0
62,8,5106,16,2,0.3134,3.917
62,9,6728,11,0,0.1635,0
62,10,5524,39,1,0.706,1.81
62,11,6224,11,0,0.1767,0
62,12,6514,13,0,0.1996,0
62,13,5648,41,4,0.7259,7.082
62,14,7274,34,1,0.4674,1.375
62,15,5690,36,1,0.6327,1.757
62,16,7676,262,44,3.413,57.32
62,17,5608,284,54,5.064,96.29
62,18,8428,486,96,5.766,113.9
62,19,5360,200,17,3.731,31.72
62,20,8150,115,3,1.411,3.681
62,21,4964,22,0,0.4432,0
62,22,7586,20,0,0.2636,0
62,23,5444,4,0,0.07348,0
62,24,7932,18,0,0.2269,0
62,25,5098,14,0,0.2746,0
62,26,7750,39,1,0.5032,1.29
62,27,5468,27,0,0.4938,0
62,28,7396,53,4,0.7166,5.408
62,29,5588,28,1,0.5011,1.79
62,30,5752,4,0,0.06954,0
62,31,4882,24,0,0.4916,0
62,32,4702,21,4,0.4466,8.507
62,33,3938,7,0,0.1778,0
62,34,3432,14,0,0.4079,0
62,35,2202,3,0,0.1362,0
62,36,2952,40,2,1.355,6.775
62,37,602,2,2,0.3322,33.22
62,38,708,3,0,0.4237,0
62,39,140,0,0,0,0
62,40,448,6,2,1.339,44.64
62,42,354,6,1,1.695,28.25
62,43,52,0,0,0,0
62,44,490,3,0,0.6122,0
62,46,196,1,0,0.5102,0
62,47,42,0,0,0,0
62,48,336,1,0,0.2976,0
62,49,62,0,0,0,0
62,50,250,0,0,0,0
62,51,8,0,0,0,0
62,52,358,1,0,0.2793,0
62,53,194,0,0,0,0
62,54,314,0,0,0,0
62,55,22,0,0,0,0
62,56,324,1,0,0.3086,0
62,57,302,0,0,0,0
62,58,230,0,0,0,0
62,59,76,0,0,0,0
62,60,294,1,0,0.3401,0
62,61,258,0,0,0,0
62,62,172,0,0,0,0
62,63,94,1,0,1.064,0
62,64,258,1,0,0.3876,0
62,65,310,0,0,0,0
62,66,172,0,0,0,0
62,67,204,0,0,0,0
62,68,222,0,0,0,0
62,69,330,2,0,0.6061,0
62,71,268,0,0,0,0
62,72,176,0,0,0,0
62,73,322,0,0,0,0
62,75,242,0,0,0,0
62,76,78,0,0,0,0
62,77,410,0,0,0,0
62,79,462,0,0,0,0
62,80,34,0,0,0,0
62,81,608,0,0,0,0
62,82,122,0,0,0,0
62,83,702,0,0,0,0
62,84,24,0,0,0,0
62,85,638,0,0,0,0
62,86,136,0,0,0,0
62,87,700,7,1,1,14.29
62,88,116,0,0,0,0
62,89,606,6,0,0.9901,0
62,90,180,0,0,0,0
62,91,594,12,0,2.02,0
62,93,270,2,0,0.7407,0
62,94,256,1,0,0.3906,0
62,95,196,3,0,1.531,0
62,96,72,1,0,1.389,0
62,97,266,0,0,0,0
62,98,302,0,0,0,0
62,99,192,2,2,1.042,104.2
62,100,130,2,0,1.538,0
62,101,302,7,2,2.318,66.23
62,102,270,0,0,0,0
62,103,86,1,0,1.163,0
62,104,186,0,0,0,0
62,105,188,1,0,0.5319,0
62,106,398,3,0,0.7538,0
62,108,320,1,0,0.3125,0
62,109,136,1,0,0.7353,0
62,110,486,0,0,0,0
62,111,4,0,0,0,0
62,112,296,2,0,0.6757,0
62,113,106,0,0,0,0
62,114,398,14,0,3.518,0
62,116,204,0,0,0,0
62,118,454,4,0,0.8811,0
62,119,10,0,0,0,0
62,120,258,0,0,0,0
62,121,4,0,0,0,0
62,122,426,3,0,0.7042,0
62,123,96,0,0,0,0
62,124,264,0,0,0,0
62,126,344,6,3,1.744,87.21
62,127,224,0,0,0,0
62,128,232,0,0,0,0
62,129,12,0,0,0,0
62,130,240,2,0,0.8333,0
62,131,250,1,0,0.4,0
62,132,230,7,0,3.043,0
62,133,34,0,0,0,0
62,134,250,2,0,0.8,0
62,135,254,6,2,2.362,78.74
62,136,162,1,0,0.6173,0
62,137,92,0,0,0,0
62,138,246,0,0,0,0
62,139,12,0,0,0,0
62,140,1334,0,0,0,0
62,141,444,0,0,0,0
62,142,2274,0,0,0,0
62,143,2618,2,0,0.07639,0
62,144,1424,0,0,0,0
62,145,2392,1,0,0.04181,0
62,146,2264,0,0,0,0
62,147,1976,2,0,0.1012,0
62,148,1680,1,0,0.05952,0
62,149,2780,3,0,0.1079,0
62,150,2820,0,0,0,0
62,151,2804,2,0,0.07133,0
62,152,2664,1,0,0.03754,0
62,153,2878,5,0,0.1737,0
62,154,2106,1,0,0.04748,0
62,155,3070,3,0,0.09772,0
62,156,2212,1,0,0.04521,0
62,157,1590,4,0,0.2516,0
62,158,1528,0,0,0,0
62,159,2394,4,0,0.1671,0
62,160,3102,3,0,0.09671,0
62,161,1967,4,0,0.2034,0
62,162,2184,10,0,0.4579,0
62,163,2814,0,0,0,0
62,164,4428,0,0,0,0
62,165,1480,1,0,0.06757,0
62,166,2780,1,0,0.03597,0
62,167,2812,0,0,0,0
62,168,3536,5,0,0.1414,0
62,169,1286,0,0,0,0
62,170,2074,0,0,0,0
62,171,3616,0,0,0,0
62,172,1924,6,0,0.3119,0
62,173,1142,0,0,0,0
62,174,2084,2,0,0.09597,0
62,175,2220,1,0,0.04505,0
62,176,2438,1,0,0.04102,0
62,177,1092,0,0,0,0
62,178,3236,0,0,0,0
62,179,1788,0,0,0,0
63,-180,3502,0,0,0,0
63,-179,1662,0,0,0,0
63,-178,1404,0,0,0,0
63,-177,2678,2,0,0.07468,0
63,-176,1548,1,0,0.0646,0
63,-175,2572,0,0,0,0
63,-174,1948,0,0,0,0
63,-173,3324,0,0,0,0
63,-172,2496,0,0,0,0
63,-171,2594,1,0,0.03855,0
63,-170,2910,1,0,0.03436,0
63,-169,2382,5,0,0.2099,0
63,-168,2538,0,0,0,0
63,-167,2990,2,2,0.06689,6.689
63,-166,2534,0,0,0,0
63,-165,2694,1,0,0.03712,0
63,-164,1730,0,0,0,0
63,-163,1568,0,0,0,0
63,-162,1442,0,0,0,0
63,-161,2216,1,0,0.04513,0
63,-160,4,0,0,0,0
63,-159,1874,0,0,0,0
63,-158,1024,0,0,0,0
63,-157,2748,3,0,0.1092,0
63,-155,1830,0,0,0,0
63,-154,594,0,0,0,0
63,-153,3578,2,0,0.0559,0
63,-151,1900,1,0,0.05263,0
63,-150,38,0,0,0,0
63,-149,4274,0,0,0,0
63,-148,396,0,0,0,0
63,-147,2806,1,0,0.03564,0
63,-146,10,0,0,0,0
63,-145,4030,0,0,0,0
63,-144,770,2,0,0.2597,0
63,-143,3726,0,0,0,0
63,-142,1462,0,0,0,0
63,-141,4718,1,0,0.0212,0
63,-140,208,0,0,0,0
63,-139,3424,0,0,0,0
63,-138,1396,0,0,0,0
63,-137,1118,0,0,0,0
63,-136,568,0,0,0,0
63,-135,1772,0,0,0,0
63,-134,1570,0,0,0,0
63,-133,768,0,0,0,0
63,-132,920,0,0,0,0
63,-131,1662,0,0,0,0
63,-130,1658,0,0,0,0
63,-129,268,0,0,0,0
63,-128,1388,0,0,0,0
63,-127,1174,0,0,0,0
63,-126,2422,0,0,0,0
63,-124,2158,0,0,0,0
63,-123,1126,0,0,0,0
63,-122,3734,0,0,0,0
63,-121,288,0,0,0,0
63,-120,3610,0,0,0,0
63,-119,512,0,0,0,0
63,-118,6078,0,0,0,0
63,-117,198,0,0,0,0
63,-116,3902,0,0,0,0
63,-114,3042,0,0,0,0
63,-113,186,0,0,0,0
63,-112,1790,1,0,0.05587,0
63,-111,76,0,0,0,0
63,-110,1798,0,0,0,0
63,-109,98,0,0,0,0
63,-108,634,0,0,0,0
63,-107,56,0,0,0,0
63,-106,594,0,0,0,0
63,-105,78,0,0,0,0
63,-104,422,0,0,0,0
63,-103,88,0,0,0,0
63,-102,402,0,0,0,0
63,-101,252,0,0,0,0
63,-100,380,0,0,0,0
63,-99,184,0,0,0,0
63,-98,402,0,0,0,0
63,-97,318,0,0,0,0
63,-96,2640,0,0,0,0
63,-95,958,1,0,0.1044,0
63,-94,4146,0,0,0,0
63,-93,3058,0,0,0,0
63,-92,3928,1,0,0.02546,0
63,-91,5156,0,0,0,0
63,-90,4756,0,0,0,0
63,-89,6522,1,0,0.01533,0
63,-88,3178,3,0,0.0944,0
63,-87,6598,3,1,0.04547,1.516
63,-86,2308,2,0,0.08666,0
63,-85,6206,6,0,0.09668,0
63,-84,1862,0,0,0,0
63,-83,4560,3,0,0.06579,0
63,-82,1924,3,0,0.1559,0
63,-81,4148,3,0,0.07232,0
63,-80,3030,24,0,0.7921,0
63,-79,3486,4,0,0.1147,0
63,-78,3698,11,0,0.2975,0
63,-77,2704,1,0,0.03698,0
63,-76,2272,2,0,0.08803,0
63,-75,5134,6,0,0.1169,0
63,-74,3134,1,0,0.03191,0
63,-73,2132,1,0,0.0469,0
63,-72,2938,0,0,0,0
63,-71,3009,0,0,0,0
63,-70,2632,3,0,0.114,0
63,-69,2881,4,0,0.1388,0
63,-68,4610,3,0,0.06508,0
63,-67,5100,1,0,0.01961,0
63,-66,3344,0,0,0,0
63,-65,3994,2,0,0.05008,0
63,-64,3290,2,0,0.06079,0
63,-63,3314,0,0,0,0
63,-62,3160,2,0,0.06329,0
63,-61,5384,0,0,0,0
63,-60,4892,5,0,0.1022,0
63,-59,6246,0,0,0,0
63,-58,3852,4,0,0.1038,0
63,-57,4552,0,0,0,0
63,-56,6154,2,0,0.0325,0
63,-55,5026,0,0,0,0
63,-54,8900,3,0,0.03371,0
63,-53,3660,1,0,0.02732,0
63,-52,8828,3,0,0.03398,0
63,-51,3174,0,0,0,0
63,-50,7526,0,0,0,0
63,-49,2520,3,0,0.119,0
63,-48,8126,7,0,0.08614,0
63,-47,2542,0,0,0,0
63,-46,7971,8,0,0.1004,0
63,-45,3098,0,0,0,0
63,-44,11078,3,0,0.02708,0
63,-43,1278,0,0,0,0
63,-42,11815,2,0,0.01693,0
63,-41,2660,0,0,0,0
63,-40,12086,3,0,0.02482,0
63,-39,3998,2,0,0.05003,0
63,-38,12544,5,0,0.03986,0
63,-37,5400,1,0,0.01852,0
63,-36,11750,1,0,0.008511,0
63,-35,5492,1,0,0.01821,0
63,-34,8174,3,0,0.0367,0
63,-33,3840,4,0,0.1042,0
63,-32,5280,6,1,0.1136,1.894
63,-31,4610,3,0,0.06508,0
63,-30,6260,4,1,0.0639,1.597
63,-29,3956,2,0,0.05056,0
63,-28,8218,10,1,0.1217,1.217
63,-27,5786,1,0,0.01728,0
63,-26,4804,4,1,0.08326,2.082
63,-25,8018,2,0,0.02494,0
63,-24,5468,2,0,0.03658,0
63,-23,8996,42,18,0.4669,20.01
63,-22,4904,6,0,0.1223,0
63,-21,11286,14,1,0.124,0.8861
63,-20,3604,16,0,0.444,0
63,-19,9540,7,0,0.07338,0
63,-18,6794,4,0,0.05888,0
63,-17,8854,9,1,0.1016,1.129
63,-16,7230,11,0,0.1521,0
63,-15,6758,5,0,0.07399,0
63,-14,4912,4,0,0.08143,0
63,-13,6528,11,0,0.1685,0
63,-12,3420,4,1,0.117,2.924
63,-11,9098,10,0,0.1099,0
63,-10,1192,3,0,0.2517,0
63,-9,10322,27,0,0.2616,0
63,-8,252,1,0,0.3968,0
63,-7,12292,23,0,0.1871,0
63,-6,2,0,0,0,0
63,-5,12462,38,4,0.3049,3.21
63,-3,12696,23,0,0.1812,0
63,-2,576,1,0,0.1736,0
63,-1,11528,40,4,0.347,3.47
63,0,888,2,0,0.2252,0
63,1,10794,32,2,0.2965,1.853
63,2,1626,0,0,0,0
63,3,10346,39,1,0.377,0.9666
63,4,2094,14,0,0.6686,0
63,5,9832,36,1,0.3662,1.017
63,6,2614,6,0,0.2295,0
63,7,8798,67,2,0.7615,2.273
63,8,4228,41,2,0.9697,4.73
63,9,7628,23,0,0.3015,0
63,10,4890,34,1,0.6953,2.045
63,11,6964,48,2,0.6893,2.872
63,12,6112,42,1,0.6872,1.636
63,13,5860,40,1,0.6826,1.706
63,14,6884,33,1,0.4794,1.453
63,15,4778,19,2,0.3977,4.186
63,16,8158,76,2,0.9316,2.452
63,17,4172,119,24,2.852,57.53
63,18,9158,141,7,1.54,7.644
63,19,2802,26,2,0.9279,7.138
63,20,10766,194,15,1.802,13.93
63,21,2456,72,25,2.932,101.8
63,22,11826,233,20,1.97,16.91
63,23,2104,7,0,0.3327,0
63,24,11456,71,4,0.6198,3.492
63,25,1346,0,0,0,0
63,26,12338,55,0,0.4458,0
63,27,614,4,0,0.6515,0
63,28,12936,82,1,0.6339,0.773
63,29,536,1,0,0.1866,0
63,30,10836,40,1,0.3691,0.9228
63,31,584,3,0,0.5137,0
63,32,8724,33,0,0.3783,0
63,33,722,0,0,0,0
63,34,6780,6,0,0.0885,0
63,35,410,4,0,0.9756,0
63,36,4752,3,1,0.06313,2.104
63,37,164,1,0,0.6098,0
63,38,1854,5,0,0.2697,0
63,39,290,0,0,0,0
63,40,418,5,2,1.196,47.85
63,41,1254,10,0,0.7974,0
63,42,414,0,0,0,0
63,43,1508,4,0,0.2653,0
63,44,786,5,0,0.6361,0
63,45,1938,6,0,0.3096,0
63,46,428,0,0,0,0
63,47,1614,3,0,0.1859,0
63,48,234,0,0,0,0
63,49,1590,5,0,0.3145,0
63,50,160,0,0,0,0
63,51,966,0,0,0,0
63,52,302,0,0,0,0
63,53,406,2,1,0.4926,24.63
63,54,66,0,0,0,0
63,55,386,0,0,0,0
63,56,172,0,0,0,0
63,57,498,0,0,0,0
63,58,28,0,0,0,0
63,59,348,1,0,0.2874,0
63,60,138,1,0,0.7246,0
63,61,502,0,0,0,0
63,62,16,0,0,0,0
63,63,374,1,0,0.2674,0
63,64,28,0,0,0,0
63,65,706,3,0,0.4249,0
63,66,554,0,0,0,0
63,67,830,0,0,0,0
63,68,772,0,0,0,0
63,69,1582,3,1,0.1896,6.321
63,70,914,0,0,0,0
63,71,1032,1,0,0.0969,0
63,72,730,0,0,0,0
63,73,794,2,0,0.2519,0
63,74,870,0,0,0,0
63,75,476,0,0,0,0
63,76,510,0,0,0,0
63,77,312,0,0,0,0
63,78,424,0,0,0,0
63,79,240,0,0,0,0
63,80,274,0,0,0,0
63,81,424,0,0,0,0
63,82,366,0,0,0,0
63,83,422,0,0,0,0
63,84,394,0,0,0,0
63,85,370,0,0,0,0
63,86,396,0,0,0,0
63,87,338,2,0,0.5917,0
63,88,482,0,0,0,0
63,89,144,5,2,3.472,138.9
63,90,642,5,0,0.7788,0
63,91,226,2,0,0.885,0
63,92,368,9,2,2.446,54.35
63,93,164,5,0,3.049,0
63,94,364,11,0,3.022,0
63,96,268,6,0,2.239,0
63,97,84,0,0,0,0
63,98,488,0,0,0,0
63,99,2,0,0,0,0
63,100,314,7,2,2.229,63.69
63,101,14,0,0,0,0
63,102,562,4,0,0.7117,0
63,103,2,0,0,0,0
63,104,270,0,0,0,0
63,106,544,2,0,0.3676,0
63,107,46,0,0,0,0
63,108,316,3,0,0.9494,0
63,109,2,0,0,0,0
63,110,422,1,0,0.237,0
63,111,196,1,0,0.5102,0
63,112,300,0,0,0,0
63,114,362,2,0,0.5525,0
63,115,142,1,0,0.7042,0
63,116,210,0,0,0,0
63,118,212,1,0,0.4717,0
63,119,258,0,0,0,0
63,120,164,0,0,0,0
63,121,164,0,0,0,0
63,122,190,0,0,0,0
63,123,332,2,0,0.6024,0
63,124,88,0,0,0,0
63,125,176,0,0,0,0
63,126,190,1,0,0.5263,0
63,127,320,1,0,0.3125,0
63,129,246,2,0,0.813,0
63,130,116,0,0,0,0
63,131,384,4,1,1.042,26.04
63,133,254,0,0,0,0
63,134,14,0,0,0,0
63,135,512,6,1,1.172,19.53
63,137,264,0,0,0,0
63,138,6,0,0,0,0
63,139,1136,1,0,0.08803,0
63,140,442,0,0,0,0
63,141,2088,0,0,0,0
63,142,434,0,0,0,0
63,143,3216,1,0,0.03109,0
63,144,324,0,0,0,0
63,145,3092,0,0,0,0
63,146,850,0,0,0,0
63,147,3188,1,0,0.03137,0
63,148,1392,0,0,0,0
63,149,3568,4,0,0.1121,0
63,150,1136,0,0,0,0
63,151,2976,1,0,0.0336,0
63,152,2748,1,0,0.03639,0
63,153,3224,0,0,0,0
63,154,908,0,0,0,0
63,155,2926,3,0,0.1025,0
63,156,3178,2,0,0.06293,0
63,157,1429,1,0,0.06998,0
63,158,1500,0,0,0,0
63,159,2741,2,0,0.07297,0
63,160,2138,2,0,0.09355,0
63,161,480,0,0,0,0
63,162,3446,5,0,0.1451,0
63,163,1710,1,0,0.05848,0
63,164,4048,0,0,0,0
63,165,1084,0,0,0,0
63,166,3958,4,1,0.1011,2.527
63,167,766,0,0,0,0
63,168,4494,1,0,0.02225,0
63,169,570,0,0,0,0
63,170,4788,6,0,0.1253,0
63,171,338,0,0,0,0
63,172,4324,6,0,0.1388,0
63,174,4174,2,0,0.04792,0
63,175,242,0,0,0,0
63,176,4158,5,1,0.1203,2.405
63,177,282,1,0,0.3546,0
63,178,3830,0,0,0,0
63,179,60,0,0,0,0
64,-180,3156,0,0,0,0
64,-179,1444,1,0,0.06925,0
64,-178,1998,1,0,0.05005,0
64,-177,2108,0,0,0,0
64,-176,1458,0,0,0,0
64,-175,2666,0,0,0,0
64,-174,1244,0,0,0,0
64,-173,3996,2,0,0.05005,0
64,-172,762,0,0,0,0
64,-171,4216,0,0,0,0
64,-170,1048,1,0,0.09542,0
64,-169,4488,1,0,0.02228,0
64,-168,572,0,0,0,0
64,-167,4808,5,1,0.104,2.08
64,-166,742,0,0,0,0
64,-165,4640,3,0,0.06466,0
64,-164,520,0,0,0,0
64,-163,3002,0,0,0,0
64,-162,636,2,0,0.3145,0
64,-161,3336,8,0,0.2398,0
64,-160,378,0,0,0,0
64,-159,1674,6,0,0.3584,0
64,-158,462,0,0,0,0
64,-157,2928,7,0,0.2391,0
64,-156,966,0,0,0,0
64,-155,1626,0,0,0,0
64,-154,330,0,0,0,0
64,-153,2292,0,0,0,0
64,-152,1180,2,0,0.1695,0
64,-151,1386,0,0,0,0
64,-150,678,0,0,0,0
64,-149,2836,0,0,0,0
64,-148,1610,0,0,0,0
64,-147,2248,0,0,0,0
64,-146,1316,0,0,0,0
64,-145,2244,0,0,0,0
64,-144,1966,0,0,0,0
64,-143,2236,2,0,0.08945,0
64,-142,3346,0,0,0,0
64,-141,2858,0,0,0,0
64,-140,1944,0,0,0,0
64,-139,3706,0,0,0,0
64,-138,836,0,0,0,0
64,-137,1662,0,0,0,0
64,-135,3264,0,0,0,0
64,-134,48,0,0,0,0
64,-133,1662,0,0,0,0
64,-131,2968,0,0,0,0
64,-130,350,0,0,0,0
64,-129,1908,0,0,0,0
64,-128,1008,0,0,0,0
64,-127,4036,0,0,0,0
64,-126,984,0,0,0,0
64,-125,2966,0,0,0,0
64,-124,2938,0,0,0,0
64,-123,4670,0,0,0,0
64,-122,3826,1,0,0.02614,0
64,-121,6178,0,0,0,0
64,-120,3124,0,0,0,0
64,-119,6076,2,0,0.03292,0
64,-118,3458,0,0,0,0
64,-117,4950,3,0,0.06061,0
64,-116,2204,0,0,0,0
64,-115,3342,0,0,0,0
64,-114,2192,0,0,0,0
64,-113,628,0,0,0,0
64,-112,1636,0,0,0,0
64,-111,1228,0,0,0,0
64,-110,1068,0,0,0,0
64,-109,236,0,0,0,0
64,-108,934,0,0,0,0
64,-107,178,0,0,0,0
64,-106,894,0,0,0,0
64,-104,510,0,0,0,0
64,-103,62,0,0,0,0
64,-102,646,0,0,0,0
64,-100,656,0,0,0,0
64,-98,742,0,0,0,0
64,-96,1482,0,0,0,0
64,-95,1046,1,0,0.0956,0
64,-94,3186,1,0,0.03139,0
64,-93,1988,4,0,0.2012,0
64,-92,5050,0,0,0,0
64,-91,3332,1,0,0.03001,0
64,-90,5474,1,0,0.01827,0
64,-89,4852,2,0,0.04122,0
64,-88,7172,2,0,0.02789,0
64,-87,3018,0,0,0,0
64,-86,6486,3,0,0.04625,0
64,-85,2674,2,0,0.07479,0
64,-84,5410,5,0,0.09242,0
64,-83,1102,0,0,0,0
64,-82,4246,2,0,0.0471,0
64,-81,2990,3,0,0.1003,0
64,-80,3860,11,0,0.285,0
64,-79,2708,0,0,0,0
64,-78,5270,5,0,0.09488,0
64,-77,928,4,0,0.431,0
64,-76,4330,2,0,0.04619,0
64,-75,2256,0,0,0,0
64,-74,4728,3,0,0.06345,0
64,-73,1876,2,0,0.1066,0
64,-72,4391,4,0,0.0911,0
64,-71,1774,0,0,0,0
64,-70,3066,2,0,0.06523,0
64,-69,2505,0,0,0,0
64,-68,5762,0,0,0,0
64,-67,3412,4,0,0.1172,0
64,-66,4794,0,0,0,0
64,-65,3730,2,0,0.05362,0
64,-64,5032,0,0,0,0
64,-63,2556,0,0,0,0
64,-62,5438,1,0,0.01839,0
64,-61,4158,0,0,0,0
64,-60,5558,3,0,0.05398,0
64,-59,6136,0,0,0,0
64,-58,4838,5,0,0.1033,0
64,-57,5658,3,0,0.05302,0
64,-56,8000,3,1,0.0375,1.25
64,-55,4998,1,0,0.02001,0
64,-54,9582,1,0,0.01044,0
64,-53,3004,0,0,0,0
64,-52,8546,1,0,0.0117,0
64,-51,3898,0,0,0,0
64,-50,7072,6,0,0.08484,0
64,-49,2388,0,0,0,0
64,-48,6032,5,0,0.08289,0
64,-47,4790,3,1,0.06263,2.088
64,-46,4268,4,0,0.09372,0
64,-45,4512,1,0,0.02216,0
64,-44,6348,4,0,0.06301,0
64,-43,7421,2,0,0.02695,0
64,-42,5672,4,0,0.07052,0
64,-41,8732,2,0,0.0229,0
64,-40,5863,1,0,0.01706,0
64,-39,10675,4,0,0.03747,0
64,-38,4784,3,0,0.06271,0
64,-37,9749,5,0,0.05129,0
64,-36,5635,2,0,0.03549,0
64,-35,10208,4,1,0.03918,0.9796
64,-34,6166,5,0,0.08109,0
64,-33,6800,3,0,0.04412,0
64,-32,10654,13,1,0.122,0.9386
64,-31,6226,2,0,0.03212,0
64,-30,7436,5,1,0.06724,1.345
64,-29,7220,7,0,0.09695,0
64,-28,8664,8,0,0.09234,0
64,-27,8570,6,0,0.07001,0
64,-26,5133,0,0,0,0
64,-25,10363,4,0,0.0386,0
64,-24,6498,15,0,0.2308,0
64,-23,9564,9,2,0.0941,2.091
64,-22,8086,14,0,0.1731,0
64,-21,7654,5,0,0.06533,0
64,-20,8042,13,0,0.1617,0
64,-19,6574,7,0,0.1065,0
64,-18,5860,12,2,0.2048,3.413
64,-17,9634,7,0,0.07266,0
64,-16,6905,9,1,0.1303,1.448
64,-15,5400,2,0,0.03704,0
64,-14,7222,9,0,0.1246,0
64,-13,3032,3,0,0.09894,0
64,-12,8188,6,0,0.07328,0
64,-11,3180,6,0,0.1887,0
64,-10,9394,9,0,0.09581,0
64,-9,2556,1,0,0.03912,0
64,-8,10016,8,0,0.07987,0
64,-7,3934,4,0,0.1017,0
64,-6,7920,6,1,0.07576,1.263
64,-5,7244,10,0,0.138,0
64,-4,6970,15,0,0.2152,0
64,-3,5668,9,0,0.1588,0
64,-2,5782,11,3,0.1902,5.189
64,-1,5716,14,2,0.2449,3.499
64,0,5618,14,1,0.2492,1.78
64,1,6188,39,5,0.6303,8.08
64,2,6020,4,0,0.06645,0
64,3,6384,23,0,0.3603,0
64,4,6600,26,1,0.3939,1.515
64,5,6342,23,4,0.3627,6.307
64,6,5822,36,1,0.6183,1.718
64,7,6550,30,3,0.458,4.58
64,8,6172,9,1,0.1458,1.62
64,9,6276,13,0,0.2071,0
64,10,6216,6,0,0.09653,0
64,11,6562,20,1,0.3048,1.524
64,12,6180,9,0,0.1456,0
64,13,6324,26,2,0.4111,3.163
64,14,6338,20,3,0.3156,4.733
64,15,6602,51,2,0.7725,3.029
64,16,6442,34,0,0.5278,0
64,17,6456,45,1,0.697,1.549
64,18,7016,87,1,1.24,1.425
64,19,6862,212,57,3.089,83.07
64,20,6458,436,128,6.751,198.2
64,21,6282,279,45,4.441,71.63
64,22,6880,341,53,4.956,77.03
64,23,5776,94,7,1.627,12.12
64,24,7398,23,1,0.3109,1.352
64,25,5826,54,1,0.9269,1.716
64,26,7078,10,1,0.1413,1.413
64,27,5886,14,0,0.2379,0
64,28,6868,21,0,0.3058,0
64,29,5104,16,1,0.3135,1.959
64,30,7474,10,0,0.1338,0
64,31,3590,10,0,0.2786,0
64,32,7554,8,0,0.1059,0
64,33,3226,12,0,0.372,0
64,34,7686,11,0,0.1431,0
64,35,3957,12,0,0.3033,0
64,36,5930,7,0,0.118,0
64,37,5207,9,0,0.1728,0
64,38,4500,6,0,0.1333,0
64,39,4821,10,0,0.2074,0
64,40,3272,8,0,0.2445,0
64,41,4742,14,0,0.2952,0
64,42,3966,7,0,0.1765,0
64,43,4188,3,0,0.07163,0
64,44,3236,9,1,0.2781,3.09
64,45,4632,6,1,0.1295,2.159
64,46,2104,7,0,0.3327,0
64,47,3941,6,0,0.1522,0
64,48,922,0,0,0,0
64,49,3464,2,0,0.05774,0
64,50,610,1,0,0.1639,0
64,51,1116,1,0,0.08961,0
64,52,508,2,0,0.3937,0
64,53,648,2,0,0.3086,0
64,54,88,1,1,1.136,113.6
64,55,366,2,1,0.5464,27.32
64,56,78,0,0,0,0
64,57,538,1,0,0.1859,0
64,58,140,0,0,0,0
64,59,352,0,0,0,0
64,60,58,0,0,0,0
64,61,408,1,1,0.2451,24.51
64,62,230,1,0,0.4348,0
64,63,1686,3,0,0.1779,0
64,64,1342,0,0,0,0
64,65,2139,5,0,0.2338,0
64,66,2698,3,0,0.1112,0
64,67,1942,3,0,0.1545,0
64,68,3389,2,0,0.05901,0
64,69,1706,0,0,0,0
64,70,4744,4,1,0.08432,2.108
64,71,1034,1,0,0.09671,0
64,72,4330,1,0,0.02309,0
64,73,706,0,0,0,0
64,74,3128,2,0,0.06394,0
64,75,278,0,0,0,0
64,76,1510,0,0,0,0
64,77,76,0,0,0,0
64,78,840,1,0,0.119,0
64,80,540,1,0,0.1852,0
64,81,34,0,0,0,0
64,82,760,0,0,0,0
64,83,74,0,0,0,0
64,84,778,1,0,0.1285,0
64,85,10,0,0,0,0
64,86,758,0,0,0,0
64,87,12,0,0,0,0
64,88,821,2,0,0.2436,0
64,90,794,4,0,0.5038,0
64,92,594,7,0,1.178,0
64,94,442,5,1,1.131,22.62
64,95,146,0,0,0,0
64,96,382,0,0,0,0
64,97,2,0,0,0,0
64,98,484,8,2,1.653,41.32
64,99,200,0,0,0,0
64,100,228,0,0,0,0
64,101,78,0,0,0,0
64,102,386,1,0,0.2591,0
64,103,256,1,0,0.3906,0
64,104,172,1,0,0.5814,0
64,105,100,0,0,0,0
64,106,178,3,0,1.685,0
64,107,408,0,0,0,0
64,108,98,0,0,0,0
64,109,220,1,0,0.4545,0
64,110,130,0,0,0,0
64,111,482,1,0,0.2075,0
64,112,4,1,0,25,0
64,113,296,0,0,0,0
64,114,100,2,0,2,0
64,115,406,0,0,0,0
64,117,280,0,0,0,0
64,118,4,0,0,0,0
64,119,464,2,0,0.431,0
64,121,258,0,0,0,0
64,123,522,0,0,0,0
64,125,264,0,0,0,0
64,127,444,3,0,0.6757,0
64,128,66,0,0,0,0
64,129,246,0,0,0,0
64,130,2,0,0,0,0
64,131,430,9,0,2.093,0
64,132,78,0,0,0,0
64,133,248,2,0,0.8065,0
64,134,6,0,0,0,0
64,135,334,3,0,0.8982,0
64,136,184,0,0,0,0
64,137,248,0,0,0,0
64,138,16,0,0,0,0
64,139,1460,4,1,0.274,6.849
64,140,200,0,0,0,0
64,141,2228,0,0,0,0
64,142,798,0,0,0,0
64,143,1602,0,0,0,0
64,144,1536,1,0,0.0651,0
64,145,2760,1,0,0.03623,0
64,146,664,0,0,0,0
64,147,2340,0,0,0,0
64,148,2024,3,0,0.1482,0
64,149,3220,0,0,0,0
64,150,1628,1,0,0.06143,0
64,151,2218,2,0,0.09017,0
64,152,3278,3,0,0.09152,0
64,153,1829,1,0,0.05467,0
64,154,2172,3,0,0.1381,0
64,155,1933,0,0,0,0
64,156,1676,4,0,0.2387,0
64,157,1090,0,0,0,0
64,158,318,0,0,0,0
64,159,1525,0,0,0,0
64,160,662,0,0,0,0
64,162,336,0,0,0,0
64,163,258,0,0,0,0
64,164,1816,0,0,0,0
64,165,1686,1,0,0.05931,0
64,166,3182,0,0,0,0
64,167,1144,0,0,0,0
64,168,2618,0,0,0,0
64,169,3104,0,0,0,0
64,170,3104,0,0,0,0
64,171,850,0,0,0,0
64,172,2744,0,0,0,0
64,173,3090,2,1,0.06472,3.236
64,174,2464,1,0,0.04058,0
64,175,676,0,0,0,0
64,176,2458,1,0,0.04068,0
64,177,3066,11,0,0.3588,0
64,178,1260,0,0,0,0
64,179,1874,0,0,0,0
65,-180,496,0,0,0,0
65,-179,3116,0,0,0,0
65,-178,1570,0,0,0,0
65,-177,1572,0,0,0,0
65,-176,2042,0,0,0,0
65,-175,1776,0,0,0,0
65,-174,1712,1,0,0.05841,0
65,-173,2304,2,0,0.08681,0
65,-172,2260,3,0,0.1327,0
65,-171,2786,2,0,0.07179,0
65,-170,2062,0,0,0,0
65,-169,3736,2,0,0.05353,0
65,-168,1480,1,0,0.06757,0
65,-167,2872,0,0,0,0
65,-166,2802,2,0,0.07138,0
65,-165,2722,0,0,0,0
65,-164,2918,4,0,0.1371,0
65,-163,1902,2,0,0.1052,0
65,-162,1976,2,0,0.1012,0
65,-161,804,2,0,0.2488,0
65,-160,3070,6,0,0.1954,0
65,-159,272,1,0,0.3676,0
65,-158,1990,5,0,0.2513,0
65,-157,532,1,0,0.188,0
65,-156,2900,1,0,0.03448,0
65,-155,30,0,0,0,0
65,-154,2070,0,0,0,0
65,-153,294,0,0,0,0
65,-152,3066,0,0,0,0
65,-151,44,0,0,0,0
65,-150,3134,0,0,0,0
65,-149,196,0,0,0,0
65,-148,4382,0,0,0,0
65,-147,36,0,0,0,0
65,-146,3042,0,0,0,0
65,-145,168,0,0,0,0
65,-144,4292,0,0,0,0
65,-143,496,0,0,0,0
65,-142,4468,2,0,0.04476,0
65,-141,464,0,0,0,0
65,-140,5384,2,0,0.03715,0
65,-139,1118,0,0,0,0
65,-138,2494,0,0,0,0
65,-137,824,0,0,0,0
65,-136,2066,0,0,0,0
65,-135,1514,0,0,0,0
65,-134,506,0,0,0,0
65,-133,1156,0,0,0,0
65,-132,1212,0,0,0,0
65,-131,2300,0,0,0,0
65,-130,194,0,0,0,0
65,-129,1462,0,0,0,0
65,-128,2010,0,0,0,0
65,-127,3908,0,0,0,0
65,-126,496,0,0,0,0
65,-125,3940,0,0,0,0
65,-124,1900,0,0,0,0
65,-123,6266,0,0,0,0
65,-122,3232,0,0,0,0
65,-121,7536,2,0,0.02654,0
65,-120,2914,2,0,0.06863,0
65,-119,8200,2,0,0.02439,0
65,-118,1370,0,0,0,0
65,-117,6938,0,0,0,0
65,-116,986,0,0,0,0
65,-115,4876,0,0,0,0
65,-114,1148,0,0,0,0
65,-113,2642,0,0,0,0
65,-112,184,0,0,0,0
65,-111,2448,0,0,0,0
65,-110,308,0,0,0,0
65,-109,1170,0,0,0,0
65,-108,136,0,0,0,0
65,-107,930,0,0,0,0
65,-106,390,0,0,0,0
65,-105,484,0,0,0,0
65,-104,106,0,0,0,0
65,-103,414,0,0,0,0
65,-102,252,0,0,0,0
65,-101,380,0,0,0,0
65,-100,194,0,0,0,0
65,-99,336,0,0,0,0
65,-98,368,0,0,0,0
65,-97,192,0,0,0,0
65,-96,336,0,0,0,0
65,-95,2480,0,0,0,0
65,-94,1844,0,0,0,0
65,-93,3280,0,0,0,0
65,-92,3984,0,0,0,0
65,-91,3230,0,0,0,0
65,-90,5786,6,0,0.1037,0
65,-89,3744,1,0,0.02671,0
65,-88,7080,2,0,0.02825,0
65,-87,3568,2,0,0.05605,0
65,-86,5934,2,0,0.0337,0
65,-85,3082,0,0,0,0
65,-84,4946,1,0,0.02022,0
65,-83,2484,0,0,0,0
65,-82,3696,0,0,0,0
65,-81,3518,4,0,0.1137,0
65,-80,2202,0,0,0,0
65,-79,4920,7,0,0.1423,0
65,-78,1648,0,0,0,0
65,-77,4230,1,0,0.02364,0
65,-76,2128,2,0,0.09398,0
65,-75,3688,0,0,0,0
65,-74,2668,0,0,0,0
65,-73,4904,0,0,0,0
65,-72,986,0,0,0,0
65,-71,4358,0,0,0,0
65,-70,2438,0,0,0,0
65,-69,3278,0,0,0,0
65,-68,3296,1,0,0.03034,0
65,-67,4558,0,0,0,0
65,-66,4842,0,0,0,0
65,-65,4926,1,0,0.0203,0
65,-64,3398,0,0,0,0
65,-63,4838,0,0,0,0
65,-62,4774,0,0,0,0
65,-61,4673,1,0,0.0214,0
65,-60,6818,2,0,0.02933,0
65,-59,5312,10,0,0.1883,0
65,-58,6812,1,0,0.01468,0
65,-57,4538,0,0,0,0
65,-56,6165,0,0,0,0
65,-55,8576,1,0,0.01166,0
65,-54,4084,0,0,0,0
65,-53,9408,3,0,0.03189,0
65,-52,3414,0,0,0,0
65,-51,7340,3,0,0.04087,0
65,-50,2494,0,0,0,0
65,-49,5554,0,0,0,0
65,-48,1424,0,0,0,0
65,-47,6044,6,1,0.09927,1.655
65,-46,1552,1,0,0.06443,0
65,-45,7506,14,2,0.1865,2.665
65,-44,2955,0,0,0,0
65,-43,9444,6,2,0.06353,2.118
65,-42,3415,1,0,0.02928,0
65,-41,10411,3,0,0.02882,0
65,-40,4669,0,0,0,0
65,-39,11557,6,0,0.05192,0
65,-38,5544,0,0,0,0
65,-37,10106,2,0,0.01979,0
65,-36,6060,2,0,0.033,0
65,-35,9104,5,0,0.05492,0
65,-34,5808,5,0,0.08609,0
65,-33,8106,3,0,0.03701,0
65,-32,7100,4,0,0.05634,0
65,-31,7994,3,1,0.03753,1.251
65,-30,7032,0,0,0,0
65,-29,8760,9,0,0.1027,0
65,-28,6286,2,0,0.03182,0
65,-27,7072,7,0,0.09898,0
65,-26,9408,4,0,0.04252,0
65,-25,4408,7,0,0.1588,0
65,-24,11224,10,1,0.08909,0.8909
65,-23,6172,4,0,0.06481,0
65,-22,11534,21,0,0.1821,0
65,-21,4018,2,0,0.04978,0
65,-20,12118,36,8,0.2971,6.602
65,-19,2556,0,0,0,0
65,-18,10502,9,0,0.0857,0
65,-17,5190,0,0,0,0
65,-16,9246,8,1,0.08652,1.082
65,-15,6276,18,2,0.2868,3.187
65,-14,6016,8,0,0.133,0
65,-13,6234,5,0,0.08021,0
65,-12,5262,2,0,0.03801,0
65,-11,7046,8,0,0.1135,0
65,-10,7857,10,0,0.1273,0
65,-9,7672,7,0,0.09124,0
65,-8,8962,20,2,0.2232,2.232
65,-7,5228,10,1,0.1913,1.913
65,-6,6880,12,0,0.1744,0
65,-5,3608,3,0,0.08315,0
65,-4,4948,6,2,0.1213,4.042
65,-3,1212,0,0,0,0
65,-2,5374,31,0,0.5769,0
65,-1,2,0,0,0,0
65,0,7806,19,2,0.2434,2.562
65,1,322,2,0,0.6211,0
65,2,10384,30,3,0.2889,2.889
65,3,424,2,0,0.4717,0
65,4,11160,22,1,0.1971,0.8961
65,5,1564,9,1,0.5754,6.394
65,6,10774,20,3,0.1856,2.784
65,7,1800,4,0,0.2222,0
65,8,9026,43,0,0.4764,0
65,9,3752,8,0,0.2132,0
65,10,7864,20,2,0.2543,2.543
65,11,4902,18,1,0.3672,2.04
65,12,5954,38,2,0.6382,3.359
65,13,6608,21,1,0.3178,1.513
65,14,5138,42,1,0.8174,1.946
65,15,7994,51,0,0.638,0
65,16,3346,7,1,0.2092,2.989
65,17,9496,45,0,0.4739,0
65,18,2072,10,0,0.4826,0
65,19,11112,61,1,0.549,0.8999
65,20,1978,17,2,0.8595,10.11
65,21,11496,346,32,3.01,27.84
65,22,1436,17,4,1.184,27.86
65,23,12336,472,83,3.826,67.28
65,24,1366,17,1,1.245,7.321
65,25,12338,84,4,0.6808,3.242
65,26,912,3,0,0.3289,0
65,27,12414,19,0,0.1531,0
65,28,610,2,0,0.3279,0
65,29,13330,23,2,0.1725,1.5
65,30,1370,5,0,0.365,0
65,31,10782,33,1,0.3061,0.9275
65,32,2970,19,0,0.6397,0
65,33,9512,23,0,0.2418,0
65,34,3832,2,0,0.05219,0
65,35,7418,2,0,0.02696,0
65,36,3820,2,0,0.05236,0
65,37,5488,4,0,0.07289,0
65,38,5522,14,0,0.2535,0
65,39,3064,7,2,0.2285,6.527
65,40,6246,10,0,0.1601,0
65,41,2554,9,1,0.3524,3.915
65,42,5229,9,0,0.1721,0
65,43,3331,9,2,0.2702,6.004
65,44,6424,13,0,0.2024,0
65,45,1668,0,0,0,0
65,46,7053,11,1,0.156,1.418
65,47,536,2,0,0.3731,0
65,48,4414,5,1,0.1133,2.266
65,49,284,0,0,0,0
65,50,3277,5,0,0.1526,0
65,51,186,0,0,0,0
65,52,1268,0,0,0,0
65,53,210,0,0,0,0
65,54,492,1,0,0.2033,0
65,55,124,2,1,1.613,80.65
65,56,338,1,0,0.2959,0
65,57,100,1,0,1,0
65,58,564,0,0,0,0
65,59,50,0,0,0,0
65,60,338,0,0,0,0
65,61,246,0,0,0,0
65,62,440,2,1,0.4545,22.73
65,63,1406,0,0,0,0
65,64,200,1,0,0.5,0
65,65,2696,3,0,0.1113,0
65,66,1306,0,0,0,0
65,67,2978,2,0,0.06716,0
65,68,2984,5,0,0.1676,0
65,69,3245,0,0,0,0
65,70,3232,0,0,0,0
65,71,3660,3,0,0.08197,0
65,72,2118,0,0,0,0
65,73,2770,0,0,0,0
65,74,1538,0,0,0,0
65,75,2192,0,0,0,0
65,76,850,0,0,0,0
65,77,980,1,0,0.102,0
65,78,526,0,0,0,0
65,79,464,0,0,0,0
65,80,468,0,0,0,0
65,81,160,0,0,0,0
65,82,658,0,0,0,0
65,83,198,0,0,0,0
65,84,666,0,0,0,0
65,85,304,0,0,0,0
65,86,386,4,0,1.036,0
65,87,390,0,0,0,0
65,88,370,0,0,0,0
65,89,462,0,0,0,0
65,90,234,2,0,0.8547,0
65,91,552,2,0,0.3623,0
65,92,206,2,0,0.9709,0
65,93,388,4,0,1.031,0
65,94,104,0,0,0,0
65,95,426,2,0,0.4695,0
65,97,276,0,0,0,0
65,98,80,0,0,0,0
65,99,586,0,0,0,0
65,101,320,0,0,0,0
65,102,14,0,0,0,0
65,103,578,0,0,0,0
65,105,270,0,0,0,0
65,107,576,1,0,0.1736,0
65,109,406,0,0,0,0
65,111,610,1,1,0.1639,16.39
65,112,10,0,0,0,0
65,113,310,0,0,0,0
65,115,440,0,0,0,0
65,116,70,0,0,0,0
65,117,140,0,0,0,0
65,118,70,0,0,0,0
65,119,374,1,0,0.2674,0
65,120,94,0,0,0,0
65,121,166,0,0,0,0
65,122,92,0,0,0,0
65,123,236,0,0,0,0
65,124,286,0,0,0,0
65,125,122,0,0,0,0
65,126,148,0,0,0,0
65,127,172,0,0,0,0
65,128,418,5,0,1.196,0
65,129,42,0,0,0,0
65,130,214,0,0,0,0
65,131,80,3,0,3.75,0
65,132,430,3,0,0.6977,0
65,133,18,0,0,0,0
65,134,234,4,0,1.709,0
65,135,6,0,0,0,0
65,136,1008,7,1,0.6944,9.921
65,138,1786,5,0,0.28,0
65,139,287,0,0,0,0
65,140,2218,2,0,0.09017,0
65,141,372,0,0,0,0
65,142,2014,0,0,0,0
65,144,2754,0,0,0,0
65,145,784,0,0,0,0
65,146,2318,3,0,0.1294,0
65,147,288,0,0,0,0
65,148,4893,1,0,0.02044,0
65,149,928,2,0,0.2155,0
65,150,2282,0,0,0,0
65,151,664,0,0,0,0
65,152,3326,5,0,0.1503,0
65,153,322,0,0,0,0
65,154,346,0,0,0,0
65,155,8,0,0,0,0
65,156,476,0,0,0,0
65,157,212,0,0,0,0
65,158,218,0,0,0,0
65,159,100,0,0,0,0
65,160,224,0,0,0,0
65,161,430,0,0,0,0
65,162,120,0,0,0,0
65,163,216,0,0,0,0
65,164,224,0,0,0,0
65,165,1882,0,0,0,0
65,166,110,0,0,0,0
65,167,2053,0,0,0,0
65,168,120,0,0,0,0
65,169,5553,1,0,0.01801,0
65,171,3602,0,0,0,0
65,172,286,0,0,0,0
65,173,6350,2,0,0.0315,0
65,174,16,0,0,0,0
65,175,3062,1,0,0.03266,0
65,177,5176,3,0,0.05796,0
65,178,34,0,0,0,0
65,179,2490,0,0,0,0
66,-180,1206,1,0,0.08292,0
66,-179,1554,0,0,0,0
66,-178,2380,0,0,0,0
66,-177,1658,1,0,0.06031,0
66,-176,2864,3,0,0.1047,0
66,-175,1738,0,0,0,0
66,-174,2832,3,0,0.1059,0
66,-173,1196,0,0,0,0
66,-172,3578,3,0,0.08385,0
66,-171,1470,1,0,0.06803,0
66,-170,3912,0,0,0,0
66,-169,1070,0,0,0,0
66,-168,4742,4,0,0.08435,0
66,-167,910,0,0,0,0
66,-166,4700,1,0,0.02128,0
66,-165,616,0,0,0,0
66,-164,4898,2,0,0.04083,0
66,-163,848,2,2,0.2358,23.58
66,-162,3222,2,2,0.06207,6.207
66,-161,326,0,0,0,0
66,-160,3264,2,0,0.06127,0
66,-159,662,0,0,0,0
66,-158,1704,2,0,0.1174,0
66,-157,216,0,0,0,0
66,-156,2968,1,0,0.03369,0
66,-155,632,0,0,0,0
66,-154,1680,0,0,0,0
66,-153,100,0,0,0,0
66,-152,2442,0,0,0,0
66,-151,1214,1,0,0.08237,0
66,-150,2434,1,0,0.04108,0
66,-149,278,0,0,0,0
66,-148,2884,0,0,0,0
66,-147,1776,0,0,0,0
66,-146,2366,0,0,0,0
66,-145,538,0,0,0,0
66,-144,2618,1,0,0.0382,0
66,-143,2154,0,0,0,0
66,-142,2302,0,0,0,0
66,-141,2774,0,0,0,0
66,-140,4252,2,0,0.04704,0
66,-139,2233,0,0,0,0
66,-138,2212,0,0,0,0
66,-137,1098,0,0,0,0
66,-136,3314,2,0,0.06035,0
66,-134,1662,0,0,0,0
66,-132,3396,0,0,0,0
66,-130,1656,0,0,0,0
66,-128,4304,0,0,0,0
66,-127,1268,1,0,0.07886,0
66,-126,2982,0,0,0,0
66,-125,1096,0,0,0,0
66,-124,5320,0,0,0,0
66,-123,3094,0,0,0,0
66,-122,5004,0,0,0,0
66,-121,3856,0,0,0,0
66,-120,7600,0,0,0,0
66,-119,3716,0,0,0,0
66,-118,5342,0,0,0,0
66,-117,2970,0,0,0,0
66,-116,5210,0,0,0,0
66,-115,2934,0,0,0,0
66,-114,2542,0,0,0,0
66,-113,2384,1,0,0.04195,0
66,-112,770,0,0,0,0
66,-111,1756,0,0,0,0
66,-110,500,0,0,0,0
66,-109,1020,0,0,0,0
66,-108,248,0,0,0,0
66,-107,984,0,0,0,0
66,-106,160,0,0,0,0
66,-105,992,0,0,0,0
66,-103,676,0,0,0,0
66,-101,576,0,0,0,0
66,-99,708,0,0,0,0
66,-97,528,0,0,0,0
66,-95,2872,0,0,0,0
66,-94,102,0,0,0,0
66,-93,4192,3,0,0.07156,0
66,-92,842,1,0,0.1188,0
66,-91,6458,0,0,0,0
66,-90,1756,0,0,0,0
66,-89,7036,1,0,0.01421,0
66,-88,1776,0,0,0,0
66,-87,8716,2,0,0.02295,0
66,-86,1210,0,0,0,0
66,-85,7962,8,0,0.1005,0
66,-84,1332,0,0,0,0
66,-83,7082,0,0,0,0
66,-82,638,0,0,0,0
66,-81,4684,0,0,0,0
66,-80,2642,0,0,0,0
66,-79,4172,0,0,0,0
66,-78,2480,4,0,0.1613,0
66,-77,5116,19,0,0.3714,0
66,-76,1018,5,0,0.4912,0
66,-75,4626,1,0,0.02162,0
66,-74,2246,0,0,0,0
66,-73,4308,1,0,0.02321,0
66,-72,2526,0,0,0,0
66,-71,3372,4,0,0.1186,0
66,-70,2974,0,0,0,0
66,-69,3940,2,0,0.05076,0
66,-68,2174,0,0,0,0
66,-67,5034,6,0,0.1192,0
66,-66,5418,1,0,0.01846,0
66,-65,4486,0,0,0,0
66,-64,3622,0,0,0,0
66,-63,6046,1,0,0.01654,0
66,-62,4400,0,0,0,0
66,-61,6364,1,0,0.01571,0
66,-60,5392,1,0,0.01855,0
66,-59,4760,1,0,0.02101,0
66,-58,6830,0,0,0,0
66,-57,6674,1,0,0.01498,0
66,-56,4950,0,0,0,0
66,-55,7702,0,0,0,0
66,-54,4770,0,0,0,0
66,-53,7588,0,0,0,0
66,-52,5732,1,0,0.01745,0
66,-51,5988,0,0,0,0
66,-50,3402,2,0,0.05879,0
66,-49,5282,2,0,0.03786,0
66,-48,2517,0,0,0,0
66,-47,4588,9,2,0.1962,4.359
66,-46,2168,0,0,0,0
66,-45,5561,7,0,0.1259,0
66,-44,4417,5,1,0.1132,2.264
66,-43,6664,4,2,0.06002,3.001
66,-42,6659,8,0,0.1201,0
66,-41,5882,2,0,0.034,0
66,-40,9665,8,0,0.08277,0
66,-39,4818,2,0,0.04151,0
66,-38,10133,9,1,0.08882,0.9869
66,-37,4840,4,0,0.08264,0
66,-36,9297,1,0,0.01076,0
66,-35,3282,0,0,0,0
66,-34,10078,3,0,0.02977,0
66,-33,7534,2,1,0.02655,1.327
66,-32,8452,3,0,0.03549,0
66,-31,6912,1,0,0.01447,0
66,-30,8522,5,0,0.05867,0
66,-29,7002,6,1,0.08569,1.428
66,-28,7958,2,0,0.02513,0
66,-27,6310,7,0,0.1109,0
66,-26,7668,8,0,0.1043,0
66,-25,7806,6,0,0.07686,0
66,-24,9396,13,1,0.1384,1.064
66,-23,10070,4,0,0.03972,0
66,-22,6130,3,0,0.04894,0
66,-21,10158,29,3,0.2855,2.953
66,-20,5508,0,0,0,0
66,-19,9428,11,0,0.1167,0
66,-18,6308,1,0,0.01585,0
66,-17,6216,6,0,0.09653,0
66,-16,6868,9,0,0.131,0
66,-15,8828,12,1,0.1359,1.133
66,-14,3218,0,0,0,0
66,-13,8392,5,0,0.05958,0
66,-12,2846,5,0,0.1757,0
66,-11,11944,7,2,0.05861,1.674
66,-10,2456,3,0,0.1221,0
66,-9,13407,5,2,0.03729,1.492
66,-8,3080,9,1,0.2922,3.247
66,-7,10526,11,0,0.1045,0
66,-6,2740,3,0,0.1095,0
66,-5,7322,8,0,0.1093,0
66,-4,3578,10,0,0.2795,0
66,-3,3384,5,0,0.1478,0
66,-2,3526,7,1,0.1985,2.836
66,-1,2170,1,0,0.04608,0
66,0,2480,9,0,0.3629,0
66,1,3856,2,0,0.05187,0
66,2,4454,14,0,0.3143,0
66,3,5736,7,2,0.122,3.487
66,4,5484,35,7,0.6382,12.76
66,5,6252,25,1,0.3999,1.599
66,6,6298,18,2,0.2858,3.176
66,7,6836,29,0,0.4242,0
66,8,6553,12,1,0.1831,1.526
66,9,6344,13,4,0.2049,6.305
66,10,6323,15,2,0.2372,3.163
66,11,6500,69,1,1.062,1.538
66,12,6832,92,5,1.347,7.319
66,13,6220,172,2,2.765,3.215
66,14,6318,24,3,0.3799,4.748
66,15,6180,54,4,0.8738,6.472
66,16,6448,11,0,0.1706,0
66,17,6184,38,5,0.6145,8.085
66,18,6408,38,1,0.593,1.561
66,19,5964,31,0,0.5198,0
66,20,5456,37,0,0.6782,0
66,21,7118,83,1,1.166,1.405
66,22,5066,26,0,0.5132,0
66,23,7616,156,8,2.048,10.5
66,24,4180,13,3,0.311,7.177
66,25,7498,36,0,0.4801,0
66,26,4778,17,3,0.3558,6.279
66,27,7978,26,0,0.3259,0
66,28,3700,3,0,0.08108,0
66,29,7750,5,0,0.06452,0
66,30,3878,28,1,0.722,2.579
66,31,9161,12,0,0.131,0
66,32,4053,7,0,0.1727,0
66,33,8366,14,2,0.1673,2.391
66,34,4478,4,0,0.08933,0
66,35,6032,9,0,0.1492,0
66,36,4796,9,0,0.1877,0
66,37,4448,10,0,0.2248,0
66,38,4755,6,0,0.1262,0
66,39,4152,6,1,0.1445,2.408
66,40,4180,6,0,0.1435,0
66,41,3828,7,0,0.1829,0
66,42,4504,1,0,0.0222,0
66,43,4910,2,0,0.04073,0
66,44,3868,6,0,0.1551,0
66,45,5106,12,0,0.235,0
66,46,3048,3,0,0.09843,0
66,47,4002,1,0,0.02499,0
66,48,2414,0,0,0,0
66,49,2470,3,0,0.1215,0
66,50,2102,5,1,0.2379,4.757
66,51,2070,0,0,0,0
66,52,470,0,0,0,0
66,53,1192,0,0,0,0
66,54,568,3,0,0.5282,0
66,55,252,0,0,0,0
66,56,316,1,0,0.3165,0
66,57,378,0,0,0,0
66,58,606,2,0,0.33,0
66,59,210,0,0,0,0
66,60,330,1,0,0.303,0
66,61,296,0,0,0,0
66,62,590,1,0,0.1695,0
66,63,404,0,0,0,0
66,64,1588,2,0,0.1259,0
66,65,1676,1,1,0.05967,5.967
66,66,1576,0,0,0,0
66,67,3254,2,0,0.06146,0
66,68,1728,1,0,0.05787,0
66,69,4316,0,0,0,0
66,70,1590,0,0,0,0
66,71,4528,6,2,0.1325,4.417
66,72,1562,1,0,0.06402,0
66,73,3834,3,1,0.07825,2.608
66,74,890,1,0,0.1124,0
66,75,3002,1,0,0.03331,0
66,76,1032,0,0,0,0
66,77,1168,2,1,0.1712,8.562
66,78,604,0,0,0,0
66,79,736,2,0,0.2717,0
66,80,168,0,0,0,0
66,81,592,3,0,0.5068,0
66,83,856,1,0,0.1168,0
66,85,910,3,0,0.3297,0
66,87,780,1,0,0.1282,0
66,88,6,0,0,0,0
66,89,926,1,0,0.108,0
66,91,852,1,0,0.1174,0
66,93,610,5,1,0.8197,16.39
66,95,638,4,0,0.627,0
66,96,2,0,0,0,0
66,97,292,0,0,0,0
66,98,6,0,0,0,0
66,99,404,2,2,0.495,49.5
66,100,180,0,0,0,0
66,101,224,1,0,0.4464,0
66,102,86,2,0,2.326,0
66,103,304,0,0,0,0
66,104,278,2,0,0.7194,0
66,105,172,0,0,0,0
66,106,168,0,0,0,0
66,107,192,0,0,0,0
66,108,384,0,0,0,0
66,109,32,0,0,0,0
66,110,286,0,0,0,0
66,111,38,0,0,0,0
66,112,580,0,0,0,0
66,113,12,0,0,0,0
66,114,294,0,0,0,0
66,115,22,0,0,0,0
66,116,542,0,0,0,0
66,118,210,0,0,0,0
66,120,468,0,0,0,0
66,122,266,0,0,0,0
66,124,522,2,0,0.3831,0
66,126,264,0,0,0,0
66,128,524,0,0,0,0
66,129,4,0,0,0,0
66,130,254,0,0,0,0
66,131,4,0,0,0,0
66,132,492,6,0,1.22,0
66,133,12,0,0,0,0
66,134,264,1,0,0.3788,0
66,135,50,0,0,0,0
66,136,750,3,0,0.4,0
66,137,406,1,0,0.2463,0
66,138,982,5,0,0.5092,0
66,139,176,1,0,0.5682,0
66,140,1102,0,0,0,0
66,141,240,0,0,0,0
66,142,498,0,0,0,0
66,143,14,0,0,0,0
66,144,1788,1,0,0.05593,0
66,145,836,0,0,0,0
66,146,1924,1,0,0.05198,0
66,147,664,0,0,0,0
66,148,2320,0,0,0,0
66,149,2202,1,0,0.04541,0
66,150,1220,1,0,0.08197,0
66,151,1006,4,1,0.3976,9.94
66,152,1380,0,0,0,0
66,153,880,3,0,0.3409,0
66,155,354,0,0,0,0
66,157,672,1,0,0.1488,0
66,159,404,0,0,0,0
66,161,654,0,0,0,0
66,163,336,0,0,0,0
66,165,690,0,0,0,0
66,167,354,2,0,0.565,0
66,168,616,0,0,0,0
66,169,3417,1,0,0.02927,0
66,170,1478,0,0,0,0
66,171,2900,2,0,0.06897,0
66,172,1149,0,0,0,0
66,173,3916,0,0,0,0
66,174,810,0,0,0,0
66,175,2252,0,0,0,0
66,176,726,0,0,0,0
66,177,2274,0,0,0,0
66,178,502,2,0,0.3984,0
66,179,920,0,0,0,0
67,-180,1292,0,0,0,0
67,-179,2750,0,0,0,0
67,-178,1714,0,0,0,0
67,-177,3514,0,0,0,0
67,-176,1570,0,0,0,0
67,-175,4106,0,0,0,0
67,-174,1308,0,0,0,0
67,-173,2076,0,0,0,0
67,-172,2686,1,0,0.03723,0
67,-171,2250,0,0,0,0
67,-170,2852,1,0,0.03506,0
67,-169,1914,0,0,0,0
67,-168,3586,5,0,0.1394,0
67,-167,2454,0,0,0,0
67,-166,2554,3,0,0.1175,0
67,-165,2812,0,0,0,0
67,-164,1906,1,0,0.05247,0
67,-163,3736,0,0,0,0
67,-162,1198,0,0,0,0
67,-161,2560,0,0,0,0
67,-160,572,0,0,0,0
67,-159,3260,4,0,0.1227,0
67,-158,352,1,0,0.2841,0
67,-157,1662,2,0,0.1203,0
67,-156,16,0,0,0,0
67,-155,3626,0,0,0,0
67,-154,444,0,0,0,0
67,-153,1776,0,0,0,0
67,-152,682,0,0,0,0
67,-151,4678,3,0,0.06413,0
67,-150,716,0,0,0,0
67,-149,3226,2,0,0.062,0
67,-148,672,0,0,0,0
67,-147,4772,1,0,0.02096,0
67,-146,1298,0,0,0,0
67,-145,3346,1,0,0.02989,0
67,-144,274,0,0,0,0
67,-143,4838,3,0,0.06201,0
67,-142,422,0,0,0,0
67,-141,5740,0,0,0,0
67,-140,804,0,0,0,0
67,-139,4622,0,0,0,0
67,-138,1918,0,0,0,0
67,-137,3906,1,0,0.0256,0
67,-136,2874,1,0,0.03479,0
67,-135,1162,0,0,0,0
67,-134,2960,0,0,0,0
67,-133,2350,0,0,0,0
67,-132,4650,2,0,0.04301,0
67,-131,1500,0,0,0,0
67,-130,4196,0,0,0,0
67,-129,1722,0,0,0,0
67,-128,4970,0,0,0,0
67,-127,2280,0,0,0,0
67,-126,4472,2,0,0.04472,0
67,-125,1670,0,0,0,0
67,-124,5562,0,0,0,0
67,-123,3366,1,0,0.02971,0
67,-122,6218,0,0,0,0
67,-121,3128,0,0,0,0
67,-120,8216,1,0,0.01217,0
67,-119,3626,0,0,0,0
67,-118,6718,0,0,0,0
67,-117,1716,0,0,0,0
67,-116,5766,0,0,0,0
67,-115,2554,0,0,0,0
67,-114,3220,0,0,0,0
67,-113,2228,0,0,0,0
67,-112,3072,0,0,0,0
67,-111,1106,0,0,0,0
67,-110,1398,0,0,0,0
67,-109,1702,0,0,0,0
67,-108,1344,0,0,0,0
67,-107,958,0,0,0,0
67,-106,1342,0,0,0,0
67,-105,2286,0,0,0,0
67,-104,1518,0,0,0,0
67,-103,1706,0,0,0,0
67,-102,1950,0,0,0,0
67,-101,2658,0,0,0,0
67,-100,1308,0,0,0,0
67,-99,3122,1,0,0.03203,0
67,-98,1260,1,0,0.07937,0
67,-97,2662,0,0,0,0
67,-96,539,0,0,0,0
67,-95,2951,3,0,0.1017,0
67,-94,3067,0,0,0,0
67,-93,3742,1,0,0.02672,0
67,-92,3436,2,0,0.05821,0
67,-91,4886,4,0,0.08187,0
67,-90,4532,0,0,0,0
67,-89,5088,3,0,0.05896,0
67,-88,4530,0,0,0,0
67,-87,5182,2,0,0.0386,0
67,-86,5550,4,0,0.07207,0
67,-85,3644,2,0,0.05488,0
67,-84,5662,1,0,0.01766,0
67,-83,2388,0,0,0,0
67,-82,4720,1,0,0.02119,0
67,-81,1410,0,0,0,0
67,-80,5568,1,0,0.01796,0
67,-79,966,0,0,0,0
67,-78,6370,2,0,0.0314,0
67,-77,452,0,0,0,0
67,-76,5472,2,0,0.03655,0
67,-75,612,0,0,0,0
67,-74,5464,0,0,0,0
67,-73,950,0,0,0,0
67,-72,5344,0,0,0,0
67,-71,1004,2,0,0.1992,0
67,-70,5762,1,0,0.01736,0
67,-69,1778,0,0,0,0
67,-68,4380,0,0,0,0
67,-67,2990,0,0,0,0
67,-66,5376,2,0,0.0372,0
67,-65,4311,4,0,0.09279,0
67,-64,6603,6,0,0.09087,0
67,-63,3330,0,0,0,0
67,-62,6754,0,0,0,0
67,-61,6006,0,0,0,0
67,-60,3876,0,0,0,0
67,-59,7530,3,0,0.03984,0
67,-58,4770,1,0,0.02096,0
67,-57,8246,1,0,0.01213,0
67,-56,6042,2,0,0.0331,0
67,-55,6412,0,0,0,0
67,-54,7256,0,0,0,0
67,-53,4970,0,0,0,0
67,-52,8468,5,0,0.05905,0
67,-51,3868,2,0,0.05171,0
67,-50,6866,0,0,0,0
67,-49,2252,0,0,0,0
67,-48,5652,3,0,0.05308,0
67,-47,884,1,0,0.1131,0
67,-46,4122,4,0,0.09704,0
67,-45,1744,3,0,0.172,0
67,-44,5940,8,0,0.1347,0
67,-43,1668,2,0,0.1199,0
67,-42,7049,5,0,0.07093,0
67,-41,2932,2,0,0.06821,0
67,-40,7026,13,1,0.185,1.423
67,-39,3444,0,0,0,0
67,-38,7625,2,0,0.02623,0
67,-37,5094,0,0,0,0
67,-36,7862,9,0,0.1145,0
67,-35,4100,0,0,0,0
67,-34,9082,2,0,0.02202,0
67,-33,6258,6,0,0.09588,0
67,-32,7778,8,0,0.1029,0
67,-31,6614,3,0,0.04536,0
67,-30,7596,12,1,0.158,1.316
67,-29,7398,1,0,0.01352,0
67,-28,5688,3,1,0.05274,1.758
67,-27,7678,6,0,0.07815,0
67,-26,5488,4,1,0.07289,1.822
67,-25,10063,13,3,0.1292,2.981
67,-24,5017,11,0,0.2193,0
67,-23,9023,19,0,0.2106,0
67,-22,5418,0,0,0,0
67,-21,7630,5,0,0.06553,0
67,-20,3814,2,0,0.05244,0
67,-19,8920,9,1,0.1009,1.121
67,-18,3899,2,0,0.0513,0
67,-17,7553,8,0,0.1059,0
67,-16,7094,4,0,0.05639,0
67,-15,5954,6,0,0.1008,0
67,-14,10036,11,0,0.1096,0
67,-13,3338,2,0,0.05992,0
67,-12,11762,6,0,0.05101,0
67,-11,3130,0,0,0,0
67,-10,12096,13,0,0.1075,0
67,-9,4042,3,0,0.07422,0
67,-8,12311,11,0,0.08935,0
67,-7,3960,4,0,0.101,0
67,-6,11126,7,0,0.06292,0
67,-5,2786,0,0,0,0
67,-4,7257,5,1,0.0689,1.378
67,-3,2148,2,0,0.09311,0
67,-2,4584,2,0,0.04363,0
67,-1,4912,5,0,0.1018,0
67,0,2418,5,0,0.2068,0
67,1,8204,15,0,0.1828,0
67,2,1354,1,0,0.07386,0
67,3,10848,24,0,0.2212,0
67,4,914,2,0,0.2188,0
67,5,10618,27,4,0.2543,3.767
67,6,2140,5,0,0.2336,0
67,7,9064,12,0,0.1324,0
67,8,3470,12,1,0.3458,2.882
67,9,7822,17,2,0.2173,2.557
67,10,4734,6,2,0.1267,4.225
67,11,6740,14,1,0.2077,1.484
67,12,6040,16,0,0.2649,0
67,13,5572,138,0,2.477,0
67,14,7496,160,3,2.134,4.002
67,15,4350,196,3,4.506,6.897
67,16,8626,36,3,0.4173,3.478
67,17,3474,17,0,0.4893,0
67,18,9548,31,2,0.3247,2.095
67,19,850,4,0,0.4706,0
67,20,11470,33,7,0.2877,6.103
67,21,354,0,0,0,0
67,22,12029,45,2,0.3741,1.663
67,23,52,0,0,0,0
67,24,12692,45,0,0.3546,0
67,25,34,0,0,0,0
67,26,12614,28,0,0.222,0
67,27,8,0,0,0,0
67,28,12952,15,2,0.1158,1.544
67,30,12696,12,0,0.09452,0
67,31,1274,3,0,0.2355,0
67,32,11272,127,18,1.127,15.97
67,33,3082,25,2,0.8112,6.489
67,34,7038,89,1,1.265,1.421
67,35,3948,11,0,0.2786,0
67,36,3626,9,2,0.2482,5.516
67,37,5112,16,0,0.313,0
67,38,1460,2,0,0.137,0
67,39,7054,18,0,0.2552,0
67,40,1508,1,0,0.06631,0
67,41,7456,16,0,0.2146,0
67,42,1526,9,0,0.5898,0
67,43,7016,12,0,0.171,0
67,44,2176,0,0,0,0
67,45,6794,13,0,0.1913,0
67,46,1396,1,1,0.07163,7.163
67,47,6342,6,0,0.09461,0
67,48,1532,5,0,0.3264,0
67,49,5008,4,0,0.07987,0
67,50,2004,0,0,0,0
67,51,4052,31,0,0.7651,0
67,52,2200,4,0,0.1818,0
67,53,2854,10,0,0.3504,0
67,54,2084,1,0,0.04798,0
67,55,3002,6,0,0.1999,0
67,56,1866,1,0,0.05359,0
67,57,2298,2,0,0.08703,0
67,58,1886,3,2,0.1591,10.6
67,59,1962,2,0,0.1019,0
67,60,1944,3,0,0.1543,0
67,61,672,2,0,0.2976,0
67,62,2642,3,0,0.1136,0
67,63,538,0,0,0,0
67,64,3156,9,1,0.2852,3.169
67,65,682,0,0,0,0
67,66,4404,8,1,0.1817,2.271
67,67,902,3,1,0.3326,11.09
67,68,5688,4,0,0.07032,0
67,69,1190,0,0,0,0
67,70,5468,6,0,0.1097,0
67,71,1316,1,0,0.07599,0
67,72,5033,6,0,0.1192,0
67,73,969,1,0,0.1032,0
67,74,4046,5,0,0.1236,0
67,75,794,0,0,0,0
67,76,2560,2,0,0.07812,0
67,77,880,2,0,0.2273,0
67,78,1322,0,0,0,0
67,79,426,1,0,0.2347,0
67,80,494,0,0,0,0
67,81,506,0,0,0,0
67,82,180,0,0,0,0
67,83,548,0,0,0,0
67,84,344,0,0,0,0
67,85,516,5,0,0.969,0
67,86,506,0,0,0,0
67,87,336,0,0,0,0
67,88,546,1,0,0.1832,0
67,89,292,0,0,0,0
67,90,582,1,0,0.1718,0
67,91,196,0,0,0,0
67,92,608,3,0,0.4934,0
67,93,82,0,0,0,0
67,94,488,4,0,0.8197,0
67,96,536,10,2,1.866,37.31
67,98,432,3,0,0.6944,0
67,100,816,9,2,1.103,24.51
67,102,560,4,0,0.7143,0
67,104,556,0,0,0,0
67,106,264,0,0,0,0
67,108,576,0,0,0,0
67,110,564,0,0,0,0
67,112,792,2,0,0.2525,0
67,113,80,0,0,0,0
67,114,558,0,0,0,0
67,115,90,0,0,0,0
67,116,376,0,0,0,0
67,117,164,0,0,0,0
67,118,140,0,0,0,0
67,119,74,0,0,0,0
67,120,258,1,0,0.3876,0
67,121,214,0,0,0,0
67,122,98,0,0,0,0
67,123,160,0,0,0,0
67,124,236,0,0,0,0
67,125,294,0,0,0,0
67,126,106,0,0,0,0
67,127,158,0,0,0,0
67,128,32,1,0,3.125,0
67,129,492,0,0,0,0
67,130,16,0,0,0,0
67,131,240,0,0,0,0
67,132,16,0,0,0,0
67,133,498,0,0,0,0
67,134,4,0,0,0,0
67,135,254,2,0,0.7874,0
67,136,4,0,0,0,0
67,137,1458,11,0,0.7545,0
67,138,10,0,0,0,0
67,139,1330,7,1,0.5263,7.519
67,141,1282,2,1,0.156,7.8
67,143,1222,1,0,0.08183,0
67,144,252,0,0,0,0
67,145,2350,1,0,0.04255,0
67,146,252,0,0,0,0
67,147,2628,4,0,0.1522,0
67,148,6,0,0,0,0
67,149,954,1,0,0.1048,0
67,150,72,0,0,0,0
67,151,256,0,0,0,0
67,152,6,0,0,0,0
67,153,420,0,0,0,0
67,154,196,0,0,0,0
67,155,244,0,0,0,0
67,156,110,0,0,0,0
67,157,626,0,0,0,0
67,158,864,1,0,0.1157,0
67,159,408,0,0,0,0
67,160,952,1,0,0.105,0
67,161,1422,0,0,0,0
67,162,1294,0,0,0,0
67,163,2298,2,0,0.08703,0
67,164,1312,0,0,0,0
67,165,1398,0,0,0,0
67,166,1558,1,0,0.06418,0
67,167,2122,0,0,0,0
67,168,1410,1,0,0.07092,0
67,169,2034,1,0,0.04916,0
67,170,1974,0,0,0,0
67,171,2896,0,0,0,0
67,172,2348,0,0,0,0
67,173,1326,0,0,0,0
67,174,1372,0,0,0,0
67,175,1968,2,0,0.1016,0
67,176,794,0,0,0,0
67,177,3008,1,0,0.03324,0
67,178,938,3,0,0.3198,0
67,179,1900,0,0,0,0
68,-180,1486,0,0,0,0
68,-179,2330,1,0,0.04292,0
68,-178,2354,0,0,0,0
68,-177,2820,1,0,0.03546,0
68,-176,2862,0,0,0,0
68,-175,1858,0,0,0,0
68,-174,3162,1,0,0.03163,0
68,-173,2046,2,0,0.09775,0
68,-172,1922,1,0,0.05203,0
68,-171,2790,2,0,0.07168,0
68,-170,2616,1,0,0.03823,0
68,-169,3849,1,0,0.02598,0
68,-168,1770,1,1,0.0565,5.65
68,-167,5928,3,0,0.05061,0
68,-166,734,0,0,0,0
68,-165,4875,7,0,0.1436,0
68,-164,1090,0,0,0,0
68,-163,4920,2,0,0.04065,0
68,-162,1050,0,0,0,0
68,-161,3194,4,0,0.1252,0
68,-160,1082,0,0,0,0
68,-159,2802,3,0,0.1071,0
68,-158,678,0,0,0,0
68,-157,1752,0,0,0,0
68,-156,378,0,0,0,0
68,-155,2564,0,0,0,0
68,-154,1478,0,0,0,0
68,-153,2092,0,0,0,0
68,-152,2608,0,0,0,0
68,-151,2782,2,0,0.07189,0
68,-150,3012,0,0,0,0
68,-149,2022,2,0,0.09891,0
68,-148,2444,2,0,0.08183,0
68,-147,2844,1,0,0.03516,0
68,-146,2956,6,0,0.203,0
68,-145,2854,0,0,0,0
68,-144,1612,0,0,0,0
68,-143,2182,0,0,0,0
68,-142,3376,0,0,0,0
68,-141,3434,0,0,0,0
68,-140,2705,0,0,0,0
68,-139,3398,0,0,0,0
68,-138,3286,0,0,0,0
68,-137,6104,0,0,0,0
68,-136,2400,0,0,0,0
68,-135,5998,0,0,0,0
68,-134,1376,2,0,0.1453,0
68,-133,7096,0,0,0,0
68,-132,1646,0,0,0,0
68,-131,7143,0,0,0,0
68,-130,1520,0,0,0,0
68,-129,8329,0,0,0,0
68,-128,1882,0,0,0,0
68,-127,6368,0,0,0,0
68,-126,2336,0,0,0,0
68,-125,6856,0,0,0,0
68,-124,2070,0,0,0,0
68,-123,6554,0,0,0,0
68,-122,2616,0,0,0,0
68,-121,8722,4,0,0.04586,0
68,-120,3342,0,0,0,0
68,-119,6490,1,0,0.01541,0
68,-118,2778,0,0,0,0
68,-117,7132,1,0,0.01402,0
68,-116,3412,0,0,0,0
68,-115,5790,0,0,0,0
68,-114,2974,0,0,0,0
68,-113,4296,1,0,0.02328,0
68,-112,4650,1,0,0.02151,0
68,-111,3372,0,0,0,0
68,-110,2140,0,0,0,0
68,-109,2992,0,0,0,0
68,-108,3221,0,0,0,0
68,-107,3032,0,0,0,0
68,-106,3696,0,0,0,0
68,-105,2752,0,0,0,0
68,-104,4592,1,0,0.02178,0
68,-103,3592,0,0,0,0
68,-102,4932,0,0,0,0
68,-101,2888,0,0,0,0
68,-100,4855,0,0,0,0
68,-99,3470,0,0,0,0
68,-98,7252,3,0,0.04137,0
68,-97,1870,0,0,0,0
68,-96,5988,0,0,0,0
68,-95,3081,0,0,0,0
68,-94,7776,2,0,0.02572,0
68,-93,1858,1,0,0.05382,0
68,-92,7730,0,0,0,0
68,-91,1744,0,0,0,0
68,-90,9330,1,0,0.01072,0
68,-89,954,0,0,0,0
68,-88,9080,1,0,0.01101,0
68,-87,1024,2,0,0.1953,0
68,-86,8272,0,0,0,0
68,-85,1764,1,0,0.05669,0
68,-84,7092,0,0,0,0
68,-83,2036,1,0,0.04912,0
68,-82,5068,2,0,0.03946,0
68,-81,2536,1,0,0.03943,0
68,-80,3190,2,0,0.0627,0
68,-79,3990,4,0,0.1003,0
68,-78,2606,0,0,0,0
68,-77,3544,1,0,0.02822,0
68,-76,2988,0,0,0,0
68,-75,3168,0,0,0,0
68,-74,2918,0,0,0,0
68,-73,4174,0,0,0,0
68,-72,2168,0,0,0,0
68,-71,4024,0,0,0,0
68,-70,1770,0,0,0,0
68,-69,5338,0,0,0,0
68,-68,2466,1,0,0.04055,0
68,-67,4200,1,0,0.02381,0
68,-66,3016,2,0,0.06631,0
68,-65,7434,0,0,0,0
68,-64,4492,0,0,0,0
68,-63,6062,0,0,0,0
68,-62,5512,0,0,0,0
68,-61,5738,0,0,0,0
68,-60,5592,0,0,0,0
68,-59,6540,0,0,0,0
68,-58,6604,3,0,0.04543,0
68,-57,7336,0,0,0,0
68,-56,6632,4,0,0.06031,0
68,-55,5560,0,0,0,0
68,-54,5970,0,0,0,0
68,-53,7232,5,0,0.06914,0
68,-52,6128,0,0,0,0
68,-51,4832,1,0,0.0207,0
68,-50,6414,2,0,0.03118,0
68,-49,4170,3,0,0.07194,0
68,-48,4126,0,0,0,0
68,-47,2488,0,0,0,0
68,-46,2860,4,0,0.1399,0
68,-45,1850,0,0,0,0
68,-44,2288,2,0,0.08741,0
68,-43,1794,0,0,0,0
68,-42,3394,0,0,0,0
68,-41,2996,0,0,0,0
68,-40,3844,4,0,0.1041,0
68,-39,3816,3,0,0.07862,0
68,-38,3250,2,0,0.06154,0
68,-37,5768,2,0,0.03467,0
68,-36,3504,2,0,0.05708,0
68,-35,6864,0,0,0,0
68,-34,3860,6,0,0.1554,0
68,-33,8590,7,0,0.08149,0
68,-32,6298,6,1,0.09527,1.588
68,-31,8708,7,3,0.08039,3.445
68,-30,5956,2,1,0.03358,1.679
68,-29,8520,7,2,0.08216,2.347
68,-28,5593,2,0,0.03576,0
68,-27,6864,6,0,0.08741,0
68,-26,7464,2,0,0.0268,0
68,-25,6328,7,1,0.1106,1.58
68,-24,9168,4,0,0.04363,0
68,-23,4776,4,0,0.08375,0
68,-22,8642,2,0,0.02314,0
68,-21,2348,0,0,0,0
68,-20,9466,2,0,0.02113,0
68,-19,2098,5,1,0.2383,4.766
68,-18,10142,6,0,0.05916,0
68,-17,4660,6,1,0.1288,2.146
68,-16,10041,8,0,0.07967,0
68,-15,5558,9,0,0.1619,0
68,-14,9101,7,2,0.07691,2.198
68,-13,6112,11,0,0.18,0
68,-12,10519,8,2,0.07605,1.901
68,-11,4952,4,1,0.08078,2.019
68,-10,12015,8,1,0.06658,0.8323
68,-9,6256,4,2,0.06394,3.197
68,-8,9769,7,0,0.07166,0
68,-7,6430,2,0,0.0311,0
68,-6,6669,8,0,0.12,0
68,-5,7175,2,0,0.02787,0
68,-4,6439,19,2,0.2951,3.106
68,-3,3944,4,0,0.1014,0
68,-2,4749,13,0,0.2737,0
68,-1,4242,4,0,0.0943,0
68,0,4093,6,0,0.1466,0
68,1,4106,7,1,0.1705,2.435
68,2,5616,7,0,0.1246,0
68,3,5374,17,1,0.3163,1.861
68,4,6810,4,1,0.05874,1.468
68,5,5364,10,0,0.1864,0
68,6,7390,19,1,0.2571,1.353
68,7,5586,13,3,0.2327,5.371
68,8,7130,9,1,0.1262,1.403
68,9,5992,25,1,0.4172,1.669
68,10,6684,13,2,0.1945,2.992
68,11,6370,37,6,0.5808,9.419
68,12,6278,10,0,0.1593,0
68,13,6224,43,5,0.6909,8.033
68,14,5638,30,3,0.5321,5.321
68,15,6914,65,2,0.9401,2.893
68,16,5512,118,9,2.141,16.33
68,17,6926,66,15,0.9529,21.66
68,18,5498,66,4,1.2,7.275
68,19,6780,22,2,0.3245,2.95
68,20,5574,22,2,0.3947,3.588
68,21,6858,32,0,0.4666,0
68,22,5948,18,1,0.3026,1.681
68,23,6416,18,2,0.2805,3.117
68,24,6054,36,3,0.5946,4.955
68,25,6370,20,0,0.314,0
68,26,5594,14,0,0.2503,0
68,27,6378,9,0,0.1411,0
68,28,5522,0,0,0,0
68,29,5842,21,1,0.3595,1.712
68,30,6152,17,1,0.2763,1.625
68,31,6244,39,8,0.6246,12.81
68,32,6446,88,19,1.365,29.48
68,33,5026,86,18,1.711,35.81
68,34,6268,109,19,1.739,30.31
68,35,4644,53,3,1.141,6.46
68,36,4796,10,5,0.2085,10.43
68,37,3652,6,2,0.1643,5.476
68,38,3990,4,0,0.1003,0
68,39,2886,5,0,0.1733,0
68,40,6496,8,1,0.1232,1.539
68,41,2154,2,0,0.09285,0
68,42,6470,9,0,0.1391,0
68,43,2026,6,0,0.2962,0
68,44,6864,13,0,0.1894,0
68,45,1264,5,0,0.3956,0
68,46,8012,14,0,0.1747,0
68,47,800,5,0,0.625,0
68,48,7456,11,0,0.1475,0
68,49,840,1,0,0.119,0
68,50,6910,3,0,0.04342,0
68,51,736,1,0,0.1359,0
68,52,6690,8,1,0.1196,1.495
68,53,672,1,0,0.1488,0
68,54,6268,5,0,0.07977,0
68,55,1224,0,0,0,0
68,56,5000,5,0,0.1,0
68,57,756,0,0,0,0
68,58,3756,2,0,0.05325,0
68,59,1222,0,0,0,0
68,60,3326,2,0,0.06013,0
68,61,988,2,0,0.2024,0
68,62,2910,5,0,0.1718,0
68,63,1768,1,0,0.05656,0
68,64,2702,0,0,0,0
68,65,1548,3,0,0.1938,0
68,66,3258,1,0,0.03069,0
68,67,1692,0,0,0,0
68,68,3698,0,0,0,0
68,69,3270,0,0,0,0
68,70,3220,5,0,0.1553,0
68,71,3718,7,1,0.1883,2.69
68,72,3266,3,0,0.09186,0
68,73,3374,0,0,0,0
68,74,2098,1,0,0.04766,0
68,75,2902,7,2,0.2412,6.892
68,76,1754,3,0,0.171,0
68,77,2034,7,0,0.3441,0
68,78,952,5,1,0.5252,10.5
68,79,1412,4,0,0.2833,0
68,80,394,0,0,0,0
68,81,534,0,0,0,0
68,82,578,0,0,0,0
68,84,776,0,0,0,0
68,85,24,0,0,0,0
68,86,744,0,0,0,0
68,87,2,0,0,0,0
68,88,692,0,0,0,0
68,89,4,0,0,0,0
68,90,778,1,0,0.1285,0
68,91,36,0,0,0,0
68,92,686,0,0,0,0
68,94,446,5,0,1.121,0
68,95,100,9,0,9,0
68,96,356,3,0,0.8427,0
68,97,172,2,1,1.163,58.14
68,98,444,0,0,0,0
68,99,84,0,0,0,0
68,100,448,3,0,0.6696,0
68,101,348,4,0,1.149,0
68,102,270,0,0,0,0
68,103,342,0,0,0,0
68,104,174,0,0,0,0
68,105,348,0,0,0,0
68,106,60,0,0,0,0
68,107,204,0,0,0,0
68,108,104,0,0,0,0
68,109,352,0,0,0,0
68,110,100,0,0,0,0
68,111,280,2,0,0.7143,0
68,112,76,0,0,0,0
68,113,382,2,0,0.5236,0
68,115,364,0,0,0,0
68,117,216,0,0,0,0
68,119,216,0,0,0,0
68,121,556,1,0,0.1799,0
68,123,270,0,0,0,0
68,125,458,0,0,0,0
68,126,76,0,0,0,0
68,127,264,0,0,0,0
68,129,424,0,0,0,0
68,130,106,1,0,0.9434,0
68,131,220,0,0,0,0
68,132,50,0,0,0,0
68,133,406,2,0,0.4926,0
68,134,182,0,0,0,0
68,135,168,0,0,0,0
68,136,136,0,0,0,0
68,137,860,4,1,0.4651,11.63
68,138,504,1,0,0.1984,0
68,139,744,7,0,0.9409,0
68,140,471,0,0,0,0
68,141,708,1,0,0.1412,0
68,142,1324,1,0,0.07553,0
68,143,964,0,0,0,0
68,144,348,0,0,0,0
68,145,1182,0,0,0,0
68,146,394,0,0,0,0
68,147,1332,0,0,0,0
68,148,184,0,0,0,0
68,150,524,0,0,0,0
68,151,168,0,0,0,0
68,152,252,0,0,0,0
68,153,1670,0,0,0,0
68,154,592,0,0,0,0
68,155,3634,0,0,0,0
68,156,592,0,0,0,0
68,157,4482,0,0,0,0
68,158,924,2,0,0.2165,0
68,159,6386,1,0,0.01566,0
68,160,566,0,0,0,0
68,161,5592,4,0,0.07153,0
68,162,1286,1,0,0.07776,0
68,163,5638,2,0,0.03547,0
68,164,1178,0,0,0,0
68,165,4420,0,0,0,0
68,166,938,0,0,0,0
68,167,4300,1,0,0.02326,0
68,168,1864,0,0,0,0
68,169,3842,2,0,0.05206,0
68,170,1464,0,0,0,0
68,171,3866,0,0,0,0
68,172,1930,2,0,0.1036,0
68,173,3212,0,0,0,0
68,174,932,0,0,0,0
68,175,2992,0,0,0,0
68,176,2100,0,0,0,0
68,177,1648,0,0,0,0
68,178,2916,0,0,0,0
68,179,2766,3,0,0.1085,0
69,-180,2742,0,0,0,0
69,-179,1514,2,0,0.1321,0
69,-178,3268,0,0,0,0
69,-177,1462,2,0,0.1368,0
69,-176,4086,0,0,0,0
69,-175,1526,0,0,0,0
69,-174,3444,2,0,0.05807,0
69,-173,2008,0,0,0,0
69,-172,3202,2,0,0.06246,0
69,-171,2354,1,0,0.04248,0
69,-170,2228,0,0,0,0
69,-169,4314,1,0,0.02318,0
69,-168,2670,1,0,0.03745,0
69,-167,2312,0,0,0,0
69,-166,4538,0,0,0,0
69,-165,1810,0,0,0,0
69,-164,4184,2,0,0.0478,0
69,-163,1016,0,0,0,0
69,-162,3866,1,0,0.02587,0
69,-161,674,0,0,0,0
69,-160,3458,0,0,0,0
69,-159,682,0,0,0,0
69,-158,3176,0,0,0,0
69,-157,382,0,0,0,0
69,-156,2580,1,0,0.03876,0
69,-155,6,0,0,0,0
69,-154,3360,3,0,0.08929,0
69,-153,1640,0,0,0,0
69,-152,2704,0,0,0,0
69,-151,1412,0,0,0,0
69,-150,4248,0,0,0,0
69,-149,2052,0,0,0,0
69,-148,3166,3,0,0.09476,0
69,-147,1456,0,0,0,0
69,-146,4580,2,0,0.04367,0
69,-145,1610,0,0,0,0
69,-144,4292,0,0,0,0
69,-143,1766,0,0,0,0
69,-142,3841,1,0,0.02603,0
69,-141,3417,2,0,0.05853,0
69,-140,3390,0,0,0,0
69,-139,2481,2,0,0.08061,0
69,-138,4002,0,0,0,0
69,-137,4607,0,0,0,0
69,-136,3603,2,0,0.05551,0
69,-135,3727,1,0,0.02683,0
69,-134,4816,4,0,0.08306,0
69,-133,4362,0,0,0,0
69,-132,3660,0,0,0,0
69,-131,3402,0,0,0,0
69,-130,5682,3,0,0.0528,0
69,-129,4553,2,0,0.04393,0
69,-128,3978,1,0,0.02514,0
69,-127,4118,2,0,0.04857,0
69,-126,5170,0,0,0,0
69,-125,4950,1,0,0.0202,0
69,-124,4236,0,0,0,0
69,-123,3902,0,0,0,0
69,-122,5042,0,0,0,0
69,-121,6075,1,0,0.01646,0
69,-120,4686,0,0,0,0
69,-119,4976,0,0,0,0
69,-118,4578,0,0,0,0
69,-117,5720,0,0,0,0
69,-116,5914,0,0,0,0
69,-115,4180,4,0,0.09569,0
69,-114,4838,0,0,0,0
69,-113,5354,0,0,0,0
69,-112,4430,1,0,0.02257,0
69,-111,3288,0,0,0,0
69,-110,4500,1,0,0.02222,0
69,-109,1288,0,0,0,0
69,-108,4013,1,0,0.02492,0
69,-107,2508,2,0,0.07974,0
69,-106,4611,1,0,0.02169,0
69,-105,1894,1,0,0.0528,0
69,-104,4246,0,0,0,0
69,-103,3822,0,0,0,0
69,-102,4048,0,0,0,0
69,-101,3388,0,0,0,0
69,-100,4538,0,0,0,0
69,-99,3534,1,0,0.0283,0
69,-98,4620,0,0,0,0
69,-97,5634,1,1,0.01775,1.775
69,-96,3932,2,0,0.05086,0
69,-95,3952,2,0,0.05061,0
69,-94,3922,0,0,0,0
69,-93,6162,0,0,0,0
69,-92,3403,0,0,0,0
69,-91,5876,3,0,0.05106,0
69,-90,3050,0,0,0,0
69,-89,7944,0,0,0,0
69,-88,2312,0,0,0,0
69,-87,7696,0,0,0,0
69,-86,1672,0,0,0,0
69,-85,8182,2,0,0.02444,0
69,-84,1562,1,0,0.06402,0
69,-83,7666,2,0,0.02609,0
69,-82,1524,0,0,0,0
69,-81,7084,3,0,0.04235,0
69,-80,1550,0,0,0,0
69,-79,5128,3,0,0.0585,0
69,-78,3572,0,0,0,0
69,-77,5976,3,0,0.0502,0
69,-76,2621,0,0,0,0
69,-75,5404,2,0,0.03701,0
69,-74,2292,1,0,0.04363,0
69,-73,5768,0,0,0,0
69,-72,2596,0,0,0,0
69,-71,5514,1,0,0.01814,0
69,-70,1504,0,0,0,0
69,-69,5650,0,0,0,0
69,-68,3590,0,0,0,0
69,-67,6790,0,0,0,0
69,-66,3516,0,0,0,0
69,-65,7396,1,0,0.01352,0
69,-64,5424,1,0,0.01844,0
69,-63,8262,0,0,0,0
69,-62,5056,1,0,0.01978,0
69,-61,5530,1,0,0.01808,0
69,-60,7689,4,0,0.05202,0
69,-59,5048,1,0,0.01981,0
69,-58,9854,0,0,0,0
69,-57,4432,0,0,0,0
69,-56,8842,1,0,0.01131,0
69,-55,5888,2,0,0.03397,0
69,-54,7488,2,0,0.02671,0
69,-53,5660,0,0,0,0
69,-52,5828,2,0,0.03432,0
69,-51,6788,0,0,0,0
69,-50,3952,2,0,0.05061,0
69,-49,7400,6,0,0.08108,0
69,-48,2760,2,0,0.07246,0
69,-47,4556,0,0,0,0
69,-46,1582,0,0,0,0
69,-45,2718,0,0,0,0
69,-44,1300,0,0,0,0
69,-43,1964,3,0,0.1527,0
69,-42,1858,6,0,0.3229,0
69,-41,3208,2,0,0.06234,0
69,-40,2634,1,0,0.03797,0
69,-39,3378,1,1,0.0296,2.96
69,-38,3120,2,0,0.0641,0
69,-37,4720,7,1,0.1483,2.119
69,-36,4268,1,0,0.02343,0
69,-35,3706,6,0,0.1619,0
69,-34,3238,3,0,0.09265,0
69,-33,5240,2,0,0.03817,0
69,-32,6136,6,1,0.09778,1.63
69,-31,4570,7,0,0.1532,0
69,-30,7748,7,2,0.09035,2.581
69,-29,4502,4,0,0.08885,0
69,-28,7964,9,0,0.113,0
69,-27,5453,4,0,0.07335,0
69,-26,7366,3,0,0.04073,0
69,-25,6246,3,0,0.04803,0
69,-24,8131,9,0,0.1107,0
69,-23,7391,6,0,0.08118,0
69,-22,5536,0,0,0,0
69,-21,8428,8,0,0.09492,0
69,-20,4024,4,0,0.0994,0
69,-19,9854,5,0,0.05074,0
69,-18,6020,8,0,0.1329,0
69,-17,9396,6,0,0.06386,0
69,-16,6330,7,0,0.1106,0
69,-15,10557,6,0,0.05683,0
69,-14,4828,4,0,0.08285,0
69,-13,13879,11,0,0.07926,0
69,-12,1816,0,0,0,0
69,-11,16758,19,1,0.1134,0.5967
69,-10,1124,0,0,0,0
69,-9,16216,10,1,0.06167,0.6167
69,-8,2538,3,0,0.1182,0
69,-7,12786,11,0,0.08603,0
69,-6,4138,3,0,0.0725,0
69,-5,9868,12,0,0.1216,0
69,-4,4502,22,0,0.4887,0
69,-3,5484,8,0,0.1459,0
69,-2,2728,7,0,0.2566,0
69,-1,3868,9,0,0.2327,0
69,0,5589,10,0,0.1789,0
69,1,2914,5,0,0.1716,0
69,2,7560,10,1,0.1323,1.323
69,3,2054,3,0,0.1461,0
69,4,9568,15,0,0.1568,0
69,5,3074,3,1,0.09759,3.253
69,6,8520,31,1,0.3638,1.174
69,7,3808,1,0,0.02626,0
69,8,8022,18,1,0.2244,1.247
69,9,4784,18,0,0.3763,0
69,10,7222,25,3,0.3462,4.154
69,11,5418,21,2,0.3876,3.691
69,12,6066,32,6,0.5275,9.891
69,13,6792,43,6,0.6331,8.834
69,14,5918,56,10,0.9463,16.9
69,15,7284,70,9,0.961,12.36
69,16,4950,80,22,1.616,44.44
69,17,7642,177,25,2.316,32.71
69,18,3484,32,5,0.9185,14.35
69,19,9424,86,8,0.9126,8.489
69,20,2720,13,0,0.4779,0
69,21,9692,35,0,0.3611,0
69,22,1674,6,0,0.3584,0
69,23,10592,42,4,0.3965,3.776
69,24,1712,4,0,0.2336,0
69,25,10976,27,2,0.246,1.822
69,26,1460,5,1,0.3425,6.849
69,27,10944,22,0,0.201,0
69,28,1348,3,0,0.2226,0
69,29,11484,27,2,0.2351,1.742
69,30,1338,1,0,0.07474,0
69,31,11402,164,17,1.438,14.91
69,32,2332,16,0,0.6861,0
69,33,7150,192,26,2.685,36.36
69,34,4520,19,3,0.4204,6.637
69,35,3546,9,3,0.2538,8.46
69,36,6072,12,1,0.1976,1.647
69,37,1502,1,0,0.06658,0
69,38,5438,6,0,0.1103,0
69,39,1808,4,0,0.2212,0
69,40,6154,5,1,0.08125,1.625
69,41,2970,6,1,0.202,3.367
69,42,5694,7,1,0.1229,1.756
69,43,3280,4,0,0.122,0
69,44,5360,14,1,0.2612,1.866
69,45,4464,4,0,0.08961,0
69,46,4410,12,0,0.2721,0
69,47,4820,9,0,0.1867,0
69,48,3852,13,2,0.3375,5.192
69,49,4502,7,0,0.1555,0
69,50,2872,6,1,0.2089,3.482
69,51,5244,8,1,0.1526,1.907
69,52,2088,2,0,0.09579,0
69,53,5576,6,0,0.1076,0
69,54,1900,0,0,0,0
69,55,4704,5,0,0.1063,0
69,56,1922,4,0,0.2081,0
69,57,3998,5,0,0.1251,0
69,58,1278,1,0,0.07825,0
69,59,3568,1,0,0.02803,0
69,60,1302,2,1,0.1536,7.68
69,61,3656,2,0,0.0547,0
69,62,650,0,0,0,0
69,63,3072,0,0,0,0
69,64,1246,0,0,0,0
69,65,3790,0,0,0,0
69,66,504,0,0,0,0
69,67,5197,4,1,0.07697,1.924
69,68,490,2,0,0.4082,0
69,69,5555,3,1,0.05401,1.8
69,70,1250,3,0,0.24,0
69,71,4922,1,0,0.02032,0
69,72,1242,0,0,0,0
69,73,4606,2,0,0.04342,0
69,74,1890,3,1,0.1587,5.291
69,75,3032,1,0,0.03298,0
69,76,1864,4,0,0.2146,0
69,77,1828,1,0,0.0547,0
69,78,1682,1,0,0.05945,0
69,79,738,0,0,0,0
69,80,1444,1,0,0.06925,0
69,81,14,0,0,0,0
69,82,544,0,0,0,0
69,83,182,0,0,0,0
69,85,286,0,0,0,0
69,86,130,0,0,0,0
69,87,206,0,0,0,0
69,88,76,0,0,0,0
69,89,250,0,0,0,0
69,90,2,0,0,0,0
69,91,328,2,0,0.6098,0
69,92,90,0,0,0,0
69,93,180,0,0,0,0
69,95,270,0,0,0,0
69,97,352,1,0,0.2841,0
69,98,78,0,0,0,0
69,99,498,2,1,0.4016,20.08
69,101,430,0,0,0,0
69,103,262,0,0,0,0
69,104,18,0,0,0,0
69,105,264,0,0,0,0
69,107,192,0,0,0,0
69,108,80,0,0,0,0
69,109,96,0,0,0,0
69,110,176,1,0,0.5682,0
69,111,282,0,0,0,0
69,113,266,2,1,0.7519,37.59
69,114,16,0,0,0,0
69,115,96,2,0,2.083,0
69,116,188,1,0,0.5319,0
69,117,216,0,0,0,0
69,118,72,0,0,0,0
69,119,72,1,0,1.389,0
69,120,144,0,0,0,0
69,121,106,0,0,0,0
69,122,386,0,0,0,0
69,123,22,0,0,0,0
69,124,254,0,0,0,0
69,125,94,0,0,0,0
69,126,446,0,0,0,0
69,127,28,0,0,0,0
69,128,236,0,0,0,0
69,129,8,0,0,0,0
69,130,512,0,0,0,0
69,131,16,0,0,0,0
69,132,272,2,0,0.7353,0
69,133,10,0,0,0,0
69,134,448,0,0,0,0
69,135,112,0,0,0,0
69,136,300,0,0,0,0
69,137,12,0,0,0,0
69,138,994,0,0,0,0
69,139,96,3,0,3.125,0
69,140,826,0,0,0,0
69,141,200,0,0,0,0
69,142,1858,1,0,0.05382,0
69,143,352,0,0,0,0
69,144,1450,0,0,0,0
69,145,8,0,0,0,0
69,146,1438,0,0,0,0
69,147,292,0,0,0,0
69,148,248,0,0,0,0
69,149,16,0,0,0,0
69,150,350,0,0,0,0
69,151,476,0,0,0,0
69,152,456,0,0,0,0
69,153,1044,0,0,0,0
69,154,1192,0,0,0,0
69,155,2572,1,0,0.03888,0
69,156,2474,0,0,0,0
69,157,2782,2,0,0.07189,0
69,158,2492,1,0,0.04013,0
69,159,2548,0,0,0,0
69,160,4350,2,0,0.04598,0
69,161,2564,0,0,0,0
69,162,4170,1,0,0.02398,0
69,163,1726,0,0,0,0
69,164,5742,0,0,0,0
69,165,1760,0,0,0,0
69,166,3576,0,0,0,0
69,167,1256,2,0,0.1592,0
69,168,4264,2,0,0.0469,0
69,169,1866,0,0,0,0
69,170,3976,3,0,0.07545,0
69,171,1366,2,0,0.1464,0
69,172,3974,0,0,0,0
69,173,2124,0,0,0,0
69,174,2806,2,0,0.07128,0
69,175,1300,0,0,0,0
69,176,2570,3,0,0.1167,0
69,177,2372,0,0,0,0
69,178,2668,3,0,0.1124,0
69,179,1574,2,2,0.1271,12.71
70,-180,3366,1,0,0.02971,0
70,-179,2372,0,0,0,0
70,-178,2574,0,0,0,0
70,-177,4940,0,0,0,0
70,-176,1588,0,0,0,0
70,-175,5372,0,0,0,0
70,-174,1098,1,0,0.09107,0
70,-173,3614,0,0,0,0
70,-172,2104,1,0,0.04753,0
70,-171,3508,0,0,0,0
70,-170,1304,0,0,0,0
70,-169,2684,0,0,0,0
70,-168,2852,0,0,0,0
70,-167,1938,0,0,0,0
70,-166,1546,0,0,0,0
70,-165,2810,3,0,0.1068,0
70,-164,700,0,0,0,0
70,-163,1996,3,0,0.1503,0
70,-162,2712,1,0,0.03687,0
70,-161,2050,0,0,0,0
70,-160,1558,1,0,0.06418,0
70,-159,2218,0,0,0,0
70,-158,2289,0,0,0,0
70,-157,2008,1,0,0.0498,0
70,-156,1526,0,0,0,0
70,-155,1845,0,0,0,0
70,-154,1278,0,0,0,0
70,-153,4306,0,0,0,0
70,-152,1650,0,0,0,0
70,-151,3192,0,0,0,0
70,-150,2498,2,0,0.08006,0
70,-149,3329,2,0,0.06008,0
70,-148,2300,0,0,0,0
70,-147,3866,0,0,0,0
70,-146,2010,0,0,0,0
70,-145,3122,0,0,0,0
70,-144,1960,2,0,0.102,0
70,-143,3354,1,0,0.02982,0
70,-142,2690,0,0,0,0
70,-141,1574,0,0,0,0
70,-140,2948,0,0,0,0
70,-139,1786,0,0,0,0
70,-138,4840,0,0,0,0
70,-137,1022,0,0,0,0
70,-136,5444,0,0,0,0
70,-135,2272,0,0,0,0
70,-134,6712,0,0,0,0
70,-133,2171,0,0,0,0
70,-132,5498,0,0,0,0
70,-131,2321,0,0,0,0
70,-130,7444,0,0,0,0
70,-129,1980,0,0,0,0
70,-128,5878,0,0,0,0
70,-127,3044,0,0,0,0
70,-126,6348,1,0,0.01575,0
70,-125,2929,1,0,0.03414,0
70,-124,6128,0,0,0,0
70,-123,2552,0,0,0,0
70,-122,7296,0,0,0,0
70,-121,2796,0,0,0,0
70,-120,7700,0,0,0,0
70,-119,3570,0,0,0,0
70,-118,5852,1,0,0.01709,0
70,-117,4016,0,0,0,0
70,-116,5368,0,0,0,0
70,-115,4484,4,0,0.08921,0
70,-114,4028,0,0,0,0
70,-113,4652,2,0,0.04299,0
70,-112,4380,0,0,0,0
70,-111,4318,0,0,0,0
70,-110,2736,0,0,0,0
70,-109,4034,0,0,0,0
70,-108,1188,0,0,0,0
70,-107,3792,3,0,0.07911,0
70,-106,2286,1,0,0.04374,0
70,-105,4538,2,0,0.04407,0
70,-104,940,2,0,0.2128,0
70,-103,4410,0,0,0,0
70,-102,3340,0,0,0,0
70,-101,5616,2,0,0.03561,0
70,-100,2300,0,0,0,0
70,-99,4880,4,0,0.08197,0
70,-98,3030,1,0,0.033,0
70,-97,6150,5,0,0.0813,0
70,-96,3474,0,0,0,0
70,-95,5602,0,0,0,0
70,-94,3281,0,0,0,0
70,-93,6225,2,0,0.03213,0
70,-92,3585,0,0,0,0
70,-91,6833,2,0,0.02927,0
70,-90,2304,0,0,0,0
70,-89,6928,1,0,0.01443,0
70,-88,3519,0,0,0,0
70,-87,6671,3,0,0.04497,0
70,-86,4248,0,0,0,0
70,-85,4731,0,0,0,0
70,-84,4687,0,0,0,0
70,-83,3874,3,0,0.07744,0
70,-82,4882,0,0,0,0
70,-81,2215,4,0,0.1806,0
70,-80,5286,0,0,0,0
70,-79,3184,2,0,0.06281,0
70,-78,5134,1,0,0.01948,0
70,-77,3105,2,0,0.06441,0
70,-76,5558,2,0,0.03598,0
70,-75,2878,1,0,0.03475,0
70,-74,4465,1,0,0.0224,0
70,-73,3403,1,0,0.02939,0
70,-72,5872,3,0,0.05109,0
70,-71,1350,0,0,0,0
70,-70,7026,3,0,0.0427,0
70,-69,1074,0,0,0,0
70,-68,7116,1,0,0.01405,0
70,-67,2862,1,0,0.03494,0
70,-66,9094,1,0,0.011,0
70,-65,2810,2,0,0.07117,0
70,-64,10246,0,0,0,0
70,-63,4472,1,0,0.02236,0
70,-62,7502,6,0,0.07998,0
70,-61,5864,0,0,0,0
70,-60,6536,0,0,0,0
70,-59,7934,0,0,0,0
70,-58,5424,0,0,0,0
70,-57,8298,0,0,0,0
70,-56,6640,2,0,0.03012,0
70,-55,7256,2,0,0.02756,0
70,-54,6578,2,0,0.0304,0
70,-53,5288,0,0,0,0
70,-52,4964,2,1,0.04029,2.015
70,-51,7424,0,0,0,0
70,-50,4248,0,0,0,0
70,-49,4706,4,0,0.085,0
70,-48,5050,5,0,0.09901,0
70,-47,2528,2,0,0.07911,0
70,-46,4364,6,0,0.1375,0
70,-45,1110,0,0,0,0
70,-44,1944,2,0,0.1029,0
70,-43,910,0,0,0,0
70,-42,1160,0,0,0,0
70,-41,1944,0,0,0,0
70,-40,1598,2,0,0.1252,0
70,-39,1512,0,0,0,0
70,-38,3050,0,0,0,0
70,-37,2052,4,0,0.1949,0
70,-36,3888,1,0,0.02572,0
70,-35,2390,5,1,0.2092,4.184
70,-34,3806,2,0,0.05255,0
70,-33,3800,11,2,0.2895,5.263
70,-32,5026,5,0,0.09948,0
70,-31,4344,8,1,0.1842,2.302
70,-30,5872,7,1,0.1192,1.703
70,-29,5600,8,0,0.1429,0
70,-28,4392,4,1,0.09107,2.277
70,-27,8292,2,1,0.02412,1.206
70,-26,4238,5,0,0.118,0
70,-25,9462,3,1,0.03171,1.057
70,-24,4246,2,0,0.0471,0
70,-23,7281,4,0,0.05494,0
70,-22,6384,3,0,0.04699,0
70,-21,7356,2,0,0.02719,0
70,-20,6720,8,0,0.119,0
70,-19,9896,5,0,0.05053,0
70,-18,5348,5,0,0.09349,0
70,-17,9598,7,1,0.07293,1.042
70,-16,8238,4,0,0.04856,0
70,-15,9514,6,0,0.06306,0
70,-14,10510,6,0,0.05709,0
70,-13,5476,0,0,0,0
70,-12,12366,4,0,0.03235,0
70,-11,4476,1,0,0.02234,0
70,-10,12822,9,2,0.07019,1.56
70,-9,6324,8,0,0.1265,0
70,-8,10311,10,0,0.09698,0
70,-7,6476,8,0,0.1235,0
70,-6,8286,11,0,0.1328,0
70,-5,5746,8,1,0.1392,1.74
70,-4,6464,15,2,0.2321,3.094
70,-3,4042,9,0,0.2227,0
70,-2,4048,12,1,0.2964,2.47
70,-1,2698,7,1,0.2595,3.706
70,0,3996,10,0,0.2503,0
70,1,6176,6,1,0.09715,1.619
70,2,3802,9,2,0.2367,5.26
70,3,8648,15,0,0.1735,0
70,4,2148,0,0,0,0
70,5,9730,18,1,0.185,1.028
70,6,4478,3,0,0.06699,0
70,7,7774,15,0,0.193,0
70,8,5214,11,0,0.211,0
70,9,7412,16,0,0.2159,0
70,10,5456,12,0,0.2199,0
70,11,6406,13,2,0.2029,3.122
70,12,6330,13,2,0.2054,3.16
70,13,6206,12,0,0.1934,0
70,14,6494,19,5,0.2926,7.699
70,15,4816,18,1,0.3738,2.076
70,16,7846,41,3,0.5226,3.824
70,17,4440,34,3,0.7658,6.757
70,18,8712,37,1,0.4247,1.148
70,19,3886,12,2,0.3088,5.147
70,20,8514,39,3,0.4581,3.524
70,21,4000,7,1,0.175,2.5
70,22,8612,24,2,0.2787,2.322
70,23,3524,35,2,0.9932,5.675
70,24,8690,31,2,0.3567,2.301
70,25,3404,21,1,0.6169,2.938
70,26,9064,17,1,0.1876,1.103
70,27,2950,10,1,0.339,3.39
70,28,9232,8,0,0.08666,0
70,29,2794,3,0,0.1074,0
70,30,9636,29,5,0.301,5.189
70,31,2912,1,0,0.03434,0
70,32,7556,23,2,0.3044,2.647
70,33,4128,9,1,0.218,2.422
70,34,4560,19,0,0.4167,0
70,35,4978,12,0,0.2411,0
70,36,2506,6,0,0.2394,0
70,37,4726,2,0,0.04232,0
70,38,1388,2,0,0.1441,0
70,39,5956,5,0,0.08395,0
70,40,756,1,0,0.1323,0
70,41,7794,4,0,0.05132,0
70,42,1322,2,0,0.1513,0
70,43,6770,11,0,0.1625,0
70,44,1854,1,0,0.05394,0
70,45,6424,7,0,0.109,0
70,46,2010,2,1,0.0995,4.975
70,47,6688,5,1,0.07476,1.495
70,48,1972,3,0,0.1521,0
70,49,6296,6,1,0.0953,1.588
70,50,2848,3,0,0.1053,0
70,51,5194,7,0,0.1348,0
70,52,2916,2,0,0.06859,0
70,53,4448,2,0,0.04496,0
70,54,3032,2,0,0.06596,0
70,55,4632,3,0,0.06477,0
70,56,3224,2,0,0.06203,0
70,57,3882,9,0,0.2318,0
70,58,2986,3,1,0.1005,3.349
70,59,1820,1,0,0.05495,0
70,60,2720,6,2,0.2206,7.353
70,61,2208,2,0,0.09058,0
70,62,2548,6,1,0.2355,3.925
70,63,1878,4,0,0.213,0
70,64,2292,2,0,0.08726,0
70,65,2172,2,0,0.09208,0
70,66,2574,2,0,0.0777,0
70,67,1658,1,0,0.06031,0
70,68,3796,29,0,0.764,0
70,69,1352,5,0,0.3698,0
70,70,4670,19,0,0.4069,0
70,71,2064,1,0,0.04845,0
70,72,5038,4,0,0.0794,0
70,73,1336,2,0,0.1497,0
70,74,4544,4,1,0.08803,2.201
70,75,1392,1,0,0.07184,0
70,76,2996,2,0,0.06676,0
70,77,1860,2,0,0.1075,0
70,78,1906,0,0,0,0
70,79,1602,2,0,0.1248,0
70,80,908,2,0,0.2203,0
70,81,1426,1,0,0.07013,0
70,82,316,0,0,0,0
70,83,682,4,0,0.5865,0
70,84,278,0,0,0,0
70,85,212,0,0,0,0
70,86,268,0,0,0,0
70,87,678,3,0,0.4425,0
70,88,68,0,0,0,0
70,89,452,0,0,0,0
70,90,116,0,0,0,0
70,91,88,0,0,0,0
70,92,326,0,0,0,0
70,93,280,0,0,0,0
70,95,164,0,0,0,0
70,96,180,0,0,0,0
70,98,270,0,0,0,0
70,99,200,0,0,0,0
70,100,100,0,0,0,0
70,101,80,0,0,0,0
70,102,220,0,0,0,0
70,104,300,0,0,0,0
70,105,168,0,0,0,0
70,106,98,0,0,0,0
70,108,268,0,0,0,0
70,110,172,0,0,0,0
70,111,314,0,0,0,0
70,112,394,0,0,0,0
70,113,314,0,0,0,0
70,114,478,0,0,0,0
70,115,68,0,0,0,0
70,116,784,0,0,0,0
70,117,106,0,0,0,0
70,118,352,0,0,0,0
70,120,158,0,0,0,0
70,121,58,0,0,0,0
70,122,356,0,0,0,0
70,123,144,0,0,0,0
70,124,184,0,0,0,0
70,125,108,0,0,0,0
70,126,296,0,0,0,0
70,127,260,0,0,0,0
70,128,228,0,0,0,0
70,129,170,0,0,0,0
70,130,368,0,0,0,0
70,131,276,0,0,0,0
70,132,236,0,0,0,0
70,133,248,1,0,0.4032,0
70,134,502,0,0,0,0
70,135,366,0,0,0,0
70,136,274,1,0,0.365,0
70,137,472,1,0,0.2119,0
70,138,460,0,0,0,0
70,139,888,3,0,0.3378,0
70,140,62,0,0,0,0
70,141,1496,2,0,0.1337,0
70,142,138,2,2,1.449,144.9
70,143,1486,3,2,0.2019,13.46
70,144,740,0,0,0,0
70,145,258,0,0,0,0
70,146,1412,1,0,0.07082,0
70,147,498,0,0,0,0
70,148,340,0,0,0,0
70,149,546,1,0,0.1832,0
70,150,550,0,0,0,0
70,151,504,1,0,0.1984,0
70,152,640,0,0,0,0
70,153,1124,0,0,0,0
70,154,2442,2,0,0.0819,0
70,155,500,0,0,0,0
70,156,4588,4,0,0.08718,0
70,157,1114,0,0,0,0
70,158,4776,0,0,0,0
70,159,1642,0,0,0,0
70,160,5558,0,0,0,0
70,161,2532,0,0,0,0
70,162,3704,1,0,0.027,0
70,163,3116,0,0,0,0
70,164,3692,1,0,0.02709,0
70,165,3476,0,0,0,0
70,166,3212,0,0,0,0
70,167,2056,0,0,0,0
70,168,2578,0,0,0,0
70,169,3610,0,0,0,0
70,170,2790,0,0,0,0
70,171,2904,0,0,0,0
70,172,2226,1,0,0.04492,0
70,173,3026,1,0,0.03305,0
70,174,2604,2,0,0.0768,0
70,175,2296,0,0,0,0
70,176,1670,0,0,0,0
70,177,2502,0,0,0,0
70,178,3670,0,0,0,0
70,179,3502,4,0,0.1142,0
71,-180,4122,0,0,0,0
71,-179,3502,2,0,0.05711,0
71,-178,3914,0,0,0,0
71,-177,3644,1,0,0.02744,0
71,-176,2980,1,0,0.03356,0
71,-175,2278,0,0,0,0
71,-174,4136,0,0,0,0
71,-173,2118,0,0,0,0
71,-172,2844,1,0,0.03516,0
71,-171,2708,0,0,0,0
71,-170,3884,1,0,0.02575,0
71,-169,1110,0,0,0,0
71,-168,3118,3,0,0.09622,0
71,-167,1698,2,0,0.1178,0
71,-166,2352,0,0,0,0
71,-165,1248,1,0,0.08013,0
71,-164,3423,0,0,0,0
71,-163,388,0,0,0,0
71,-162,2617,1,0,0.03821,0
71,-161,1955,0,0,0,0
71,-160,2811,0,0,0,0
71,-159,1094,0,0,0,0
71,-158,1912,0,0,0,0
71,-157,2398,0,0,0,0
71,-156,2108,0,0,0,0
71,-155,1936,0,0,0,0
71,-154,3336,1,0,0.02998,0
71,-153,1499,0,0,0,0
71,-152,3490,3,0,0.08596,0
71,-151,1916,0,0,0,0
71,-150,3191,0,0,0,0
71,-149,2919,1,0,0.03426,0
71,-148,2566,0,0,0,0
71,-147,2422,0,0,0,0
71,-146,2114,0,0,0,0
71,-145,3380,0,0,0,0
71,-144,1210,0,0,0,0
71,-143,3349,0,0,0,0
71,-142,2614,4,0,0.153,0
71,-141,1710,0,0,0,0
71,-140,2565,0,0,0,0
71,-139,2464,2,0,0.08117,0
71,-138,1597,0,0,0,0
71,-137,4106,3,0,0.07306,0
71,-136,1084,0,0,0,0
71,-135,4538,0,0,0,0
71,-134,1870,4,0,0.2139,0
71,-133,4468,2,0,0.04476,0
71,-132,1950,3,0,0.1538,0
71,-131,4664,1,0,0.02144,0
71,-130,2418,0,0,0,0
71,-129,5610,1,0,0.01783,0
71,-128,1882,0,0,0,0
71,-127,4024,2,0,0.0497,0
71,-126,3692,0,0,0,0
71,-125,4368,0,0,0,0
71,-124,3364,3,0,0.08918,0
71,-123,3766,0,0,0,0
71,-122,4294,0,0,0,0
71,-121,6014,0,0,0,0
71,-120,2918,0,0,0,0
71,-119,6396,1,0,0.01563,0
71,-118,2458,1,0,0.04068,0
71,-117,5853,5,0,0.08543,0
71,-116,3348,2,0,0.05974,0
71,-115,5794,2,0,0.03452,0
71,-114,3506,0,0,0,0
71,-113,4228,2,0,0.0473,0
71,-112,3420,0,0,0,0
71,-111,5660,3,0,0.053,0
71,-110,2968,0,0,0,0
71,-109,4682,3,0,0.06408,0
71,-108,2028,0,0,0,0
71,-107,2478,0,0,0,0
71,-106,2776,1,0,0.03602,0
71,-105,4144,1,0,0.02413,0
71,-104,3742,2,0,0.05345,0
71,-103,2390,0,0,0,0
71,-102,3948,0,0,0,0
71,-101,3518,0,0,0,0
71,-100,4468,0,0,0,0
71,-99,3130,0,0,0,0
71,-98,5202,0,0,0,0
71,-97,2950,1,0,0.0339,0
71,-96,5998,1,0,0.01667,0
71,-95,3692,0,0,0,0
71,-94,5456,2,0,0.03666,0
71,-93,3018,0,0,0,0
71,-92,6224,0,0,0,0
71,-91,3545,2,0,0.05642,0
71,-90,6077,0,0,0,0
71,-89,2327,0,0,0,0
71,-88,6711,1,0,0.0149,0
71,-87,2634,0,0,0,0
71,-86,6601,2,0,0.0303,0
71,-85,1966,0,0,0,0
71,-84,6339,1,0,0.01578,0
71,-83,2048,0,0,0,0
71,-82,5983,2,0,0.03343,0
71,-81,2517,0,0,0,0
71,-80,4822,3,0,0.06221,0
71,-79,2836,0,0,0,0
71,-78,4212,2,0,0.04748,0
71,-77,4217,3,0,0.07114,0
71,-76,4593,3,0,0.06532,0
71,-75,3674,1,0,0.02722,0
71,-74,5082,1,0,0.01968,0
71,-73,3483,2,0,0.05742,0
71,-72,5296,1,0,0.01888,0
71,-71,3942,0,0,0,0
71,-70,4392,0,0,0,0
71,-69,4702,0,0,0,0
71,-68,4122,0,0,0,0
71,-67,6064,0,0,0,0
71,-66,5496,0,0,0,0
71,-65,8730,0,0,0,0
71,-64,5044,0,0,0,0
71,-63,7016,2,0,0.02851,0
71,-62,7622,2,0,0.02624,0
71,-61,6218,1,0,0.01608,0
71,-60,7264,0,0,0,0
71,-59,6734,0,0,0,0
71,-58,6608,0,0,0,0
71,-57,8532,0,0,0,0
71,-56,6402,0,0,0,0
71,-55,7386,2,0,0.02708,0
71,-54,5352,3,0,0.05605,0
71,-53,6984,2,0,0.02864,0
71,-52,4784,1,0,0.0209,0
71,-51,4744,3,0,0.06324,0
71,-50,7460,0,0,0,0
71,-49,3182,3,0,0.09428,0
71,-48,4592,0,0,0,0
71,-47,3782,1,0,0.02644,0
71,-46,2926,2,0,0.06835,0
71,-45,2422,1,1,0.04129,4.129
71,-44,1596,0,0,0,0
71,-43,1476,0,0,0,0
71,-42,1454,1,0,0.06878,0
71,-41,746,0,0,0,0
71,-40,2442,2,0,0.0819,0
71,-39,1528,1,0,0.06545,0
71,-38,1740,0,0,0,0
71,-37,1814,0,0,0,0
71,-36,2960,6,0,0.2027,0
71,-35,3080,0,0,0,0
71,-34,3210,4,0,0.1246,0
71,-33,2634,0,0,0,0
71,-32,2916,1,0,0.03429,0
71,-31,5892,13,0,0.2206,0
71,-30,3374,2,0,0.05928,0
71,-29,6776,8,1,0.1181,1.476
71,-28,6024,7,0,0.1162,0
71,-27,4984,2,0,0.04013,0
71,-26,8226,4,0,0.04863,0
71,-25,5658,5,1,0.08837,1.767
71,-24,7594,2,0,0.02634,0
71,-23,5456,0,0,0,0
71,-22,7234,3,0,0.04147,0
71,-21,7010,7,0,0.09986,0
71,-20,12164,7,0,0.05755,0
71,-19,4974,5,0,0.1005,0
71,-18,14108,3,0,0.02126,0
71,-17,5482,1,0,0.01824,0
71,-16,11570,8,1,0.06914,0.8643
71,-15,7644,5,0,0.06541,0
71,-14,9954,1,0,0.01005,0
71,-13,7752,4,0,0.0516,0
71,-12,10190,1,0,0.009814,0
71,-11,6376,3,0,0.04705,0
71,-10,12268,8,0,0.06521,0
71,-9,5705,5,0,0.08764,0
71,-8,9610,2,0,0.02081,0
71,-7,5954,4,0,0.06718,0
71,-6,7538,11,0,0.1459,0
71,-5,5402,10,0,0.1851,0
71,-4,6862,10,1,0.1457,1.457
71,-3,3124,3,0,0.09603,0
71,-2,4518,4,0,0.08853,0
71,-1,3270,1,0,0.03058,0
71,0,3998,9,0,0.2251,0
71,1,5006,2,0,0.03995,0
71,2,4398,19,1,0.432,2.274
71,3,5702,4,0,0.07015,0
71,4,5646,13,2,0.2303,3.542
71,5,5526,7,0,0.1267,0
71,6,7638,10,0,0.1309,0
71,7,6822,8,0,0.1173,0
71,8,6274,8,0,0.1275,0
71,9,6185,15,1,0.2425,1.617
71,10,6276,12,0,0.1912,0
71,11,6548,7,1,0.1069,1.527
71,12,6476,9,0,0.139,0
71,13,6012,10,0,0.1663,0
71,14,6060,12,1,0.198,1.65
71,15,6240,15,0,0.2404,0
71,16,6088,7,0,0.115,0
71,17,6210,9,1,0.1449,1.61
71,18,5730,13,0,0.2269,0
71,19,5666,10,1,0.1765,1.765
71,20,6200,25,6,0.4032,9.677
71,21,6430,14,3,0.2177,4.666
71,22,6844,15,2,0.2192,2.922
71,23,6128,12,1,0.1958,1.632
71,24,5905,13,0,0.2202,0
71,25,6456,10,0,0.1549,0
71,26,6436,15,2,0.2331,3.108
71,27,6587,17,0,0.2581,0
71,28,6074,12,2,0.1976,3.293
71,29,5963,10,2,0.1677,3.354
71,30,6520,7,0,0.1074,0
71,31,4192,4,0,0.09542,0
71,32,6451,6,0,0.09301,0
71,33,3998,4,0,0.1001,0
71,34,4130,8,0,0.1937,0
71,35,5644,6,0,0.1063,0
71,36,1620,1,0,0.06173,0
71,37,4900,8,0,0.1633,0
71,38,3314,0,0,0,0
71,39,2486,5,0,0.2011,0
71,40,5088,0,0,0,0
71,41,2090,5,0,0.2392,0
71,42,5818,4,0,0.06875,0
71,43,3028,5,0,0.1651,0
71,44,5454,0,0,0,0
71,45,2414,3,0,0.1243,0
71,46,6210,2,0,0.03221,0
71,47,3018,2,1,0.06627,3.313
71,48,6294,5,0,0.07944,0
71,49,1974,0,0,0,0
71,50,5500,4,0,0.07273,0
71,51,2618,2,0,0.07639,0
71,52,6602,7,0,0.106,0
71,53,1790,2,0,0.1117,0
71,54,6146,4,1,0.06508,1.627
71,55,2154,1,0,0.04643,0
71,56,6446,4,2,0.06205,3.103
71,57,1556,2,0,0.1285,0
71,58,4894,6,2,0.1226,4.087
71,59,2224,2,0,0.08993,0
71,60,3184,1,0,0.03141,0
71,61,2428,1,1,0.04119,4.119
71,62,3574,5,0,0.1399,0
71,63,2026,2,1,0.09872,4.936
71,64,2936,1,0,0.03406,0
71,65,1984,2,0,0.1008,0
71,66,4090,2,0,0.0489,0
71,67,1006,3,0,0.2982,0
71,68,3472,1,0,0.0288,0
71,69,2302,3,0,0.1303,0
71,70,3592,7,0,0.1949,0
71,71,3204,0,0,0,0
71,72,3348,3,0,0.08961,0
71,73,3024,0,0,0,0
71,74,2768,1,1,0.03613,3.613
71,75,3680,3,0,0.08152,0
71,76,2036,2,0,0.09823,0
71,77,2776,1,0,0.03602,0
71,78,2018,2,0,0.09911,0
71,79,2326,2,0,0.08598,0
71,80,1880,1,0,0.05319,0
71,81,1918,1,0,0.05214,0
71,82,1574,0,0,0,0
71,83,902,0,0,0,0
71,84,778,0,0,0,0
71,85,902,0,0,0,0
71,86,218,0,0,0,0
71,87,640,0,0,0,0
71,88,722,0,0,0,0
71,89,100,0,0,0,0
71,90,718,2,0,0.2786,0
71,91,230,0,0,0,0
71,92,46,0,0,0,0
71,93,494,0,0,0,0
71,94,336,0,0,0,0
71,96,180,0,0,0,0
71,97,90,0,0,0,0
71,99,280,0,0,0,0
71,100,300,1,0,0.3333,0
71,101,8,0,0,0,0
71,102,220,0,0,0,0
71,103,270,1,0,0.3704,0
71,104,100,0,0,0,0
71,105,666,0,0,0,0
71,106,466,0,0,0,0
71,107,1056,0,0,0,0
71,108,538,0,0,0,0
71,109,1304,0,0,0,0
71,110,874,0,0,0,0
71,111,674,0,0,0,0
71,112,1550,0,0,0,0
71,113,354,0,0,0,0
71,114,1440,0,0,0,0
71,115,526,0,0,0,0
71,116,400,1,0,0.25,0
71,117,1302,0,0,0,0
71,118,168,2,0,1.19,0
71,119,316,0,0,0,0
71,120,82,0,0,0,0
71,121,226,0,0,0,0
71,122,130,0,0,0,0
71,123,310,0,0,0,0
71,124,368,0,0,0,0
71,125,282,0,0,0,0
71,126,280,0,0,0,0
71,127,328,0,0,0,0
71,128,954,0,0,0,0
71,129,240,0,0,0,0
71,130,1092,0,0,0,0
71,131,388,0,0,0,0
71,132,1338,0,0,0,0
71,133,404,2,0,0.495,0
71,134,974,0,0,0,0
71,135,764,3,1,0.3927,13.09
71,136,660,4,1,0.6061,15.15
71,137,946,1,0,0.1057,0
71,138,340,0,0,0,0
71,139,1528,0,0,0,0
71,140,816,5,0,0.6127,0
71,141,770,0,0,0,0
71,142,1216,2,2,0.1645,16.45
71,143,278,0,0,0,0
71,144,2352,0,0,0,0
71,145,894,0,0,0,0
71,146,1354,0,0,0,0
71,147,1224,0,0,0,0
71,148,1050,1,0,0.09524,0
71,149,1730,0,0,0,0
71,150,1100,0,0,0,0
71,151,3244,2,0,0.06165,0
71,152,1096,0,0,0,0
71,153,3288,0,0,0,0
71,154,2650,0,0,0,0
71,155,4392,1,0,0.02277,0
71,156,936,0,0,0,0
71,157,6278,0,0,0,0
71,158,1544,0,0,0,0
71,159,6502,1,0,0.01538,0
71,160,1708,0,0,0,0
71,161,6231,0,0,0,0
71,162,2678,0,0,0,0
71,163,4937,0,0,0,0
71,164,1896,0,0,0,0
71,165,5194,0,0,0,0
71,166,2288,1,0,0.04371,0
71,167,4692,2,0,0.04263,0
71,168,1592,0,0,0,0
71,169,3884,0,0,0,0
71,170,2466,0,0,0,0
71,171,4243,0,0,0,0
71,172,1500,0,0,0,0
71,173,4030,1,0,0.02481,0
71,174,2464,0,0,0,0
71,175,3722,2,0,0.05373,0
71,176,2596,0,0,0,0
71,177,3562,0,0,0,0
71,178,3384,0,0,0,0
71,179,4086,0,0,0,0
72,-180,4970,0,0,0,0
72,-179,2328,0,0,0,0
72,-178,4302,0,0,0,0
72,-177,1660,0,0,0,0
72,-176,3700,0,0,0,0
72,-175,2690,0,0,0,0
72,-174,3484,0,0,0,0
72,-173,2804,1,0,0.03566,0
72,-172,2660,0,0,0,0
72,-171,2028,1,0,0.04931,0
72,-170,3112,2,0,0.06427,0
72,-169,4126,1,0,0.02424,0
72,-168,1696,0,0,0,0
72,-167,2754,1,0,0.03631,0
72,-166,2590,0,0,0,0
72,-165,2246,1,0,0.04452,0
72,-164,2442,0,0,0,0
72,-163,3570,2,0,0.05602,0
72,-162,1084,0,0,0,0
72,-161,1930,0,0,0,0
72,-160,1252,0,0,0,0
72,-159,3052,0,0,0,0
72,-158,918,0,0,0,0
72,-157,1926,0,0,0,0
72,-156,1418,0,0,0,0
72,-155,2096,0,0,0,0
72,-154,1362,0,0,0,0
72,-153,3044,0,0,0,0
72,-152,968,0,0,0,0
72,-151,3682,1,0,0.02716,0
72,-150,1188,0,0,0,0
72,-149,3772,1,0,0.02651,0
72,-148,2066,0,0,0,0
72,-147,2876,1,0,0.03477,0
72,-146,1558,0,0,0,0
72,-145,2852,0,0,0,0
72,-144,2246,0,0,0,0
72,-143,1994,8,0,0.4012,0
72,-142,1468,0,0,0,0
72,-141,4442,3,0,0.06754,0
72,-140,566,0,0,0,0
72,-139,3898,1,0,0.02565,0
72,-138,1124,0,0,0,0
72,-137,2646,0,0,0,0
72,-136,2124,0,0,0,0
72,-135,3112,0,0,0,0
72,-134,2646,0,0,0,0
72,-133,3784,0,0,0,0
72,-132,3422,0,0,0,0
72,-131,3046,0,0,0,0
72,-130,4076,0,0,0,0
72,-129,2900,0,0,0,0
72,-128,3750,0,0,0,0
72,-127,2866,0,0,0,0
72,-126,4748,0,0,0,0
72,-125,3222,0,0,0,0
72,-124,4898,1,0,0.02042,0
72,-123,3744,0,0,0,0
72,-122,4488,2,0,0.04456,0
72,-121,3720,1,0,0.02688,0
72,-120,5288,0,0,0,0
72,-119,3614,1,0,0.02767,0
72,-118,5672,1,0,0.01763,0
72,-117,2118,0,0,0,0
72,-116,6484,1,0,0.01542,0
72,-115,2938,0,0,0,0
72,-114,6604,3,0,0.04543,0
72,-113,3562,0,0,0,0
72,-112,3662,0,0,0,0
72,-111,3786,0,0,0,0
72,-110,5892,1,0,0.01697,0
72,-109,2236,1,0,0.04472,0
72,-108,5330,1,0,0.01876,0
72,-107,2014,0,0,0,0
72,-106,3870,0,0,0,0
72,-105,2030,0,0,0,0
72,-104,4434,0,0,0,0
72,-103,2638,0,0,0,0
72,-102,3174,0,0,0,0
72,-101,3126,1,0,0.03199,0
72,-100,5186,1,0,0.01928,0
72,-99,3482,0,0,0,0
72,-98,3704,1,0,0.027,0
72,-97,4286,0,0,0,0
72,-96,4514,0,0,0,0
72,-95,3484,0,0,0,0
72,-94,4618,1,0,0.02165,0
72,-93,4819,0,0,0,0
72,-92,3998,0,0,0,0
72,-91,4730,0,0,0,0
72,-90,4002,1,0,0.02499,0
72,-89,5583,2,0,0.03582,0
72,-88,3474,0,0,0,0
72,-87,5259,5,0,0.09508,0
72,-86,3999,0,0,0,0
72,-85,5811,2,0,0.03442,0
72,-84,2544,2,0,0.07862,0
72,-83,6226,2,0,0.03212,0
72,-82,1696,2,0,0.1179,0
72,-81,6328,0,0,0,0
72,-80,2310,2,0,0.08658,0
72,-79,4754,0,0,0,0
72,-78,3131,0,0,0,0
72,-77,5579,3,0,0.05377,0
72,-76,3261,0,0,0,0
72,-75,6908,4,0,0.0579,0
72,-74,3416,1,0,0.02927,0
72,-73,4848,4,0,0.08251,0
72,-72,2814,0,0,0,0
72,-71,7689,1,0,0.01301,0
72,-70,2408,1,0,0.04153,0
72,-69,7689,2,0,0.02601,0
72,-68,3958,0,0,0,0
72,-67,6260,0,0,0,0
72,-66,5458,2,0,0.03664,0
72,-65,7558,1,0,0.01323,0
72,-64,5320,0,0,0,0
72,-63,9266,2,0,0.02158,0
72,-62,4820,0,0,0,0
72,-61,7574,0,0,0,0
72,-60,7684,0,0,0,0
72,-59,5632,1,0,0.01776,0
72,-58,8690,2,0,0.02301,0
72,-57,4995,1,0,0.02002,0
72,-56,7516,0,0,0,0
72,-55,6490,0,0,0,0
72,-54,5016,1,0,0.01994,0
72,-53,4978,5,0,0.1004,0
72,-52,5458,11,0,0.2015,0
72,-51,3336,0,0,0,0
72,-50,4290,4,0,0.09324,0
72,-49,1690,0,0,0,0
72,-48,3532,3,0,0.08494,0
72,-47,3026,1,0,0.03305,0
72,-46,2197,0,0,0,0
72,-45,2728,0,0,0,0
72,-44,1898,2,0,0.1054,0
72,-43,1152,0,0,0,0
72,-42,1220,0,0,0,0
72,-41,1138,2,0,0.1757,0
72,-40,1460,3,0,0.2055,0
72,-39,2102,0,0,0,0
72,-38,1204,0,0,0,0
72,-37,2200,2,0,0.09091,0
72,-36,2422,1,0,0.04129,0
72,-35,3448,2,0,0.058,0
72,-34,3718,2,0,0.05379,0
72,-33,2342,0,0,0,0
72,-32,3624,5,0,0.138,0
72,-31,4340,1,0,0.02304,0
72,-30,6654,15,0,0.2254,0
72,-29,4376,3,0,0.06856,0
72,-28,7778,14,0,0.18,0
72,-27,5094,5,0,0.09815,0
72,-26,8366,6,0,0.07172,0
72,-25,6142,12,0,0.1954,0
72,-24,6754,2,0,0.02961,0
72,-23,6552,8,0,0.1221,0
72,-22,6822,7,0,0.1026,0
72,-21,10914,6,0,0.05498,0
72,-20,5635,0,0,0,0
72,-19,13342,6,0,0.04497,0
72,-18,6610,3,0,0.04539,0
72,-17,11003,17,2,0.1545,1.818
72,-16,8974,1,0,0.01114,0
72,-15,9707,4,0,0.04121,0
72,-14,7194,2,0,0.0278,0
72,-13,11506,6,0,0.05215,0
72,-12,5966,4,0,0.06705,0
72,-11,14414,8,0,0.0555,0
72,-10,3440,0,0,0,0
72,-9,13825,10,0,0.07233,0
72,-8,3112,0,0,0,0
72,-7,11574,5,0,0.0432,0
72,-6,2634,1,0,0.03797,0
72,-5,8646,8,0,0.09253,0
72,-4,2976,0,0,0,0
72,-3,7252,9,1,0.1241,1.379
72,-2,2870,0,0,0,0
72,-1,4372,6,0,0.1372,0
72,0,3134,1,0,0.03191,0
72,1,3772,4,0,0.106,0
72,2,3888,3,0,0.07716,0
72,3,3288,2,0,0.06083,0
72,4,5276,3,0,0.05686,0
72,5,4312,9,0,0.2087,0
72,6,5990,10,1,0.1669,1.669
72,7,4708,10,2,0.2124,4.248
72,8,6404,13,0,0.203,0
72,9,5276,13,2,0.2464,3.791
72,10,5988,6,0,0.1002,0
72,11,6216,12,1,0.1931,1.609
72,12,6446,6,0,0.09308,0
72,13,6808,12,2,0.1763,2.938
72,14,6402,10,0,0.1562,0
72,15,6464,6,0,0.09282,0
72,16,5898,3,0,0.05086,0
72,17,6232,4,0,0.06418,0
72,18,6090,13,1,0.2135,1.642
72,19,7030,10,0,0.1422,0
72,20,6116,16,2,0.2616,3.27
72,21,6202,10,0,0.1612,0
72,22,5822,13,0,0.2233,0
72,23,6498,13,2,0.2001,3.078
72,24,5988,9,0,0.1503,0
72,25,6484,15,2,0.2313,3.085
72,26,6166,11,1,0.1784,1.622
72,27,6340,14,1,0.2208,1.577
72,28,6108,8,0,0.131,0
72,29,7514,12,0,0.1597,0
72,30,3480,5,1,0.1437,2.874
72,31,6808,8,0,0.1175,0
72,32,3074,4,0,0.1301,0
72,33,5240,7,0,0.1336,0
72,34,4848,6,1,0.1238,2.063
72,35,2030,4,0,0.197,0
72,36,5586,7,0,0.1253,0
72,37,1250,0,0,0,0
72,38,6590,2,0,0.03035,0
72,39,1662,1,0,0.06017,0
72,40,4608,1,0,0.0217,0
72,41,2722,0,0,0,0
72,42,4138,3,0,0.0725,0
72,43,3140,0,0,0,0
72,44,5156,4,2,0.07758,3.879
72,45,4296,0,0,0,0
72,46,4778,1,0,0.02093,0
72,47,3834,2,2,0.05216,5.216
72,48,5126,1,0,0.01951,0
72,49,4034,2,0,0.04958,0
72,50,3740,2,0,0.05348,0
72,51,4776,4,0,0.08375,0
72,52,3894,2,0,0.05136,0
72,53,5766,10,8,0.1734,13.87
72,54,2958,1,0,0.03381,0
72,55,4776,4,0,0.08375,0
72,56,3052,1,0,0.03277,0
72,57,6012,2,0,0.03327,0
72,58,2412,1,1,0.04146,4.146
72,59,5259,4,0,0.07606,0
72,60,1842,0,0,0,0
72,61,4026,1,0,0.02484,0
72,62,1922,0,0,0,0
72,63,3970,4,0,0.1008,0
72,64,2014,2,0,0.0993,0
72,65,3324,5,0,0.1504,0
72,66,1684,7,2,0.4157,11.88
72,67,5382,4,0,0.07432,0
72,68,1432,3,1,0.2095,6.983
72,69,5322,5,0,0.09395,0
72,70,1936,1,0,0.05165,0
72,71,4230,3,0,0.07092,0
72,72,2618,2,0,0.07639,0
72,73,4938,0,0,0,0
72,74,2148,1,0,0.04655,0
72,75,4420,3,0,0.06787,0
72,76,2562,0,0,0,0
72,77,2246,2,1,0.08905,4.452
72,78,2892,1,0,0.03458,0
72,79,2052,1,0,0.04873,0
72,80,2158,2,0,0.09268,0
72,81,2458,0,0,0,0
72,82,1482,0,0,0,0
72,83,1794,0,0,0,0
72,84,1076,0,0,0,0
72,85,758,3,0,0.3958,0
72,86,918,0,0,0,0
72,87,550,0,0,0,0
72,88,720,3,0,0.4167,0
72,89,712,0,0,0,0
72,90,360,0,0,0,0
72,91,638,0,0,0,0
72,92,478,0,0,0,0
72,93,204,1,0,0.4902,0
72,94,668,0,0,0,0
72,95,100,2,0,2,0
72,97,216,0,0,0,0
72,98,148,0,0,0,0
72,99,32,0,0,0,0
72,100,382,0,0,0,0
72,101,296,1,0,0.3378,0
72,102,90,0,0,0,0
72,103,226,0,0,0,0
72,104,440,0,0,0,0
72,105,158,1,0,0.6329,0
72,106,908,0,0,0,0
72,107,324,0,0,0,0
72,108,1888,0,0,0,0
72,109,252,0,0,0,0
72,110,1808,1,0,0.05531,0
72,111,394,0,0,0,0
72,112,1012,0,0,0,0
72,113,1412,0,0,0,0
72,114,364,0,0,0,0
72,115,1458,0,0,0,0
72,116,422,0,0,0,0
72,117,254,0,0,0,0
72,118,1212,0,0,0,0
72,119,530,0,0,0,0
72,120,192,0,0,0,0
72,121,52,0,0,0,0
72,122,264,0,0,0,0
72,123,216,0,0,0,0
72,124,246,0,0,0,0
72,125,260,0,0,0,0
72,126,356,0,0,0,0
72,127,314,0,0,0,0
72,128,362,0,0,0,0
72,129,682,0,0,0,0
72,130,642,0,0,0,0
72,131,886,0,0,0,0
72,132,310,0,0,0,0
72,133,1332,1,0,0.07508,0
72,134,320,0,0,0,0
72,135,1144,0,0,0,0
72,136,498,0,0,0,0
72,137,552,0,0,0,0
72,138,594,1,0,0.1684,0
72,139,756,0,0,0,0
72,140,1404,0,0,0,0
72,141,978,1,0,0.1022,0
72,142,772,2,0,0.2591,0
72,143,1060,2,0,0.1887,0
72,144,258,0,0,0,0
72,145,2758,5,1,0.1813,3.626
72,146,320,0,0,0,0
72,147,1844,0,0,0,0
72,148,676,0,0,0,0
72,149,1620,2,0,0.1235,0
72,150,1054,0,0,0,0
72,151,2284,0,0,0,0
72,152,1836,0,0,0,0
72,153,3459,1,0,0.02891,0
72,154,1048,1,0,0.09542,0
72,155,5208,0,0,0,0
72,156,2958,0,0,0,0
72,157,3376,1,0,0.02962,0
72,158,4336,0,0,0,0
72,159,2690,0,0,0,0
72,160,4900,1,0,0.02041,0
72,161,3174,0,0,0,0
72,162,5384,3,0,0.05572,0
72,163,2928,0,0,0,0
72,164,4722,1,0,0.02118,0
72,165,2854,2,0,0.07008,0
72,166,4908,0,0,0,0
72,167,2156,1,0,0.04638,0
72,168,4214,1,0,0.02373,0
72,169,1902,0,0,0,0
72,170,4088,0,0,0,0
72,171,2160,0,0,0,0
72,172,4998,2,0,0.04002,0
72,173,1848,0,0,0,0
72,174,4624,0,0,0,0
72,175,1846,1,0,0.05417,0
72,176,4146,1,0,0.02412,0
72,177,2602,2,0,0.07686,0
72,178,2764,0,0,0,0
72,179,2798,0,0,0,0
73,-180,2984,0,0,0,0
73,-179,4360,2,0,0.04587,0
73,-178,2798,0,0,0,0
73,-177,4480,0,0,0,0
73,-176,2444,0,0,0,0
73,-175,3668,1,0,0.02726,0
73,-174,3990,0,0,0,0
73,-173,3456,0,0,0,0
73,-172,2638,0,0,0,0
73,-171,3424,0,0,0,0
73,-170,2202,1,0,0.04541,0
73,-169,3208,1,0,0.03117,0
73,-168,3828,1,0,0.02612,0
73,-167,2844,1,0,0.03516,0
73,-166,1979,0,0,0,0
73,-165,2824,3,0,0.1062,0
73,-164,2566,5,1,0.1949,3.897
73,-163,2186,0,0,0,0
73,-162,3530,2,0,0.05666,0
73,-161,1794,0,0,0,0
73,-160,1760,0,0,0,0
73,-159,1472,0,0,0,0
73,-158,3194,0,0,0,0
73,-157,896,1,0,0.1116,0
73,-156,2306,0,0,0,0
73,-155,1786,0,0,0,0
73,-154,1368,0,0,0,0
73,-153,1752,0,0,0,0
73,-152,3032,2,0,0.06596,0
73,-151,1640,0,0,0,0
73,-150,2920,0,0,0,0
73,-149,1740,0,0,0,0
73,-148,2716,0,0,0,0
73,-147,2020,0,0,0,0
73,-146,2228,0,0,0,0
73,-145,1012,0,0,0,0
73,-144,2852,0,0,0,0
73,-143,2694,0,0,0,0
73,-142,2036,0,0,0,0
73,-141,1718,2,0,0.1164,0
73,-140,3302,0,0,0,0
73,-139,1176,0,0,0,0
73,-138,3824,1,0,0.02615,0
73,-137,1278,0,0,0,0
73,-136,3764,0,0,0,0
73,-135,2162,0,0,0,0
73,-134,3718,0,0,0,0
73,-133,2582,0,0,0,0
73,-132,3772,1,0,0.02651,0
73,-131,2542,0,0,0,0
73,-130,3818,1,0,0.02619,0
73,-129,3234,0,0,0,0
73,-128,3889,0,0,0,0
73,-127,3950,1,0,0.02532,0
73,-126,2797,0,0,0,0
73,-125,5854,2,0,0.03416,0
73,-124,3024,1,0,0.03307,0
73,-123,4280,2,0,0.04673,0
73,-122,3974,0,0,0,0
73,-121,5102,2,0,0.0392,0
73,-120,3950,1,0,0.02532,0
73,-119,5494,2,0,0.0364,0
73,-118,5620,2,0,0.03559,0
73,-117,4320,1,0,0.02315,0
73,-116,3474,0,0,0,0
73,-115,5146,0,0,0,0
73,-114,2688,0,0,0,0
73,-113,4808,1,0,0.0208,0
73,-112,4696,0,0,0,0
73,-111,3808,2,0,0.05252,0
73,-110,3424,0,0,0,0
73,-109,6458,0,0,0,0
73,-108,3238,0,0,0,0
73,-107,4970,0,0,0,0
73,-106,2620,0,0,0,0
73,-105,3896,0,0,0,0
73,-104,2472,1,0,0.04045,0
73,-103,3908,0,0,0,0
73,-102,3506,2,0,0.05705,0
73,-101,4208,0,0,0,0
73,-100,2774,1,0,0.03605,0
73,-99,5028,2,0,0.03978,0
73,-98,4048,0,0,0,0
73,-97,3846,0,0,0,0
73,-96,3630,0,0,0,0
73,-95,5554,0,0,0,0
73,-94,3284,2,0,0.0609,0
73,-93,4776,1,0,0.02094,0
73,-92,4730,0,0,0,0
73,-91,4494,2,0,0.0445,0
73,-90,3695,0,0,0,0
73,-89,4533,0,0,0,0
73,-88,4951,0,0,0,0
73,-87,4792,1,0,0.02087,0
73,-86,4836,0,0,0,0
73,-85,4806,0,0,0,0
73,-84,4996,0,0,0,0
73,-83,3408,1,0,0.02934,0
73,-82,5330,3,0,0.05629,0
73,-81,2266,0,0,0,0
73,-80,5672,3,0,0.05289,0
73,-79,4058,1,0,0.02464,0
73,-78,4107,0,0,0,0
73,-77,3017,1,0,0.03315,0
73,-76,6434,1,0,0.01554,0
73,-75,3696,1,0,0.02706,0
73,-74,5229,1,0,0.01912,0
73,-73,5326,1,0,0.01878,0
73,-72,5026,1,0,0.0199,0
73,-71,3190,0,0,0,0
73,-70,8511,1,0,0.01175,0
73,-69,3182,0,0,0,0
73,-68,7802,1,0,0.01282,0
73,-67,5090,1,0,0.01965,0
73,-66,6460,3,0,0.04644,0
73,-65,4132,1,0,0.0242,0
73,-64,9260,0,0,0,0
73,-63,4878,0,0,0,0
73,-62,8998,1,0,0.01111,0
73,-61,7006,0,0,0,0
73,-60,6338,0,0,0,0
73,-59,8368,0,0,0,0
73,-58,4850,0,0,0,0
73,-57,7658,3,0,0.03917,0
73,-56,4994,0,0,0,0
73,-55,4982,2,0,0.04014,0
73,-54,6602,3,0,0.04544,0
73,-53,3690,2,0,0.0542,0
73,-52,4386,2,0,0.0456,0
73,-51,5544,3,0,0.05411,0
73,-50,1542,4,0,0.2594,0
73,-49,4226,4,0,0.09465,0
73,-48,2434,0,0,0,0
73,-47,2154,4,0,0.1857,0
73,-46,2856,0,0,0,0
73,-45,2030,1,0,0.04926,0
73,-44,1778,0,0,0,0
73,-43,2330,0,0,0,0
73,-42,556,0,0,0,0
73,-41,1350,0,0,0,0
73,-40,1004,0,0,0,0
73,-39,2026,0,0,0,0
73,-38,1944,2,0,0.1029,0
73,-37,1834,1,0,0.05453,0
73,-36,2562,1,0,0.03903,0
73,-35,3644,2,0,0.05488,0
73,-34,2910,1,0,0.03436,0
73,-33,4692,5,0,0.1066,0
73,-32,3670,3,0,0.08174,0
73,-31,5468,8,0,0.1463,0
73,-30,4138,1,0,0.02417,0
73,-29,8192,14,1,0.1709,1.221
73,-28,5272,1,0,0.01897,0
73,-27,8684,14,4,0.1612,4.606
73,-26,5252,2,1,0.03808,1.904
73,-25,8250,12,0,0.1455,0
73,-24,7036,10,1,0.1421,1.421
73,-23,7584,1,0,0.01319,0
73,-22,11160,11,0,0.09857,0
73,-21,6964,4,0,0.05744,0
73,-20,9716,2,0,0.02058,0
73,-19,9526,7,0,0.07348,0
73,-18,8944,7,0,0.07826,0
73,-17,10340,6,1,0.05803,0.9671
73,-16,9381,2,0,0.02132,0
73,-15,8128,1,0,0.0123,0
73,-14,9503,10,0,0.1052,0
73,-13,7718,6,0,0.07774,0
73,-12,11902,10,0,0.08402,0
73,-11,5460,7,0,0.1282,0
73,-10,11882,7,0,0.05891,0
73,-9,5282,5,0,0.09466,0
73,-8,9768,9,0,0.09214,0
73,-7,5414,3,0,0.05541,0
73,-6,7936,7,0,0.08821,0
73,-5,5170,4,1,0.07737,1.934
73,-4,6048,6,0,0.09921,0
73,-3,3644,3,0,0.08233,0
73,-2,5118,5,0,0.09769,0
73,-1,3622,5,0,0.138,0
73,0,4318,3,0,0.06948,0
73,1,2814,0,0,0,0
73,2,4512,2,0,0.04433,0
73,3,2926,2,0,0.06835,0
73,4,2580,2,0,0.07752,0
73,5,2424,1,0,0.04125,0
73,6,2814,3,0,0.1066,0
73,7,4208,7,0,0.1663,0
73,8,2970,3,1,0.101,3.367
73,9,6346,6,0,0.09455,0
73,10,4308,2,0,0.04643,0
73,11,5058,7,1,0.1384,1.977
73,12,6813,7,1,0.1027,1.468
73,13,6460,1,0,0.01548,0
73,14,5072,4,0,0.07886,0
73,15,5852,3,0,0.05126,0
73,16,5536,4,0,0.07225,0
73,17,5774,9,2,0.1559,3.464
73,18,6248,6,0,0.09603,0
73,19,6838,6,0,0.08774,0
73,20,6030,3,0,0.04975,0
73,21,6826,21,4,0.3076,5.86
73,22,5828,10,0,0.1716,0
73,23,6672,16,2,0.2398,2.998
73,24,5890,8,1,0.1358,1.698
73,25,6738,21,2,0.3117,2.968
73,26,5046,9,0,0.1784,0
73,27,6978,11,0,0.1576,0
73,28,5430,10,1,0.1842,1.842
73,29,5674,6,0,0.1057,0
73,30,5158,9,0,0.1745,0
73,31,4842,5,0,0.1033,0
73,32,4746,12,2,0.2528,4.214
73,33,5126,6,0,0.1171,0
73,34,4080,0,0,0,0
73,35,3822,14,3,0.3663,7.849
73,36,2660,1,0,0.03759,0
73,37,5304,3,0,0.05656,0
73,38,1010,1,0,0.09901,0
73,39,6222,1,0,0.01607,0
73,40,2206,2,0,0.09066,0
73,41,4842,0,0,0,0
73,42,2830,0,0,0,0
73,43,5078,3,0,0.05908,0
73,44,3110,3,1,0.09646,3.215
73,45,5228,6,0,0.1148,0
73,46,3546,4,1,0.1128,2.82
73,47,5708,8,0,0.1402,0
73,48,3274,1,0,0.03054,0
73,49,5808,8,0,0.1377,0
73,50,3856,1,0,0.02593,0
73,51,4612,0,0,0,0
73,52,3968,4,0,0.1008,0
73,53,4240,7,1,0.1651,2.358
73,54,4686,4,0,0.08536,0
73,55,4278,4,0,0.0935,0
73,56,3778,3,0,0.07941,0
73,57,4204,1,0,0.02379,0
73,58,5502,3,0,0.05453,0
73,59,2980,0,0,0,0
73,60,4356,1,0,0.02296,0
73,61,1946,1,0,0.05139,0
73,62,3756,1,0,0.02662,0
73,63,2630,2,0,0.07605,0
73,64,3878,0,0,0,0
73,65,2842,3,1,0.1056,3.519
73,66,3146,0,0,0,0
73,67,2506,6,0,0.2394,0
73,68,4842,4,0,0.08261,0
73,69,2354,1,0,0.04248,0
73,70,4720,2,0,0.04237,0
73,71,2986,1,0,0.03349,0
73,72,5096,4,0,0.07849,0
73,73,2842,1,0,0.03519,0
73,74,5222,1,1,0.01915,1.915
73,75,3452,0,0,0,0
73,76,4112,0,0,0,0
73,77,3192,1,0,0.03133,0
73,78,2286,1,0,0.04374,0
73,79,3378,3,0,0.08881,0
73,80,1998,3,0,0.1502,0
73,81,2084,1,0,0.04798,0
73,82,2398,4,0,0.1668,0
73,83,1844,1,0,0.05423,0
73,84,1642,0,0,0,0
73,85,1250,1,0,0.08,0
73,86,666,0,0,0,0
73,87,1304,0,0,0,0
73,88,400,0,0,0,0
73,89,934,1,0,0.1071,0
73,90,764,0,0,0,0
73,91,528,0,0,0,0
73,92,632,0,0,0,0
73,93,834,1,0,0.1199,0
73,94,202,0,0,0,0
73,95,772,0,0,0,0
73,96,72,0,0,0,0
73,98,326,0,0,0,0
73,99,184,0,0,0,0
73,100,56,0,0,0,0
73,101,510,2,0,0.3922,0
73,102,126,0,0,0,0
73,103,90,0,0,0,0
73,104,474,0,0,0,0
73,105,210,0,0,0,0
73,106,242,0,0,0,0
73,107,842,0,0,0,0
73,108,436,0,0,0,0
73,109,1504,0,0,0,0
73,110,340,0,0,0,0
73,111,1712,2,0,0.1168,0
73,112,380,0,0,0,0
73,113,1040,0,0,0,0
73,114,1356,0,0,0,0
73,115,332,0,0,0,0
73,116,1396,0,0,0,0
73,117,638,0,0,0,0
73,118,338,0,0,0,0
73,119,1088,0,0,0,0
73,120,846,0,0,0,0
73,121,182,0,0,0,0
73,122,294,0,0,0,0
73,123,228,0,0,0,0
73,124,402,0,0,0,0
73,125,344,0,0,0,0
73,126,304,0,0,0,0
73,127,416,0,0,0,0
73,128,704,0,0,0,0
73,129,540,0,0,0,0
73,130,708,0,0,0,0
73,131,978,0,0,0,0
73,132,672,0,0,0,0
73,133,974,0,0,0,0
73,134,1284,0,0,0,0
73,135,468,0,0,0,0
73,136,1358,0,0,0,0
73,137,630,0,0,0,0
73,138,674,0,0,0,0
73,139,754,0,0,0,0
73,140,992,0,0,0,0
73,141,1122,0,0,0,0
73,142,890,4,0,0.4494,0
73,143,1170,0,0,0,0
73,144,1068,0,0,0,0
73,145,532,1,0,0.188,0
73,146,2860,2,0,0.06993,0
73,147,564,0,0,0,0
73,148,1734,0,0,0,0
73,149,714,0,0,0,0
73,150,1700,0,0,0,0
73,151,1356,0,0,0,0
73,152,2719,2,0,0.07356,0
73,153,1366,0,0,0,0
73,154,4435,0,0,0,0
73,155,1018,0,0,0,0
73,156,5174,0,0,0,0
73,157,2236,0,0,0,0
73,158,4620,1,0,0.02165,0
73,159,3008,0,0,0,0
73,160,3880,0,0,0,0
73,161,4022,2,0,0.04973,0
73,162,4388,1,0,0.02279,0
73,163,4776,0,0,0,0
73,164,3274,0,0,0,0
73,165,4358,0,0,0,0
73,166,3940,0,0,0,0
73,167,4412,0,0,0,0
73,168,2844,0,0,0,0
73,169,4484,2,0,0.0446,0
73,170,2606,0,0,0,0
73,171,4469,0,0,0,0
73,172,2575,0,0,0,0
73,173,3943,0,0,0,0
73,174,3348,0,0,0,0
73,175,4336,2,0,0.04613,0
73,176,1810,0,0,0,0
73,177,4468,2,0,0.04476,0
73,178,2850,0,0,0,0
73,179,2976,1,0,0.0336,0
74,-180,2867,0,0,0,0
74,-179,4362,0,0,0,0
74,-178,4156,1,0,0.02406,0
74,-177,3312,0,0,0,0
74,-176,4572,0,0,0,0
74,-175,2926,0,0,0,0
74,-174,3132,0,0,0,0
74,-173,3814,0,0,0,0
74,-172,3922,0,0,0,0
74,-171,2044,1,0,0.04892,0
74,-170,4106,0,0,0,0
74,-169,2988,0,0,0,0
74,-168,3272,0,0,0,0
74,-167,3192,0,0,0,0
74,-166,3948,0,0,0,0
74,-165,1514,0,0,0,0
74,-164,2908,0,0,0,0
74,-163,2706,0,0,0,0
74,-162,2996,0,0,0,0
74,-161,2960,0,0,0,0
74,-160,3014,1,0,0.03318,0
74,-159,1834,0,0,0,0
74,-158,1662,0,0,0,0
74,-157,2636,0,0,0,0
74,-156,1100,0,0,0,0
74,-155,2208,0,0,0,0
74,-154,4104,0,0,0,0
74,-153,808,0,0,0,0
74,-152,1614,2,0,0.1239,0
74,-151,2628,0,0,0,0
74,-150,2302,0,0,0,0
74,-149,2294,0,0,0,0
74,-148,2386,1,0,0.04191,0
74,-147,2280,0,0,0,0
74,-146,3434,0,0,0,0
74,-145,3392,0,0,0,0
74,-144,2058,1,0,0.04859,0
74,-143,2936,2,0,0.06812,0
74,-142,3968,2,0,0.0504,0
74,-141,1704,0,0,0,0
74,-140,2554,2,0,0.07831,0
74,-139,3096,1,0,0.0323,0
74,-138,2664,1,0,0.03754,0
74,-137,3938,0,0,0,0
74,-136,2206,0,0,0,0
74,-135,3146,0,0,0,0
74,-134,2762,1,0,0.03621,0
74,-133,3198,0,0,0,0
74,-132,2342,0,0,0,0
74,-131,4496,0,0,0,0
74,-130,3070,0,0,0,0
74,-129,4152,1,0,0.02408,0
74,-128,2968,0,0,0,0
74,-127,3994,0,0,0,0
74,-126,3450,0,0,0,0
74,-125,2840,0,0,0,0
74,-124,5034,1,0,0.01986,0
74,-123,4428,0,0,0,0
74,-122,3778,0,0,0,0
74,-121,5756,1,0,0.01737,0
74,-120,3548,0,0,0,0
74,-119,4934,2,0,0.04054,0
74,-118,5590,2,0,0.03578,0
74,-117,4856,2,0,0.04119,0
74,-116,3984,0,0,0,0
74,-115,4164,2,0,0.04803,0
74,-114,4926,1,0,0.0203,0
74,-113,4496,0,0,0,0
74,-112,4290,0,0,0,0
74,-111,5984,1,0,0.01671,0
74,-110,4960,2,0,0.04032,0
74,-109,4874,0,0,0,0
74,-108,4732,0,0,0,0
74,-107,4182,1,0,0.02391,0
74,-106,3476,0,0,0,0
74,-105,3750,0,0,0,0
74,-104,4966,0,0,0,0
74,-103,3734,0,0,0,0
74,-102,3134,0,0,0,0
74,-101,4120,2,0,0.04854,0
74,-100,4388,0,0,0,0
74,-99,2767,0,0,0,0
74,-98,3914,0,0,0,0
74,-97,4666,1,0,0.02143,0
74,-96,4750,0,0,0,0
74,-95,3372,0,0,0,0
74,-94,4720,0,0,0,0
74,-93,3805,3,0,0.07884,0
74,-92,4459,0,0,0,0
74,-91,4521,1,0,0.02212,0
74,-90,5403,2,0,0.03702,0
74,-89,4228,2,0,0.0473,0
74,-88,4404,1,0,0.02271,0
74,-87,4781,6,0,0.1255,0
74,-86,4897,2,0,0.04084,0
74,-85,4382,0,0,0,0
74,-84,5860,5,0,0.08532,0
74,-83,3340,3,0,0.08982,0
74,-82,5248,0,0,0,0
74,-81,5265,0,0,0,0
74,-80,3357,0,0,0,0
74,-79,4219,1,0,0.0237,0
74,-78,6248,0,0,0,0
74,-77,3486,1,0,0.02869,0
74,-76,3863,0,0,0,0
74,-75,5441,1,0,0.01838,0
74,-74,6088,0,0,0,0
74,-73,4184,4,0,0.0956,0
74,-72,7030,3,0,0.04267,0
74,-71,5946,2,0,0.03364,0
74,-70,5351,1,0,0.01869,0
74,-69,6367,0,0,0,0
74,-68,6065,0,0,0,0
74,-67,5598,2,0,0.03573,0
74,-66,6700,0,0,0,0
74,-65,7715,1,0,0.01296,0
74,-64,4422,2,0,0.04523,0
74,-63,6910,0,0,0,0
74,-62,8562,0,0,0,0
74,-61,6510,3,1,0.04608,1.536
74,-60,7204,1,0,0.01388,0
74,-59,7640,1,0,0.01309,0
74,-58,6834,0,0,0,0
74,-57,5150,0,0,0,0
74,-56,6978,3,0,0.04299,0
74,-55,4258,6,0,0.1409,0
74,-54,3864,4,0,0.1035,0
74,-53,5944,3,0,0.05047,0
74,-52,4224,0,0,0,0
74,-51,3458,0,0,0,0
74,-50,3930,3,0,0.07634,0
74,-49,2452,0,0,0,0
74,-48,2350,0,0,0,0
74,-47,1832,3,0,0.1638,0
74,-46,1994,1,0,0.05015,0
74,-45,888,0,0,0,0
74,-44,1466,0,0,0,0
74,-43,1298,2,0,0.1541,0
74,-42,1330,1,0,0.07519,0
74,-41,898,0,0,0,0
74,-40,1086,2,0,0.1842,0
74,-39,1086,0,0,0,0
74,-38,2824,2,1,0.07082,3.541
74,-37,1622,3,0,0.185,0
74,-36,1164,0,0,0,0
74,-35,2340,0,0,0,0
74,-34,2934,0,0,0,0
74,-33,1692,4,0,0.2364,0
74,-32,4724,2,0,0.04234,0
74,-31,3348,0,0,0,0
74,-30,4636,2,0,0.04314,0
74,-29,4995,9,1,0.1802,2.002
74,-28,4562,8,2,0.1754,4.384
74,-27,6811,4,0,0.05873,0
74,-26,8050,17,1,0.2112,1.242
74,-25,4669,6,0,0.1285,0
74,-24,10310,12,0,0.1164,0
74,-23,9681,5,0,0.05165,0
74,-22,5702,4,0,0.07015,0
74,-21,8694,4,0,0.04601,0
74,-20,11370,7,0,0.06157,0
74,-19,5126,4,1,0.07803,1.951
74,-18,11880,5,0,0.04209,0
74,-17,9152,4,1,0.04371,1.093
74,-16,9158,3,0,0.03276,0
74,-15,8532,12,1,0.1406,1.172
74,-14,9172,4,0,0.04361,0
74,-13,8510,4,0,0.047,0
74,-12,8558,4,1,0.04674,1.168
74,-11,8156,2,0,0.02452,0
74,-10,8904,7,1,0.07862,1.123
74,-9,7380,8,0,0.1084,0
74,-8,8700,3,0,0.03448,0
74,-7,5458,6,0,0.1099,0
74,-6,7316,12,2,0.164,2.734
74,-5,4846,0,0,0,0
74,-4,5198,0,0,0,0
74,-3,4686,8,0,0.1707,0
74,-2,5672,3,0,0.05289,0
74,-1,4398,9,0,0.2046,0
74,0,4236,3,0,0.07082,0
74,1,4504,3,0,0.06661,0
74,2,3990,5,0,0.1253,0
74,3,3562,1,0,0.02807,0
74,4,3494,1,0,0.02862,0
74,5,2572,1,0,0.03888,0
74,6,2950,1,0,0.0339,0
74,7,3162,1,0,0.03163,0
74,8,3008,2,0,0.06649,0
74,9,3483,1,0,0.02871,0
74,10,3082,2,0,0.06489,0
74,11,3106,1,0,0.0322,0
74,12,3498,3,0,0.08576,0
74,13,2820,3,0,0.1064,0
74,14,5861,3,0,0.05119,0
74,15,3448,0,0,0,0
74,16,4621,0,0,0,0
74,17,4430,2,0,0.04515,0
74,18,6570,6,0,0.09132,0
74,19,4124,4,0,0.09699,0
74,20,7200,16,0,0.2222,0
74,21,5244,6,0,0.1144,0
74,22,6628,5,0,0.07544,0
74,23,6144,8,1,0.1302,1.628
74,24,7192,16,2,0.2225,2.781
74,25,5902,7,0,0.1186,0
74,26,6908,14,0,0.2027,0
74,27,5591,11,1,0.1967,1.789
74,28,5974,12,0,0.2009,0
74,29,5178,12,0,0.2317,0
74,30,4582,9,1,0.1964,2.182
74,31,4382,3,0,0.06846,0
74,32,5096,5,0,0.09812,0
74,33,2208,2,0,0.09058,0
74,34,5103,2,0,0.03919,0
74,35,3618,8,0,0.2211,0
74,36,3088,3,0,0.09715,0
74,37,4286,1,0,0.02333,0
74,38,3930,0,0,0,0
74,39,4352,1,0,0.02298,0
74,40,5082,5,0,0.09839,0
74,41,3600,1,0,0.02778,0
74,42,4270,0,0,0,0
74,43,4676,4,0,0.08554,0
74,44,4650,0,0,0,0
74,45,3596,3,0,0.08343,0
74,46,5200,3,0,0.05769,0
74,47,4294,3,0,0.06986,0
74,48,5910,0,0,0,0
74,49,3372,0,0,0,0
74,50,4894,1,0,0.02043,0
74,51,3936,0,0,0,0
74,52,4638,4,0,0.08624,0
74,53,3670,1,0,0.02725,0
74,54,5224,3,0,0.05743,0
74,55,4104,1,0,0.02437,0
74,56,5556,4,0,0.07199,0
74,57,3528,2,0,0.05669,0
74,58,4328,0,0,0,0
74,59,4476,4,0,0.08937,0
74,60,3996,2,0,0.05005,0
74,61,3354,0,0,0,0
74,62,3272,1,0,0.03056,0
74,63,3642,2,0,0.05491,0
74,64,3412,0,0,0,0
74,65,3360,2,0,0.05952,0
74,66,4818,0,0,0,0
74,67,2462,0,0,0,0
74,68,3368,2,0,0.05938,0
74,69,4110,2,0,0.04866,0
74,70,3634,2,0,0.05504,0
74,71,4078,1,1,0.02452,2.452
74,72,3804,4,0,0.1052,0
74,73,4580,0,0,0,0
74,74,4292,1,0,0.0233,0
74,75,3838,3,0,0.07817,0
74,76,5038,1,0,0.01985,0
74,77,3888,2,0,0.05144,0
74,78,4192,1,0,0.02385,0
74,79,2416,0,0,0,0
74,80,3662,0,0,0,0
74,81,2136,0,0,0,0
74,82,2982,0,0,0,0
74,83,2356,1,0,0.04244,0
74,84,1856,0,0,0,0
74,85,2564,0,0,0,0
74,86,1472,3,0,0.2038,0
74,87,1114,0,0,0,0
74,88,1950,4,1,0.2051,5.128
74,89,952,1,0,0.105,0
74,90,2126,0,0,0,0
74,91,1082,0,0,0,0
74,92,846,0,0,0,0
74,93,1372,0,0,0,0
74,94,1416,0,0,0,0
74,95,540,1,0,0.1852,0
74,96,1722,0,0,0,0
74,97,982,0,0,0,0
74,98,44,0,0,0,0
74,99,384,0,0,0,0
74,100,590,0,0,0,0
74,101,426,0,0,0,0
74,102,534,0,0,0,0
74,103,200,0,0,0,0
74,104,134,0,0,0,0
74,105,598,0,0,0,0
74,106,146,0,0,0,0
74,107,360,0,0,0,0
74,108,766,0,0,0,0
74,109,984,0,0,0,0
74,110,1076,0,0,0,0
74,111,734,0,0,0,0
74,112,1546,0,0,0,0
74,113,454,0,0,0,0
74,114,1150,0,0,0,0
74,115,1350,0,0,0,0
74,116,352,0,0,0,0
74,117,1432,1,0,0.06983,0
74,118,934,0,0,0,0
74,119,382,0,0,0,0
74,120,1010,0,0,0,0
74,121,1120,0,0,0,0
74,122,254,0,0,0,0
74,123,405,0,0,0,0
74,124,432,0,0,0,0
74,125,258,1,0,0.3876,0
74,126,992,0,0,0,0
74,127,182,1,0,0.5495,0
74,128,528,0,0,0,0
74,129,672,0,0,0,0
74,130,730,0,0,0,0
74,131,580,0,0,0,0
74,132,1220,0,0,0,0
74,133,652,0,0,0,0
74,134,1132,0,0,0,0
74,135,1130,0,0,0,0
74,136,620,0,0,0,0
74,137,1370,0,0,0,0
74,138,1026,0,0,0,0
74,139,616,0,0,0,0
74,140,830,0,0,0,0
74,141,1210,0,0,0,0
74,142,1320,0,0,0,0
74,143,630,0,0,0,0
74,144,1580,1,0,0.06329,0
74,145,1440,0,0,0,0
74,146,1278,0,0,0,0
74,147,1890,0,0,0,0
74,148,980,0,0,0,0
74,149,2070,0,0,0,0
74,150,1048,0,0,0,0
74,151,1798,0,0,0,0
74,152,1894,0,0,0,0
74,153,2282,1,0,0.04382,0
74,154,1952,0,0,0,0
74,155,3952,0,0,0,0
74,156,1382,0,0,0,0
74,157,4750,0,0,0,0
74,158,2998,0,0,0,0
74,159,4926,1,0,0.0203,0
74,160,2720,0,0,0,0
74,161,4192,1,0,0.02385,0
74,162,3786,0,0,0,0
74,163,4266,0,0,0,0
74,164,4144,0,0,0,0
74,165,4348,1,0,0.023,0
74,166,3818,0,0,0,0
74,167,5386,3,0,0.0557,0
74,168,3590,0,0,0,0
74,169,3511,1,0,0.02848,0
74,170,3850,0,0,0,0
74,171,3806,0,0,0,0
74,172,3605,0,0,0,0
74,173,3806,1,0,0.02627,0
74,174,2929,0,0,0,0
74,175,4076,0,0,0,0
74,176,4160,3,0,0.07212,0
74,177,1918,0,0,0,0
74,178,3910,2,0,0.05115,0
74,179,4120,0,0,0,0
75,-180,4452,2,0,0.04492,0
75,-179,3081,0,0,0,0
75,-178,4142,1,0,0.02414,0
75,-177,4106,1,0,0.02435,0
75,-176,2526,0,0,0,0
75,-175,4402,0,0,0,0
75,-174,3882,2,0,0.05152,0
75,-173,3080,1,0,0.03247,0
75,-172,4692,0,0,0,0
75,-171,4792,1,0,0.02087,0
75,-170,1662,1,0,0.06017,0
75,-169,3306,0,0,0,0
75,-168,3328,1,0,0.03005,0
75,-167,2560,0,0,0,0
75,-166,3412,1,1,0.02931,2.931
75,-165,4842,2,0,0.04131,0
75,-164,1890,0,0,0,0
75,-163,3032,1,0,0.03298,0
75,-162,2966,0,0,0,0
75,-161,3062,0,0,0,0
75,-160,2508,0,0,0,0
75,-159,3454,0,0,0,0
75,-158,1898,0,0,0,0
75,-157,2018,0,0,0,0
75,-156,2502,1,0,0.03997,0
75,-155,1814,0,0,0,0
75,-154,1476,0,0,0,0
75,-153,4088,0,0,0,0
75,-152,1580,0,0,0,0
75,-151,1366,1,0,0.07321,0
75,-150,2064,1,0,0.04845,0
75,-149,3738,0,0,0,0
75,-148,2754,0,0,0,0
75,-147,3178,0,0,0,0
75,-146,2318,1,0,0.04314,0
75,-145,2558,0,0,0,0
75,-144,2906,1,0,0.03441,0
75,-143,2144,0,0,0,0
75,-142,2458,1,0,0.04068,0
75,-141,4240,0,0,0,0
75,-140,3198,0,0,0,0
75,-139,2968,0,0,0,0
75,-138,2972,0,0,0,0
75,-137,2148,0,0,0,0
75,-136,3462,0,0,0,0
75,-135,2700,2,0,0.07407,0
75,-134,2804,0,0,0,0
75,-133,2990,1,0,0.03344,0
75,-132,3736,0,0,0,0
75,-131,2424,0,0,0,0
75,-130,3586,1,0,0.02789,0
75,-129,2870,0,0,0,0
75,-128,4053,0,0,0,0
75,-127,3036,2,0,0.06588,0
75,-126,4524,0,0,0,0
75,-125,2892,0,0,0,0
75,-124,3648,0,0,0,0
75,-123,5054,0,0,0,0
75,-122,4402,2,0,0.04543,0
75,-121,3306,2,0,0.0605,0
75,-120,6988,3,0,0.04293,0
75,-119,2800,1,0,0.03571,0
75,-118,5534,5,0,0.09035,0
75,-117,4824,3,0,0.06219,0
75,-116,6254,1,0,0.01599,0
75,-115,4408,0,0,0,0
75,-114,4634,1,0,0.02158,0
75,-113,6646,0,0,0,0
75,-112,5044,1,0,0.01983,0
75,-111,3032,0,0,0,0
75,-110,5732,0,0,0,0
75,-109,5340,1,0,0.01873,0
75,-108,4687,0,0,0,0
75,-107,4766,3,0,0.06295,0
75,-106,5460,2,0,0.03663,0
75,-105,4014,1,0,0.02491,0
75,-104,2739,1,0,0.03651,0
75,-103,4702,1,0,0.02127,0
75,-102,4574,0,0,0,0
75,-101,1700,0,0,0,0
75,-100,3484,0,0,0,0
75,-99,6036,1,0,0.01657,0
75,-98,3148,0,0,0,0
75,-97,3302,0,0,0,0
75,-96,4350,2,0,0.04598,0
75,-95,5458,0,0,0,0
75,-94,3362,0,0,0,0
75,-93,4000,4,0,0.1,0
75,-92,4057,0,0,0,0
75,-91,5044,2,0,0.03965,0
75,-90,3835,1,0,0.02608,0
75,-89,4944,0,0,0,0
75,-88,4634,0,0,0,0
75,-87,4795,0,0,0,0
75,-86,4237,2,0,0.0472,0
75,-85,5226,2,0,0.03827,0
75,-84,4152,0,0,0,0
75,-83,6914,2,0,0.02893,0
75,-82,2405,1,0,0.04158,0
75,-81,5758,1,0,0.01737,0
75,-80,5289,1,0,0.01891,0
75,-79,5171,2,0,0.03868,0
75,-78,3046,1,0,0.03283,0
75,-77,5787,0,0,0,0
75,-76,4798,0,0,0,0
75,-75,4446,1,0,0.02249,0
75,-74,5806,2,0,0.03445,0
75,-73,6855,4,0,0.05835,0
75,-72,5198,2,0,0.03848,0
75,-71,7138,1,0,0.01401,0
75,-70,5980,1,0,0.01672,0
75,-69,5850,1,0,0.01709,0
75,-68,5642,0,0,0,0
75,-67,8741,0,0,0,0
75,-66,5744,0,0,0,0
75,-65,4670,0,0,0,0
75,-64,7978,1,0,0.01253,0
75,-63,7370,1,0,0.01357,0
75,-62,3908,0,0,0,0
75,-61,8658,0,0,0,0
75,-60,10002,5,0,0.04999,0
75,-59,4998,0,0,0,0
75,-58,6920,7,0,0.1012,0
75,-57,5918,3,0,0.05069,0
75,-56,5120,5,0,0.09766,0
75,-55,4628,9,0,0.1945,0
75,-54,5194,5,0,0.09626,0
75,-53,4122,1,0,0.02426,0
75,-52,3178,6,0,0.1888,0
75,-51,2138,1,0,0.04677,0
75,-50,2212,0,0,0,0
75,-49,1910,0,0,0,0
75,-48,1840,1,0,0.05435,0
75,-47,918,1,0,0.1089,0
75,-46,1256,0,0,0,0
75,-45,1452,2,0,0.1377,0
75,-44,678,0,0,0,0
75,-43,1060,0,0,0,0
75,-42,1214,0,0,0,0
75,-41,892,0,0,0,0
75,-40,1004,0,0,0,0
75,-39,1196,0,0,0,0
75,-38,954,0,0,0,0
75,-37,2630,2,0,0.07605,0
75,-36,2084,0,0,0,0
75,-35,1304,0,0,0,0
75,-34,2732,0,0,0,0
75,-33,2720,4,0,0.1471,0
75,-32,1746,2,0,0.1145,0
75,-31,1970,2,0,0.1015,0
75,-30,3270,4,0,0.1223,0
75,-29,3030,1,0,0.033,0
75,-28,3246,10,2,0.3081,6.161
75,-27,3580,5,0,0.1397,0
75,-26,4478,7,2,0.1563,4.466
75,-25,7960,7,1,0.08794,1.256
75,-24,5624,3,0,0.05334,0
75,-23,6533,4,0,0.06123,0
75,-22,10190,6,0,0.05888,0
75,-21,7788,7,0,0.08988,0
75,-20,5836,0,0,0,0
75,-19,12247,9,0,0.07349,0
75,-18,6158,7,1,0.1137,1.624
75,-17,7992,3,0,0.03754,0
75,-16,8296,2,0,0.02411,0
75,-15,9216,7,0,0.07595,0
75,-14,7369,3,0,0.04071,0
75,-13,10164,11,0,0.1082,0
75,-12,6840,3,0,0.04386,0
75,-11,9421,4,0,0.04246,0
75,-10,5852,10,0,0.1709,0
75,-9,9724,10,0,0.1028,0
75,-8,5216,6,1,0.115,1.917
75,-7,8598,3,0,0.03489,0
75,-6,4402,2,0,0.04543,0
75,-5,6472,3,0,0.04635,0
75,-4,4518,0,0,0,0
75,-3,5662,3,0,0.05298,0
75,-2,4636,0,0,0,0
75,-1,5534,8,0,0.1446,0
75,0,4020,3,0,0.07463,0
75,1,5252,2,0,0.03808,0
75,2,4198,3,0,0.07146,0
75,3,4574,4,0,0.08745,0
75,4,4312,3,0,0.06957,0
75,5,3560,0,0,0,0
75,6,4036,2,0,0.04955,0
75,7,4122,0,0,0,0
75,8,2917,1,0,0.03428,0
75,9,4244,4,0,0.09425,0
75,10,4444,4,0,0.09001,0
75,11,2454,3,0,0.1222,0
75,12,4844,4,0,0.08258,0
75,13,3238,0,0,0,0
75,14,4083,1,0,0.02449,0
75,15,2667,1,0,0.0375,0
75,16,6184,4,0,0.06468,0
75,17,3160,2,0,0.06329,0
75,18,3732,4,0,0.1072,0
75,19,4259,1,0,0.02348,0
75,20,4874,8,0,0.1641,0
75,21,3408,3,0,0.08803,0
75,22,4750,2,0,0.04211,0
75,23,4246,3,0,0.07065,0
75,24,5124,5,1,0.09758,1.952
75,25,3007,1,0,0.03326,0
75,26,5715,10,1,0.175,1.75
75,27,4947,4,0,0.08086,0
75,28,5197,4,0,0.07697,0
75,29,4246,3,0,0.07065,0
75,30,6052,12,1,0.1983,1.652
75,31,4388,5,0,0.1139,0
75,32,4711,14,1,0.2972,2.123
75,33,4618,5,2,0.1083,4.331
75,34,4294,5,0,0.1164,0
75,35,2992,6,1,0.2005,3.342
75,36,4661,1,0,0.02145,0
75,37,3428,4,0,0.1167,0
75,38,4248,5,0,0.1177,0
75,39,4148,0,0,0,0
75,40,3798,0,0,0,0
75,41,4420,1,0,0.02262,0
75,42,4484,1,0,0.0223,0
75,43,4026,3,0,0.07452,0
75,44,4184,0,0,0,0
75,45,5460,1,0,0.01832,0
75,46,3736,0,0,0,0
75,47,5072,3,0,0.05915,0
75,48,3756,4,0,0.1065,0
75,49,5726,0,0,0,0
75,50,3762,4,0,0.1063,0
75,51,5526,0,0,0,0
75,52,3574,0,0,0,0
75,53,5688,1,0,0.01758,0
75,54,3792,0,0,0,0
75,55,5104,1,0,0.01959,0
75,56,2918,1,0,0.03427,0
75,57,6046,4,0,0.06616,0
75,58,3664,6,1,0.1638,2.729
75,59,5028,2,0,0.03978,0
75,60,3770,0,0,0,0
75,61,5492,1,0,0.01821,0
75,62,3380,0,0,0,0
75,63,3702,0,0,0,0
75,64,3654,1,0,0.02737,0
75,65,4428,0,0,0,0
75,66,2032,1,0,0.04921,0
75,67,6168,1,0,0.01621,0
75,68,3044,1,0,0.03285,0
75,69,3684,2,0,0.05429,0
75,70,4134,2,0,0.04838,0
75,71,5002,0,0,0,0
75,72,3752,1,0,0.02665,0
75,73,5140,2,0,0.03891,0
75,74,3934,1,0,0.02542,0
75,75,4508,0,0,0,0
75,76,4190,0,0,0,0
75,77,4512,0,0,0,0
75,78,4694,1,0,0.0213,0
75,79,4194,1,0,0.02384,0
75,80,3142,1,0,0.03183,0
75,81,4204,2,1,0.04757,2.379
75,82,2910,0,0,0,0
75,83,3010,0,0,0,0
75,84,3540,0,0,0,0
75,85,2284,0,0,0,0
75,86,3416,1,0,0.02927,0
75,87,1676,0,0,0,0
75,88,2078,0,0,0,0
75,89,1830,1,0,0.05464,0
75,90,1626,0,0,0,0
75,91,1768,0,0,0,0
75,92,1802,0,0,0,0
75,93,1188,1,0,0.08418,0
75,94,1696,1,0,0.05896,0
75,95,1588,0,0,0,0
75,96,1178,1,0,0.08489,0
75,97,1362,1,0,0.07342,0
75,98,1638,0,0,0,0
75,99,234,0,0,0,0
75,100,338,0,0,0,0
75,101,238,0,0,0,0
75,102,710,0,0,0,0
75,103,652,0,0,0,0
75,104,218,0,0,0,0
75,105,98,0,0,0,0
75,106,642,0,0,0,0
75,107,102,0,0,0,0
75,108,464,0,0,0,0
75,109,628,1,0,0.1592,0
75,110,1270,0,0,0,0
75,111,852,0,0,0,0
75,112,758,0,0,0,0
75,113,1334,0,0,0,0
75,114,432,0,0,0,0
75,115,816,0,0,0,0
75,116,1302,0,0,0,0
75,117,360,0,0,0,0
75,118,904,1,0,0.1106,0
75,119,1172,0,0,0,0
75,120,376,0,0,0,0
75,121,508,0,0,0,0
75,122,766,0,0,0,0
75,123,882,0,0,0,0
75,124,426,0,0,0,0
75,125,338,0,0,0,0
75,126,180,0,0,0,0
75,127,946,0,0,0,0
75,128,202,0,0,0,0
75,129,526,0,0,0,0
75,130,626,0,0,0,0
75,131,1132,0,0,0,0
75,132,598,0,0,0,0
75,133,1376,0,0,0,0
75,134,864,0,0,0,0
75,135,1432,0,0,0,0
75,136,1070,0,0,0,0
75,137,1012,0,0,0,0
75,138,1174,0,0,0,0
75,139,1032,0,0,0,0
75,140,754,0,0,0,0
75,141,870,0,0,0,0
75,142,1372,0,0,0,0
75,143,1212,0,0,0,0
75,144,808,0,0,0,0
75,145,1652,1,0,0.06053,0
75,146,1172,1,0,0.08532,0
75,147,1708,0,0,0,0
75,148,1888,0,0,0,0
75,149,1406,2,0,0.1422,0
75,150,1954,0,0,0,0
75,151,1186,0,0,0,0
75,152,1356,0,0,0,0
75,153,2638,0,0,0,0
75,154,1898,1,0,0.05269,0
75,155,1976,1,0,0.05061,0
75,156,4302,2,0,0.04649,0
75,157,2050,0,0,0,0
75,158,3970,0,0,0,0
75,159,2950,0,0,0,0
75,160,4978,0,0,0,0
75,161,2878,0,0,0,0
75,162,3984,0,0,0,0
75,163,3190,0,0,0,0
75,164,4782,2,0,0.04182,0
75,165,3458,0,0,0,0
75,166,5058,0,0,0,0
75,167,3238,0,0,0,0
75,168,5472,1,0,0.01827,0
75,169,3430,0,0,0,0
75,170,4546,1,0,0.022,0
75,171,3080,2,0,0.06494,0
75,172,4735,0,0,0,0
75,173,3266,0,0,0,0
75,174,4142,2,0,0.04829,0
75,175,3402,0,0,0,0
75,176,4488,0,0,0,0
75,177,4134,1,1,0.02419,2.419
75,178,3218,0,0,0,0
75,179,3056,0,0,0,0
76,-180,3566,2,0,0.05609,0
76,-179,3698,0,0,0,0
76,-178,3384,3,0,0.08865,0
76,-177,4816,1,0,0.02076,0
76,-176,4828,1,0,0.02071,0
76,-175,3086,0,0,0,0
76,-174,4118,1,0,0.02428,0
76,-173,4658,0,0,0,0
76,-172,2520,0,0,0,0
76,-171,3716,0,0,0,0
76,-170,4618,0,0,0,0
76,-169,2842,0,0,0,0
76,-168,3532,0,0,0,0
76,-167,3754,0,0,0,0
76,-166,3358,1,0,0.02978,0
76,-165,3268,1,0,0.0306,0
76,-164,4956,0,0,0,0
76,-163,3384,0,0,0,0
76,-162,2124,0,0,0,0
76,-161,2880,2,0,0.06944,0
76,-160,3212,0,0,0,0
76,-159,2322,0,0,0,0
76,-158,3232,0,0,0,0
76,-157,2748,0,0,0,0
76,-156,1932,0,0,0,0
76,-155,2536,2,0,0.07886,0
76,-154,2276,0,0,0,0
76,-153,1788,0,0,0,0
76,-152,3602,0,0,0,0
76,-151,2746,0,0,0,0
76,-150,2230,0,0,0,0
76,-149,2040,1,0,0.04902,0
76,-148,2688,1,0,0.0372,0
76,-147,2438,1,0,0.04102,0
76,-146,3430,0,0,0,0
76,-145,2060,0,0,0,0
76,-144,2638,0,0,0,0
76,-143,3320,0,0,0,0
76,-142,2558,0,0,0,0
76,-141,1968,0,0,0,0
76,-140,2924,0,0,0,0
76,-139,3456,1,0,0.02894,0
76,-138,3020,0,0,0,0
76,-137,3176,0,0,0,0
76,-136,2248,1,0,0.04448,0
76,-135,3262,1,0,0.03066,0
76,-134,3622,0,0,0,0
76,-133,3324,1,0,0.03008,0
76,-132,2532,0,0,0,0
76,-131,3792,0,0,0,0
76,-130,3352,0,0,0,0
76,-129,3150,1,0,0.03175,0
76,-128,2988,0,0,0,0
76,-127,4097,1,0,0.02441,0
76,-126,3792,1,0,0.02637,0
76,-125,4787,0,0,0,0
76,-124,3302,0,0,0,0
76,-123,3514,0,0,0,0
76,-122,5518,0,0,0,0
76,-121,3800,0,0,0,0
76,-120,3046,0,0,0,0
76,-119,7228,2,0,0.02767,0
76,-118,4852,1,0,0.02061,0
76,-117,5010,3,0,0.05988,0
76,-116,4928,4,0,0.08117,0
76,-115,6706,0,0,0,0
76,-114,3674,0,0,0,0
76,-113,3230,3,0,0.09288,0
76,-112,5982,0,0,0,0
76,-111,5886,0,0,0,0
76,-110,2974,3,0,0.1009,0
76,-109,4160,5,0,0.1202,0
76,-108,6178,2,0,0.03237,0
76,-107,4426,3,0,0.06778,0
76,-106,3926,3,0,0.07641,0
76,-105,5476,3,0,0.05478,0
76,-104,4372,0,0,0,0
76,-103,2130,2,0,0.0939,0
76,-102,4045,0,0,0,0
76,-101,6022,0,0,0,0
76,-100,2499,0,0,0,0
76,-99,2271,0,0,0,0
76,-98,5536,2,0,0.03613,0
76,-97,5103,0,0,0,0
76,-96,2118,2,0,0.09443,0
76,-95,3484,1,0,0.0287,0
76,-94,5704,3,0,0.05259,0
76,-93,4265,1,0,0.02345,0
76,-92,3811,1,0,0.02624,0
76,-91,3976,0,0,0,0
76,-90,5434,2,0,0.03681,0
76,-89,3658,0,0,0,0
76,-88,3879,2,0,0.05156,0
76,-87,4514,3,0,0.06646,0
76,-86,5450,3,0,0.05505,0
76,-85,4258,4,0,0.09394,0
76,-84,4592,4,0,0.08711,0
76,-83,4508,4,0,0.08873,0
76,-82,7458,1,0,0.01341,0
76,-81,3213,0,0,0,0
76,-80,4273,0,0,0,0
76,-79,4680,3,0,0.0641,0
76,-78,6672,2,0,0.02998,0
76,-77,3318,0,0,0,0
76,-76,6068,0,0,0,0
76,-75,5828,2,0,0.03432,0
76,-74,4854,1,0,0.0206,0
76,-73,7081,0,0,0,0
76,-72,6002,6,0,0.09997,0
76,-71,4281,0,0,0,0
76,-70,7591,5,0,0.06587,0
76,-69,7430,11,0,0.148,0
76,-68,6958,2,0,0.02874,0
76,-67,4832,0,0,0,0
76,-66,8025,13,0,0.162,0
76,-65,7354,16,0,0.2176,0
76,-64,5644,1,0,0.01772,0
76,-63,5466,4,0,0.07318,0
76,-62,9846,3,0,0.03047,0
76,-61,6040,2,0,0.03311,0
76,-60,4318,2,0,0.04632,0
76,-59,6520,6,1,0.09202,1.534
76,-58,5846,1,0,0.01711,0
76,-57,4012,2,0,0.04985,0
76,-56,2504,3,0,0.1198,0
76,-55,4190,2,0,0.04773,0
76,-54,3104,1,0,0.03222,0
76,-53,2144,1,0,0.04664,0
76,-52,1858,0,0,0,0
76,-51,1834,0,0,0,0
76,-50,1123,0,0,0,0
76,-49,1541,0,0,0,0
76,-48,1656,2,0,0.1208,0
76,-47,1010,0,0,0,0
76,-46,1174,0,0,0,0
76,-45,1578,2,0,0.1267,0
76,-44,1550,1,0,0.06452,0
76,-43,654,0,0,0,0
76,-42,616,2,0,0.3247,0
76,-41,1734,0,0,0,0
76,-40,1130,0,0,0,0
76,-39,624,0,0,0,0
76,-38,1434,0,0,0,0
76,-37,1790,1,0,0.05587,0
76,-36,2696,0,0,0,0
76,-35,1560,2,0,0.1282,0
76,-34,1150,2,0,0.1739,0
76,-33,2280,2,0,0.08772,0
76,-32,2604,6,1,0.2304,3.84
76,-31,1886,1,0,0.05302,0
76,-30,1520,2,0,0.1316,0
76,-29,2788,2,0,0.07174,0
76,-28,4858,1,0,0.02058,0
76,-27,5194,7,0,0.1348,0
76,-26,4872,3,0,0.06158,0
76,-25,5411,8,1,0.1478,1.848
76,-24,7136,5,0,0.07007,0
76,-23,6299,0,0,0,0
76,-22,6967,2,0,0.02871,0
76,-21,8922,2,0,0.02242,0
76,-20,8501,1,0,0.01176,0
76,-19,5844,0,0,0,0
76,-18,8268,2,0,0.02419,0
76,-17,8197,7,0,0.0854,0
76,-16,6976,1,0,0.01433,0
76,-15,7180,3,0,0.04178,0
76,-14,9852,9,0,0.09135,0
76,-13,7430,1,0,0.01346,0
76,-12,9012,4,1,0.04439,1.11
76,-11,6490,1,0,0.01541,0
76,-10,8848,4,0,0.04521,0
76,-9,4564,4,0,0.08764,0
76,-8,8042,7,0,0.08704,0
76,-7,4580,0,0,0,0
76,-6,7110,6,0,0.08439,0
76,-5,4688,1,0,0.02133,0
76,-4,5968,4,0,0.06702,0
76,-3,5178,1,0,0.01931,0
76,-2,5319,4,0,0.0752,0
76,-1,4271,3,0,0.07024,0
76,0,5762,2,0,0.03471,0
76,1,4949,6,0,0.1212,0
76,2,4691,2,0,0.04263,0
76,3,4646,1,0,0.02152,0
76,4,4919,1,0,0.02033,0
76,5,4462,3,0,0.06723,0
76,6,3232,2,0,0.06188,0
76,7,3970,1,0,0.02519,0
76,8,5654,2,0,0.03537,0
76,9,3048,2,0,0.06562,0
76,10,3730,2,0,0.05362,0
76,11,6298,7,0,0.1111,0
76,12,2542,4,0,0.1574,0
76,13,3778,4,0,0.1059,0
76,14,6039,0,0,0,0
76,15,5744,6,0,0.1045,0
76,16,2752,4,0,0.1453,0
76,17,4866,6,0,0.1233,0
76,18,5302,6,0,0.1132,0
76,19,4790,4,0,0.08351,0
76,20,2587,1,0,0.03865,0
76,21,5840,8,1,0.137,1.712
76,22,5312,4,2,0.0753,3.765
76,23,4354,7,1,0.1608,2.297
76,24,3541,4,1,0.113,2.824
76,25,6792,5,0,0.07362,0
76,26,4097,3,0,0.07322,0
76,27,4001,3,1,0.07498,2.499
76,28,4506,2,0,0.04439,0
76,29,5513,9,1,0.1633,1.814
76,30,3306,4,0,0.121,0
76,31,4500,11,0,0.2444,0
76,32,4630,4,0,0.08639,0
76,33,4664,14,1,0.3002,2.144
76,34,3700,9,0,0.2432,0
76,35,4180,8,0,0.1914,0
76,36,4220,5,0,0.1185,0
76,37,3684,3,0,0.08143,0
76,38,3756,2,1,0.05325,2.662
76,39,3864,0,0,0,0
76,40,4416,1,0,0.02264,0
76,41,4160,2,0,0.04808,0
76,42,4016,0,0,0,0
76,43,4604,1,0,0.02172,0
76,44,4684,0,0,0,0
76,45,4066,3,0,0.07378,0
76,46,5020,0,0,0,0
76,47,4580,0,0,0,0
76,48,4614,4,0,0.08669,0
76,49,4086,0,0,0,0
76,50,4886,1,0,0.02047,0
76,51,4548,0,0,0,0
76,52,5430,3,0,0.05525,0
76,53,3834,2,0,0.05216,0
76,54,4660,3,0,0.06438,0
76,55,4474,1,0,0.02235,0
76,56,5090,4,0,0.07859,0
76,57,3400,0,0,0,0
76,58,4938,3,0,0.06075,0
76,59,4988,3,0,0.06014,0
76,60,5590,2,0,0.03578,0
76,61,3860,0,0,0,0
76,62,5190,0,0,0,0
76,63,4280,2,0,0.04673,0
76,64,3542,0,0,0,0
76,65,4308,3,0,0.06964,0
76,66,5324,5,0,0.09391,0
76,67,2786,2,0,0.07179,0
76,68,5472,2,0,0.03655,0
76,69,5040,2,0,0.03968,0
76,70,3770,0,0,0,0
76,71,3656,0,0,0,0
76,72,5708,4,0,0.07008,0
76,73,4330,1,0,0.02309,0
76,74,5288,1,0,0.01891,0
76,75,4398,2,0,0.04548,0
76,76,4658,4,0,0.08587,0
76,77,4074,0,0,0,0
76,78,3634,1,0,0.02752,0
76,79,4272,3,0,0.07022,0
76,80,4214,1,0,0.02373,0
76,81,3920,1,0,0.02551,0
76,82,4434,1,0,0.02255,0
76,83,3776,0,0,0,0
76,84,3854,0,0,0,0
76,85,4300,0,0,0,0
76,86,3494,0,0,0,0
76,87,3808,2,0,0.05252,0
76,88,2448,0,0,0,0
76,89,2690,1,0,0.03717,0
76,90,2586,1,0,0.03867,0
76,91,2378,0,0,0,0
76,92,2094,0,0,0,0
76,93,1836,1,0,0.05447,0
76,94,1332,0,0,0,0
76,95,1070,0,0,0,0
76,96,1648,2,0,0.1214,0
76,97,1412,2,0,0.1416,0
76,98,1128,0,0,0,0
76,99,1524,0,0,0,0
76,100,1090,0,0,0,0
76,101,784,1,0,0.1276,0
76,102,218,0,0,0,0
76,103,368,0,0,0,0
76,104,668,0,0,0,0
76,105,586,2,0,0.3413,0
76,106,158,0,0,0,0
76,107,620,2,0,0.3226,0
76,108,326,0,0,0,0
76,109,360,0,0,0,0
76,110,636,0,0,0,0
76,111,1372,0,0,0,0
76,112,624,0,0,0,0
76,113,588,0,0,0,0
76,114,1594,0,0,0,0
76,115,532,0,0,0,0
76,116,666,0,0,0,0
76,117,1220,0,0,0,0
76,118,732,0,0,0,0
76,119,496,0,0,0,0
76,120,1144,0,0,0,0
76,121,918,0,0,0,0
76,122,580,0,0,0,0
76,123,488,0,0,0,0
76,124,1122,0,0,0,0
76,125,1258,0,0,0,0
76,126,760,0,0,0,0
76,127,336,0,0,0,0
76,128,962,4,0,0.4158,0
76,129,696,2,0,0.2874,0
76,130,594,0,0,0,0
76,131,780,0,0,0,0
76,132,1384,0,0,0,0
76,133,800,0,0,0,0
76,134,1450,0,0,0,0
76,135,964,0,0,0,0
76,136,1140,0,0,0,0
76,137,1260,0,0,0,0
76,138,1094,0,0,0,0
76,139,1096,0,0,0,0
76,140,1032,2,0,0.1938,0
76,141,1020,0,0,0,0
76,142,916,0,0,0,0
76,143,1344,2,0,0.1488,0
76,144,1380,0,0,0,0
76,145,782,0,0,0,0
76,146,1926,0,0,0,0
76,147,1618,1,0,0.0618,0
76,148,1562,0,0,0,0
76,149,1576,0,0,0,0
76,150,1366,0,0,0,0
76,151,1706,0,0,0,0
76,152,1070,1,0,0.09346,0
76,153,1088,0,0,0,0
76,154,2478,0,0,0,0
76,155,2288,0,0,0,0
76,156,1642,0,0,0,0
76,157,3396,0,0,0,0
76,158,3094,0,0,0,0
76,159,3328,0,0,0,0
76,160,2762,0,0,0,0
76,161,4646,0,0,0,0
76,162,3388,0,0,0,0
76,163,4434,0,0,0,0
76,164,3246,0,0,0,0
76,165,4506,1,0,0.02219,0
76,166,3814,0,0,0,0
76,167,4420,0,0,0,0
76,168,3578,1,0,0.02795,0
76,169,5240,2,0,0.03817,0
76,170,3900,0,0,0,0
76,171,4654,1,0,0.02149,0
76,172,3802,3,0,0.07891,0
76,173,4290,0,0,0,0
76,174,4699,0,0,0,0
76,175,4376,0,0,0,0
76,176,3284,0,0,0,0
76,177,4834,1,0,0.02069,0
76,178,4052,1,0,0.02468,0
76,179,3516,0,0,0,0
77,-180,3754,0,0,0,0
77,-179,5022,0,0,0,0
77,-178,4864,1,0,0.02056,0
77,-177,3436,0,0,0,0
77,-176,4016,0,0,0,0
77,-175,5282,0,0,0,0
77,-174,2964,0,0,0,0
77,-173,3418,0,0,0,0
77,-172,4932,1,0,0.02028,0
77,-171,4100,1,0,0.02439,0
77,-170,3250,2,0,0.06154,0
77,-169,4364,0,0,0,0
77,-168,3474,2,0,0.05757,0
77,-167,3224,0,0,0,0
77,-166,3790,1,0,0.02639,0
77,-165,3510,1,0,0.02849,0
77,-164,2712,0,0,0,0
77,-163,3502,0,0,0,0
77,-162,3476,2,0,0.05754,0
77,-161,3844,0,0,0,0
77,-160,3280,0,0,0,0
77,-159,3248,0,0,0,0
77,-158,2450,3,0,0.1224,0
77,-157,3138,0,0,0,0
77,-156,3314,0,0,0,0
77,-155,2382,0,0,0,0
77,-154,2100,1,0,0.04762,0
77,-153,2556,1,0,0.03912,0
77,-152,2018,0,0,0,0
77,-151,2940,0,0,0,0
77,-150,2664,0,0,0,0
77,-149,3064,0,0,0,0
77,-148,2700,3,0,0.1111,0
77,-147,2514,1,0,0.03978,0
77,-146,1562,0,0,0,0
77,-145,3922,0,0,0,0
77,-144,3690,0,0,0,0
77,-143,2276,0,0,0,0
77,-142,2870,0,0,0,0
77,-141,3072,0,0,0,0
77,-140,2890,0,0,0,0
77,-139,2750,0,0,0,0
77,-138,2752,0,0,0,0
77,-137,3278,0,0,0,0
77,-136,4800,0,0,0,0
77,-135,2950,1,0,0.0339,0
77,-134,3036,0,0,0,0
77,-133,3372,0,0,0,0
77,-132,4020,0,0,0,0
77,-131,3110,0,0,0,0
77,-130,3212,0,0,0,0
77,-129,3748,2,0,0.05336,0
77,-128,4216,0,0,0,0
77,-127,3120,0,0,0,0
77,-126,3576,0,0,0,0
77,-125,3636,1,0,0.0275,0
77,-124,4020,3,0,0.07463,0
77,-123,3966,1,0,0.02521,0
77,-122,3416,0,0,0,0
77,-121,6196,4,0,0.06456,0
77,-120,4926,2,0,0.0406,0
77,-119,3110,0,0,0,0
77,-118,5008,0,0,0,0
77,-117,5600,1,0,0.01786,0
77,-116,4526,1,0,0.02209,0
77,-115,3550,0,0,0,0
77,-114,5448,2,0,0.03671,0
77,-113,5922,0,0,0,0
77,-112,3666,2,0,0.05456,0
77,-111,5636,0,0,0,0
77,-110,5862,0,0,0,0
77,-109,4410,0,0,0,0
77,-108,3458,2,0,0.05784,0
77,-107,6032,0,0,0,0
77,-106,4972,1,0,0.02011,0
77,-105,3338,0,0,0,0
77,-104,4524,1,0,0.0221,0
77,-103,6834,4,0,0.05853,0
77,-102,3484,3,0,0.08611,0
77,-101,3589,0,0,0,0
77,-100,4788,0,0,0,0
77,-99,5204,4,0,0.07686,0
77,-98,1876,1,0,0.0533,0
77,-97,3105,1,0,0.03221,0
77,-96,5524,2,0,0.03621,0
77,-95,4055,1,0,0.02466,0
77,-94,2375,0,0,0,0
77,-93,4358,0,0,0,0
77,-92,5572,1,0,0.01795,0
77,-91,3039,0,0,0,0
77,-90,3149,0,0,0,0
77,-89,6036,1,0,0.01657,0
77,-88,5877,3,1,0.05105,1.702
77,-87,3131,1,0,0.03194,0
77,-86,3351,0,0,0,0
77,-85,6785,2,0,0.02948,0
77,-84,5642,0,0,0,0
77,-83,3805,2,0,0.05256,0
77,-82,3728,4,0,0.1073,0
77,-81,6943,2,0,0.02881,0
77,-80,5414,1,0,0.01847,0
77,-79,4295,3,0,0.06985,0
77,-78,5444,2,0,0.03674,0
77,-77,6692,3,1,0.04483,1.494
77,-76,5871,4,0,0.06813,0
77,-75,6468,1,0,0.01546,0
77,-74,5463,0,0,0,0
77,-73,4608,3,0,0.0651,0
77,-72,8291,3,0,0.03618,0
77,-71,7898,0,0,0,0
77,-70,5450,3,0,0.05505,0
77,-69,6019,5,0,0.08307,0
77,-68,7405,6,0,0.08103,0
77,-67,6734,4,0,0.0594,0
77,-66,5021,4,1,0.07967,1.992
77,-65,5632,7,0,0.1243,0
77,-64,7698,7,0,0.09093,0
77,-63,6301,3,1,0.04761,1.587
77,-62,3856,4,0,0.1037,0
77,-61,4994,4,0,0.0801,0
77,-60,4613,2,0,0.04336,0
77,-59,4668,5,0,0.1071,0
77,-58,2216,0,0,0,0
77,-57,2900,4,0,0.1379,0
77,-56,4236,1,0,0.02361,0
77,-55,3464,0,0,0,0
77,-54,2124,2,0,0.09416,0
77,-53,1934,0,0,0,0
77,-52,1808,0,0,0,0
77,-51,2030,0,0,0,0
77,-50,1756,0,0,0,0
77,-49,1030,0,0,0,0
77,-48,936,0,0,0,0
77,-47,2202,0,0,0,0
77,-46,1392,2,0,0.1437,0
77,-45,648,0,0,0,0
77,-44,1102,0,0,0,0
77,-43,1930,0,0,0,0
77,-42,1168,1,0,0.08562,0
77,-41,428,0,0,0,0
77,-40,942,0,0,0,0
77,-39,2262,2,0,0.08842,0
77,-38,962,0,0,0,0
77,-37,616,0,0,0,0
77,-36,1212,2,0,0.165,0
77,-35,2866,0,0,0,0
77,-34,1978,0,0,0,0
77,-33,756,2,2,0.2646,26.46
77,-32,1276,0,0,0,0
77,-31,3714,3,0,0.08078,0
77,-30,3290,0,0,0,0
77,-29,2634,5,0,0.1898,0
77,-28,4086,7,0,0.1713,0
77,-27,5308,4,4,0.07536,7.536
77,-26,5790,2,0,0.03454,0
77,-25,4698,7,0,0.149,0
77,-24,6038,0,0,0,0
77,-23,7316,5,0,0.06834,0
77,-22,6128,2,0,0.03264,0
77,-21,6071,7,0,0.1153,0
77,-20,7162,5,0,0.06981,0
77,-19,8331,3,0,0.03601,0
77,-18,7210,0,0,0,0
77,-17,6336,1,0,0.01578,0
77,-16,7990,4,0,0.05006,0
77,-15,8180,1,0,0.01222,0
77,-14,7182,4,0,0.05569,0
77,-13,7848,4,0,0.05097,0
77,-12,6300,2,0,0.03175,0
77,-11,7986,9,0,0.1127,0
77,-10,5986,4,0,0.06682,0
77,-9,7708,1,0,0.01297,0
77,-8,5004,1,0,0.01998,0
77,-7,5576,2,0,0.03587,0
77,-6,4964,0,0,0,0
77,-5,6094,0,0,0,0
77,-4,6110,4,0,0.06547,0
77,-3,4756,7,0,0.1472,0
77,-2,5712,4,0,0.07003,0
77,-1,5752,10,0,0.1739,0
77,0,4874,9,1,0.1847,2.052
77,1,4522,3,0,0.06634,0
77,2,5502,6,0,0.1091,0
77,3,4950,9,0,0.1818,0
77,4,4590,10,0,0.2179,0
77,5,4580,1,0,0.02183,0
77,6,4434,2,0,0.04511,0
77,7,3522,8,0,0.2271,0
77,8,4534,0,0,0,0
77,9,6124,6,0,0.09798,0
77,10,3902,3,2,0.07688,5.126
77,11,3024,2,0,0.06614,0
77,12,6796,4,0,0.05886,0
77,13,5676,6,0,0.1057,0
77,14,3386,1,0,0.02953,0
77,15,4780,5,0,0.1046,0
77,16,6278,5,0,0.07964,0
77,17,5100,2,0,0.03922,0
77,18,3990,3,0,0.07519,0
77,19,4348,2,0,0.046,0
77,20,5630,2,0,0.03552,0
77,21,4410,5,0,0.1134,0
77,22,3344,4,1,0.1196,2.99
77,23,5332,5,1,0.09377,1.875
77,24,5706,3,0,0.05258,0
77,25,3748,3,0,0.08004,0
77,26,4308,3,0,0.06964,0
77,27,5212,3,0,0.05756,0
77,28,4732,10,2,0.2113,4.227
77,29,3636,4,0,0.11,0
77,30,4190,5,0,0.1193,0
77,31,4884,10,2,0.2048,4.095
77,32,4180,9,1,0.2153,2.392
77,33,3706,6,0,0.1619,0
77,34,4368,11,2,0.2518,4.579
77,35,3684,9,0,0.2443,0
77,36,3702,12,0,0.3241,0
77,37,4410,12,2,0.2721,4.535
77,38,4156,7,0,0.1684,0
77,39,4038,7,1,0.1734,2.476
77,40,3742,6,1,0.1603,2.672
77,41,5068,8,2,0.1579,3.946
77,42,4256,1,0,0.0235,0
77,43,4414,4,0,0.09062,0
77,44,4120,0,0,0,0
77,45,4928,5,0,0.1015,0
77,46,3960,3,0,0.07576,0
77,47,4434,1,0,0.02255,0
77,48,4478,0,0,0,0
77,49,5296,3,0,0.05665,0
77,50,4570,1,0,0.02188,0
77,51,4734,0,0,0,0
77,52,4646,1,0,0.02152,0
77,53,4808,0,0,0,0
77,54,4268,0,0,0,0
77,55,4576,0,0,0,0
77,56,4996,0,0,0,0
77,57,5658,2,0,0.03535,0
77,58,4914,2,0,0.0407,0
77,59,4728,2,0,0.0423,0
77,60,4690,3,0,0.06397,0
77,61,6010,0,0,0,0
77,62,4306,4,0,0.09289,0
77,63,5066,1,0,0.01974,0
77,64,5224,0,0,0,0
77,65,3986,2,0,0.05018,0
77,66,4828,2,0,0.04143,0
77,67,5770,0,0,0,0
77,68,3918,1,0,0.02552,0
77,69,4094,1,0,0.02443,0
77,70,5176,0,0,0,0
77,71,5648,0,0,0,0
77,72,4388,0,0,0,0
77,73,4504,0,0,0,0
77,74,4910,0,0,0,0
77,75,5030,1,0,0.01988,0
77,76,4522,2,0,0.04423,0
77,77,4966,1,0,0.02014,0
77,78,4272,0,0,0,0
77,79,4116,0,0,0,0
77,80,3944,1,0,0.02535,0
77,81,3844,0,0,0,0
77,82,3950,0,0,0,0
77,83,3866,0,0,0,0
77,84,4020,0,0,0,0
77,85,3860,1,0,0.02591,0
77,86,3634,1,0,0.02752,0
77,87,4278,1,0,0.02338,0
77,88,4158,2,1,0.0481,2.405
77,89,3494,0,0,0,0
77,90,3008,1,0,0.03324,0
77,91,3278,0,0,0,0
77,92,2388,1,1,0.04188,4.188
77,93,2424,1,0,0.04125,0
77,94,2526,0,0,0,0
77,95,1988,2,1,0.1006,5.03
77,96,1286,0,0,0,0
77,97,1144,0,0,0,0
77,98,1652,0,0,0,0
77,99,1088,0,0,0,0
77,100,1144,2,0,0.1748,0
77,101,1450,0,0,0,0
77,102,1478,1,0,0.06766,0
77,103,706,1,0,0.1416,0
77,104,90,0,0,0,0
77,105,492,1,0,0.2033,0
77,106,718,0,0,0,0
77,107,468,1,0,0.2137,0
77,108,414,0,0,0,0
77,109,380,0,0,0,0
77,110,390,0,0,0,0
77,111,520,0,0,0,0
77,112,1256,0,0,0,0
77,113,932,0,0,0,0
77,114,468,0,0,0,0
77,115,1246,1,0,0.08026,0
77,116,828,0,0,0,0
77,117,500,0,0,0,0
77,118,778,0,0,0,0
77,119,1152,0,0,0,0
77,120,626,0,0,0,0
77,121,728,0,0,0,0
77,122,952,0,0,0,0
77,123,1024,0,0,0,0
77,124,660,0,0,0,0
77,125,534,0,0,0,0
77,126,1072,1,0,0.09328,0
77,127,1600,0,0,0,0
77,128,822,0,0,0,0
77,129,806,0,0,0,0
77,130,896,4,0,0.4464,0
77,131,1148,0,0,0,0
77,132,728,0,0,0,0
77,133,1078,0,0,0,0
77,134,1104,0,0,0,0
77,135,1758,0,0,0,0
77,136,1252,0,0,0,0
77,137,1106,0,0,0,0
77,138,1316,0,0,0,0
77,139,1298,0,0,0,0
77,140,1324,0,0,0,0
77,141,1068,0,0,0,0
77,142,1216,0,0,0,0
77,143,1040,0,0,0,0
77,144,886,0,0,0,0
77,145,1194,0,0,0,0
77,146,894,0,0,0,0
77,147,1014,0,0,0,0
77,148,1636,0,0,0,0
77,149,1460,0,0,0,0
77,150,1266,0,0,0,0
77,151,1068,0,0,0,0
77,152,2082,0,0,0,0
77,153,1278,0,0,0,0
77,154,1132,0,0,0,0
77,155,1820,0,0,0,0
77,156,3159,0,0,0,0
77,157,1704,0,0,0,0
77,158,1946,0,0,0,0
77,159,3066,0,0,0,0
77,160,4200,0,0,0,0
77,161,2762,0,0,0,0
77,162,3816,2,0,0.05241,0
77,163,3478,0,0,0,0
77,164,4098,1,0,0.0244,0
77,165,4222,0,0,0,0
77,166,3766,0,0,0,0
77,167,3628,0,0,0,0
77,168,4384,0,0,0,0
77,169,4160,0,0,0,0
77,170,4256,3,0,0.07049,0
77,171,3640,1,0,0.02747,0
77,172,5416,0,0,0,0
77,173,4414,2,0,0.04531,0
77,174,4200,0,0,0,0
77,175,4141,0,0,0,0
77,176,5072,0,0,0,0
77,177,4358,0,0,0,0
77,178,4138,1,0,0.02417,0
77,179,4782,0,0,0,0
78,-180,4196,0,0,0,0
78,-179,3810,0,0,0,0
78,-178,3990,0,0,0,0
78,-177,4680,0,0,0,0
78,-176,4364,2,0,0.04583,0
78,-175,3654,0,0,0,0
78,-174,5282,0,0,0,0
78,-173,4006,3,0,0.07489,0
78,-172,3778,1,0,0.02647,0
78,-171,4240,0,0,0,0
78,-170,4466,0,0,0,0
78,-169,3168,2,0,0.06313,0
78,-168,4146,0,0,0,0
78,-167,3538,0,0,0,0
78,-166,3734,0,0,0,0
78,-165,3378,1,0,0.0296,0
78,-164,4622,1,0,0.02164,0
78,-163,3646,1,0,0.02743,0
78,-162,3902,0,0,0,0
78,-161,3634,1,0,0.02752,0
78,-160,3520,3,0,0.08523,0
78,-159,3948,1,0,0.02533,0
78,-158,4496,0,0,0,0
78,-157,2930,0,0,0,0
78,-156,2344,0,0,0,0
78,-155,3510,0,0,0,0
78,-154,3278,0,0,0,0
78,-153,2300,0,0,0,0
78,-152,2808,1,0,0.03561,0
78,-151,3368,1,0,0.02969,0
78,-150,3520,1,0,0.02841,0
78,-149,2710,0,0,0,0
78,-148,2376,0,0,0,0
78,-147,3644,1,0,0.02744,0
78,-146,4180,1,0,0.02392,0
78,-145,2554,0,0,0,0
78,-144,2072,2,0,0.09653,0
78,-143,3740,1,0,0.02674,0
78,-142,4018,0,0,0,0
78,-141,2670,0,0,0,0
78,-140,2814,0,0,0,0
78,-139,3518,0,0,0,0
78,-138,3820,0,0,0,0
78,-137,2988,0,0,0,0
78,-136,2662,1,0,0.03757,0
78,-135,3988,1,0,0.02508,0
78,-134,3482,0,0,0,0
78,-133,3656,0,0,0,0
78,-132,3447,1,0,0.02901,0
78,-131,4149,0,0,0,0
78,-130,3694,1,0,0.02707,0
78,-129,3586,1,0,0.02789,0
78,-128,3140,0,0,0,0
78,-127,4124,1,0,0.02425,0
78,-126,3400,0,0,0,0
78,-125,4050,1,0,0.02469,0
78,-124,3406,2,0,0.05872,0
78,-123,4368,2,0,0.04579,0
78,-122,3334,0,0,0,0
78,-121,3214,0,0,0,0
78,-120,4648,1,0,0.02151,0
78,-119,5588,0,0,0,0
78,-118,3572,1,0,0.028,0
78,-117,4380,4,0,0.09132,0
78,-116,5735,1,0,0.01744,0
78,-115,5502,2,0,0.03635,0
78,-114,4320,2,0,0.0463,0
78,-113,4968,5,0,0.1006,0
78,-112,6224,2,0,0.03213,0
78,-111,4822,0,0,0,0
78,-110,4954,0,0,0,0
78,-109,5624,0,0,0,0
78,-108,4694,0,0,0,0
78,-107,3774,0,0,0,0
78,-106,5954,0,0,0,0
78,-105,7096,1,0,0.01409,0
78,-104,4274,0,0,0,0
78,-103,3418,0,0,0,0
78,-102,5874,0,0,0,0
78,-101,5654,0,0,0,0
78,-100,3392,0,0,0,0
78,-99,2372,0,0,0,0
78,-98,5179,0,0,0,0
78,-97,4262,1,0,0.02346,0
78,-96,2853,0,0,0,0
78,-95,4135,0,0,0,0
78,-94,4756,1,0,0.02103,0
78,-93,2362,1,0,0.04234,0
78,-92,3540,1,0,0.02825,0
78,-91,5941,0,0,0,0
78,-90,4664,1,0,0.02144,0
78,-89,1901,2,0,0.1052,0
78,-88,4151,0,0,0,0
78,-87,7393,1,0,0.01353,0
78,-86,6095,0,0,0,0
78,-85,1884,1,0,0.05308,0
78,-84,4492,0,0,0,0
78,-83,6676,0,0,0,0
78,-82,6771,4,0,0.05908,0
78,-81,3839,0,0,0,0
78,-80,5272,0,0,0,0
78,-79,6675,2,0,0.02996,0
78,-78,6979,1,0,0.01433,0
78,-77,5652,4,0,0.07077,0
78,-76,4851,0,0,0,0
78,-75,5324,2,1,0.03757,1.878
78,-74,7450,2,0,0.02685,0
78,-73,7097,3,0,0.04227,0
78,-72,4433,1,0,0.02256,0
78,-71,6152,2,0,0.03251,0
78,-70,8979,11,0,0.1225,0
78,-69,6731,4,0,0.05943,0
78,-68,5709,0,0,0,0
78,-67,6376,9,0,0.1412,0
78,-66,8339,16,0,0.1919,0
78,-65,5876,4,2,0.06807,3.404
78,-64,5057,2,0,0.03955,0
78,-63,5612,5,0,0.08909,0
78,-62,7008,11,1,0.157,1.427
78,-61,4908,2,0,0.04075,0
78,-60,4255,3,0,0.07051,0
78,-59,3818,4,0,0.1048,0
78,-58,3854,2,1,0.05189,2.595
78,-57,4544,3,0,0.06602,0
78,-56,2966,1,0,0.03372,0
78,-55,1984,1,0,0.0504,0
78,-54,2530,0,0,0,0
78,-53,2858,4,0,0.14,0
78,-52,2248,0,0,0,0
78,-51,1588,0,0,0,0
78,-50,1392,0,0,0,0
78,-49,2112,0,0,0,0
78,-48,1852,0,0,0,0
78,-47,850,0,0,0,0
78,-46,1294,1,0,0.07728,0
78,-45,1836,0,0,0,0
78,-44,1138,0,0,0,0
78,-43,756,0,0,0,0
78,-42,1590,0,0,0,0
78,-41,2080,0,0,0,0
78,-40,1320,0,0,0,0
78,-39,770,2,0,0.2597,0
78,-38,1532,0,0,0,0
78,-37,1738,0,0,0,0
78,-36,848,0,0,0,0
78,-35,958,2,0,0.2088,0
78,-34,2286,3,2,0.1312,8.749
78,-33,4092,4,0,0.09775,0
78,-32,2770,0,0,0,0
78,-31,2492,5,2,0.2006,8.026
78,-30,3884,10,4,0.2575,10.3
78,-29,4694,8,1,0.1704,2.13
78,-28,4164,4,1,0.09606,2.402
78,-27,2866,3,1,0.1047,3.489
78,-26,4966,8,1,0.1611,2.014
78,-25,7716,9,1,0.1166,1.296
78,-24,5976,0,0,0,0
78,-23,3473,0,0,0,0
78,-22,7539,1,0,0.01326,0
78,-21,7450,3,0,0.04027,0
78,-20,6102,4,0,0.06555,0
78,-19,4920,3,0,0.06098,0
78,-18,6968,1,0,0.01435,0
78,-17,7956,5,0,0.06285,0
78,-16,7770,3,0,0.03861,0
78,-15,5130,0,0,0,0
78,-14,7324,1,0,0.01365,0
78,-13,7072,2,0,0.02828,0
78,-12,7086,0,0,0,0
78,-11,5210,0,0,0,0
78,-10,6504,2,0,0.03075,0
78,-9,5100,2,0,0.03922,0
78,-8,5702,2,0,0.03508,0
78,-7,5956,2,0,0.03358,0
78,-6,6260,5,0,0.07987,0
78,-5,5820,2,0,0.03436,0
78,-4,5626,1,0,0.01777,0
78,-3,5298,7,0,0.1321,0
78,-2,5436,8,0,0.1472,0
78,-1,5798,1,0,0.01725,0
78,0,5174,7,0,0.1353,0
78,1,5364,4,0,0.07457,0
78,2,5398,3,0,0.05558,0
78,3,4864,2,0,0.04112,0
78,4,5042,5,0,0.09917,0
78,5,5178,1,0,0.01931,0
78,6,4466,0,0,0,0
78,7,5046,0,0,0,0
78,8,3924,5,0,0.1274,0
78,9,3956,0,0,0,0
78,10,6154,3,2,0.04875,3.25
78,11,6910,4,4,0.05789,5.789
78,12,3836,0,0,0,0
78,13,5134,0,0,0,0
78,14,5480,4,0,0.07299,0
78,15,5680,2,0,0.03521,0
78,16,3740,1,0,0.02674,0
78,17,4600,1,0,0.02174,0
78,18,5460,8,1,0.1465,1.832
78,19,6234,1,0,0.01604,0
78,20,4024,6,0,0.1491,0
78,21,5130,8,0,0.1559,0
78,22,4858,6,0,0.1235,0
78,23,4584,11,0,0.24,0
78,24,3092,1,0,0.03234,0
78,25,4738,2,0,0.04221,0
78,26,5304,5,0,0.09427,0
78,27,4982,7,0,0.1405,0
78,28,3896,3,0,0.077,0
78,29,5004,3,0,0.05995,0
78,30,5488,10,1,0.1822,1.822
78,31,4188,7,0,0.1671,0
78,32,4092,0,0,0,0
78,33,4096,4,1,0.09766,2.441
78,34,4098,8,0,0.1952,0
78,35,4280,4,0,0.09346,0
78,36,4438,8,0,0.1803,0
78,37,4098,10,2,0.244,4.88
78,38,4286,6,0,0.14,0
78,39,4290,4,0,0.09324,0
78,40,4826,6,0,0.1243,0
78,41,3886,4,0,0.1029,0
78,42,4702,4,0,0.08507,0
78,43,4434,3,0,0.06766,0
78,44,4480,3,0,0.06696,0
78,45,4040,3,0,0.07426,0
78,46,4676,2,0,0.04277,0
78,47,4972,2,0,0.04023,0
78,48,4418,0,0,0,0
78,49,3636,0,0,0,0
78,50,5108,1,0,0.01958,0
78,51,5444,1,0,0.01837,0
78,52,4806,2,0,0.04161,0
78,53,3730,2,0,0.05362,0
78,54,5542,6,0,0.1083,0
78,55,5078,2,0,0.03939,0
78,56,5162,3,0,0.05812,0
78,57,4082,1,0,0.0245,0
78,58,5866,1,0,0.01705,0
78,59,5658,1,0,0.01767,0
78,60,5146,4,0,0.07773,0
78,61,5162,2,0,0.03874,0
78,62,5568,0,0,0,0
78,63,5476,4,0,0.07305,0
78,64,5286,0,0,0,0
78,65,5600,0,0,0,0
78,66,4838,3,0,0.06201,0
78,67,4678,1,0,0.02138,0
78,68,5404,0,0,0,0
78,69,5272,1,0,0.01897,0
78,70,4790,1,0,0.02088,0
78,71,5092,0,0,0,0
78,72,4800,1,0,0.02083,0
78,73,5184,2,0,0.03858,0
78,74,5120,2,0,0.03906,0
78,75,4842,0,0,0,0
78,76,4408,1,0,0.02269,0
78,77,4584,1,0,0.02182,0
78,78,4882,0,0,0,0
78,79,4712,1,0,0.02122,0
78,80,4652,0,0,0,0
78,81,4034,0,0,0,0
78,82,3138,0,0,0,0
78,83,3876,0,0,0,0
78,84,4440,0,0,0,0
78,85,4392,0,0,0,0
78,86,3626,0,0,0,0
78,87,4384,0,0,0,0
78,88,3750,2,0,0.05333,0
78,89,4346,3,0,0.06903,0
78,90,3746,1,0,0.0267,0
78,91,3128,1,0,0.03197,0
78,92,3482,0,0,0,0
78,93,3562,1,0,0.02807,0
78,94,2586,0,0,0,0
78,95,2578,0,0,0,0
78,96,2630,1,0,0.03802,0
78,97,2478,0,0,0,0
78,98,1554,0,0,0,0
78,99,1656,0,0,0,0
78,100,1628,0,0,0,0
78,101,1286,0,0,0,0
78,102,884,0,0,0,0
78,103,1546,0,0,0,0
78,104,1608,0,0,0,0
78,105,1024,2,0,0.1953,0
78,106,792,0,0,0,0
78,107,306,0,0,0,0
78,108,498,0,0,0,0
78,109,708,0,0,0,0
78,110,780,0,0,0,0
78,111,380,0,0,0,0
78,112,484,0,0,0,0
78,113,916,0,0,0,0
78,114,1342,0,0,0,0
78,115,348,0,0,0,0
78,116,720,0,0,0,0
78,117,1158,0,0,0,0
78,118,510,1,0,0.1961,0
78,119,472,0,0,0,0
78,120,920,0,0,0,0
78,121,1090,0,0,0,0
78,122,772,0,0,0,0
78,123,550,0,0,0,0
78,124,1054,0,0,0,0
78,125,1050,0,0,0,0
78,126,966,0,0,0,0
78,127,614,0,0,0,0
78,128,1322,0,0,0,0
78,129,1472,0,0,0,0
78,130,1346,3,0,0.2229,0
78,131,1116,2,0,0.1792,0
78,132,1188,0,0,0,0
78,133,1034,0,0,0,0
78,134,1354,0,0,0,0
78,135,1062,0,0,0,0
78,136,1272,0,0,0,0
78,137,1560,0,0,0,0
78,138,1686,0,0,0,0
78,139,1230,0,0,0,0
78,140,1092,0,0,0,0
78,141,1390,0,0,0,0
78,142,1546,0,0,0,0
78,143,1252,1,0,0.07987,0
78,144,1034,0,0,0,0
78,145,1496,0,0,0,0
78,146,1626,1,0,0.0615,0
78,147,1224,0,0,0,0
78,148,1068,0,0,0,0
78,149,1556,0,0,0,0
78,150,1962,0,0,0,0
78,151,1964,1,0,0.05092,0
78,152,1074,0,0,0,0
78,153,2028,0,0,0,0
78,154,2092,0,0,0,0
78,155,1658,0,0,0,0
78,156,1030,0,0,0,0
78,157,2972,1,0,0.03365,0
78,158,2910,0,0,0,0
78,159,2700,0,0,0,0
78,160,1852,0,0,0,0
78,161,3718,0,0,0,0
78,162,3302,0,0,0,0
78,163,4214,0,0,0,0
78,164,2738,1,0,0.03652,0
78,165,3640,0,0,0,0
78,166,4074,0,0,0,0
78,167,4788,0,0,0,0
78,168,3204,1,0,0.03121,0
78,169,3886,2,0,0.05147,0
78,170,4406,2,0,0.04539,0
78,171,5392,2,0,0.03709,0
78,172,3680,2,0,0.05435,0
78,173,4218,2,0,0.04742,0
78,174,5054,1,0,0.01979,0
78,175,5560,1,0,0.01799,0
78,176,4422,0,0,0,0
78,177,4538,0,0,0,0
78,178,5566,0,0,0,0
78,179,5124,1,0,0.01952,0
79,-180,5194,0,0,0,0
79,-179,4972,0,0,0,0
79,-178,4138,0,0,0,0
79,-177,3982,1,0,0.02511,0
79,-176,4240,0,0,0,0
79,-175,5232,0,0,0,0
79,-174,3880,0,0,0,0
79,-173,4166,0,0,0,0
79,-172,3210,2,0,0.06231,0
79,-171,3186,1,0,0.03139,0
79,-170,2686,0,0,0,0
79,-169,3712,0,0,0,0
79,-168,2958,1,0,0.03381,0
79,-167,3926,0,0,0,0
79,-166,4038,1,0,0.02476,0
79,-165,3640,0,0,0,0
79,-164,3706,0,0,0,0
79,-163,4060,1,0,0.02463,0
79,-162,4154,0,0,0,0
79,-161,4060,2,0,0.04926,0
79,-160,4726,0,0,0,0
79,-159,3230,1,0,0.03096,0
79,-158,3234,0,0,0,0
79,-157,4468,0,0,0,0
79,-156,4844,3,0,0.06193,0
79,-155,3138,1,0,0.03187,0
79,-154,4114,1,0,0.02431,0
79,-153,3282,2,0,0.06094,0
79,-152,3230,0,0,0,0
79,-151,2522,0,0,0,0
79,-150,3358,3,0,0.08934,0
79,-149,3702,0,0,0,0
79,-148,4792,0,0,0,0
79,-147,2422,0,0,0,0
79,-146,3104,3,0,0.09665,0
79,-145,3806,3,0,0.07882,0
79,-144,4088,0,0,0,0
79,-143,3450,0,0,0,0
79,-142,3494,0,0,0,0
79,-141,4050,0,0,0,0
79,-140,4156,0,0,0,0
79,-139,3036,0,0,0,0
79,-138,3090,2,0,0.06472,0
79,-137,3382,0,0,0,0
79,-136,3490,0,0,0,0
79,-135,2986,0,0,0,0
79,-134,2698,1,0,0.03706,0
79,-133,3398,0,0,0,0
79,-132,3784,1,0,0.02643,0
79,-131,3893,0,0,0,0
79,-130,3774,0,0,0,0
79,-129,3820,0,0,0,0
79,-128,4037,0,0,0,0
79,-127,4032,2,0,0.0496,0
79,-126,3370,2,0,0.05935,0
79,-125,4082,0,0,0,0
79,-124,4060,0,0,0,0
79,-123,4428,0,0,0,0
79,-122,3632,2,0,0.05507,0
79,-121,4692,0,0,0,0
79,-120,3150,2,0,0.06349,0
79,-119,3700,0,0,0,0
79,-118,5342,1,0,0.01872,0
79,-117,5252,2,0,0.03808,0
79,-116,4232,0,0,0,0
79,-115,5478,3,0,0.05476,0
79,-114,6234,3,0,0.04812,0
79,-113,6102,2,0,0.03278,0
79,-112,3622,1,0,0.02761,0
79,-111,4678,3,0,0.06413,0
79,-110,5310,1,0,0.01883,0
79,-109,4844,1,0,0.02064,0
79,-108,6272,2,0,0.03189,0
79,-107,5936,2,0,0.03369,0
79,-106,3440,0,0,0,0
79,-105,4184,0,0,0,0
79,-104,6316,6,0,0.095,0
79,-103,5884,0,0,0,0
79,-102,3428,2,0,0.05834,0
79,-101,3002,2,0,0.06662,0
79,-100,4442,0,0,0,0
79,-99,6026,1,0,0.01659,0
79,-98,4120,2,0,0.04854,0
79,-97,3632,0,0,0,0
79,-96,4044,0,0,0,0
79,-95,4162,1,0,0.02403,0
79,-94,5168,0,0,0,0
79,-93,4800,0,0,0,0
79,-92,3060,2,0,0.06536,0
79,-91,2523,0,0,0,0
79,-90,4838,0,0,0,0
79,-89,6222,0,0,0,0
79,-88,3885,2,0,0.05148,0
79,-87,2090,0,0,0,0
79,-86,4289,0,0,0,0
79,-85,7791,4,0,0.05134,0
79,-84,5686,2,0,0.03517,0
79,-83,3035,0,0,0,0
79,-82,4835,3,0,0.06205,0
79,-81,6321,0,0,0,0
79,-80,7119,7,0,0.09833,0
79,-79,4965,2,0,0.04028,0
79,-78,4737,2,0,0.04222,0
79,-77,6037,0,0,0,0
79,-76,6571,5,0,0.07609,0
79,-75,6547,4,0,0.0611,0
79,-74,5871,6,0,0.1022,0
79,-73,4732,1,0,0.02113,0
79,-72,7023,2,0,0.02848,0
79,-71,6156,4,0,0.06498,0
79,-70,4940,4,0,0.08097,0
79,-69,6784,7,0,0.1032,0
79,-68,7812,5,0,0.064,0
79,-67,6116,4,0,0.0654,0
79,-66,5307,3,0,0.05653,0
79,-65,7636,7,0,0.09167,0
79,-64,6020,11,1,0.1827,1.661
79,-63,6174,5,0,0.08098,0
79,-62,4622,4,0,0.08654,0
79,-61,4304,9,0,0.2091,0
79,-60,4582,18,0,0.3928,0
79,-59,5362,13,0,0.2424,0
79,-58,3918,2,0,0.05105,0
79,-57,2336,2,0,0.08562,0
79,-56,2838,2,0,0.07047,0
79,-55,3214,0,0,0,0
79,-54,2112,0,0,0,0
79,-53,1666,4,0,0.2401,0
79,-52,1838,2,0,0.1088,0
79,-51,2124,0,0,0,0
79,-50,2220,1,0,0.04505,0
79,-49,1698,0,0,0,0
79,-48,1300,0,0,0,0
79,-47,1624,3,0,0.1847,0
79,-46,1642,1,0,0.0609,0
79,-45,1620,0,0,0,0
79,-44,1652,1,0,0.06053,0
79,-43,1562,0,0,0,0
79,-42,1154,0,0,0,0
79,-41,1130,2,0,0.177,0
79,-40,1272,4,0,0.3145,0
79,-39,2058,0,0,0,0
79,-38,1036,0,0,0,0
79,-37,1470,0,0,0,0
79,-36,2414,4,0,0.1657,0
79,-35,3314,5,0,0.1509,0
79,-34,2408,6,0,0.2492,0
79,-33,2346,6,0,0.2558,0
79,-32,4096,12,3,0.293,7.324
79,-31,3246,4,0,0.1232,0
79,-30,2732,0,0,0,0
79,-29,3570,2,0,0.05602,0
79,-28,3972,4,0,0.1007,0
79,-27,5082,3,0,0.05903,0
79,-26,2616,0,0,0,0
79,-25,2718,2,0,0.07358,0
79,-24,4866,3,0,0.06165,0
79,-23,7700,3,0,0.03896,0
79,-22,3674,1,0,0.02722,0
79,-21,3420,0,0,0,0
79,-20,4718,2,0,0.04239,0
79,-19,7138,1,0,0.01401,0
79,-18,5359,4,0,0.07464,0
79,-17,4808,2,0,0.0416,0
79,-16,6822,2,0,0.02932,0
79,-15,6526,2,0,0.03065,0
79,-14,6436,1,0,0.01554,0
79,-13,5060,0,0,0,0
79,-12,5870,3,0,0.05111,0
79,-11,5036,4,0,0.07943,0
79,-10,5008,0,0,0,0
79,-9,5592,2,0,0.03577,0
79,-8,6174,2,0,0.03239,0
79,-7,4830,1,0,0.0207,0
79,-6,5374,4,0,0.07443,0
79,-5,4498,5,0,0.1112,0
79,-4,6184,3,0,0.04851,0
79,-3,5964,5,0,0.08384,0
79,-2,5528,2,0,0.03618,0
79,-1,4946,4,0,0.08087,0
79,0,5782,2,0,0.03459,0
79,1,5444,1,0,0.01837,0
79,2,5546,5,0,0.09016,0
79,3,5340,0,0,0,0
79,4,4921,4,0,0.08128,0
79,5,4918,8,0,0.1627,0
79,6,5372,5,0,0.09308,0
79,7,5748,0,0,0,0
79,8,5576,8,0,0.1435,0
79,9,5728,3,0,0.05237,0
79,10,3988,2,0,0.05015,0
79,11,5170,5,0,0.09671,0
79,12,6048,7,0,0.1157,0
79,13,5508,4,0,0.07262,0
79,14,4174,5,0,0.1198,0
79,15,5220,11,0,0.2107,0
79,16,5314,5,0,0.09409,0
79,17,6000,6,0,0.1,0
79,18,4840,5,0,0.1033,0
79,19,5475,5,0,0.09132,0
79,20,5182,6,0,0.1158,0
79,21,5094,3,0,0.05889,0
79,22,3918,5,0,0.1276,0
79,23,5996,8,0,0.1334,0
79,24,5050,8,0,0.1584,0
79,25,4700,5,0,0.1064,0
79,26,3948,1,0,0.02533,0
79,27,4652,2,0,0.04299,0
79,28,4562,6,0,0.1315,0
79,29,4956,5,0,0.1009,0
79,30,4440,1,0,0.02252,0
79,31,5278,4,0,0.07579,0
79,32,3920,1,0,0.02551,0
79,33,4060,5,0,0.1232,0
79,34,3876,3,0,0.0774,0
79,35,5108,9,0,0.1762,0
79,36,4050,7,0,0.1728,0
79,37,4664,2,0,0.04288,0
79,38,3722,6,1,0.1612,2.687
79,39,4450,7,0,0.1573,0
79,40,4620,4,0,0.08658,0
79,41,4516,7,0,0.155,0
79,42,4600,16,2,0.3478,4.348
79,43,4652,6,0,0.129,0
79,44,3942,1,0,0.02537,0
79,45,5320,5,0,0.09398,0
79,46,4258,5,0,0.1174,0
79,47,4382,1,0,0.02282,0
79,48,4706,7,0,0.1487,0
79,49,5644,3,0,0.05315,0
79,50,4560,1,0,0.02193,0
79,51,3962,1,0,0.02524,0
79,52,5370,5,0,0.09311,0
79,53,6416,1,0,0.01559,0
79,54,5250,0,0,0,0
79,55,4066,4,0,0.09838,0
79,56,6256,2,0,0.03197,0
79,57,5792,6,0,0.1036,0
79,58,5440,4,2,0.07353,3.676
79,59,4538,3,0,0.06611,0
79,60,6080,0,0,0,0
79,61,5694,4,0,0.07025,0
79,62,6326,1,0,0.01581,0
79,63,5190,1,0,0.01927,0
79,64,6270,0,0,0,0
79,65,5050,0,0,0,0
79,66,6116,0,0,0,0
79,67,4946,1,0,0.02022,0
79,68,5576,1,0,0.01793,0
79,69,5110,3,0,0.05871,0
79,70,5786,3,0,0.05185,0
79,71,4798,1,0,0.02084,0
79,72,5898,3,0,0.05086,0
79,73,5078,3,0,0.05908,0
79,74,5096,2,0,0.03925,0
79,75,4734,2,0,0.04225,0
79,76,5220,1,0,0.01916,0
79,77,4822,1,0,0.02074,0
79,78,5436,0,0,0,0
79,79,4610,0,0,0,0
79,80,4420,0,0,0,0
79,81,4834,0,0,0,0
79,82,4688,0,0,0,0
79,83,4510,0,0,0,0
79,84,3514,0,0,0,0
79,85,4540,0,0,0,0
79,86,4098,1,0,0.0244,0
79,87,4232,0,0,0,0
79,88,4040,0,0,0,0
79,89,4572,3,0,0.06562,0
79,90,4172,2,0,0.04794,0
79,91,4502,0,0,0,0
79,92,3286,1,0,0.03043,0
79,93,3328,0,0,0,0
79,94,3732,2,0,0.05359,0
79,95,3660,0,0,0,0
79,96,2250,0,0,0,0
79,97,2638,0,0,0,0
79,98,2692,2,0,0.07429,0
79,99,3012,0,0,0,0
79,100,1442,0,0,0,0
79,101,1384,0,0,0,0
79,102,1744,0,0,0,0
79,103,1546,1,0,0.06468,0
79,104,1060,0,0,0,0
79,105,1044,1,0,0.09579,0
79,106,1302,0,0,0,0
79,107,1682,0,0,0,0
79,108,918,0,0,0,0
79,109,650,0,0,0,0
79,110,328,0,0,0,0
79,111,866,2,0,0.2309,0
79,112,824,0,0,0,0
79,113,688,0,0,0,0
79,114,690,3,0,0.4348,0
79,115,1416,0,0,0,0
79,116,720,0,0,0,0
79,117,600,0,0,0,0
79,118,1066,0,0,0,0
79,119,1070,0,0,0,0
79,120,566,0,0,0,0
79,121,492,0,0,0,0
79,122,924,0,0,0,0
79,123,1146,0,0,0,0
79,124,1204,0,0,0,0
79,125,392,0,0,0,0
79,126,1138,2,0,0.1757,0
79,127,1284,0,0,0,0
79,128,1234,0,0,0,0
79,129,984,0,0,0,0
79,130,1138,0,0,0,0
79,131,1624,0,0,0,0
79,132,1772,0,0,0,0
79,133,1138,0,0,0,0
79,134,1626,0,0,0,0
79,135,1238,0,0,0,0
79,136,1738,0,0,0,0
79,137,1192,0,0,0,0
79,138,1390,0,0,0,0
79,139,1172,0,0,0,0
79,140,1798,0,0,0,0
79,141,1584,0,0,0,0
79,142,1598,0,0,0,0
79,143,1372,0,0,0,0
79,144,1912,0,0,0,0
79,145,1638,2,0,0.1221,0
79,146,1422,2,0,0.1406,0
79,147,2202,0,0,0,0
79,148,2248,0,0,0,0
79,149,1256,0,0,0,0
79,150,1436,0,0,0,0
79,151,2446,0,0,0,0
79,152,2590,0,0,0,0
79,153,1938,0,0,0,0
79,154,1266,0,0,0,0
79,155,2142,0,0,0,0
79,156,2688,1,0,0.0372,0
79,157,1986,0,0,0,0
79,158,1884,0,0,0,0
79,159,2388,1,0,0.04188,0
79,160,3560,0,0,0,0
79,161,3056,0,0,0,0
79,162,2912,1,0,0.03434,0
79,163,3602,1,0,0.02776,0
79,164,3334,0,0,0,0
79,165,4110,0,0,0,0
79,166,3272,2,0,0.06112,0
79,167,4214,1,0,0.02373,0
79,168,4208,1,0,0.02376,0
79,169,4820,0,0,0,0
79,170,3788,0,0,0,0
79,171,4096,0,0,0,0
79,172,4364,0,0,0,0
79,173,4990,3,0,0.06012,0
79,174,3840,1,0,0.02604,0
79,175,4836,2,0,0.04136,0
79,176,4838,0,0,0,0
79,177,4776,1,0,0.02094,0
79,178,3814,2,0,0.05244,0
79,179,4638,1,0,0.02156,0
80,-180,2316,0,0,0,0
80,-179,2120,0,0,0,0
80,-178,2260,0,0,0,0
80,-177,2306,0,0,0,0
80,-176,1810,0,0,0,0
80,-175,1252,0,0,0,0
80,-174,2714,1,0,0.03685,0
80,-173,2706,2,0,0.07391,0
80,-172,2640,0,0,0,0
80,-171,2722,0,0,0,0
80,-170,3498,0,0,0,0
80,-169,2608,0,0,0,0
80,-168,3478,2,0,0.0575,0
80,-167,3374,4,0,0.1186,0
80,-166,2556,0,0,0,0
80,-165,3382,0,0,0,0
80,-164,3776,0,0,0,0
80,-163,4030,0,0,0,0
80,-162,3904,0,0,0,0
80,-161,3562,0,0,0,0
80,-160,3534,1,0,0.0283,0
80,-159,4756,2,0,0.04205,0
80,-158,4355,0,0,0,0
80,-157,3852,0,0,0,0
80,-156,3152,1,0,0.03173,0
80,-155,4334,0,0,0,0
80,-154,4100,1,0,0.02439,0
80,-153,3468,0,0,0,0
80,-152,3610,0,0,0,0
80,-151,3358,0,0,0,0
80,-150,2962,1,0,0.03376,0
80,-149,2330,0,0,0,0
80,-148,2274,0,0,0,0
80,-147,3946,0,0,0,0
80,-146,3850,0,0,0,0
80,-145,3276,0,0,0,0
80,-144,2722,0,0,0,0
80,-143,3326,2,0,0.06013,0
80,-142,3370,3,0,0.08902,0
80,-141,3604,2,0,0.05549,0
80,-140,3022,0,0,0,0
80,-139,2718,0,0,0,0
80,-138,3298,2,0,0.06064,0
80,-137,3232,0,0,0,0
80,-136,2562,0,0,0,0
80,-135,2958,0,0,0,0
80,-134,3536,1,0,0.02828,0
80,-133,2990,1,0,0.03344,0
80,-132,3248,1,0,0.03079,0
80,-131,3582,3,0,0.08375,0
80,-130,3824,0,0,0,0
80,-129,3577,0,0,0,0
80,-128,3848,0,0,0,0
80,-127,3850,2,0,0.05195,0
80,-126,4016,3,0,0.0747,0
80,-125,3660,0,0,0,0
80,-124,4378,3,0,0.06852,0
80,-123,3806,3,0,0.07882,0
80,-122,4556,0,0,0,0
80,-121,3896,0,0,0,0
80,-120,4826,2,0,0.04144,0
80,-119,4614,1,0,0.02167,0
80,-118,3732,0,0,0,0
80,-117,3546,3,0,0.0846,0
80,-116,4428,0,0,0,0
80,-115,4198,0,0,0,0
80,-114,4172,1,0,0.02397,0
80,-113,3906,7,0,0.1792,0
80,-112,5414,2,0,0.03694,0
80,-111,4742,1,0,0.02109,0
80,-110,4464,3,0,0.0672,0
80,-109,4490,2,0,0.04454,0
80,-108,3622,2,0,0.05522,0
80,-107,4218,2,0,0.04742,0
80,-106,5472,4,0,0.0731,0
80,-105,5124,3,0,0.05855,0
80,-104,3428,0,0,0,0
80,-103,2726,0,0,0,0
80,-102,6062,0,0,0,0
80,-101,5972,0,0,0,0
80,-100,3820,5,0,0.1309,0
80,-99,2816,0,0,0,0
80,-98,4383,0,0,0,0
80,-97,4914,0,0,0,0
80,-96,4859,1,0,0.02058,0
80,-95,3399,0,0,0,0
80,-94,2889,0,0,0,0
80,-93,3515,0,0,0,0
80,-92,4350,0,0,0,0
80,-91,4640,0,0,0,0
80,-90,3396,0,0,0,0
80,-89,2501,1,0,0.03998,0
80,-88,3752,0,0,0,0
80,-87,5804,1,0,0.01723,0
80,-86,4072,0,0,0,0
80,-85,2206,0,0,0,0
80,-84,3282,2,0,0.06094,0
80,-83,7453,8,0,0.1073,0
80,-82,5510,1,0,0.01815,0
80,-81,4508,0,0,0,0
80,-80,3019,3,1,0.09937,3.312
80,-79,5543,5,0,0.0902,0
80,-78,5892,4,0,0.06789,0
80,-77,6001,4,0,0.06666,0
80,-76,4058,2,0,0.04929,0
80,-75,4776,8,0,0.1675,0
80,-74,5445,4,0,0.07346,0
80,-73,8023,8,0,0.09971,0
80,-72,4500,5,0,0.1111,0
80,-71,4628,0,0,0,0
80,-70,4452,4,0,0.08985,0
80,-69,5432,3,0,0.05523,0
80,-68,3810,7,2,0.1837,5.249
80,-67,5004,5,0,0.09992,0
80,-66,4288,2,0,0.04664,0
80,-65,3794,1,0,0.02636,0
80,-64,3050,2,0,0.06557,0
80,-63,3526,4,0,0.1134,0
80,-62,3464,0,0,0,0
80,-61,4252,0,0,0,0
80,-60,3752,0,0,0,0
80,-59,2070,0,0,0,0
80,-58,2798,3,0,0.1072,0
80,-57,3474,3,0,0.08636,0
80,-56,3468,4,0,0.1153,0
80,-55,2240,1,0,0.04464,0
80,-54,2334,6,0,0.2571,0
80,-53,2406,2,0,0.08313,0
80,-52,2369,4,0,0.1688,0
80,-51,1879,2,0,0.1064,0
80,-50,1306,7,0,0.536,0
80,-49,1886,1,0,0.05302,0
80,-48,2032,3,0,0.1476,0
80,-47,2086,3,0,0.1438,0
80,-46,1636,4,0,0.2445,0
80,-45,1566,5,0,0.3193,0
80,-44,1430,0,0,0,0
80,-43,1438,1,0,0.06954,0
80,-42,2104,1,0,0.04753,0
80,-41,1954,4,0,0.2047,0
80,-40,2164,0,0,0,0
80,-39,2566,0,0,0,0
80,-38,2852,2,0,0.07013,0
80,-37,2686,3,0,0.1117,0
80,-36,2854,6,0,0.2102,0
80,-35,2604,4,0,0.1536,0
80,-34,3336,10,0,0.2998,0
80,-33,3348,6,1,0.1792,2.987
80,-32,3358,4,0,0.1191,0
80,-31,2284,6,0,0.2627,0
80,-30,3674,7,0,0.1905,0
80,-29,2944,1,0,0.03397,0
80,-28,2560,2,0,0.07812,0
80,-27,2370,0,0,0,0
80,-26,4032,5,0,0.124,0
80,-25,5014,1,0,0.01994,0
80,-24,2884,0,0,0,0
80,-23,2778,0,0,0,0
80,-22,4832,1,0,0.0207,0
80,-21,6084,2,0,0.03287,0
80,-20,4388,1,0,0.02279,0
80,-19,3524,0,0,0,0
80,-18,4868,0,0,0,0
80,-17,5947,5,0,0.08408,0
80,-16,4398,1,0,0.02274,0
80,-15,4349,1,0,0.02299,0
80,-14,3358,0,0,0,0
80,-13,4896,2,0,0.04085,0
80,-12,4587,1,0,0.0218,0
80,-11,4860,2,0,0.04115,0
80,-10,5334,3,0,0.05624,0
80,-9,4656,1,0,0.02148,0
80,-8,4126,1,0,0.02424,0
80,-7,5045,2,0,0.03964,0
80,-6,4672,0,0,0,0
80,-5,5380,2,0,0.03717,0
80,-4,4568,2,0,0.04378,0
80,-3,5172,1,0,0.01933,0
80,-2,5384,2,0,0.03715,0
80,-1,5378,3,0,0.05578,0
80,0,5760,2,0,0.03472,0
80,1,5744,1,0,0.01741,0
80,2,4726,5,0,0.1058,0
80,3,5904,0,0,0,0
80,4,4760,0,0,0,0
80,5,4698,4,0,0.08514,0
80,6,5867,0,0,0,0
80,7,5762,6,0,0.1041,0
80,8,4958,3,0,0.06051,0
80,9,4418,7,0,0.1584,0
80,10,4424,3,0,0.06781,0
80,11,4284,2,0,0.04669,0
80,12,4698,3,0,0.06386,0
80,13,5378,2,0,0.03719,0
80,14,5710,3,0,0.05254,0
80,15,4372,4,0,0.09149,0
80,16,5538,1,0,0.01806,0
80,17,5036,3,0,0.05957,0
80,18,5600,5,0,0.08929,0
80,19,4438,3,0,0.0676,0
80,20,4452,7,0,0.1572,0
80,21,4162,2,0,0.04805,0
80,22,5378,2,0,0.03719,0
80,23,4384,2,0,0.04562,0
80,24,4724,5,0,0.1058,0
80,25,4752,2,0,0.04209,0
80,26,5034,7,0,0.1391,0
80,27,3806,3,0,0.07882,0
80,28,4146,2,0,0.04824,0
80,29,4092,1,0,0.02444,0
80,30,3664,3,0,0.08188,0
80,31,3432,3,0,0.08741,0
80,32,4408,2,0,0.04537,0
80,33,3624,6,0,0.1656,0
80,34,3862,3,0,0.07768,0
80,35,3604,0,0,0,0
80,36,4756,3,0,0.06308,0
80,37,4014,2,0,0.04983,0
80,38,4288,3,0,0.06996,0
80,39,4188,2,0,0.04776,0
80,40,4048,3,1,0.07411,2.47
80,41,3750,4,0,0.1067,0
80,42,5184,10,0,0.1929,0
80,43,3572,5,0,0.14,0
80,44,3752,3,0,0.07996,0
80,45,4134,12,0,0.2903,0
80,46,5178,9,2,0.1738,3.862
80,47,4926,9,0,0.1827,0
80,48,4548,2,0,0.04398,0
80,49,4234,4,0,0.09447,0
80,50,4302,8,0,0.186,0
80,51,5612,3,0,0.05346,0
80,52,4616,1,0,0.02166,0
80,53,4872,2,0,0.04105,0
80,54,5008,5,0,0.09984,0
80,55,5484,2,0,0.03647,0
80,56,5620,3,1,0.05338,1.779
80,57,5244,3,0,0.05721,0
80,58,4298,1,0,0.02327,0
80,59,5594,3,1,0.05363,1.788
80,60,5244,1,1,0.01907,1.907
80,61,5702,4,1,0.07015,1.754
80,62,5688,3,0,0.05274,0
80,63,5586,1,0,0.0179,0
80,64,5456,0,0,0,0
80,65,5570,0,0,0,0
80,66,5228,0,0,0,0
80,67,5688,1,0,0.01758,0
80,68,5170,0,0,0,0
80,69,5402,2,0,0.03702,0
80,70,4882,1,0,0.02048,0
80,71,5708,2,0,0.03504,0
80,72,4022,0,0,0,0
80,73,4668,0,0,0,0
80,74,4332,0,0,0,0
80,75,5024,0,0,0,0
80,76,4445,0,0,0,0
80,77,4194,0,0,0,0
80,78,4416,0,0,0,0
80,79,4854,0,0,0,0
80,80,4968,2,0,0.04026,0
80,81,5018,0,0,0,0
80,82,4092,2,0,0.04888,0
80,83,4500,0,0,0,0
80,84,4688,0,0,0,0
80,85,4248,2,0,0.04708,0
80,86,3940,0,0,0,0
80,87,4144,0,0,0,0
80,88,4227,0,0,0,0
80,89,3868,1,0,0.02585,0
80,90,4698,0,0,0,0
80,91,3810,0,0,0,0
80,92,4324,1,0,0.02313,0
80,93,3440,0,0,0,0
80,94,3288,2,0,0.06083,0
80,95,2884,1,0,0.03467,0
80,96,3454,0,0,0,0
80,97,3676,2,0,0.05441,0
80,98,2246,0,0,0,0
80,99,1698,0,0,0,0
80,100,2636,0,0,0,0
80,101,2292,0,0,0,0
80,102,2182,0,0,0,0
80,103,1816,0,0,0,0
80,104,1678,0,0,0,0
80,105,1320,0,0,0,0
80,106,984,0,0,0,0
80,107,1022,0,0,0,0
80,108,1052,0,0,0,0
80,109,1008,0,0,0,0
80,110,1204,0,0,0,0
80,111,847,0,0,0,0
80,112,732,0,0,0,0
80,113,656,0,0,0,0
80,114,832,0,0,0,0
80,115,832,0,0,0,0
80,116,1104,0,0,0,0
80,117,1188,0,0,0,0
80,118,958,0,0,0,0
80,119,684,1,0,0.1462,0
80,120,1076,0,0,0,0
80,121,988,0,0,0,0
80,122,770,0,0,0,0
80,123,642,0,0,0,0
80,124,878,0,0,0,0
80,125,1298,0,0,0,0
80,126,982,0,0,0,0
80,127,840,0,0,0,0
80,128,778,0,0,0,0
80,129,1500,0,0,0,0
80,130,1394,0,0,0,0
80,131,1100,0,0,0,0
80,132,1062,0,0,0,0
80,133,1772,0,0,0,0
80,134,1724,0,0,0,0
80,135,1626,0,0,0,0
80,136,1318,0,0,0,0
80,137,1584,0,0,0,0
80,138,1484,2,0,0.1348,0
80,139,1546,1,0,0.06468,0
80,140,1408,0,0,0,0
80,141,1516,0,0,0,0
80,142,1344,0,0,0,0
80,143,1856,0,0,0,0
80,144,1656,0,0,0,0
80,145,1712,1,0,0.05841,0
80,146,1636,0,0,0,0
80,147,1512,0,0,0,0
80,148,1314,1,0,0.0761,0
80,149,1976,0,0,0,0
80,150,2086,0,0,0,0
80,151,1872,0,0,0,0
80,152,1512,1,0,0.06614,0
80,153,2422,0,0,0,0
80,154,2144,0,0,0,0
80,155,1944,1,0,0.05144,0
80,156,1340,0,0,0,0
80,157,1986,0,0,0,0
80,158,2178,0,0,0,0
80,159,2198,0,0,0,0
80,160,2116,0,0,0,0
80,161,2448,0,0,0,0
80,162,2758,1,0,0.03626,0
80,163,2538,2,0,0.0788,0
80,164,3112,2,1,0.06427,3.213
80,165,3112,1,0,0.03213,0
80,166,3188,0,0,0,0
80,167,2818,0,0,0,0
80,168,3412,0,0,0,0
80,169,3194,0,0,0,0
80,170,3888,0,0,0,0
80,171,2802,0,0,0,0
80,172,3350,0,0,0,0
80,173,3020,2,0,0.06623,0
80,174,4598,0,0,0,0
80,175,2888,2,0,0.06925,0
80,176,3174,0,0,0,0
80,177,2450,2,0,0.08163,0
80,178,3090,1,0,0.03236,0
80,179,2208,0,0,0,0
81,-180,1146,0,0,0,0
81,-179,1230,0,0,0,0
81,-178,1244,0,0,0,0
81,-177,1124,0,0,0,0
81,-176,2064,0,0,0,0
81,-175,1616,0,0,0,0
81,-174,1426,0,0,0,0
81,-173,1500,0,0,0,0
81,-172,2502,0,0,0,0
81,-171,2796,0,0,0,0
81,-170,2916,0,0,0,0
81,-169,2152,0,0,0,0
81,-168,2176,0,0,0,0
81,-167,2560,0,0,0,0
81,-166,3420,1,0,0.02924,0
81,-165,2568,0,0,0,0
81,-164,2284,0,0,0,0
81,-163,2472,2,0,0.08091,0
81,-162,2950,0,0,0,0
81,-161,2608,0,0,0,0
81,-160,2992,0,0,0,0
81,-159,2340,0,0,0,0
81,-158,2626,1,0,0.03808,0
81,-157,2800,0,0,0,0
81,-156,2518,0,0,0,0
81,-155,1860,0,0,0,0
81,-154,2242,0,0,0,0
81,-153,2868,0,0,0,0
81,-152,2826,0,0,0,0
81,-151,1776,0,0,0,0
81,-150,2208,1,0,0.04529,0
81,-149,2134,1,0,0.04686,0
81,-148,2406,1,0,0.04156,0
81,-147,1678,2,0,0.1192,0
81,-146,1464,1,0,0.06831,0
81,-145,2016,1,0,0.0496,0
81,-144,2162,0,0,0,0
81,-143,1860,0,0,0,0
81,-142,1502,0,0,0,0
81,-141,2708,4,0,0.1477,0
81,-140,2450,1,0,0.04082,0
81,-139,2300,0,0,0,0
81,-138,2422,0,0,0,0
81,-137,2978,0,0,0,0
81,-136,2678,1,0,0.03734,0
81,-135,2430,0,0,0,0
81,-134,2514,0,0,0,0
81,-133,2644,2,0,0.07564,0
81,-132,2220,0,0,0,0
81,-131,2790,0,0,0,0
81,-130,2160,0,0,0,0
81,-129,2584,0,0,0,0
81,-128,2762,0,0,0,0
81,-127,2612,0,0,0,0
81,-126,2412,0,0,0,0
81,-125,3334,2,0,0.05999,0
81,-124,2738,1,0,0.03652,0
81,-123,2748,1,0,0.03639,0
81,-122,2378,0,0,0,0
81,-121,3218,1,0,0.03108,0
81,-120,2820,0,0,0,0
81,-119,2824,1,0,0.03541,0
81,-118,3223,1,0,0.03103,0
81,-117,2868,0,0,0,0
81,-116,2269,0,0,0,0
81,-115,2016,0,0,0,0
81,-114,3076,0,0,0,0
81,-113,2890,0,0,0,0
81,-112,2494,0,0,0,0
81,-111,2294,1,0,0.04359,0
81,-110,2350,1,0,0.04255,0
81,-109,2950,3,0,0.1017,0
81,-108,3738,2,0,0.0535,0
81,-107,2452,0,0,0,0
81,-106,1760,0,0,0,0
81,-105,2156,0,0,0,0
81,-104,3290,3,0,0.09119,0
81,-103,3026,4,0,0.1322,0
81,-102,1964,1,0,0.05092,0
81,-101,1886,0,0,0,0
81,-100,3812,0,0,0,0
81,-99,3614,2,0,0.05534,0
81,-98,2534,0,0,0,0
81,-97,1465,0,0,0,0
81,-96,2132,1,0,0.0469,0
81,-95,2693,0,0,0,0
81,-94,2981,0,0,0,0
81,-93,2324,0,0,0,0
81,-92,2094,0,0,0,0
81,-91,2266,0,0,0,0
81,-90,2433,0,0,0,0
81,-89,2940,0,0,0,0
81,-88,2336,3,0,0.1284,0
81,-87,2277,2,0,0.08783,0
81,-86,2684,2,0,0.07452,0
81,-85,3484,0,0,0,0
81,-84,3220,0,0,0,0
81,-83,1449,1,0,0.06901,0
81,-82,2648,2,0,0.07553,0
81,-81,3836,2,0,0.05214,0
81,-80,4030,1,0,0.02481,0
81,-79,1951,0,0,0,0
81,-78,3153,1,0,0.03172,0
81,-77,3921,0,0,0,0
81,-76,3743,3,0,0.08015,0
81,-75,3794,0,0,0,0
81,-74,3322,2,0,0.0602,0
81,-73,3997,3,0,0.07506,0
81,-72,3586,2,0,0.05577,0
81,-71,3984,2,0,0.0502,0
81,-70,4438,0,0,0,0
81,-69,4650,2,0,0.04301,0
81,-68,4806,5,0,0.104,0
81,-67,4680,3,0,0.0641,0
81,-66,3744,6,2,0.1603,5.342
81,-65,4152,7,0,0.1686,0
81,-64,4398,2,0,0.04548,0
81,-63,4340,1,0,0.02304,0
81,-62,4142,9,0,0.2173,0
81,-61,3228,8,2,0.2478,6.196
81,-60,3962,5,1,0.1262,2.524
81,-59,4090,8,1,0.1956,2.445
81,-58,2782,6,0,0.2157,0
81,-57,3156,3,0,0.09506,0
81,-56,3104,3,0,0.09665,0
81,-55,3270,4,0,0.1223,0
81,-54,3882,8,2,0.2061,5.152
81,-53,3218,6,1,0.1865,3.108
81,-52,2676,1,0,0.03737,0
81,-51,2284,0,0,0,0
81,-50,2634,6,0,0.2278,0
81,-49,2590,2,1,0.07722,3.861
81,-48,2160,8,0,0.3704,0
81,-47,2110,2,0,0.09479,0
81,-46,1951,10,1,0.5126,5.126
81,-45,2324,2,0,0.08606,0
81,-44,2453,0,0,0,0
81,-43,2488,5,0,0.201,0
81,-42,2170,5,0,0.2304,0
81,-41,2650,10,0,0.3774,0
81,-40,2716,10,0,0.3682,0
81,-39,2370,6,0,0.2532,0
81,-38,2716,3,0,0.1105,0
81,-37,3266,3,0,0.09186,0
81,-36,3182,3,0,0.09428,0
81,-35,3238,4,0,0.1235,0
81,-34,2546,7,0,0.2749,0
81,-33,3296,5,0,0.1517,0
81,-32,3206,5,0,0.156,0
81,-31,3180,0,0,0,0
81,-30,2948,2,1,0.06784,3.392
81,-29,2142,4,0,0.1867,0
81,-28,3698,3,0,0.08112,0
81,-27,4268,5,0,0.1172,0
81,-26,2672,0,0,0,0
81,-25,2810,1,0,0.03559,0
81,-24,2774,1,0,0.03605,0
81,-23,3462,1,0,0.02889,0
81,-22,2606,0,0,0,0
81,-21,2894,0,0,0,0
81,-20,4406,4,0,0.09079,0
81,-19,4856,0,0,0,0
81,-18,3556,0,0,0,0
81,-17,2584,2,0,0.0774,0
81,-16,3148,1,0,0.03177,0
81,-15,3568,5,0,0.1401,0
81,-14,3888,1,0,0.02572,0
81,-13,4304,3,0,0.0697,0
81,-12,3224,0,0,0,0
81,-11,3110,0,0,0,0
81,-10,2776,0,0,0,0
81,-9,4004,0,0,0,0
81,-8,3812,0,0,0,0
81,-7,4900,0,0,0,0
81,-6,4126,0,0,0,0
81,-5,3846,2,0,0.052,0
81,-4,3036,3,0,0.09881,0
81,-3,4970,0,0,0,0
81,-2,4240,2,0,0.04717,0
81,-1,3802,0,0,0,0
81,0,3216,1,0,0.03109,0
81,1,4588,4,0,0.08718,0
81,2,3600,1,0,0.02778,0
81,3,4162,3,0,0.07208,0
81,4,3742,1,0,0.02672,0
81,5,3810,2,0,0.05249,0
81,6,2904,1,0,0.03444,0
81,7,4012,3,0,0.07478,0
81,8,2646,1,0,0.03779,0
81,9,3290,2,0,0.06079,0
81,10,3436,3,0,0.08731,0
81,11,3362,3,0,0.08923,0
81,12,2700,3,0,0.1111,0
81,13,2600,3,0,0.1154,0
81,14,1766,1,0,0.05663,0
81,15,3028,2,0,0.06605,0
81,16,3256,1,0,0.03071,0
81,17,3160,1,0,0.03165,0
81,18,2348,1,0,0.04259,0
81,19,2986,5,0,0.1674,0
81,20,3198,4,0,0.1251,0
81,21,2730,2,0,0.07326,0
81,22,2144,3,0,0.1399,0
81,23,2640,1,0,0.03788,0
81,24,2766,0,0,0,0
81,25,2742,1,0,0.03647,0
81,26,2538,1,0,0.0394,0
81,27,2746,1,0,0.03642,0
81,28,2092,6,0,0.2868,0
81,29,2192,1,0,0.04562,0
81,30,2536,1,0,0.03943,0
81,31,2334,0,0,0,0
81,32,2324,1,0,0.04303,0
81,33,2220,1,0,0.04505,0
81,34,2140,1,0,0.04673,0
81,35,2240,0,0,0,0
81,36,2806,1,0,0.03564,0
81,37,2040,1,0,0.04902,0
81,38,1992,0,0,0,0
81,39,2372,2,0,0.08432,0
81,40,2854,3,0,0.1051,0
81,41,2504,3,0,0.1198,0
81,42,2608,3,0,0.115,0
81,43,2848,9,3,0.316,10.53
81,44,3470,4,0,0.1153,0
81,45,2536,1,0,0.03943,0
81,46,3066,6,2,0.1957,6.523
81,47,2228,6,3,0.2693,13.46
81,48,2678,1,1,0.03734,3.734
81,49,3398,4,0,0.1177,0
81,50,3058,2,0,0.0654,0
81,51,2392,1,0,0.04181,0
81,52,3798,5,0,0.1316,0
81,53,3200,2,0,0.0625,0
81,54,3124,1,0,0.03201,0
81,55,2612,0,0,0,0
81,56,3344,2,0,0.05981,0
81,57,2932,0,0,0,0
81,58,3598,1,0,0.02779,0
81,59,3294,0,0,0,0
81,60,3383,2,0,0.05912,0
81,61,3130,2,0,0.0639,0
81,62,2960,1,0,0.03378,0
81,63,3786,2,0,0.05283,0
81,64,3222,2,0,0.06207,0
81,65,3420,0,0,0,0
81,66,3666,1,0,0.02728,0
81,67,3194,0,0,0,0
81,68,3026,0,0,0,0
81,69,3642,1,0,0.02746,0
81,70,2926,0,0,0,0
81,71,2600,0,0,0,0
81,72,3054,2,0,0.06549,0
81,73,3240,1,0,0.03086,0
81,74,3322,0,0,0,0
81,75,3900,1,0,0.02564,0
81,76,3110,1,0,0.03215,0
81,77,2854,1,0,0.03504,0
81,78,3420,0,0,0,0
81,79,3824,1,0,0.02615,0
81,80,2947,1,0,0.03393,0
81,81,3338,0,0,0,0
81,82,3968,1,0,0.0252,0
81,83,3828,0,0,0,0
81,84,3001,0,0,0,0
81,85,3594,2,0,0.05565,0
81,86,2736,0,0,0,0
81,87,3498,0,0,0,0
81,88,2334,1,0,0.04284,0
81,89,2518,0,0,0,0
81,90,2466,0,0,0,0
81,91,3013,2,0,0.06638,0
81,92,2754,0,0,0,0
81,93,2596,0,0,0,0
81,94,2404,2,0,0.08319,0
81,95,2390,2,0,0.08368,0
81,96,1984,0,0,0,0
81,97,1212,1,0,0.08251,0
81,98,2080,0,0,0,0
81,99,1916,0,0,0,0
81,100,1122,0,0,0,0
81,101,1120,0,0,0,0
81,102,1568,0,0,0,0
81,103,1420,0,0,0,0
81,104,766,0,0,0,0
81,105,490,0,0,0,0
81,106,660,0,0,0,0
81,107,698,0,0,0,0
81,108,742,0,0,0,0
81,109,266,0,0,0,0
81,110,144,0,0,0,0
81,111,214,0,0,0,0
81,112,286,0,0,0,0
81,113,120,0,0,0,0
81,114,248,0,0,0,0
81,115,394,0,0,0,0
81,116,682,0,0,0,0
81,117,604,0,0,0,0
81,118,974,0,0,0,0
81,119,704,0,0,0,0
81,120,638,0,0,0,0
81,121,586,0,0,0,0
81,122,640,0,0,0,0
81,123,576,0,0,0,0
81,124,530,0,0,0,0
81,125,416,0,0,0,0
81,126,568,0,0,0,0
81,127,490,0,0,0,0
81,128,738,0,0,0,0
81,129,168,0,0,0,0
81,130,646,0,0,0,0
81,131,840,0,0,0,0
81,132,746,0,0,0,0
81,133,348,0,0,0,0
81,134,390,0,0,0,0
81,135,1082,1,0,0.09242,0
81,136,996,0,0,0,0
81,137,790,0,0,0,0
81,138,904,0,0,0,0
81,139,836,0,0,0,0
81,140,1054,0,0,0,0
81,141,1036,0,0,0,0
81,142,872,0,0,0,0
81,143,686,0,0,0,0
81,144,778,0,0,0,0
81,145,770,0,0,0,0
81,146,854,0,0,0,0
81,147,1190,1,0,0.08403,0
81,148,872,0,0,0,0
81,149,522,0,0,0,0
81,150,366,0,0,0,0
81,151,952,0,0,0,0
81,152,895,0,0,0,0
81,153,712,0,0,0,0
81,154,822,0,0,0,0
81,155,1162,0,0,0,0
81,156,1206,0,0,0,0
81,157,1538,0,0,0,0
81,158,598,0,0,0,0
81,159,802,0,0,0,0
81,160,1306,0,0,0,0
81,161,1388,1,0,0.07205,0
81,162,1050,0,0,0,0
81,163,1450,0,0,0,0
81,164,1624,0,0,0,0
81,165,1276,0,0,0,0
81,166,1242,0,0,0,0
81,167,1006,1,0,0.0994,0
81,168,1182,0,0,0,0
81,169,850,0,0,0,0
81,170,1056,0,0,0,0
81,171,946,0,0,0,0
81,172,1034,0,0,0,0
81,173,482,0,0,0,0
81,174,538,0,0,0,0
81,175,522,0,0,0,0
81,176,1034,0,0,0,0
81,177,884,0,0,0,0
81,178,1128,0,0,0,0
81,179,1108,0,0,0,0
82,-180,1184,0,0,0,0
82,-179,1004,0,0,0,0
82,-178,820,0,0,0,0
82,-177,1214,0,0,0,0
82,-176,838,0,0,0,0
82,-175,1318,0,0,0,0
82,-174,1200,0,0,0,0
82,-173,1342,0,0,0,0
82,-172,1066,0,0,0,0
82,-171,1240,0,0,0,0
82,-170,1120,0,0,0,0
82,-169,1528,0,0,0,0
82,-168,1104,0,0,0,0
82,-167,1300,0,0,0,0
82,-166,1330,0,0,0,0
82,-165,1854,0,0,0,0
82,-164,1116,0,0,0,0
82,-163,1248,0,0,0,0
82,-162,1300,0,0,0,0
82,-161,1214,0,0,0,0
82,-160,1236,0,0,0,0
82,-159,1032,0,0,0,0
82,-158,1066,0,0,0,0
82,-157,994,0,0,0,0
82,-156,1018,0,0,0,0
82,-155,1088,0,0,0,0
82,-154,1054,0,0,0,0
82,-153,1218,0,0,0,0
82,-152,1234,0,0,0,0
82,-151,1420,0,0,0,0
82,-150,1492,0,0,0,0
82,-149,1506,0,0,0,0
82,-148,1532,0,0,0,0
82,-147,1512,0,0,0,0
82,-146,1618,0,0,0,0
82,-145,1888,0,0,0,0
82,-144,1972,0,0,0,0
82,-143,1636,0,0,0,0
82,-142,1912,1,0,0.0523,0
82,-141,1650,0,0,0,0
82,-140,1842,0,0,0,0
82,-139,1582,0,0,0,0
82,-138,1570,0,0,0,0
82,-137,1710,0,0,0,0
82,-136,1756,0,0,0,0
82,-135,1634,0,0,0,0
82,-134,1574,0,0,0,0
82,-133,1644,0,0,0,0
82,-132,1708,0,0,0,0
82,-131,1804,1,0,0.05543,0
82,-130,1548,0,0,0,0
82,-129,1710,1,0,0.05848,0
82,-128,2014,0,0,0,0
82,-127,2014,0,0,0,0
82,-126,1556,0,0,0,0
82,-125,1674,0,0,0,0
82,-124,1524,0,0,0,0
82,-123,1688,0,0,0,0
82,-122,1722,0,0,0,0
82,-121,1360,0,0,0,0
82,-120,1312,0,0,0,0
82,-119,1630,2,0,0.1227,0
82,-118,1272,3,0,0.2358,0
82,-117,1420,2,0,0.1408,0
82,-116,1248,0,0,0,0
82,-115,1226,2,0,0.1631,0
82,-114,1238,0,0,0,0
82,-113,1238,0,0,0,0
82,-112,1532,2,0,0.1305,0
82,-111,1392,0,0,0,0
82,-110,1276,1,0,0.07837,0
82,-109,1230,1,0,0.0813,0
82,-108,1146,0,0,0,0
82,-107,1600,0,0,0,0
82,-106,1430,2,0,0.1399,0
82,-105,1390,0,0,0,0
82,-104,1730,0,0,0,0
82,-103,1814,0,0,0,0
82,-102,1518,0,0,0,0
82,-101,2096,0,0,0,0
82,-100,1460,0,0,0,0
82,-99,1760,0,0,0,0
82,-98,1856,0,0,0,0
82,-97,1674,0,0,0,0
82,-96,1844,0,0,0,0
82,-95,2292,2,0,0.08726,0
82,-94,1740,0,0,0,0
82,-93,2116,0,0,0,0
82,-92,2088,0,0,0,0
82,-91,1818,2,0,0.11,0
82,-90,2156,2,0,0.09276,0
82,-89,1784,2,0,0.1121,0
82,-88,1663,0,0,0,0
82,-87,2534,0,0,0,0
82,-86,2008,0,0,0,0
82,-85,2457,0,0,0,0
82,-84,2349,1,0,0.04257,0
82,-83,2153,0,0,0,0
82,-82,1895,0,0,0,0
82,-81,2232,1,0,0.0448,0
82,-80,2963,3,0,0.1012,0
82,-79,2352,1,1,0.04252,4.252
82,-78,2700,0,0,0,0
82,-77,2942,2,0,0.06798,0
82,-76,2875,2,0,0.06957,0
82,-75,2652,0,0,0,0
82,-74,3332,1,1,0.03001,3.001
82,-73,3416,0,0,0,0
82,-72,3378,0,0,0,0
82,-71,3641,2,0,0.05493,0
82,-70,2650,1,0,0.03774,0
82,-69,3246,3,0,0.09242,0
82,-68,3646,7,2,0.192,5.485
82,-67,4296,2,0,0.04655,0
82,-66,4454,2,0,0.0449,0
82,-65,4902,1,0,0.0204,0
82,-64,4232,11,2,0.2599,4.726
82,-63,3924,11,2,0.2803,5.097
82,-62,4152,7,0,0.1686,0
82,-61,4306,6,0,0.1393,0
82,-60,4434,11,2,0.2481,4.511
82,-59,3832,4,0,0.1044,0
82,-58,3878,5,0,0.1289,0
82,-57,3734,11,0,0.2946,0
82,-56,4781,11,0,0.2301,0
82,-55,3226,4,0,0.124,0
82,-54,3115,1,0,0.0321,0
82,-53,3083,1,0,0.03244,0
82,-52,3257,9,0,0.2763,0
82,-51,4606,7,1,0.152,2.171
82,-50,3491,4,0,0.1146,0
82,-49,3211,6,0,0.1869,0
82,-48,4172,4,0,0.09588,0
82,-47,3274,3,0,0.09163,0
82,-46,3657,4,0,0.1094,0
82,-45,4286,6,0,0.14,0
82,-44,3570,6,0,0.1681,0
82,-43,2741,5,1,0.1824,3.648
82,-42,3964,3,0,0.07568,0
82,-41,3264,7,0,0.2145,0
82,-40,2420,2,0,0.08264,0
82,-39,3204,3,0,0.09363,0
82,-38,2932,3,0,0.1023,0
82,-37,2624,3,0,0.1143,0
82,-36,3443,6,0,0.1743,0
82,-35,2550,9,0,0.3529,0
82,-34,3104,0,0,0,0
82,-33,2820,3,0,0.1064,0
82,-32,3208,1,0,0.03117,0
82,-31,2634,6,0,0.2278,0
82,-30,3436,5,0,0.1455,0
82,-29,3441,3,0,0.08718,0
82,-28,3504,7,0,0.1998,0
82,-27,3262,0,0,0,0
82,-26,2744,0,0,0,0
82,-25,3537,5,0,0.1414,0
82,-24,3144,2,0,0.06361,0
82,-23,3761,0,0,0,0
82,-22,3258,2,0,0.06139,0
82,-21,2286,0,0,0,0
82,-20,2444,4,0,0.1637,0
82,-19,2272,2,0,0.08803,0
82,-18,1682,0,0,0,0
82,-17,2980,0,0,0,0
82,-16,2452,0,0,0,0
82,-15,2462,3,0,0.1219,0
82,-14,1806,0,0,0,0
82,-13,1648,1,0,0.06068,0
82,-12,1648,1,0,0.06068,0
82,-11,3052,2,0,0.06553,0
82,-10,2464,0,0,0,0
82,-9,2596,1,0,0.03852,0
82,-8,1920,2,0,0.1042,0
82,-7,1908,0,0,0,0
82,-6,2210,0,0,0,0
82,-5,2088,1,0,0.04789,0
82,-4,2706,0,0,0,0
82,-3,1844,0,0,0,0
82,-2,2422,1,0,0.04129,0
82,-1,2006,2,0,0.0997,0
82,0,2112,0,0,0,0
82,1,1872,0,0,0,0
82,2,1926,2,0,0.1038,0
82,3,1816,1,0,0.05507,0
82,4,1590,1,0,0.06289,0
82,5,1516,1,0,0.06596,0
82,6,1670,0,0,0,0
82,7,1332,2,0,0.1502,0
82,8,1706,1,0,0.05862,0
82,9,1774,1,0,0.05637,0
82,10,1586,0,0,0,0
82,11,1578,0,0,0,0
82,12,1766,1,0,0.05663,0
82,13,1646,2,0,0.1215,0
82,14,1818,2,0,0.11,0
82,15,1618,0,0,0,0
82,16,1756,1,0,0.05695,0
82,17,1632,2,0,0.1225,0
82,18,1740,2,0,0.1149,0
82,19,1710,0,0,0,0
82,20,1630,1,0,0.06135,0
82,21,1658,1,0,0.06031,0
82,22,1610,1,0,0.06211,0
82,23,1240,4,0,0.3226,0
82,24,1330,2,0,0.1504,0
82,25,1504,3,1,0.1995,6.649
82,26,1428,2,0,0.1401,0
82,27,1272,3,0,0.2358,0
82,28,1102,1,0,0.09074,0
82,29,1024,2,0,0.1953,0
82,30,1052,1,0,0.09506,0
82,31,1176,3,0,0.2551,0
82,32,1314,0,0,0,0
82,33,1082,0,0,0,0
82,34,1294,0,0,0,0
82,35,1156,2,0,0.173,0
82,36,1064,0,0,0,0
82,37,1364,1,0,0.07331,0
82,38,972,0,0,0,0
82,39,924,0,0,0,0
82,40,952,0,0,0,0
82,41,1160,0,0,0,0
82,42,1298,0,0,0,0
82,43,1396,2,0,0.1433,0
82,44,1330,0,0,0,0
82,45,1636,1,0,0.06112,0
82,46,1336,1,0,0.07485,0
82,47,1484,0,0,0,0
82,48,1660,3,0,0.1807,0
82,49,1354,3,1,0.2216,7.386
82,50,1564,0,0,0,0
82,51,1640,1,0,0.06098,0
82,52,1496,0,0,0,0
82,53,1580,0,0,0,0
82,54,1386,1,0,0.07215,0
82,55,1464,0,0,0,0
82,56,1348,0,0,0,0
82,57,2116,2,0,0.09452,0
82,58,1872,0,0,0,0
82,59,1756,2,0,0.1139,0
82,60,1796,1,0,0.05568,0
82,61,1946,0,0,0,0
82,62,2272,0,0,0,0
82,63,2266,0,0,0,0
82,64,1860,0,0,0,0
82,65,2062,0,0,0,0
82,66,2046,0,0,0,0
82,67,1988,0,0,0,0
82,68,1744,0,0,0,0
82,69,1856,0,0,0,0
82,70,1786,1,0,0.05599,0
82,71,2090,0,0,0,0
82,72,2056,0,0,0,0
82,73,2078,0,0,0,0
82,74,2214,0,0,0,0
82,75,2458,0,0,0,0
82,76,1808,0,0,0,0
82,77,2202,0,0,0,0
82,78,2342,0,0,0,0
82,79,2194,0,0,0,0
82,80,2118,0,0,0,0
82,81,1850,0,0,0,0
82,82,2008,0,0,0,0
82,83,2212,1,0,0.04521,0
82,84,1942,2,0,0.103,0
82,85,2114,0,0,0,0
82,86,1752,1,0,0.05708,0
82,87,1878,0,0,0,0
82,88,1492,2,0,0.134,0
82,89,1688,1,0,0.05924,0
82,90,1898,0,0,0,0
82,91,1676,0,0,0,0
82,92,1392,0,0,0,0
82,93,1888,1,0,0.05297,0
82,94,1634,0,0,0,0
82,95,1582,0,0,0,0
82,96,1388,0,0,0,0
82,97,1708,0,0,0,0
82,98,1636,0,0,0,0
82,99,1276,0,0,0,0
82,100,1022,0,0,0,0
82,101,876,0,0,0,0
82,102,544,0,0,0,0
82,103,760,0,0,0,0
82,104,620,0,0,0,0
82,105,568,0,0,0,0
82,106,448,0,0,0,0
82,107,166,0,0,0,0
82,108,426,0,0,0,0
82,109,362,0,0,0,0
82,110,330,1,0,0.303,0
82,111,270,0,0,0,0
82,112,194,0,0,0,0
82,113,182,0,0,0,0
82,114,326,0,0,0,0
82,115,296,0,0,0,0
82,116,184,0,0,0,0
82,117,188,0,0,0,0
82,118,92,0,0,0,0
82,119,108,0,0,0,0
82,120,44,0,0,0,0
82,121,160,0,0,0,0
82,122,168,0,0,0,0
82,123,160,0,0,0,0
82,124,166,0,0,0,0
82,125,166,0,0,0,0
82,126,160,0,0,0,0
82,127,246,0,0,0,0
82,128,160,0,0,0,0
82,129,96,0,0,0,0
82,130,66,0,0,0,0
82,131,86,0,0,0,0
82,132,82,0,0,0,0
82,133,88,0,0,0,0
82,134,86,0,0,0,0
82,135,84,0,0,0,0
82,136,80,0,0,0,0
82,137,168,0,0,0,0
82,138,84,0,0,0,0
82,139,58,0,0,0,0
82,140,24,0,0,0,0
82,141,84,0,0,0,0
82,142,80,0,0,0,0
82,143,82,0,0,0,0
82,144,236,0,0,0,0
82,145,158,0,0,0,0
82,146,86,0,0,0,0
82,147,156,0,0,0,0
82,148,154,0,0,0,0
82,149,236,0,0,0,0
82,150,86,0,0,0,0
82,151,158,0,0,0,0
82,152,156,0,0,0,0
82,153,160,0,0,0,0
82,154,154,0,0,0,0
82,155,74,0,0,0,0
82,156,76,0,0,0,0
82,157,74,0,0,0,0
82,158,74,0,0,0,0
82,160,108,0,0,0,0
82,161,106,0,0,0,0
82,162,34,0,0,0,0
82,163,204,0,0,0,0
82,164,76,0,0,0,0
82,165,300,0,0,0,0
82,166,306,0,0,0,0
82,167,306,0,0,0,0
82,168,454,0,0,0,0
82,169,388,0,0,0,0
82,170,430,0,0,0,0
82,171,718,0,0,0,0
82,172,694,0,0,0,0
82,173,600,0,0,0,0
82,174,778,1,0,0.1285,0
82,175,728,0,0,0,0
82,176,500,0,0,0,0
82,177,544,0,0,0,0
82,178,608,0,0,0,0
82,179,840,0,0,0,0
83,-180,784,0,0,0,0
83,-179,1054,0,0,0,0
83,-178,922,0,0,0,0
83,-177,792,0,0,0,0
83,-176,480,0,0,0,0
83,-175,898,0,0,0,0
83,-174,708,0,0,0,0
83,-173,852,1,0,0.1174,0
83,-172,750,0,0,0,0
83,-171,744,0,0,0,0
83,-170,552,0,0,0,0
83,-169,704,0,0,0,0
83,-168,648,0,0,0,0
83,-167,242,0,0,0,0
83,-166,534,0,0,0,0
83,-165,752,0,0,0,0
83,-164,660,0,0,0,0
83,-163,872,0,0,0,0
83,-162,1012,0,0,0,0
83,-161,806,0,0,0,0
83,-160,852,0,0,0,0
83,-159,836,0,0,0,0
83,-158,916,0,0,0,0
83,-157,838,0,0,0,0
83,-156,1104,0,0,0,0
83,-155,1130,0,0,0,0
83,-154,1480,0,0,0,0
83,-153,1738,0,0,0,0
83,-152,1012,0,0,0,0
83,-151,1202,1,0,0.08319,0
83,-150,1546,0,0,0,0
83,-149,1782,0,0,0,0
83,-148,1416,0,0,0,0
83,-147,1472,0,0,0,0
83,-146,1594,0,0,0,0
83,-145,1648,1,0,0.06068,0
83,-144,1406,0,0,0,0
83,-143,2098,2,0,0.09533,0
83,-142,1684,0,0,0,0
83,-141,1750,0,0,0,0
83,-140,1722,0,0,0,0
83,-139,2040,0,0,0,0
83,-138,1970,0,0,0,0
83,-137,1776,0,0,0,0
83,-136,2326,0,0,0,0
83,-135,2364,0,0,0,0
83,-134,2082,0,0,0,0
83,-133,1802,0,0,0,0
83,-132,2334,0,0,0,0
83,-131,2108,0,0,0,0
83,-130,2180,0,0,0,0
83,-129,2049,0,0,0,0
83,-128,1822,0,0,0,0
83,-127,1604,0,0,0,0
83,-126,1930,0,0,0,0
83,-125,1678,0,0,0,0
83,-124,1748,1,0,0.05721,0
83,-123,1952,0,0,0,0
83,-122,1692,0,0,0,0
83,-121,1570,0,0,0,0
83,-120,1496,0,0,0,0
83,-119,1632,0,0,0,0
83,-118,1904,0,0,0,0
83,-117,1690,0,0,0,0
83,-116,1760,0,0,0,0
83,-115,1934,0,0,0,0
83,-114,1554,0,0,0,0
83,-113,1814,0,0,0,0
83,-112,1916,0,0,0,0
83,-111,1672,0,0,0,0
83,-110,1864,0,0,0,0
83,-109,1612,0,0,0,0
83,-108,2150,0,0,0,0
83,-107,1598,0,0,0,0
83,-106,2072,0,0,0,0
83,-105,2260,1,0,0.04425,0
83,-104,1909,0,0,0,0
83,-103,1804,0,0,0,0
83,-102,1750,0,0,0,0
83,-101,1930,0,0,0,0
83,-100,1980,0,0,0,0
83,-99,1956,0,0,0,0
83,-98,2096,0,0,0,0
83,-97,1982,0,0,0,0
83,-96,1751,0,0,0,0
83,-95,2624,4,0,0.1524,0
83,-94,2046,0,0,0,0
83,-93,2006,0,0,0,0
83,-92,1838,0,0,0,0
83,-91,2216,0,0,0,0
83,-90,2841,0,0,0,0
83,-89,2558,0,0,0,0
83,-88,2151,0,0,0,0
83,-87,1855,2,0,0.1078,0
83,-86,2532,0,0,0,0
83,-85,1935,2,0,0.1034,0
83,-84,1948,0,0,0,0
83,-83,2539,0,0,0,0
83,-82,1575,0,0,0,0
83,-81,2248,0,0,0,0
83,-80,2076,0,0,0,0
83,-79,2572,2,0,0.07776,0
83,-78,2770,2,0,0.0722,0
83,-77,2952,0,0,0,0
83,-76,2560,2,0,0.07812,0
83,-75,2698,2,0,0.07413,0
83,-74,3330,2,0,0.06006,0
83,-73,2797,2,0,0.07151,0
83,-72,3327,0,0,0,0
83,-71,3828,1,0,0.02612,0
83,-70,3331,1,0,0.03002,0
83,-69,4784,2,0,0.04181,0
83,-68,3558,0,0,0,0
83,-67,3012,0,0,0,0
83,-66,3703,1,0,0.02701,0
83,-65,4316,0,0,0,0
83,-64,4252,0,0,0,0
83,-63,4276,2,0,0.04677,0
83,-62,4275,1,0,0.02339,0
83,-61,3207,0,0,0,0
83,-60,3527,4,0,0.1134,0
83,-59,3949,3,0,0.07597,0
83,-58,4035,5,0,0.1239,0
83,-57,4376,3,0,0.06856,0
83,-56,3300,4,0,0.1212,0
83,-55,4072,5,0,0.1228,0
83,-54,4222,6,0,0.1421,0
83,-53,4522,4,0,0.08846,0
83,-52,4661,3,0,0.06436,0
83,-51,4454,6,0,0.1347,0
83,-50,4000,1,0,0.025,0
83,-49,4318,4,0,0.09264,0
83,-48,3838,3,0,0.07817,0
83,-47,4854,1,0,0.0206,0
83,-46,4541,0,0,0,0
83,-45,4892,3,0,0.06132,0
83,-44,4316,1,0,0.02317,0
83,-43,3800,0,0,0,0
83,-42,4012,4,0,0.0997,0
83,-41,4507,5,0,0.1109,0
83,-40,4185,3,0,0.07168,0
83,-39,4668,2,0,0.04284,0
83,-38,3916,2,0,0.05107,0
83,-37,4192,4,0,0.09542,0
83,-36,3286,1,0,0.03043,0
83,-35,3794,3,0,0.07907,0
83,-34,3492,4,0,0.1145,0
83,-33,4391,9,0,0.205,0
83,-32,3930,4,0,0.1018,0
83,-31,3682,2,0,0.05432,0
83,-30,3458,0,0,0,0
83,-29,2718,1,0,0.03679,0
83,-28,3440,1,0,0.02907,0
83,-27,3600,2,0,0.05556,0
83,-26,4064,0,0,0,0
83,-25,3384,2,0,0.0591,0
83,-24,3706,3,0,0.08095,0
83,-23,3082,0,0,0,0
83,-22,3332,2,0,0.06002,0
83,-21,3592,3,0,0.08352,0
83,-20,4036,0,0,0,0
83,-19,3562,1,0,0.02807,0
83,-18,3452,1,0,0.02897,0
83,-17,3046,0,0,0,0
83,-16,2764,2,0,0.07236,0
83,-15,1922,0,0,0,0
83,-14,2926,0,0,0,0
83,-13,2542,0,0,0,0
83,-12,2478,3,0,0.1211,0
83,-11,2198,0,0,0,0
83,-10,2160,0,0,0,0
83,-9,1686,2,0,0.1186,0
83,-8,1662,0,0,0,0
83,-7,1782,0,0,0,0
83,-6,2102,0,0,0,0
83,-5,1998,0,0,0,0
83,-4,1534,0,0,0,0
83,-3,1550,0,0,0,0
83,-2,1748,1,0,0.05721,0
83,-1,1844,0,0,0,0
83,0,2150,2,0,0.09302,0
83,1,2390,1,0,0.04184,0
83,2,2180,1,0,0.04587,0
83,3,1620,0,0,0,0
83,4,2248,2,0,0.08897,0
83,5,1994,0,0,0,0
83,6,1976,1,0,0.05061,0
83,7,2068,1,0,0.04836,0
83,8,2114,2,0,0.09461,0
83,9,1650,2,0,0.1212,0
83,10,1540,0,0,0,0
83,11,1938,2,0,0.1032,0
83,12,1954,1,0,0.05118,0
83,13,1726,1,0,0.05794,0
83,14,1938,3,0,0.1548,0
83,15,1756,1,0,0.05695,0
83,16,1914,1,0,0.05225,0
83,17,1222,0,0,0,0
83,18,1814,2,0,0.1103,0
83,19,1998,3,0,0.1502,0
83,20,1958,1,0,0.05107,0
83,21,1850,2,0,0.1081,0
83,22,1962,3,0,0.1529,0
83,23,2344,1,0,0.04266,0
83,24,1420,1,1,0.07042,7.042
83,25,1894,2,0,0.1056,0
83,26,2018,1,0,0.04955,0
83,27,1966,2,0,0.1017,0
83,28,1928,1,0,0.05187,0
83,29,2120,1,0,0.04717,0
83,30,2140,2,0,0.09346,0
83,31,1288,1,0,0.07764,0
83,32,1506,1,0,0.0664,0
83,33,1456,0,0,0,0
83,34,1382,0,0,0,0
83,35,1684,0,0,0,0
83,36,1082,1,0,0.09242,0
83,37,1158,0,0,0,0
83,38,1404,0,0,0,0
83,39,1296,1,0,0.07716,0
83,40,1982,0,0,0,0
83,41,1830,0,0,0,0
83,42,1710,0,0,0,0
83,43,1272,0,0,0,0
83,44,1458,0,0,0,0
83,45,1370,0,0,0,0
83,46,1850,0,0,0,0
83,47,2192,0,0,0,0
83,48,2042,0,0,0,0
83,49,1872,0,0,0,0
83,50,1320,1,0,0.07576,0
83,51,1674,0,0,0,0
83,52,1808,2,1,0.1106,5.531
83,53,2044,1,0,0.04892,0
83,54,2334,0,0,0,0
83,55,1940,0,0,0,0
83,56,1906,0,0,0,0
83,57,1840,1,0,0.05435,0
83,58,2316,0,0,0,0
83,59,2092,1,0,0.0478,0
83,60,2314,0,0,0,0
83,61,2354,1,0,0.04248,0
83,62,2138,0,0,0,0
83,63,2134,2,0,0.09372,0
83,64,1966,0,0,0,0
83,65,2190,0,0,0,0
83,66,2292,0,0,0,0
83,67,2256,0,0,0,0
83,68,2206,0,0,0,0
83,69,1538,1,0,0.06502,0
83,70,2052,0,0,0,0
83,71,1950,0,0,0,0
83,72,2358,1,0,0.04241,0
83,73,1914,1,0,0.05225,0
83,74,2242,0,0,0,0
83,75,2062,0,0,0,0
83,76,2366,1,0,0.04227,0
83,77,2020,0,0,0,0
83,78,2220,0,0,0,0
83,79,2102,1,0,0.04757,0
83,80,2774,0,0,0,0
83,81,1934,0,0,0,0
83,82,2198,3,0,0.1365,0
83,83,1706,0,0,0,0
83,84,2122,0,0,0,0
83,85,2472,0,0,0,0
83,86,2112,0,0,0,0
83,87,2388,3,1,0.1256,4.188
83,88,2262,1,0,0.04421,0
83,89,2004,0,0,0,0
83,90,2554,0,0,0,0
83,91,2380,0,0,0,0
83,92,2070,2,0,0.09662,0
83,93,2070,0,0,0,0
83,94,2364,0,0,0,0
83,95,1510,0,0,0,0
83,96,1432,0,0,0,0
83,97,934,0,0,0,0
83,98,1168,0,0,0,0
83,99,1272,1,0,0.07862,0
83,100,852,1,0,0.1174,0
83,101,930,0,0,0,0
83,102,988,1,0,0.1012,0
83,103,928,0,0,0,0
83,104,546,0,0,0,0
83,105,934,1,0,0.1071,0
83,106,784,0,0,0,0
83,107,856,0,0,0,0
83,108,666,1,0,0.1502,0
83,109,540,0,0,0,0
83,110,368,0,0,0,0
83,111,568,1,0,0.1761,0
83,112,694,0,0,0,0
83,113,504,0,0,0,0
83,114,240,0,0,0,0
83,115,312,0,0,0,0
83,116,370,0,0,0,0
83,117,256,0,0,0,0
83,118,296,0,0,0,0
83,119,348,0,0,0,0
83,120,288,0,0,0,0
83,121,360,0,0,0,0
83,122,352,0,0,0,0
83,123,438,0,0,0,0
83,124,316,0,0,0,0
83,125,450,0,0,0,0
83,126,438,0,0,0,0
83,127,164,0,0,0,0
83,128,238,0,0,0,0
83,129,232,0,0,0,0
83,130,76,0,0,0,0
83,131,288,0,0,0,0
83,132,374,0,0,0,0
83,133,260,0,0,0,0
83,134,190,0,0,0,0
83,135,262,0,0,0,0
83,136,196,0,0,0,0
83,137,26,0,0,0,0
83,138,180,0,0,0,0
83,139,266,0,0,0,0
83,140,186,0,0,0,0
83,141,196,0,0,0,0
83,142,194,0,0,0,0
83,143,180,0,0,0,0
83,144,202,0,0,0,0
83,145,186,0,0,0,0
83,146,104,0,0,0,0
83,147,168,0,0,0,0
83,148,160,0,0,0,0
83,149,6,0,0,0,0
83,150,166,0,0,0,0
83,151,158,0,0,0,0
83,152,92,0,0,0,0
83,153,76,0,0,0,0
83,154,84,0,0,0,0
83,155,80,0,0,0,0
83,156,84,0,0,0,0
83,157,164,0,0,0,0
83,158,158,0,0,0,0
83,159,154,0,0,0,0
83,160,168,0,0,0,0
83,161,84,0,0,0,0
83,162,226,0,0,0,0
83,163,106,0,0,0,0
83,164,206,0,0,0,0
83,165,312,0,0,0,0
83,166,112,0,0,0,0
83,167,358,0,0,0,0
83,168,318,0,0,0,0
83,169,538,0,0,0,0
83,170,342,0,0,0,0
83,171,490,0,0,0,0
83,172,418,0,0,0,0
83,173,272,0,0,0,0
83,174,384,0,0,0,0
83,175,602,0,0,0,0
83,176,574,0,0,0,0
83,177,548,0,0,0,0
83,178,788,0,0,0,0
83,179,822,0,0,0,0
84,-180,378,0,0,0,0
84,-179,240,0,0,0,0
84,-178,330,0,0,0,0
84,-177,122,0,0,0,0
84,-176,164,0,0,0,0
84,-175,126,0,0,0,0
84,-174,426,0,0,0,0
84,-173,332,0,0,0,0
84,-172,102,0,0,0,0
84,-171,306,0,0,0,0
84,-170,330,0,0,0,0
84,-169,320,0,0,0,0
84,-168,572,0,0,0,0
84,-167,492,0,0,0,0
84,-166,542,0,0,0,0
84,-165,896,0,0,0,0
84,-164,458,0,0,0,0
84,-163,426,0,0,0,0
84,-162,844,0,0,0,0
84,-161,680,0,0,0,0
84,-160,654,0,0,0,0
84,-159,772,0,0,0,0
84,-158,594,0,0,0,0
84,-157,1162,0,0,0,0
84,-156,822,0,0,0,0
84,-155,774,0,0,0,0
84,-154,1128,0,0,0,0
84,-153,912,0,0,0,0
84,-152,946,0,0,0,0
84,-151,1018,1,0,0.09823,0
84,-150,614,0,0,0,0
84,-149,1182,0,0,0,0
84,-148,992,0,0,0,0
84,-147,1158,0,0,0,0
84,-146,1528,0,0,0,0
84,-145,1366,0,0,0,0
84,-144,1266,0,0,0,0
84,-143,1182,0,0,0,0
84,-142,1340,0,0,0,0
84,-141,1114,0,0,0,0
84,-140,1272,0,0,0,0
84,-139,1496,0,0,0,0
84,-138,1270,0,0,0,0
84,-137,1778,0,0,0,0
84,-136,1488,1,0,0.0672,0
84,-135,1346,0,0,0,0
84,-134,1592,0,0,0,0
84,-133,1380,0,0,0,0
84,-132,1828,0,0,0,0
84,-131,1706,0,0,0,0
84,-130,1590,0,0,0,0
84,-129,1358,0,0,0,0
84,-128,1870,0,0,0,0
84,-127,1748,0,0,0,0
84,-126,1987,0,0,0,0
84,-125,1816,0,0,0,0
84,-124,1846,0,0,0,0
84,-123,1983,0,0,0,0
84,-122,1596,0,0,0,0
84,-121,1920,0,0,0,0
84,-120,2030,0,0,0,0
84,-119,2044,0,0,0,0
84,-118,2010,0,0,0,0
84,-117,1978,0,0,0,0
84,-116,1918,0,0,0,0
84,-115,1968,0,0,0,0
84,-114,1936,0,0,0,0
84,-113,2256,1,0,0.04433,0
84,-112,2514,0,0,0,0
84,-111,2108,0,0,0,0
84,-110,2100,0,0,0,0
84,-109,2410,0,0,0,0
84,-108,2184,0,0,0,0
84,-107,2308,0,0,0,0
84,-106,1992,2,2,0.1004,10.04
84,-105,2216,0,0,0,0
84,-104,2690,2,0,0.07435,0
84,-103,2436,0,0,0,0
84,-102,2532,0,0,0,0
84,-101,2867,0,0,0,0
84,-100,2364,0,0,0,0
84,-99,2704,0,0,0,0
84,-98,3034,0,0,0,0
84,-97,2294,0,0,0,0
84,-96,3040,0,0,0,0
84,-95,2474,1,0,0.04042,0
84,-94,2856,1,0,0.03501,0
84,-93,2820,0,0,0,0
84,-92,2682,0,0,0,0
84,-91,2818,0,0,0,0
84,-90,2204,1,0,0.04537,0
84,-89,3118,2,0,0.06414,0
84,-88,2646,0,0,0,0
84,-87,3044,0,0,0,0
84,-86,3142,0,0,0,0
84,-85,2944,0,0,0,0
84,-84,3018,2,0,0.06627,0
84,-83,3254,2,0,0.06146,0
84,-82,2962,4,0,0.135,0
84,-81,3490,0,0,0,0
84,-80,3290,0,0,0,0
84,-79,3274,0,0,0,0
84,-78,3566,2,0,0.05609,0
84,-77,3652,0,0,0,0
84,-76,3598,0,0,0,0
84,-75,4091,2,0,0.04889,0
84,-74,3488,2,0,0.05734,0
84,-73,3702,0,0,0,0
84,-72,3430,0,0,0,0
84,-71,4112,5,0,0.1216,0
84,-70,4132,2,0,0.0484,0
84,-69,3818,1,0,0.02619,0
84,-68,4534,0,0,0,0
84,-67,4038,4,0,0.09906,0
84,-66,4196,0,0,0,0
84,-65,3466,1,0,0.02885,0
84,-64,4126,1,0,0.02424,0
84,-63,3630,0,0,0,0
84,-62,4352,0,0,0,0
84,-61,4660,0,0,0,0
84,-60,4375,10,1,0.2286,2.286
84,-59,5033,0,0,0,0
84,-58,3760,0,0,0,0
84,-57,4763,1,0,0.021,0
84,-56,3806,1,0,0.02627,0
84,-55,4987,2,0,0.0401,0
84,-54,4480,1,0,0.02232,0
84,-53,4640,0,0,0,0
84,-52,4516,4,0,0.08857,0
84,-51,4776,4,0,0.08375,0
84,-50,4266,6,0,0.1406,0
84,-49,4522,0,0,0,0
84,-48,4449,4,0,0.08991,0
84,-47,4626,1,0,0.02162,0
84,-46,4400,0,0,0,0
84,-45,4900,1,0,0.02041,0
84,-44,4168,1,0,0.02399,0
84,-43,4390,0,0,0,0
84,-42,4636,8,0,0.1726,0
84,-41,5008,5,0,0.09984,0
84,-40,4885,2,0,0.04094,0
84,-39,4758,2,0,0.04203,0
84,-38,4314,4,0,0.09272,0
84,-37,4440,5,0,0.1126,0
84,-36,4252,1,0,0.02352,0
84,-35,4592,6,0,0.1307,0
84,-34,4950,0,0,0,0
84,-33,4386,3,0,0.0684,0
84,-32,5032,6,0,0.1192,0
84,-31,4146,3,0,0.07236,0
84,-30,4594,2,0,0.04354,0
84,-29,4835,0,0,0,0
84,-28,4470,3,0,0.06711,0
84,-27,4672,0,0,0,0
84,-26,3974,1,0,0.02516,0
84,-25,4650,1,0,0.02151,0
84,-24,3333,0,0,0,0
84,-23,3722,2,0,0.05373,0
84,-22,3358,0,0,0,0
84,-21,3342,2,0,0.05984,0
84,-20,3408,0,0,0,0
84,-19,2974,2,0,0.06725,0
84,-18,3186,0,0,0,0
84,-17,3254,0,0,0,0
84,-16,3024,3,0,0.09921,0
84,-15,3310,1,0,0.03021,0
84,-14,3640,2,0,0.05495,0
84,-13,3114,0,0,0,0
84,-12,3126,0,0,0,0
84,-11,3118,2,0,0.06414,0
84,-10,2754,0,0,0,0
84,-9,2872,2,0,0.06964,0
84,-8,2522,2,0,0.0793,0
84,-7,2812,0,0,0,0
84,-6,2412,0,0,0,0
84,-5,1658,0,0,0,0
84,-4,2578,0,0,0,0
84,-3,2224,0,0,0,0
84,-2,1884,0,0,0,0
84,-1,1762,0,0,0,0
84,0,1732,0,0,0,0
84,1,1512,0,0,0,0
84,2,1588,0,0,0,0
84,3,1746,0,0,0,0
84,4,1978,1,0,0.05056,0
84,5,1710,1,0,0.05848,0
84,6,1780,1,0,0.05618,0
84,7,1778,1,0,0.05624,0
84,8,1920,5,0,0.2604,0
84,9,1612,2,0,0.1241,0
84,10,1630,2,0,0.1227,0
84,11,1940,1,0,0.05155,0
84,12,1546,1,0,0.06468,0
84,13,1740,2,0,0.1149,0
84,14,1720,3,0,0.1744,0
84,15,1444,2,0,0.1385,0
84,16,1560,0,0,0,0
84,17,1850,1,0,0.05405,0
84,18,1132,1,0,0.08834,0
84,19,1698,0,0,0,0
84,20,1656,2,0,0.1208,0
84,21,1466,0,0,0,0
84,22,1710,2,0,0.117,0
84,23,1434,0,0,0,0
84,24,1610,0,0,0,0
84,25,1254,1,0,0.07974,0
84,26,1092,0,0,0,0
84,27,1238,0,0,0,0
84,28,1104,0,0,0,0
84,29,1364,0,0,0,0
84,30,1338,0,0,0,0
84,31,1368,1,0,0.0731,0
84,32,1396,0,0,0,0
84,33,1452,0,0,0,0
84,34,1256,0,0,0,0
84,35,1234,0,0,0,0
84,36,1404,0,0,0,0
84,37,1686,0,0,0,0
84,38,1698,1,0,0.05889,0
84,39,1550,0,0,0,0
84,40,1270,0,0,0,0
84,41,1378,0,0,0,0
84,42,1104,0,0,0,0
84,43,904,0,0,0,0
84,44,1388,0,0,0,0
84,45,1316,0,0,0,0
84,46,1274,0,0,0,0
84,47,1244,0,0,0,0
84,48,1450,0,0,0,0
84,49,1038,0,0,0,0
84,50,1636,0,0,0,0
84,51,1836,2,0,0.1089,0
84,52,1794,0,0,0,0
84,53,1620,1,0,0.06173,0
84,54,1892,1,0,0.05285,0
84,55,1576,0,0,0,0
84,56,2200,0,0,0,0
84,57,1710,0,0,0,0
84,58,1640,0,0,0,0
84,59,1928,2,0,0.1037,0
84,60,1320,0,0,0,0
84,61,1974,1,0,0.05066,0
84,62,1902,0,0,0,0
84,63,1592,0,0,0,0
84,64,1782,1,0,0.05612,0
84,65,1920,1,0,0.05208,0
84,66,1882,3,0,0.1594,0
84,67,1654,0,0,0,0
84,68,1868,1,0,0.05353,0
84,69,2256,0,0,0,0
84,70,2202,1,0,0.04541,0
84,71,2034,2,0,0.09833,0
84,72,2042,0,0,0,0
84,73,2204,0,0,0,0
84,74,2238,0,0,0,0
84,75,2160,2,2,0.09259,9.259
84,76,2538,1,0,0.0394,0
84,77,2440,0,0,0,0
84,78,2412,0,0,0,0
84,79,2452,0,0,0,0
84,80,1954,0,0,0,0
84,81,2126,0,0,0,0
84,82,2182,0,0,0,0
84,83,2086,0,0,0,0
84,84,2270,0,0,0,0
84,85,2162,1,0,0.04625,0
84,86,2014,0,0,0,0
84,87,2204,2,1,0.09074,4.537
84,88,1958,1,0,0.05107,0
84,89,1782,0,0,0,0
84,90,1588,0,0,0,0
84,91,1590,0,0,0,0
84,92,1438,0,0,0,0
84,93,1240,0,0,0,0
84,94,1546,0,0,0,0
84,95,1126,0,0,0,0
84,96,1493,1,0,0.06698,0
84,97,1616,3,0,0.1856,0
84,98,1220,0,0,0,0
84,99,1150,0,0,0,0
84,100,1022,1,0,0.09785,0
84,101,1116,0,0,0,0
84,102,942,1,0,0.1062,0
84,103,1318,0,0,0,0
84,104,960,2,0,0.2083,0
84,105,948,0,0,0,0
84,106,948,0,0,0,0
84,107,962,0,0,0,0
84,108,904,0,0,0,0
84,109,944,0,0,0,0
84,110,732,0,0,0,0
84,111,698,0,0,0,0
84,112,536,0,0,0,0
84,113,708,0,0,0,0
84,114,550,0,0,0,0
84,115,476,0,0,0,0
84,116,530,0,0,0,0
84,117,482,0,0,0,0
84,118,450,0,0,0,0
84,119,484,0,0,0,0
84,120,544,0,0,0,0
84,121,320,0,0,0,0
84,122,514,0,0,0,0
84,123,540,0,0,0,0
84,124,398,0,0,0,0
84,125,496,0,0,0,0
84,126,386,0,0,0,0
84,127,536,0,0,0,0
84,128,302,0,0,0,0
84,129,694,0,0,0,0
84,130,460,0,0,0,0
84,131,364,0,0,0,0
84,132,360,0,0,0,0
84,133,362,0,0,0,0
84,134,188,0,0,0,0
84,135,342,0,0,0,0
84,136,224,0,0,0,0
84,137,410,0,0,0,0
84,138,230,0,0,0,0
84,139,300,0,0,0,0
84,140,208,0,0,0,0
84,141,216,0,0,0,0
84,142,296,0,0,0,0
84,143,138,0,0,0,0
84,144,368,0,0,0,0
84,145,138,0,0,0,0
84,146,370,0,0,0,0
84,147,144,0,0,0,0
84,148,360,0,0,0,0
84,149,232,0,0,0,0
84,150,362,0,0,0,0
84,151,212,0,0,0,0
84,152,354,0,0,0,0
84,153,194,0,0,0,0
84,154,376,0,0,0,0
84,155,318,0,0,0,0
84,156,246,0,0,0,0
84,157,340,0,0,0,0
84,158,364,0,0,0,0
84,159,280,0,0,0,0
84,160,196,0,0,0,0
84,161,358,0,0,0,0
84,162,104,0,0,0,0
84,163,442,0,0,0,0
84,164,222,0,0,0,0
84,165,292,0,0,0,0
84,166,220,0,0,0,0
84,167,376,0,0,0,0
84,168,302,0,0,0,0
84,169,350,0,0,0,0
84,170,348,0,0,0,0
84,171,372,0,0,0,0
84,172,502,0,0,0,0
84,173,732,0,0,0,0
84,174,438,0,0,0,0
84,175,570,0,0,0,0
84,176,496,0,0,0,0
84,177,406,0,0,0,0
84,178,588,0,0,0,0
84,179,414,0,0,0,0
85,-180,362,0,0,0,0
85,-179,38,0,0,0,0
85,-178,446,0,0,0,0
85,-177,76,0,0,0,0
85,-176,262,0,0,0,0
85,-175,162,0,0,0,0
85,-174,120,0,0,0,0
85,-173,156,0,0,0,0
85,-172,112,0,0,0,0
85,-171,170,0,0,0,0
85,-170,214,0,0,0,0
85,-169,168,0,0,0,0
85,-168,40,0,0,0,0
85,-167,210,0,0,0,0
85,-166,68,0,0,0,0
85,-165,120,0,0,0,0
85,-164,70,0,0,0,0
85,-163,324,0,0,0,0
85,-162,202,0,0,0,0
85,-161,208,0,0,0,0
85,-160,198,0,0,0,0
85,-159,526,0,0,0,0
85,-158,230,0,0,0,0
85,-157,516,0,0,0,0
85,-156,456,0,0,0,0
85,-155,554,0,0,0,0
85,-154,590,0,0,0,0
85,-153,336,0,0,0,0
85,-152,582,0,0,0,0
85,-151,650,0,0,0,0
85,-150,400,0,0,0,0
85,-149,726,0,0,0,0
85,-148,632,0,0,0,0
85,-147,610,0,0,0,0
85,-146,922,0,0,0,0
85,-145,696,0,0,0,0
85,-144,476,0,0,0,0
85,-143,1040,0,0,0,0
85,-142,750,0,0,0,0
85,-141,1398,0,0,0,0
85,-140,808,0,0,0,0
85,-139,748,0,0,0,0
85,-138,942,0,0,0,0
85,-137,888,0,0,0,0
85,-136,1056,0,0,0,0
85,-135,1058,0,0,0,0
85,-134,1050,0,0,0,0
85,-133,994,0,0,0,0
85,-132,1144,0,0,0,0
85,-131,1136,0,0,0,0
85,-130,976,0,0,0,0
85,-129,1260,0,0,0,0
85,-128,946,0,0,0,0
85,-127,1666,0,0,0,0
85,-126,1098,0,0,0,0
85,-125,1210,0,0,0,0
85,-124,1374,1,0,0.07278,0
85,-123,1158,0,0,0,0
85,-122,1916,0,0,0,0
85,-121,1280,1,0,0.07812,0
85,-120,1516,0,0,0,0
85,-119,1240,0,0,0,0
85,-118,1588,1,0,0.06297,0
85,-117,1788,0,0,0,0
85,-116,1472,0,0,0,0
85,-115,1700,0,0,0,0
85,-114,1357,0,0,0,0
85,-113,1770,0,0,0,0
85,-112,1650,0,0,0,0
85,-111,1934,0,0,0,0
85,-110,1772,2,2,0.1129,11.29
85,-109,1979,0,0,0,0
85,-108,1756,0,0,0,0
85,-107,2280,0,0,0,0
85,-106,1880,0,0,0,0
85,-105,1400,0,0,0,0
85,-104,2462,0,0,0,0
85,-103,1906,0,0,0,0
85,-102,2470,0,0,0,0
85,-101,2056,0,0,0,0
85,-100,2098,0,0,0,0
85,-99,2258,0,0,0,0
85,-98,2278,1,0,0.0439,0
85,-97,2300,1,0,0.04348,0
85,-96,2708,0,0,0,0
85,-95,1980,0,0,0,0
85,-94,2810,0,0,0,0
85,-93,2222,2,0,0.09001,0
85,-92,2394,0,0,0,0
85,-91,2912,0,0,0,0
85,-90,2246,1,0,0.04452,0
85,-89,2790,1,0,0.03584,0
85,-88,2702,0,0,0,0
85,-87,3012,0,0,0,0
85,-86,2596,0,0,0,0
85,-85,2996,0,0,0,0
85,-84,2898,2,0,0.06901,0
85,-83,3046,2,0,0.06566,0
85,-82,3316,0,0,0,0
85,-81,2648,0,0,0,0
85,-80,3242,0,0,0,0
85,-79,2866,1,0,0.03489,0
85,-78,3138,1,0,0.03187,0
85,-77,3460,2,0,0.0578,0
85,-76,2832,2,0,0.07062,0
85,-75,2712,0,0,0,0
85,-74,3726,2,0,0.05368,0
85,-73,2860,1,0,0.03497,0
85,-72,2964,2,0,0.06748,0
85,-71,3144,0,0,0,0
85,-70,2538,0,0,0,0
85,-69,3772,0,0,0,0
85,-68,2900,0,0,0,0
85,-67,2992,0,0,0,0
85,-66,3240,0,0,0,0
85,-65,2806,0,0,0,0
85,-64,3474,0,0,0,0
85,-63,3696,2,0,0.05411,0
85,-62,3086,0,0,0,0
85,-61,3450,1,0,0.02899,0
85,-60,3674,0,0,0,0
85,-59,3456,1,0,0.02894,0
85,-58,3520,0,0,0,0
85,-57,3364,0,0,0,0
85,-56,3480,2,0,0.05747,0
85,-55,3910,0,0,0,0
85,-54,3620,0,0,0,0
85,-53,3968,0,0,0,0
85,-52,3685,0,0,0,0
85,-51,3550,2,0,0.05634,0
85,-50,4163,0,0,0,0
85,-49,3902,5,1,0.1281,2.563
85,-48,3742,4,0,0.1069,0
85,-47,3852,2,0,0.05192,0
85,-46,3582,0,0,0,0
85,-45,3829,3,0,0.07835,0
85,-44,4134,8,0,0.1935,0
85,-43,4201,0,0,0,0
85,-42,3556,1,0,0.02812,0
85,-41,3948,3,0,0.07599,0
85,-40,3448,0,0,0,0
85,-39,4054,4,0,0.09867,0
85,-38,4204,3,0,0.07136,0
85,-37,3789,0,0,0,0
85,-36,4320,2,0,0.0463,0
85,-35,4111,2,0,0.04865,0
85,-34,4212,1,0,0.02374,0
85,-33,3444,3,0,0.08711,0
85,-32,3920,0,0,0,0
85,-31,3898,2,0,0.05131,0
85,-30,3972,0,0,0,0
85,-29,3794,0,0,0,0
85,-28,4334,0,0,0,0
85,-27,4204,1,0,0.02379,0
85,-26,3460,0,0,0,0
85,-25,3984,0,0,0,0
85,-24,2860,0,0,0,0
85,-23,2798,0,0,0,0
85,-22,2430,0,0,0,0
85,-21,2374,0,0,0,0
85,-20,2474,0,0,0,0
85,-19,2200,1,0,0.04545,0
85,-18,1966,1,0,0.05086,0
85,-17,1956,0,0,0,0
85,-16,2060,0,0,0,0
85,-15,1960,0,0,0,0
85,-14,2028,0,0,0,0
85,-13,1957,2,0,0.1022,0
85,-12,1772,0,0,0,0
85,-11,2344,0,0,0,0
85,-10,1688,0,0,0,0
85,-9,1594,0,0,0,0
85,-8,1714,0,0,0,0
85,-7,1909,0,0,0,0
85,-6,1496,0,0,0,0
85,-5,1880,0,0,0,0
85,-4,1378,0,0,0,0
85,-3,1216,0,0,0,0
85,-2,1576,0,0,0,0
85,-1,1120,0,0,0,0
85,0,1184,0,0,0,0
85,1,1068,1,0,0.09363,0
85,2,1156,0,0,0,0
85,3,1004,0,0,0,0
85,4,1038,1,0,0.09634,0
85,5,924,1,0,0.1082,0
85,6,718,0,0,0,0
85,7,814,2,0,0.2457,0
85,8,762,0,0,0,0
85,9,886,0,0,0,0
85,10,954,0,0,0,0
85,11,848,1,0,0.1179,0
85,12,756,1,0,0.1323,0
85,13,746,0,0,0,0
85,14,858,1,1,0.1166,11.66
85,15,720,0,0,0,0
85,16,550,0,0,0,0
85,17,698,0,0,0,0
85,18,820,0,0,0,0
85,19,518,1,1,0.1931,19.31
85,20,426,0,0,0,0
85,21,486,0,0,0,0
85,22,350,0,0,0,0
85,23,538,0,0,0,0
85,24,468,0,0,0,0
85,25,490,0,0,0,0
85,26,532,0,0,0,0
85,27,414,0,0,0,0
85,28,528,0,0,0,0
85,29,402,0,0,0,0
85,30,622,0,0,0,0
85,31,454,0,0,0,0
85,32,776,0,0,0,0
85,33,508,0,0,0,0
85,34,530,0,0,0,0
85,35,962,1,0,0.104,0
85,36,400,0,0,0,0
85,37,804,0,0,0,0
85,38,542,0,0,0,0
85,39,534,0,0,0,0
85,40,794,0,0,0,0
85,41,596,0,0,0,0
85,42,870,0,0,0,0
85,43,902,0,0,0,0
85,44,802,0,0,0,0
85,45,684,0,0,0,0
85,46,986,0,0,0,0
85,47,764,0,0,0,0
85,48,1050,0,0,0,0
85,49,1052,0,0,0,0
85,50,604,0,0,0,0
85,51,1172,0,0,0,0
85,52,820,0,0,0,0
85,53,874,0,0,0,0
85,54,966,0,0,0,0
85,55,1118,0,0,0,0
85,56,650,0,0,0,0
85,57,1176,0,0,0,0
85,58,856,2,0,0.2336,0
85,59,986,0,0,0,0
85,60,1082,1,0,0.09242,0
85,61,862,0,0,0,0
85,62,1110,2,0,0.1802,0
85,63,840,0,0,0,0
85,64,872,0,0,0,0
85,65,1184,0,0,0,0
85,66,1030,0,0,0,0
85,67,1694,1,0,0.05903,0
85,68,964,0,0,0,0
85,69,1306,0,0,0,0
85,70,950,0,0,0,0
85,71,1684,0,0,0,0
85,72,1542,0,0,0,0
85,73,1338,0,0,0,0
85,74,1688,0,0,0,0
85,75,1498,0,0,0,0
85,76,1218,0,0,0,0
85,77,1350,0,0,0,0
85,78,1800,0,0,0,0
85,79,1462,0,0,0,0
85,80,1694,0,0,0,0
85,81,1278,2,1,0.1565,7.825
85,82,1418,1,0,0.07052,0
85,83,1464,0,0,0,0
85,84,1022,1,0,0.09785,0
85,85,1296,0,0,0,0
85,86,986,0,0,0,0
85,87,992,0,0,0,0
85,88,774,0,0,0,0
85,89,654,0,0,0,0
85,90,848,0,0,0,0
85,91,632,0,0,0,0
85,92,850,1,0,0.1176,0
85,93,572,0,0,0,0
85,94,980,0,0,0,0
85,95,652,0,0,0,0
85,96,1094,0,0,0,0
85,97,806,1,0,0.1241,0
85,98,766,0,0,0,0
85,99,784,0,0,0,0
85,100,1012,0,0,0,0
85,101,980,0,0,0,0
85,102,844,0,0,0,0
85,103,568,0,0,0,0
85,104,900,0,0,0,0
85,105,742,0,0,0,0
85,106,762,0,0,0,0
85,107,520,0,0,0,0
85,108,688,0,0,0,0
85,109,426,0,0,0,0
85,110,632,0,0,0,0
85,111,444,0,0,0,0
85,112,638,0,0,0,0
85,113,460,0,0,0,0
85,114,646,0,0,0,0
85,115,306,0,0,0,0
85,116,248,0,0,0,0
85,117,342,0,0,0,0
85,118,176,0,0,0,0
85,119,378,0,0,0,0
85,120,306,0,0,0,0
85,121,272,0,0,0,0
85,122,224,0,0,0,0
85,123,386,0,0,0,0
85,124,110,0,0,0,0
85,125,324,0,0,0,0
85,126,104,0,0,0,0
85,127,250,0,0,0,0
85,128,174,0,0,0,0
85,129,220,0,0,0,0
85,130,154,0,0,0,0
85,131,358,0,0,0,0
85,132,200,0,0,0,0
85,133,228,0,0,0,0
85,134,224,0,0,0,0
85,135,264,0,0,0,0
85,136,374,0,0,0,0
85,137,162,0,0,0,0
85,138,392,0,0,0,0
85,139,174,0,0,0,0
85,140,266,0,0,0,0
85,141,256,0,0,0,0
85,142,252,0,0,0,0
85,143,316,0,0,0,0
85,144,6,0,0,0,0
85,145,334,0,0,0,0
85,146,234,0,0,0,0
85,147,194,0,0,0,0
85,148,318,1,0,0.3145,0
85,149,192,0,0,0,0
85,150,324,0,0,0,0
85,151,176,0,0,0,0
85,152,360,0,0,0,0
85,153,320,0,0,0,0
85,154,346,0,0,0,0
85,155,170,0,0,0,0
85,156,446,0,0,0,0
85,157,352,0,0,0,0
85,158,342,0,0,0,0
85,159,354,0,0,0,0
85,160,210,0,0,0,0
85,161,376,0,0,0,0
85,162,300,1,0,0.3333,0
85,163,304,0,0,0,0
85,164,370,0,0,0,0
85,165,332,0,0,0,0
85,166,184,0,0,0,0
85,167,450,0,0,0,0
85,168,160,0,0,0,0
85,169,296,0,0,0,0
85,170,270,0,0,0,0
85,171,306,0,0,0,0
85,172,272,0,0,0,0
85,173,128,0,0,0,0
85,174,276,0,0,0,0
85,175,204,0,0,0,0
85,176,220,0,0,0,0
85,177,426,0,0,0,0
85,178,218,0,0,0,0
85,179,178,0,0,0,0
86,-180,10,0,0,0,0
86,-179,206,0,0,0,0
86,-178,188,0,0,0,0
86,-177,2,0,0,0,0
86,-176,250,0,0,0,0
86,-175,100,0,0,0,0
86,-174,110,0,0,0,0
86,-173,232,0,0,0,0
86,-172,2,0,0,0,0
86,-171,154,0,0,0,0
86,-170,8,0,0,0,0
86,-169,156,0,0,0,0
86,-168,96,0,0,0,0
86,-167,62,0,0,0,0
86,-166,96,0,0,0,0
86,-165,156,0,0,0,0
86,-164,14,0,0,0,0
86,-163,90,0,0,0,0
86,-162,2,0,0,0,0
86,-161,100,0,0,0,0
86,-159,156,0,0,0,0
86,-158,10,0,0,0,0
86,-156,66,0,0,0,0
86,-155,8,0,0,0,0
86,-154,4,0,0,0,0
86,-153,98,0,0,0,0
86,-152,108,0,0,0,0
86,-151,96,0,0,0,0
86,-150,200,0,0,0,0
86,-149,104,0,0,0,0
86,-148,198,0,0,0,0
86,-147,204,0,0,0,0
86,-146,204,0,0,0,0
86,-145,206,0,0,0,0
86,-144,398,0,0,0,0
86,-143,210,0,0,0,0
86,-142,302,0,0,0,0
86,-141,378,0,0,0,0
86,-140,214,0,0,0,0
86,-139,620,0,0,0,0
86,-138,306,0,0,0,0
86,-137,206,0,0,0,0
86,-136,1000,0,0,0,0
86,-135,204,0,0,0,0
86,-134,356,0,0,0,0
86,-133,1076,0,0,0,0
86,-132,126,0,0,0,0
86,-131,984,0,0,0,0
86,-130,648,0,0,0,0
86,-129,494,0,0,0,0
86,-128,1034,0,0,0,0
86,-127,432,0,0,0,0
86,-126,666,0,0,0,0
86,-125,1054,0,0,0,0
86,-124,266,0,0,0,0
86,-123,850,0,0,0,0
86,-122,980,0,0,0,0
86,-121,314,0,0,0,0
86,-120,1214,0,0,0,0
86,-119,724,0,0,0,0
86,-118,632,0,0,0,0
86,-117,1250,1,0,0.08,0
86,-116,552,0,0,0,0
86,-115,1044,0,0,0,0
86,-114,1294,0,0,0,0
86,-113,432,0,0,0,0
86,-112,1008,0,0,0,0
86,-111,1386,0,0,0,0
86,-110,178,0,0,0,0
86,-109,1378,0,0,0,0
86,-108,1174,0,0,0,0
86,-107,482,0,0,0,0
86,-106,1572,1,0,0.06361,0
86,-105,846,1,0,0.1182,0
86,-104,910,0,0,0,0
86,-103,1290,0,0,0,0
86,-102,600,0,0,0,0
86,-101,1084,2,0,0.1845,0
86,-100,1282,1,0,0.078,0
86,-99,468,0,0,0,0
86,-98,1248,0,0,0,0
86,-97,1184,0,0,0,0
86,-96,932,1,0,0.1073,0
86,-95,1426,0,0,0,0
86,-94,690,0,0,0,0
86,-93,1380,0,0,0,0
86,-92,1376,0,0,0,0
86,-91,568,0,0,0,0
86,-90,1540,0,0,0,0
86,-89,1408,0,0,0,0
86,-88,666,0,0,0,0
86,-87,1680,0,0,0,0
86,-86,1354,0,0,0,0
86,-85,680,0,0,0,0
86,-84,1878,0,0,0,0
86,-83,1010,0,0,0,0
86,-82,930,0,0,0,0
86,-81,2072,0,0,0,0
86,-80,808,0,0,0,0
86,-79,1572,1,0,0.06361,0
86,-78,2060,0,0,0,0
86,-77,720,0,0,0,0
86,-76,2094,0,0,0,0
86,-75,1558,0,0,0,0
86,-74,1104,0,0,0,0
86,-73,2292,0,0,0,0
86,-72,1234,2,0,0.1621,0
86,-71,1840,1,0,0.05435,0
86,-70,1960,0,0,0,0
86,-69,1196,0,0,0,0
86,-68,2300,1,0,0.04348,0
86,-67,1770,0,0,0,0
86,-66,1549,0,0,0,0
86,-65,2166,0,0,0,0
86,-64,1730,0,0,0,0
86,-63,1492,0,0,0,0
86,-62,2440,1,0,0.04098,0
86,-61,1554,0,0,0,0
86,-60,1602,0,0,0,0
86,-59,2622,0,0,0,0
86,-58,958,0,0,0,0
86,-57,1996,0,0,0,0
86,-56,2284,0,0,0,0
86,-55,1172,0,0,0,0
86,-54,2262,0,0,0,0
86,-53,2182,0,0,0,0
86,-52,1162,0,0,0,0
86,-51,2824,0,0,0,0
86,-50,1696,1,0,0.05896,0
86,-49,1634,0,0,0,0
86,-48,2836,0,0,0,0
86,-47,1462,0,0,0,0
86,-46,2250,1,0,0.04444,0
86,-45,2304,1,0,0.0434,0
86,-44,1554,0,0,0,0
86,-43,2004,0,0,0,0
86,-42,1982,0,0,0,0
86,-41,2104,0,0,0,0
86,-40,2302,0,0,0,0
86,-39,1466,2,0,0.1364,0
86,-38,1938,0,0,0,0
86,-37,2308,1,0,0.04333,0
86,-36,1260,0,0,0,0
86,-35,2110,0,0,0,0
86,-34,1968,0,0,0,0
86,-33,1704,0,0,0,0
86,-32,1680,0,0,0,0
86,-31,2338,0,0,0,0
86,-30,1486,0,0,0,0
86,-29,1548,0,0,0,0
86,-28,1856,0,0,0,0
86,-27,1550,0,0,0,0
86,-26,1640,0,0,0,0
86,-25,1372,0,0,0,0
86,-24,1460,0,0,0,0
86,-23,2084,0,0,0,0
86,-22,926,0,0,0,0
86,-21,1418,0,0,0,0
86,-20,1768,0,0,0,0
86,-19,958,0,0,0,0
86,-18,1136,0,0,0,0
86,-17,1194,0,0,0,0
86,-16,1478,0,0,0,0
86,-15,720,0,0,0,0
86,-14,1010,0,0,0,0
86,-13,1270,0,0,0,0
86,-12,644,0,0,0,0
86,-11,728,0,0,0,0
86,-10,834,0,0,0,0
86,-9,716,0,0,0,0
86,-8,724,0,0,0,0
86,-7,348,0,0,0,0
86,-6,542,0,0,0,0
86,-5,574,0,0,0,0
86,-4,296,0,0,0,0
86,-3,306,0,0,0,0
86,-2,494,0,0,0,0
86,-1,180,0,0,0,0
86,0,454,0,0,0,0
86,1,328,0,0,0,0
86,2,322,0,0,0,0
86,3,226,0,0,0,0
86,4,464,0,0,0,0
86,5,204,0,0,0,0
86,6,120,0,0,0,0
86,7,312,0,0,0,0
86,8,124,0,0,0,0
86,9,20,0,0,0,0
86,10,112,0,0,0,0
86,11,20,0,0,0,0
86,12,118,0,0,0,0
86,13,4,0,0,0,0
86,14,122,0,0,0,0
86,15,20,0,0,0,0
86,16,104,0,0,0,0
86,17,16,0,0,0,0
86,18,8,0,0,0,0
86,19,112,0,0,0,0
86,20,22,0,0,0,0
86,21,98,0,0,0,0
86,22,124,0,0,0,0
86,23,196,0,0,0,0
86,24,206,0,0,0,0
86,25,58,0,0,0,0
86,26,168,0,0,0,0
86,27,114,0,0,0,0
86,28,110,0,0,0,0
86,29,104,0,0,0,0
86,30,10,0,0,0,0
86,31,118,0,0,0,0
86,32,12,0,0,0,0
86,33,214,0,0,0,0
86,34,120,0,0,0,0
86,35,106,0,0,0,0
86,36,314,0,0,0,0
86,37,112,0,0,0,0
86,38,204,0,0,0,0
86,39,118,0,0,0,0
86,40,170,0,0,0,0
86,41,232,0,0,0,0
86,42,122,0,0,0,0
86,43,262,0,0,0,0
86,44,136,0,0,0,0
86,45,168,0,0,0,0
86,46,306,0,0,0,0
86,47,54,0,0,0,0
86,48,330,0,0,0,0
86,49,12,0,0,0,0
86,50,154,0,0,0,0
86,51,36,0,0,0,0
86,52,202,0,0,0,0
86,53,86,0,0,0,0
86,54,182,0,0,0,0
86,55,290,0,0,0,0
86,56,224,0,0,0,0
86,57,34,0,0,0,0
86,58,378,0,0,0,0
86,59,136,0,0,0,0
86,60,246,0,0,0,0
86,61,284,0,0,0,0
86,62,252,0,0,0,0
86,63,366,0,0,0,0
86,64,76,0,0,0,0
86,65,570,0,0,0,0
86,66,486,0,0,0,0
86,67,234,0,0,0,0
86,68,444,0,0,0,0
86,69,372,0,0,0,0
86,70,374,0,0,0,0
86,71,396,0,0,0,0
86,72,306,0,0,0,0
86,73,198,0,0,0,0
86,74,392,0,0,0,0
86,75,186,1,0,0.5376,0
86,76,710,0,0,0,0
86,77,224,0,0,0,0
86,78,398,0,0,0,0
86,79,698,0,0,0,0
86,80,298,0,0,0,0
86,81,1064,1,0,0.09398,0
86,82,774,0,0,0,0
86,83,422,0,0,0,0
86,84,600,0,0,0,0
86,85,536,0,0,0,0
86,86,374,0,0,0,0
86,87,652,0,0,0,0
86,88,400,0,0,0,0
86,89,516,0,0,0,0
86,90,462,0,0,0,0
86,91,398,0,0,0,0
86,92,742,0,0,0,0
86,93,410,0,0,0,0
86,94,118,0,0,0,0
86,95,786,0,0,0,0
86,96,310,1,0,0.3226,0
86,97,120,0,0,0,0
86,98,610,0,0,0,0
86,99,182,0,0,0,0
86,100,402,0,0,0,0
86,101,304,0,0,0,0
86,102,188,0,0,0,0
86,103,368,0,0,0,0
86,104,138,0,0,0,0
86,105,118,0,0,0,0
86,106,332,0,0,0,0
86,107,114,0,0,0,0
86,108,352,0,0,0,0
86,109,108,0,0,0,0
86,110,294,0,0,0,0
86,111,64,0,0,0,0
86,112,188,0,0,0,0
86,113,168,0,0,0,0
86,114,90,0,0,0,0
86,115,6,0,0,0,0
86,116,204,0,0,0,0
86,117,8,0,0,0,0
86,118,62,0,0,0,0
86,119,240,0,0,0,0
86,120,4,0,0,0,0
86,121,234,0,0,0,0
86,122,152,0,0,0,0
86,123,172,0,0,0,0
86,124,178,0,0,0,0
86,125,102,0,0,0,0
86,126,148,0,0,0,0
86,127,188,0,0,0,0
86,128,4,0,0,0,0
86,129,142,0,0,0,0
86,130,106,0,0,0,0
86,131,2,0,0,0,0
86,132,240,0,0,0,0
86,133,104,0,0,0,0
86,134,86,0,0,0,0
86,135,258,0,0,0,0
86,136,4,0,0,0,0
86,137,86,0,0,0,0
86,138,256,0,0,0,0
86,139,2,0,0,0,0
86,140,182,0,0,0,0
86,141,160,0,0,0,0
86,142,2,0,0,0,0
86,143,182,0,0,0,0
86,144,146,0,0,0,0
86,145,100,0,0,0,0
86,146,168,0,0,0,0
86,147,62,0,0,0,0
86,148,184,0,0,0,0
86,149,86,0,0,0,0
86,150,142,0,0,0,0
86,151,100,0,0,0,0
86,152,170,0,0,0,0
86,153,56,0,0,0,0
86,154,102,0,0,0,0
86,155,86,0,0,0,0
86,156,140,0,0,0,0
86,157,188,0,0,0,0
86,158,84,0,0,0,0
86,159,140,0,0,0,0
86,160,278,0,0,0,0
86,162,150,0,0,0,0
86,163,268,0,0,0,0
86,164,6,0,0,0,0
86,165,224,0,0,0,0
86,166,194,0,0,0,0
86,168,224,0,0,0,0
86,169,12,0,0,0,0
86,170,182,0,0,0,0
86,171,146,0,0,0,0
86,172,4,0,0,0,0
86,173,100,0,0,0,0
86,174,236,0,0,0,0
86,175,60,0,0,0,0
86,176,226,0,0,0,0
86,177,28,0,0,0,0
86,178,60,0,0,0,0
86,179,250,0,0,0,0
87,-179,98,0,0,0,0
87,-177,8,0,0,0,0
87,-175,98,0,0,0,0
87,-174,6,0,0,0,0
87,-172,98,0,0,0,0
87,-170,6,0,0,0,0
87,-168,98,0,0,0,0
87,-166,6,0,0,0,0
87,-163,6,0,0,0,0
87,-160,2,0,0,0,0
87,-159,6,0,0,0,0
87,-157,2,0,0,0,0
87,-155,6,0,0,0,0
87,-153,2,0,0,0,0
87,-151,6,0,0,0,0
87,-150,2,0,0,0,0
87,-147,6,0,0,0,0
87,-146,2,0,0,0,0
87,-144,6,0,0,0,0
87,-142,2,0,0,0,0
87,-140,6,0,0,0,0
87,-139,2,0,0,0,0
87,-136,6,0,0,0,0
87,-135,4,0,0,0,0
87,-133,6,0,0,0,0
87,-132,2,0,0,0,0
87,-131,2,0,0,0,0
87,-130,102,0,0,0,0
87,-129,2,0,0,0,0
87,-128,2,0,0,0,0
87,-127,198,0,0,0,0
87,-126,98,0,0,0,0
87,-125,106,0,0,0,0
87,-124,196,0,0,0,0
87,-123,98,0,0,0,0
87,-122,174,0,0,0,0
87,-121,206,0,0,0,0
87,-120,100,0,0,0,0
87,-119,268,0,0,0,0
87,-118,238,0,0,0,0
87,-117,100,0,0,0,0
87,-116,392,0,0,0,0
87,-115,204,0,0,0,0
87,-114,118,0,0,0,0
87,-113,400,0,0,0,0
87,-112,296,0,0,0,0
87,-111,272,0,0,0,0
87,-110,260,0,0,0,0
87,-109,294,0,0,0,0
87,-108,352,0,0,0,0
87,-107,278,0,0,0,0
87,-106,300,0,0,0,0
87,-105,356,0,0,0,0
87,-104,442,0,0,0,0
87,-103,230,0,0,0,0
87,-102,398,0,0,0,0
87,-101,490,0,0,0,0
87,-100,424,0,0,0,0
87,-99,396,0,0,0,0
87,-98,404,0,0,0,0
87,-97,690,0,0,0,0
87,-96,326,0,0,0,0
87,-95,302,0,0,0,0
87,-94,766,0,0,0,0
87,-93,504,0,0,0,0
87,-92,222,1,0,0.4505,0
87,-91,764,0,0,0,0
87,-90,494,1,0,0.2024,0
87,-89,490,0,0,0,0
87,-88,722,0,0,0,0
87,-87,478,0,0,0,0
87,-86,672,0,0,0,0
87,-85,590,1,0,0.1695,0
87,-84,504,0,0,0,0
87,-83,774,0,0,0,0
87,-82,650,0,0,0,0
87,-81,544,0,0,0,0
87,-80,686,0,0,0,0
87,-79,564,0,0,0,0
87,-78,676,0,0,0,0
87,-77,432,0,0,0,0
87,-76,676,0,0,0,0
87,-75,680,0,0,0,0
87,-74,528,0,0,0,0
87,-73,392,0,0,0,0
87,-72,890,0,0,0,0
87,-71,534,0,0,0,0
87,-70,394,0,0,0,0
87,-69,866,0,0,0,0
87,-68,500,0,0,0,0
87,-67,446,0,0,0,0
87,-66,693,0,0,0,0
87,-65,572,0,0,0,0
87,-64,684,0,0,0,0
87,-63,712,0,0,0,0
87,-62,384,0,0,0,0
87,-61,672,0,0,0,0
87,-60,650,0,0,0,0
87,-59,534,0,0,0,0
87,-58,782,0,0,0,0
87,-57,668,0,0,0,0
87,-56,532,0,0,0,0
87,-55,778,0,0,0,0
87,-54,490,0,0,0,0
87,-53,688,0,0,0,0
87,-52,580,0,0,0,0
87,-51,688,0,0,0,0
87,-50,684,0,0,0,0
87,-49,598,0,0,0,0
87,-48,498,0,0,0,0
87,-47,824,0,0,0,0
87,-46,482,0,0,0,0
87,-45,476,0,0,0,0
87,-44,896,0,0,0,0
87,-43,408,0,0,0,0
87,-42,478,0,0,0,0
87,-41,822,0,0,0,0
87,-40,554,0,0,0,0
87,-39,598,0,0,0,0
87,-38,794,0,0,0,0
87,-37,516,0,0,0,0
87,-36,408,0,0,0,0
87,-35,706,0,0,0,0
87,-34,692,0,0,0,0
87,-33,500,0,0,0,0
87,-32,590,0,0,0,0
87,-31,492,0,0,0,0
87,-30,356,0,0,0,0
87,-29,436,0,0,0,0
87,-28,642,0,0,0,0
87,-27,290,0,0,0,0
87,-26,298,0,0,0,0
87,-25,394,0,0,0,0
87,-24,196,0,0,0,0
87,-23,290,0,0,0,0
87,-22,500,0,0,0,0
87,-21,102,0,0,0,0
87,-20,182,1,0,0.5495,0
87,-19,274,0,0,0,0
87,-18,106,0,0,0,0
87,-17,290,0,0,0,0
87,-16,192,0,0,0,0
87,-15,4,0,0,0,0
87,-13,92,0,0,0,0
87,-11,4,0,0,0,0
87,-10,2,0,0,0,0
87,-7,6,0,0,0,0
87,-4,2,0,0,0,0
87,-3,4,0,0,0,0
87,0,4,0,0,0,0
87,1,2,0,0,0,0
87,4,6,0,0,0,0
87,8,6,0,0,0,0
87,11,2,0,0,0,0
87,12,4,0,0,0,0
87,15,8,0,0,0,0
87,17,4,0,0,0,0
87,18,2,0,0,0,0
87,19,4,0,0,0,0
87,21,4,0,0,0,0
87,22,4,0,0,0,0
87,23,4,0,0,0,0
87,24,4,0,0,0,0
87,25,2,0,0,0,0
87,26,4,0,0,0,0
87,27,2,0,0,0,0
87,28,6,0,0,0,0
87,29,4,0,0,0,0
87,30,2,0,0,0,0
87,31,4,0,0,0,0
87,32,2,0,0,0,0
87,33,4,0,0,0,0
87,34,2,0,0,0,0
87,35,8,0,0,0,0
87,37,8,0,0,0,0
87,38,2,0,0,0,0
87,39,6,0,0,0,0
87,40,6,0,0,0,0
87,41,2,0,0,0,0
87,42,2,0,0,0,0
87,43,6,0,0,0,0
87,44,6,0,0,0,0
87,45,2,0,0,0,0
87,46,4,0,0,0,0
87,47,6,0,0,0,0
87,48,6,0,0,0,0
87,49,2,0,0,0,0
87,50,2,0,0,0,0
87,51,6,0,0,0,0
87,52,6,0,0,0,0
87,53,8,0,0,0,0
87,54,6,0,0,0,0
87,55,6,0,0,0,0
87,56,10,0,0,0,0
87,57,2,0,0,0,0
87,58,6,0,0,0,0
87,59,10,0,0,0,0
87,60,6,0,0,0,0
87,61,4,0,0,0,0
87,62,8,0,0,0,0
87,63,10,0,0,0,0
87,64,100,0,0,0,0
87,65,4,0,0,0,0
87,66,6,0,0,0,0
87,67,140,0,0,0,0
87,68,2,0,0,0,0
87,69,28,0,0,0,0
87,70,134,0,0,0,0
87,71,12,0,0,0,0
87,72,4,0,0,0,0
87,73,54,0,0,0,0
87,74,108,0,0,0,0
87,75,84,0,0,0,0
87,76,6,0,0,0,0
87,77,24,0,0,0,0
87,78,44,0,0,0,0
87,79,180,0,0,0,0
87,80,2,0,0,0,0
87,81,6,0,0,0,0
87,82,10,0,0,0,0
87,83,2,0,0,0,0
87,84,106,0,0,0,0
87,85,312,0,0,0,0
87,86,204,0,0,0,0
87,87,2,0,0,0,0
87,88,106,0,0,0,0
87,89,106,0,0,0,0
87,90,8,0,0,0,0
87,91,2,0,0,0,0
87,92,108,0,0,0,0
87,93,12,0,0,0,0
87,94,4,0,0,0,0
87,95,4,0,0,0,0
87,96,4,0,0,0,0
87,97,14,0,0,0,0
87,99,4,0,0,0,0
87,100,6,0,0,0,0
87,101,8,0,0,0,0
87,102,4,0,0,0,0
87,103,6,0,0,0,0
87,104,2,0,0,0,0
87,106,6,0,0,0,0
87,107,2,0,0,0,0
87,108,2,0,0,0,0
87,109,4,0,0,0,0
87,110,4,0,0,0,0
87,111,2,0,0,0,0
87,112,2,0,0,0,0
87,113,2,0,0,0,0
87,114,4,0,0,0,0
87,115,4,0,0,0,0
87,116,2,0,0,0,0
87,118,4,0,0,0,0
87,119,2,0,0,0,0
87,120,2,0,0,0,0
87,121,2,0,0,0,0
87,122,2,0,0,0,0
87,124,2,0,0,0,0
87,125,60,0,0,0,0
87,126,2,0,0,0,0
87,128,58,0,0,0,0
87,129,2,0,0,0,0
87,130,84,0,0,0,0
87,131,2,0,0,0,0
87,132,58,0,0,0,0
87,133,2,0,0,0,0
87,134,86,0,0,0,0
87,135,58,0,0,0,0
87,136,2,0,0,0,0
87,137,84,0,0,0,0
87,138,2,0,0,0,0
87,139,58,0,0,0,0
87,140,2,0,0,0,0
87,141,86,0,0,0,0
87,143,58,0,0,0,0
87,144,182,1,0,0.5495,0
87,145,2,0,0,0,0
87,146,2,0,0,0,0
87,147,56,0,0,0,0
87,148,182,0,0,0,0
87,149,2,0,0,0,0
87,150,60,0,0,0,0
87,151,98,0,0,0,0
87,152,84,0,0,0,0
87,153,4,0,0,0,0
87,154,58,0,0,0,0
87,155,98,0,0,0,0
87,156,84,0,0,0,0
87,157,4,0,0,0,0
87,158,58,0,0,0,0
87,159,98,0,0,0,0
87,160,88,0,0,0,0
87,162,156,0,0,0,0
87,163,84,0,0,0,0
87,164,4,0,0,0,0
87,165,58,0,0,0,0
87,166,98,0,0,0,0
87,167,84,0,0,0,0
87,168,4,0,0,0,0
87,169,58,0,0,0,0
87,170,182,0,0,0,0
87,171,86,0,0,0,0
87,172,60,0,0,0,0
87,174,182,0,0,0,0
87,175,4,0,0,0,0
87,176,2,0,0,0,0
87,178,184,0,0,0,0
87,179,2,0,0,0,0
